TIME,DATE,TC_1,TC_2,TC_3,TC_4,TC_5,TC_6,TC_7,TC_8,TC_9,PRESSURE,HEATER,HEATER SET POINT,date,voltage,current,power,WF,FR[%],Q[W],alpha,beta,pulse,Te_mean[C],Tc_mean[C],Te_std[C],Tc_std[C],P[bar],Te_mean[K],Tc_mean[K],Te_std[K],Tc_std[K],T_pulse[K],TR[K/W],GFE_Te[KJ/mol],GFE_Tc[KJ/mol],dG[KJ/mol]
14:26:25,18/10/2024,38.9,39.2,38.8,38.9,36.6,30.0,29.8,29.8,28.8,-0.7,49,170,2024-10-18 14:26:25,52.7,0.78,41.3,DI water,60,40,90,90,15:15:19,38.48,29.6,1.06,0.54,0.31,311.63,302.75,274.21,273.69,353.93,0.22,-3042.92,-2956.21,-86.71
14:26:29,18/10/2024,38.9,39.2,38.8,38.9,36.6,30.0,29.8,29.8,28.8,-0.7,49,170,2024-10-18 14:26:29,52.7,0.78,41.3,DI water,60,40,90,90,15:15:19,38.48,29.6,1.06,0.54,0.31,311.63,302.75,274.21,273.69,353.93,0.22,-3042.92,-2956.21,-86.71
14:26:30,18/10/2024,39.1,39.5,39.0,39.0,38.1,30.1,29.8,29.8,28.8,-0.7,49,170,2024-10-18 14:26:30,52.7,0.78,41.3,DI water,60,40,90,90,15:15:19,38.94,29.62,0.51,0.57,0.31,312.09,302.77,273.66,273.72,353.93,0.23,-3047.41,-2956.46,-90.96
14:26:32,18/10/2024,39.1,39.5,39.0,39.0,38.1,30.1,29.8,29.9,28.8,-0.7,49,170,2024-10-18 14:26:32,52.7,0.78,41.3,DI water,60,40,90,90,15:15:19,38.94,29.65,0.51,0.58,0.31,312.09,302.8,273.66,273.73,353.93,0.23,-3047.41,-2956.7,-90.71
14:26:34,18/10/2024,39.1,39.5,39.0,39.0,38.1,30.1,29.8,29.9,28.8,-0.7,49,170,2024-10-18 14:26:34,52.7,0.78,41.3,DI water,60,40,90,90,15:15:19,38.94,29.65,0.51,0.58,0.31,312.09,302.8,273.66,273.73,353.93,0.23,-3047.41,-2956.7,-90.71
14:26:37,18/10/2024,39.1,39.5,39.0,39.0,38.1,30.1,29.8,29.9,28.8,-0.7,49,170,2024-10-18 14:26:37,52.7,0.78,41.4,DI water,60,40,90,90,15:15:19,38.94,29.65,0.51,0.58,0.31,312.09,302.8,273.66,273.73,353.93,0.23,-3047.41,-2956.7,-90.71
14:26:38,18/10/2024,39.3,39.7,39.2,39.3,38.1,30.1,29.8,29.9,28.8,-0.7,49,170,2024-10-18 14:26:38,52.7,0.78,41.4,DI water,60,40,90,90,15:15:19,39.12,29.65,0.6,0.58,0.31,312.27,302.8,273.75,273.73,353.93,0.24,-3049.17,-2956.7,-92.47
14:26:39,18/10/2024,39.3,39.7,39.2,39.3,38.8,30.0,29.8,29.8,28.8,-0.7,49,170,2024-10-18 14:26:39,52.7,0.78,41.4,DI water,60,40,90,90,15:15:19,39.26,29.6,0.32,0.54,0.31,312.41,302.75,273.47,273.69,353.93,0.24,-3050.54,-2956.21,-94.33
14:26:42,18/10/2024,39.3,39.7,39.2,39.3,38.8,30.0,29.8,29.8,28.9,-0.69,49,170,2024-10-18 14:26:42,52.7,0.78,41.3,DI water,60,40,90,90,15:15:19,39.26,29.62,0.32,0.49,0.32,312.41,302.77,273.47,273.64,353.93,0.24,-2968.85,-2877.29,-91.56
14:26:44,18/10/2024,39.3,39.7,39.2,39.3,38.8,30.0,29.8,29.8,28.9,-0.69,49,170,2024-10-18 14:26:44,52.7,0.78,41.3,DI water,60,40,90,90,15:15:19,39.26,29.62,0.32,0.49,0.32,312.41,302.77,273.47,273.64,353.93,0.24,-2968.85,-2877.29,-91.56
14:26:46,18/10/2024,39.3,39.7,39.2,39.3,38.8,30.0,29.8,29.8,28.9,-0.69,49,170,2024-10-18 14:26:46,52.7,0.78,41.4,DI water,60,40,90,90,15:15:19,39.26,29.62,0.32,0.49,0.32,312.41,302.77,273.47,273.64,353.93,0.24,-2968.85,-2877.29,-91.56
14:26:48,18/10/2024,39.6,40.0,39.4,39.4,39.1,30.0,29.8,29.8,28.8,-0.69,50,170,2024-10-18 14:26:48,52.7,0.78,41.4,DI water,60,40,90,90,15:15:19,39.5,29.6,0.33,0.54,0.32,312.65,302.75,273.48,273.69,353.93,0.25,-2971.13,-2877.05,-94.08
14:26:50,18/10/2024,39.6,40.0,39.4,39.4,39.1,30.0,29.8,29.8,28.8,-0.69,50,170,2024-10-18 14:26:50,52.7,0.78,41.3,DI water,60,40,90,90,15:15:19,39.5,29.6,0.33,0.54,0.32,312.65,302.75,273.48,273.69,353.93,0.25,-2971.13,-2877.05,-94.08
14:26:53,18/10/2024,39.6,40.0,39.4,39.4,39.1,30.0,29.8,29.8,28.8,-0.69,50,170,2024-10-18 14:26:53,52.7,0.78,41.3,DI water,60,40,90,90,15:15:19,39.5,29.6,0.33,0.54,0.32,312.65,302.75,273.48,273.69,353.93,0.25,-2971.13,-2877.05,-94.08
14:26:54,18/10/2024,39.8,40.1,39.7,39.7,39.4,30.0,29.8,29.8,28.8,-0.69,50,170,2024-10-18 14:26:54,52.7,0.78,41.3,DI water,60,40,90,90,15:15:19,39.74,29.6,0.25,0.54,0.32,312.89,302.75,273.4,273.69,353.93,0.25,-2973.41,-2877.05,-96.36
14:26:55,18/10/2024,39.8,40.1,39.7,39.7,39.4,30.1,29.8,29.9,28.8,-0.69,50,170,2024-10-18 14:26:55,52.7,0.78,41.3,DI water,60,40,90,90,15:15:19,39.74,29.65,0.25,0.58,0.32,312.89,302.8,273.4,273.73,353.93,0.25,-2973.41,-2877.53,-95.89
14:26:59,18/10/2024,39.8,40.1,39.7,39.7,39.4,30.1,29.8,29.9,28.8,-0.69,50,170,2024-10-18 14:26:59,52.6,0.78,41.3,DI water,60,40,90,90,15:15:19,39.74,29.65,0.25,0.58,0.32,312.89,302.8,273.4,273.73,353.93,0.25,-2973.41,-2877.53,-95.89
14:26:59,18/10/2024,39.8,40.1,39.7,39.7,39.4,30.1,29.8,29.9,28.8,-0.69,50,170,2024-10-18 14:26:59,52.7,0.78,41.3,DI water,60,40,90,90,15:15:19,39.74,29.65,0.25,0.58,0.32,312.89,302.8,273.4,273.73,353.93,0.25,-2973.41,-2877.53,-95.89
14:27:00,18/10/2024,39.9,40.3,39.8,39.9,39.4,30.1,29.8,29.9,28.8,-0.69,50,170,2024-10-18 14:27:00,52.7,0.78,41.3,DI water,60,40,90,90,15:15:19,39.86,29.65,0.32,0.58,0.32,313.01,302.8,273.47,273.73,353.93,0.26,-2974.55,-2877.53,-97.03
14:27:02,18/10/2024,39.9,40.3,39.8,39.9,39.6,30.1,29.8,29.9,28.9,-0.69,50,170,2024-10-18 14:27:02,52.7,0.78,41.3,DI water,60,40,90,90,15:15:19,39.9,29.68,0.25,0.53,0.32,313.05,302.82,273.4,273.68,353.93,0.26,-2974.93,-2877.76,-97.17
14:27:03,18/10/2024,39.9,40.3,39.8,39.9,39.6,30.1,29.8,29.9,28.9,-0.69,50,170,2024-10-18 14:27:03,52.7,0.78,41.3,DI water,60,40,90,90,15:15:19,39.9,29.68,0.25,0.53,0.32,313.05,302.82,273.4,273.68,353.93,0.26,-2974.93,-2877.76,-97.17
14:27:05,18/10/2024,39.9,40.3,39.8,39.9,39.6,30.1,29.8,29.9,28.9,-0.69,50,170,2024-10-18 14:27:05,52.7,0.78,41.3,DI water,60,40,90,90,15:15:19,39.9,29.68,0.25,0.53,0.32,313.05,302.82,273.4,273.68,353.93,0.26,-2974.93,-2877.76,-97.17
14:27:07,18/10/2024,39.9,40.3,39.8,39.9,39.6,30.1,29.8,29.9,28.9,-0.69,50,170,2024-10-18 14:27:07,52.7,0.78,41.3,DI water,60,40,90,90,15:15:19,39.9,29.68,0.25,0.53,0.32,313.05,302.82,273.4,273.68,353.93,0.26,-2974.93,-2877.76,-97.17
14:27:08,18/10/2024,40.2,40.6,40.1,40.2,39.9,30.1,29.8,29.9,28.9,-0.69,50,170,2024-10-18 14:27:08,52.6,0.78,41.2,DI water,60,40,90,90,15:15:19,40.2,29.68,0.25,0.53,0.32,313.35,302.82,273.4,273.68,353.93,0.26,-2977.78,-2877.76,-100.02
14:27:09,18/10/2024,40.2,40.6,40.1,40.2,39.9,30.2,29.9,29.9,28.9,-0.69,50,170,2024-10-18 14:27:09,52.6,0.78,41.2,DI water,60,40,90,90,15:15:19,40.2,29.72,0.25,0.57,0.32,313.35,302.88,273.4,273.72,353.93,0.26,-2977.78,-2878.24,-99.54
14:27:11,18/10/2024,40.2,40.6,40.1,40.2,39.9,30.2,29.9,29.9,28.9,-0.69,50,170,2024-10-18 14:27:11,52.6,0.78,41.2,DI water,60,40,90,90,15:15:19,40.2,29.72,0.25,0.57,0.32,313.35,302.88,273.4,273.72,353.93,0.26,-2977.78,-2878.24,-99.54
14:27:12,18/10/2024,40.2,40.6,40.1,40.2,39.9,30.2,29.9,29.9,28.9,-0.69,50,170,2024-10-18 14:27:12,52.6,0.78,41.3,DI water,60,40,90,90,15:15:19,40.2,29.72,0.25,0.57,0.32,313.35,302.88,273.4,273.72,353.93,0.26,-2977.78,-2878.24,-99.54
14:27:14,18/10/2024,40.4,40.6,40.1,40.2,39.9,30.2,29.9,29.9,28.9,-0.69,50,170,2024-10-18 14:27:14,52.7,0.78,41.3,DI water,60,40,90,90,15:15:19,40.24,29.72,0.27,0.57,0.32,313.39,302.88,273.42,273.72,353.93,0.26,-2978.16,-2878.24,-99.92
14:27:15,18/10/2024,40.4,40.6,40.3,40.3,40.1,30.2,29.9,29.9,28.9,-0.69,50,170,2024-10-18 14:27:15,52.7,0.78,41.3,DI water,60,40,90,90,15:15:19,40.34,29.72,0.18,0.57,0.32,313.49,302.88,273.33,273.72,353.93,0.27,-2979.11,-2878.24,-100.87
14:27:17,18/10/2024,40.4,40.6,40.3,40.3,40.1,30.2,29.9,29.9,28.9,-0.69,51,170,2024-10-18 14:27:17,52.7,0.78,41.3,DI water,60,40,90,90,15:15:19,40.34,29.72,0.18,0.57,0.32,313.49,302.88,273.33,273.72,353.93,0.27,-2979.11,-2878.24,-100.87
14:27:18,18/10/2024,40.4,40.6,40.3,40.3,40.1,30.2,29.9,29.9,28.9,-0.69,51,170,2024-10-18 14:27:18,52.7,0.78,41.3,DI water,60,40,90,90,15:15:19,40.34,29.72,0.18,0.57,0.32,313.49,302.88,273.33,273.72,353.93,0.27,-2979.11,-2878.24,-100.87
14:27:21,18/10/2024,40.5,40.8,40.5,40.5,40.2,30.2,29.9,29.9,28.8,-0.68,51,170,2024-10-18 14:27:21,52.7,0.78,41.4,DI water,60,40,90,90,15:15:19,40.5,29.7,0.21,0.62,0.33,313.65,302.85,273.36,273.77,353.93,0.27,-2901.13,-2801.23,-99.9
14:27:29,18/10/2024,40.8,41.1,40.7,40.8,40.5,30.2,29.9,29.9,28.8,-0.68,51,170,2024-10-18 14:27:29,52.7,0.78,41.4,DI water,60,40,90,90,15:15:19,40.78,29.7,0.22,0.62,0.33,313.93,302.85,273.37,273.77,353.93,0.28,-2903.72,-2801.23,-102.49
14:27:30,18/10/2024,40.8,41.1,40.7,40.8,40.5,30.2,30.0,30.0,28.9,-0.67,51,170,2024-10-18 14:27:30,52.7,0.78,41.4,DI water,60,40,90,90,15:15:19,40.78,29.78,0.22,0.59,0.34,313.93,302.92,273.37,273.74,353.93,0.28,-2826.49,-2727.41,-99.08
14:27:37,18/10/2024,40.8,41.1,40.7,40.8,40.5,30.2,30.0,30.0,28.9,-0.67,51,170,2024-10-18 14:27:37,52.7,0.78,41.4,DI water,60,40,90,90,15:15:19,40.78,29.78,0.22,0.59,0.34,313.93,302.92,273.37,273.74,353.93,0.28,-2826.49,-2727.41,-99.08
14:27:38,18/10/2024,40.8,41.1,40.7,40.8,40.5,30.2,30.0,30.0,28.9,-0.67,51,170,2024-10-18 14:27:38,52.7,0.78,41.4,DI water,60,40,90,90,15:15:19,40.78,29.78,0.22,0.59,0.34,313.93,302.92,273.37,273.74,353.93,0.28,-2826.49,-2727.41,-99.08
14:27:40,18/10/2024,41.1,41.4,41.1,41.1,40.4,30.2,30.0,30.0,28.9,-0.67,51,170,2024-10-18 14:27:40,52.7,0.78,41.3,DI water,60,40,90,90,15:15:19,41.02,29.78,0.37,0.59,0.34,314.17,302.92,273.52,273.74,353.93,0.28,-2828.65,-2727.41,-101.25
14:27:42,18/10/2024,41.1,41.4,41.1,41.1,40.4,30.2,29.9,30.0,28.9,-0.68,52,170,2024-10-18 14:27:42,52.7,0.78,41.3,DI water,60,40,90,90,15:15:19,41.02,29.75,0.37,0.58,0.33,314.17,302.9,273.52,273.73,353.93,0.28,-2905.94,-2801.69,-104.24
14:27:43,18/10/2024,41.1,41.4,41.1,41.1,40.4,30.2,29.9,30.0,28.9,-0.68,52,170,2024-10-18 14:27:43,52.7,0.78,41.3,DI water,60,40,90,90,15:15:19,41.02,29.75,0.37,0.58,0.33,314.17,302.9,273.52,273.73,353.93,0.28,-2905.94,-2801.69,-104.24
14:27:46,18/10/2024,41.1,41.4,41.1,41.1,40.4,30.2,29.9,30.0,28.9,-0.68,52,170,2024-10-18 14:27:46,52.7,0.78,41.4,DI water,60,40,90,90,15:15:19,41.02,29.75,0.37,0.58,0.33,314.17,302.9,273.52,273.73,353.93,0.28,-2905.94,-2801.69,-104.24
14:27:47,18/10/2024,41.1,41.4,41.1,41.1,40.4,30.2,29.9,30.0,28.9,-0.68,52,170,2024-10-18 14:27:47,52.7,0.78,41.4,DI water,60,40,90,90,15:15:19,41.02,29.75,0.37,0.58,0.33,314.17,302.9,273.52,273.73,353.93,0.28,-2905.94,-2801.69,-104.24
14:27:49,18/10/2024,41.1,41.4,41.1,41.1,40.4,30.2,29.9,30.0,28.9,-0.68,52,170,2024-10-18 14:27:49,52.8,0.78,41.4,DI water,60,40,90,90,15:15:19,41.02,29.75,0.37,0.58,0.33,314.17,302.9,273.52,273.73,353.93,0.28,-2905.94,-2801.69,-104.24
14:27:51,18/10/2024,41.4,41.7,41.3,41.3,40.9,30.2,30.0,30.2,29.0,-0.67,52,170,2024-10-18 14:27:51,52.7,0.78,41.3,DI water,60,40,90,90,15:15:19,41.32,29.85,0.29,0.57,0.34,314.47,303.0,273.44,273.72,353.93,0.29,-2831.35,-2728.08,-103.27
14:27:52,18/10/2024,41.4,41.7,41.3,41.3,40.9,30.2,30.0,30.2,29.0,-0.67,52,170,2024-10-18 14:27:52,52.7,0.78,41.3,DI water,60,40,90,90,15:15:19,41.32,29.85,0.29,0.57,0.34,314.47,303.0,273.44,273.72,353.93,0.29,-2831.35,-2728.08,-103.27
14:27:54,18/10/2024,41.4,41.7,41.3,41.3,40.9,30.2,30.0,30.2,29.0,-0.67,52,170,2024-10-18 14:27:54,52.8,0.78,41.4,DI water,60,40,90,90,15:15:19,41.32,29.85,0.29,0.57,0.34,314.47,303.0,273.44,273.72,353.93,0.29,-2831.35,-2728.08,-103.27
14:27:56,18/10/2024,41.5,41.8,41.4,41.4,41.2,30.2,30.0,30.2,29.0,-0.67,52,170,2024-10-18 14:27:56,52.8,0.78,41.4,DI water,60,40,90,90,15:15:19,41.46,29.85,0.22,0.57,0.34,314.61,303.0,273.37,273.72,353.93,0.29,-2832.61,-2728.08,-104.53
14:27:58,18/10/2024,41.5,41.8,41.4,41.4,41.2,30.2,30.0,30.2,28.9,-0.67,52,170,2024-10-18 14:27:58,52.8,0.78,41.5,DI water,60,40,90,90,15:15:19,41.46,29.83,0.22,0.62,0.34,314.61,302.97,273.37,273.77,353.93,0.29,-2832.61,-2727.86,-104.76
14:28:02,18/10/2024,41.5,41.8,41.4,41.4,41.2,30.2,30.0,30.2,28.9,-0.67,52,170,2024-10-18 14:28:02,52.8,0.78,41.4,DI water,60,40,90,90,15:15:19,41.46,29.83,0.22,0.62,0.34,314.61,302.97,273.37,273.77,353.93,0.29,-2832.61,-2727.86,-104.76
14:28:05,18/10/2024,41.5,41.8,41.4,41.4,41.2,30.2,30.0,30.2,28.9,-0.67,52,170,2024-10-18 14:28:05,52.7,0.78,41.3,DI water,60,40,90,90,15:15:19,41.46,29.83,0.22,0.62,0.34,314.61,302.97,273.37,273.77,353.93,0.29,-2832.61,-2727.86,-104.76
14:28:07,18/10/2024,41.9,42.2,41.7,41.8,41.5,30.2,30.0,30.2,28.9,-0.67,52,170,2024-10-18 14:28:07,52.7,0.78,41.4,DI water,60,40,90,90,15:15:19,41.82,29.83,0.26,0.62,0.34,314.97,302.97,273.41,273.77,353.93,0.3,-2835.86,-2727.86,-108.0
14:28:08,18/10/2024,41.9,42.2,41.7,41.8,41.5,30.2,30.0,30.2,28.9,-0.67,53,170,2024-10-18 14:28:08,52.8,0.78,41.4,DI water,60,40,90,90,15:15:19,41.82,29.83,0.26,0.62,0.34,314.97,302.97,273.41,273.77,353.93,0.3,-2835.86,-2727.86,-108.0
14:28:12,18/10/2024,41.9,42.2,41.7,41.8,41.5,30.2,30.0,30.2,28.9,-0.67,53,170,2024-10-18 14:28:12,52.7,0.78,41.4,DI water,60,40,90,90,15:15:19,41.82,29.83,0.26,0.62,0.34,314.97,302.97,273.41,273.77,353.93,0.3,-2835.86,-2727.86,-108.0
14:28:15,18/10/2024,42.1,42.2,41.7,41.8,41.5,30.2,30.0,30.2,28.9,-0.67,53,170,2024-10-18 14:28:15,52.7,0.78,41.4,DI water,60,40,90,90,15:15:19,41.86,29.83,0.29,0.62,0.34,315.01,302.97,273.44,273.77,353.93,0.3,-2836.22,-2727.86,-108.36
14:28:17,18/10/2024,42.1,42.3,42.1,42.1,41.8,30.3,30.0,30.2,28.9,-0.67,53,170,2024-10-18 14:28:17,52.7,0.78,41.3,DI water,60,40,90,90,15:15:19,42.08,29.85,0.18,0.65,0.34,315.23,303.0,273.33,273.8,353.93,0.31,-2838.2,-2728.08,-110.11
14:28:19,18/10/2024,42.1,42.3,42.1,42.1,41.8,30.3,30.0,30.2,28.9,-0.67,53,170,2024-10-18 14:28:19,52.7,0.78,41.3,DI water,60,40,90,90,15:15:19,42.08,29.85,0.18,0.65,0.34,315.23,303.0,273.33,273.8,353.93,0.31,-2838.2,-2728.08,-110.11
14:28:20,18/10/2024,42.1,42.3,42.1,42.1,41.8,30.3,30.0,30.2,28.9,-0.67,53,170,2024-10-18 14:28:20,52.7,0.78,41.3,DI water,60,40,90,90,15:15:19,42.08,29.85,0.18,0.65,0.34,315.23,303.0,273.33,273.8,353.93,0.31,-2838.2,-2728.08,-110.11
14:28:22,18/10/2024,42.4,42.6,42.2,42.2,41.9,30.2,30.1,30.2,28.9,-0.67,53,170,2024-10-18 14:28:22,52.7,0.78,41.3,DI water,60,40,90,90,15:15:19,42.26,29.85,0.26,0.64,0.34,315.41,303.0,273.41,273.79,353.93,0.31,-2839.82,-2728.08,-111.73
14:28:24,18/10/2024,42.4,42.6,42.2,42.2,41.9,30.2,30.1,30.3,28.9,-0.67,54,170,2024-10-18 14:28:24,52.7,0.78,41.3,DI water,60,40,90,90,15:15:19,42.26,29.88,0.26,0.66,0.34,315.41,303.02,273.41,273.81,353.93,0.31,-2839.82,-2728.31,-111.51
14:28:25,18/10/2024,42.4,42.6,42.2,42.2,41.9,30.2,30.1,30.3,28.9,-0.67,54,170,2024-10-18 14:28:25,52.7,0.78,41.3,DI water,60,40,90,90,15:15:19,42.26,29.88,0.26,0.66,0.34,315.41,303.02,273.41,273.81,353.93,0.31,-2839.82,-2728.31,-111.51
14:28:28,18/10/2024,42.5,42.8,42.3,42.4,42.0,30.3,30.1,30.3,28.9,-0.67,54,170,2024-10-18 14:28:28,52.7,0.78,41.3,DI water,60,40,90,90,15:15:19,42.4,29.9,0.29,0.67,0.34,315.55,303.05,273.44,273.82,353.93,0.31,-2841.08,-2728.53,-112.54
14:28:29,18/10/2024,42.5,42.8,42.3,42.4,42.0,30.3,30.1,30.3,28.9,-0.67,54,170,2024-10-18 14:28:29,52.6,0.78,41.3,DI water,60,40,90,90,15:15:19,42.4,29.9,0.29,0.67,0.34,315.55,303.05,273.44,273.82,353.93,0.31,-2841.08,-2728.53,-112.54
14:28:34,18/10/2024,42.5,42.8,42.3,42.4,42.0,30.3,30.1,30.3,28.9,-0.67,54,170,2024-10-18 14:28:34,52.7,0.78,41.2,DI water,60,40,90,90,15:15:19,42.4,29.9,0.29,0.67,0.34,315.55,303.05,273.44,273.82,353.93,0.31,-2841.08,-2728.53,-112.54
14:28:35,18/10/2024,42.5,42.8,42.3,42.4,42.0,30.3,30.1,30.3,28.9,-0.67,54,170,2024-10-18 14:28:35,52.6,0.78,41.2,DI water,60,40,90,90,15:15:19,42.4,29.9,0.29,0.67,0.34,315.55,303.05,273.44,273.82,353.93,0.31,-2841.08,-2728.53,-112.54
14:28:37,18/10/2024,42.8,43.0,42.6,42.7,42.3,30.3,30.1,30.3,28.9,-0.67,54,170,2024-10-18 14:28:37,52.6,0.78,41.2,DI water,60,40,90,90,15:15:19,42.68,29.9,0.26,0.67,0.34,315.83,303.05,273.41,273.82,353.93,0.32,-2843.6,-2728.53,-115.07
14:28:40,18/10/2024,42.8,43.0,42.6,42.7,42.3,30.3,30.1,30.3,28.9,-0.67,54,170,2024-10-18 14:28:40,52.6,0.78,41.3,DI water,60,40,90,90,15:15:19,42.68,29.9,0.26,0.67,0.34,315.83,303.05,273.41,273.82,353.93,0.32,-2843.6,-2728.53,-115.07
14:28:41,18/10/2024,42.8,43.0,42.6,42.7,42.3,30.3,30.1,30.3,28.9,-0.67,54,170,2024-10-18 14:28:41,52.6,0.78,41.2,DI water,60,40,90,90,15:15:19,42.68,29.9,0.26,0.67,0.34,315.83,303.05,273.41,273.82,353.93,0.32,-2843.6,-2728.53,-115.07
14:28:44,18/10/2024,42.8,43.0,42.6,42.7,42.3,30.3,30.1,30.3,28.9,-0.67,54,170,2024-10-18 14:28:44,52.6,0.78,41.2,DI water,60,40,90,90,15:15:19,42.68,29.9,0.26,0.67,0.34,315.83,303.05,273.41,273.82,353.93,0.32,-2843.6,-2728.53,-115.07
14:28:45,18/10/2024,42.9,43.2,42.8,42.8,42.3,30.3,30.1,30.3,28.9,-0.67,54,170,2024-10-18 14:28:45,52.6,0.78,41.1,DI water,60,40,90,90,15:15:19,42.8,29.9,0.32,0.67,0.34,315.95,303.05,273.47,273.82,353.93,0.32,-2844.68,-2728.53,-116.15
14:28:46,18/10/2024,42.9,43.2,42.8,42.8,42.6,30.3,30.1,30.3,28.9,-0.67,54,170,2024-10-18 14:28:46,52.6,0.78,41.2,DI water,60,40,90,90,15:15:19,42.86,29.9,0.22,0.67,0.34,316.01,303.05,273.37,273.82,353.93,0.32,-2845.22,-2728.53,-116.69
14:28:47,18/10/2024,42.9,43.2,42.8,42.8,42.6,30.3,30.1,30.3,28.9,-0.66,54,170,2024-10-18 14:28:47,52.6,0.78,41.2,DI water,60,40,90,90,15:15:19,42.86,29.9,0.22,0.67,0.35,316.01,303.05,273.37,273.82,353.93,0.32,-2769.72,-2656.13,-113.59
14:28:48,18/10/2024,42.9,43.2,42.8,42.8,42.6,30.3,30.1,30.3,28.9,-0.66,54,170,2024-10-18 14:28:48,52.6,0.78,41.2,DI water,60,40,90,90,15:15:19,42.86,29.9,0.22,0.67,0.35,316.01,303.05,273.37,273.82,353.93,0.32,-2769.72,-2656.13,-113.59
14:28:50,18/10/2024,42.9,43.2,42.8,42.8,42.6,30.3,30.1,30.3,28.9,-0.66,54,170,2024-10-18 14:28:50,52.6,0.78,41.2,DI water,60,40,90,90,15:15:19,42.86,29.9,0.22,0.67,0.35,316.01,303.05,273.37,273.82,353.93,0.32,-2769.72,-2656.13,-113.59
14:28:51,18/10/2024,42.9,43.2,42.8,42.8,42.6,30.3,30.1,30.3,28.9,-0.66,54,170,2024-10-18 14:28:51,52.6,0.78,41.2,DI water,60,40,90,90,15:15:19,42.86,29.9,0.22,0.67,0.35,316.01,303.05,273.37,273.82,353.93,0.32,-2769.72,-2656.13,-113.59
14:28:53,18/10/2024,43.1,43.4,43.0,43.1,42.8,30.4,30.1,30.3,28.9,-0.66,54,170,2024-10-18 14:28:53,52.6,0.78,41.1,DI water,60,40,90,90,15:15:19,43.08,29.92,0.22,0.69,0.35,316.23,303.08,273.37,273.84,353.93,0.33,-2771.64,-2656.35,-115.3
14:28:55,18/10/2024,43.1,43.4,43.0,43.1,42.8,30.4,30.1,30.3,29.0,-0.66,54,170,2024-10-18 14:28:55,52.6,0.78,41.2,DI water,60,40,90,90,15:15:19,43.08,29.95,0.22,0.65,0.35,316.23,303.1,273.37,273.8,353.93,0.33,-2771.64,-2656.56,-115.08
14:28:58,18/10/2024,43.1,43.4,43.0,43.1,42.8,30.4,30.1,30.3,29.0,-0.66,54,170,2024-10-18 14:28:58,52.6,0.78,41.2,DI water,60,40,90,90,15:15:19,43.08,29.95,0.22,0.65,0.35,316.23,303.1,273.37,273.8,353.93,0.33,-2771.64,-2656.56,-115.08
14:29:00,18/10/2024,43.3,43.6,43.2,43.3,42.9,30.3,30.2,30.4,28.9,-0.65,55,170,2024-10-18 14:29:00,52.6,0.78,41.1,DI water,60,40,90,90,15:15:19,43.26,29.95,0.25,0.7,0.36,316.41,303.1,273.4,273.85,353.93,0.33,-2699.74,-2586.17,-113.57
14:29:03,18/10/2024,43.3,43.6,43.2,43.3,42.9,30.3,30.2,30.4,28.9,-0.65,55,170,2024-10-18 14:29:03,52.6,0.78,41.1,DI water,60,40,90,90,15:15:19,43.26,29.95,0.25,0.7,0.36,316.41,303.1,273.4,273.85,353.93,0.33,-2699.74,-2586.17,-113.57
14:29:04,18/10/2024,43.3,43.6,43.2,43.3,42.9,30.3,30.2,30.4,28.9,-0.65,55,170,2024-10-18 14:29:04,52.6,0.78,41.2,DI water,60,40,90,90,15:15:19,43.26,29.95,0.25,0.7,0.36,316.41,303.1,273.4,273.85,353.93,0.33,-2699.74,-2586.17,-113.57
14:29:04,18/10/2024,43.3,43.6,43.2,43.3,42.9,30.3,30.2,30.4,28.9,-0.65,55,170,2024-10-18 14:29:04,52.6,0.78,41.2,DI water,60,40,90,90,15:15:19,43.26,29.95,0.25,0.7,0.36,316.41,303.1,273.4,273.85,353.93,0.33,-2699.74,-2586.17,-113.57
14:29:10,18/10/2024,43.5,43.7,43.4,43.5,43.1,30.3,30.1,30.3,28.9,-0.66,55,170,2024-10-18 14:29:10,52.6,0.78,41.2,DI water,60,40,90,90,15:15:19,43.44,29.9,0.22,0.67,0.35,316.59,303.05,273.37,273.82,353.93,0.34,-2774.8,-2656.13,-118.67
14:29:16,18/10/2024,43.7,43.9,43.6,43.7,43.4,30.4,30.1,30.3,29.0,-0.66,56,170,2024-10-18 14:29:16,52.6,0.78,41.1,DI water,60,40,90,90,15:15:19,43.66,29.95,0.18,0.65,0.35,316.81,303.1,273.33,273.8,353.93,0.34,-2776.73,-2656.56,-120.16
14:29:18,18/10/2024,43.7,43.9,43.6,43.7,43.4,30.4,30.1,30.3,29.0,-0.66,56,170,2024-10-18 14:29:18,52.6,0.78,41.2,DI water,60,40,90,90,15:15:19,43.66,29.95,0.18,0.65,0.35,316.81,303.1,273.33,273.8,353.93,0.34,-2776.73,-2656.56,-120.16
14:29:20,18/10/2024,43.7,43.9,43.6,43.7,43.4,30.4,30.1,30.3,29.0,-0.66,56,170,2024-10-18 14:29:20,52.6,0.78,41.1,DI water,60,40,90,90,15:15:19,43.66,29.95,0.18,0.65,0.35,316.81,303.1,273.33,273.8,353.93,0.34,-2776.73,-2656.56,-120.16
14:29:22,18/10/2024,44.0,44.2,43.8,43.9,43.6,30.4,30.1,30.3,29.0,-0.66,56,170,2024-10-18 14:29:22,52.6,0.78,41.0,DI water,60,40,90,90,15:15:19,43.9,29.95,0.22,0.65,0.35,317.05,303.1,273.37,273.8,353.93,0.35,-2778.83,-2656.56,-122.27
14:29:23,18/10/2024,44.0,44.2,43.8,43.9,43.6,30.4,30.2,30.4,29.0,-0.66,56,170,2024-10-18 14:29:23,52.6,0.78,41.1,DI water,60,40,90,90,15:15:19,43.9,30.0,0.22,0.67,0.35,317.05,303.15,273.37,273.82,353.93,0.35,-2778.83,-2657.0,-121.83
14:29:24,18/10/2024,44.0,44.2,43.8,43.9,43.6,30.4,30.2,30.4,29.0,-0.65,56,170,2024-10-18 14:29:24,52.6,0.78,41.2,DI water,60,40,90,90,15:15:19,43.9,30.0,0.22,0.67,0.36,317.05,303.15,273.37,273.82,353.93,0.35,-2705.2,-2586.6,-118.6
14:29:27,18/10/2024,44.0,44.2,43.8,43.9,43.6,30.4,30.2,30.4,29.0,-0.65,56,170,2024-10-18 14:29:27,52.6,0.78,41.1,DI water,60,40,90,90,15:15:19,43.9,30.0,0.22,0.67,0.36,317.05,303.15,273.37,273.82,353.93,0.35,-2705.2,-2586.6,-118.6
14:29:28,18/10/2024,44.0,44.2,43.8,43.9,43.6,30.4,30.2,30.4,29.0,-0.65,56,170,2024-10-18 14:29:28,52.6,0.78,41.0,DI water,60,40,90,90,15:15:19,43.9,30.0,0.22,0.67,0.36,317.05,303.15,273.37,273.82,353.93,0.35,-2705.2,-2586.6,-118.6
14:29:29,18/10/2024,44.2,44.4,44.0,44.1,43.7,30.4,30.2,30.4,29.0,-0.65,56,170,2024-10-18 14:29:29,52.6,0.78,41.1,DI water,60,40,90,90,15:15:19,44.08,30.0,0.26,0.67,0.36,317.23,303.15,273.41,273.82,353.93,0.35,-2706.73,-2586.6,-120.14
14:29:31,18/10/2024,44.2,44.4,44.0,44.1,43.7,30.4,30.2,30.4,28.9,-0.65,56,170,2024-10-18 14:29:31,52.5,0.78,41.1,DI water,60,40,90,90,15:15:19,44.08,29.98,0.26,0.72,0.36,317.23,303.12,273.41,273.87,353.93,0.35,-2706.73,-2586.38,-120.35
14:29:33,18/10/2024,44.2,44.4,44.0,44.1,43.7,30.4,30.2,30.4,28.9,-0.65,56,170,2024-10-18 14:29:33,52.6,0.78,41.0,DI water,60,40,90,90,15:15:19,44.08,29.98,0.26,0.72,0.36,317.23,303.12,273.41,273.87,353.93,0.35,-2706.73,-2586.38,-120.35
14:29:34,18/10/2024,44.2,44.4,44.0,44.1,43.7,30.4,30.2,30.4,28.9,-0.65,56,170,2024-10-18 14:29:34,52.6,0.78,41.0,DI water,60,40,90,90,15:15:19,44.08,29.98,0.26,0.72,0.36,317.23,303.12,273.41,273.87,353.93,0.35,-2706.73,-2586.38,-120.35
14:29:36,18/10/2024,44.3,44.6,44.2,44.3,43.7,30.4,30.2,30.4,28.9,-0.65,56,170,2024-10-18 14:29:36,52.5,0.78,41.1,DI water,60,40,90,90,15:15:19,44.22,29.98,0.33,0.72,0.36,317.37,303.12,273.48,273.87,353.93,0.36,-2707.93,-2586.38,-121.54
14:29:38,18/10/2024,44.3,44.6,44.2,44.3,44.0,30.5,30.2,30.4,29.0,-0.65,56,170,2024-10-18 14:29:38,52.5,0.78,41.0,DI water,60,40,90,90,15:15:19,44.28,30.02,0.22,0.69,0.36,317.43,303.17,273.37,273.84,353.93,0.36,-2708.44,-2586.81,-121.63
14:29:41,18/10/2024,44.3,44.6,44.2,44.3,44.0,30.5,30.2,30.4,29.0,-0.65,56,170,2024-10-18 14:29:41,52.5,0.78,41.1,DI water,60,40,90,90,15:15:19,44.28,30.02,0.22,0.69,0.36,317.43,303.17,273.37,273.84,353.93,0.36,-2708.44,-2586.81,-121.63
14:29:43,18/10/2024,44.5,44.7,44.4,44.5,44.1,30.5,30.2,30.4,29.0,-0.65,56,170,2024-10-18 14:29:43,52.6,0.78,41.0,DI water,60,40,90,90,15:15:19,44.44,30.02,0.22,0.69,0.36,317.59,303.17,273.37,273.84,353.93,0.36,-2709.8,-2586.81,-122.99
14:29:44,18/10/2024,44.5,44.7,44.4,44.5,44.1,30.5,30.2,30.4,29.0,-0.65,56,170,2024-10-18 14:29:44,52.6,0.78,41.0,DI water,60,40,90,90,15:15:19,44.44,30.02,0.22,0.69,0.36,317.59,303.17,273.37,273.84,353.93,0.36,-2709.8,-2586.81,-122.99
14:29:52,18/10/2024,44.5,44.7,44.4,44.5,44.1,30.5,30.2,30.4,29.0,-0.65,56,170,2024-10-18 14:29:52,52.7,0.78,41.3,DI water,60,40,90,90,15:15:19,44.44,30.02,0.22,0.69,0.36,317.59,303.17,273.37,273.84,353.93,0.36,-2709.8,-2586.81,-122.99
14:29:53,18/10/2024,44.5,44.7,44.4,44.5,44.1,30.5,30.2,30.4,29.0,-0.65,56,170,2024-10-18 14:29:53,52.6,0.78,41.3,DI water,60,40,90,90,15:15:19,44.44,30.02,0.22,0.69,0.36,317.59,303.17,273.37,273.84,353.93,0.36,-2709.8,-2586.81,-122.99
14:29:55,18/10/2024,44.8,45.0,44.7,44.8,44.5,30.5,30.2,30.4,29.0,-0.65,56,170,2024-10-18 14:29:55,52.6,0.78,41.1,DI water,60,40,90,90,15:15:19,44.76,30.02,0.18,0.69,0.36,317.91,303.17,273.33,273.84,353.93,0.37,-2712.53,-2586.81,-125.72
14:29:56,18/10/2024,44.8,45.0,44.7,44.8,44.5,30.5,30.2,30.4,29.0,-0.65,56,170,2024-10-18 14:29:56,52.6,0.78,41.2,DI water,60,40,90,90,15:15:19,44.76,30.02,0.18,0.69,0.36,317.91,303.17,273.33,273.84,353.93,0.37,-2712.53,-2586.81,-125.72
14:29:57,18/10/2024,44.8,45.0,44.7,44.8,44.5,30.5,30.2,30.4,29.0,-0.65,57,170,2024-10-18 14:29:57,52.6,0.78,41.2,DI water,60,40,90,90,15:15:19,44.76,30.02,0.18,0.69,0.36,317.91,303.17,273.33,273.84,353.93,0.37,-2712.53,-2586.81,-125.72
14:29:58,18/10/2024,44.9,45.1,44.9,44.9,44.5,30.5,30.2,30.4,29.0,-0.65,57,170,2024-10-18 14:29:58,52.6,0.78,41.2,DI water,60,40,90,90,15:15:19,44.86,30.02,0.22,0.69,0.36,318.01,303.17,273.37,273.84,353.93,0.37,-2713.39,-2586.81,-126.58
14:30:04,18/10/2024,44.9,45.1,44.9,44.9,44.5,30.5,30.2,30.4,29.1,-0.65,57,170,2024-10-18 14:30:04,52.6,0.78,41.2,DI water,60,40,90,90,15:15:19,44.86,30.05,0.22,0.65,0.36,318.01,303.2,273.37,273.8,353.93,0.37,-2713.39,-2587.02,-126.36
14:30:05,18/10/2024,44.9,45.1,44.9,44.9,44.5,30.5,30.2,30.4,29.1,-0.65,57,170,2024-10-18 14:30:05,52.5,0.78,40.9,DI water,60,40,90,90,15:15:19,44.86,30.05,0.22,0.65,0.36,318.01,303.2,273.37,273.8,353.93,0.37,-2713.39,-2587.02,-126.36
14:30:07,18/10/2024,44.9,45.1,44.9,44.9,44.5,30.5,30.2,30.4,29.1,-0.65,57,170,2024-10-18 14:30:07,52.4,0.78,40.8,DI water,60,40,90,90,15:15:19,44.86,30.05,0.22,0.65,0.36,318.01,303.2,273.37,273.8,353.93,0.37,-2713.39,-2587.02,-126.36
14:30:08,18/10/2024,45.1,45.3,45.0,45.2,44.8,30.5,30.2,30.4,29.1,-0.65,57,170,2024-10-18 14:30:08,52.4,0.78,40.8,DI water,60,40,90,90,15:15:19,45.08,30.05,0.19,0.65,0.36,318.23,303.2,273.34,273.8,353.93,0.38,-2715.26,-2587.02,-128.24
14:30:10,18/10/2024,45.1,45.3,45.0,45.2,44.8,30.5,30.3,30.4,29.0,-0.65,58,170,2024-10-18 14:30:10,52.4,0.78,40.9,DI water,60,40,90,90,15:15:19,45.08,30.05,0.19,0.7,0.36,318.23,303.2,273.34,273.85,353.93,0.38,-2715.26,-2587.02,-128.24
14:30:11,18/10/2024,45.1,45.3,45.0,45.2,44.8,30.5,30.3,30.4,29.0,-0.65,58,170,2024-10-18 14:30:11,52.4,0.78,40.8,DI water,60,40,90,90,15:15:19,45.08,30.05,0.19,0.7,0.36,318.23,303.2,273.34,273.85,353.93,0.38,-2715.26,-2587.02,-128.24
14:30:13,18/10/2024,45.1,45.3,45.0,45.2,44.8,30.5,30.3,30.4,29.0,-0.65,58,170,2024-10-18 14:30:13,52.4,0.78,40.8,DI water,60,40,90,90,15:15:19,45.08,30.05,0.19,0.7,0.36,318.23,303.2,273.34,273.85,353.93,0.38,-2715.26,-2587.02,-128.24
14:30:17,18/10/2024,45.4,45.6,45.2,45.3,45.1,30.6,30.3,30.4,29.0,-0.65,58,170,2024-10-18 14:30:17,52.4,0.78,40.8,DI water,60,40,90,90,15:15:19,45.32,30.08,0.19,0.73,0.36,318.47,303.22,273.34,273.88,353.93,0.38,-2717.31,-2587.24,-130.08
14:30:19,18/10/2024,45.4,45.6,45.2,45.3,45.1,30.6,30.3,30.4,29.0,-0.65,58,170,2024-10-18 14:30:19,52.4,0.78,40.8,DI water,60,40,90,90,15:15:19,45.32,30.08,0.19,0.73,0.36,318.47,303.22,273.34,273.88,353.93,0.38,-2717.31,-2587.24,-130.08
14:30:22,18/10/2024,45.4,45.6,45.2,45.3,45.1,30.6,30.3,30.4,29.0,-0.65,58,170,2024-10-18 14:30:22,52.4,0.78,40.8,DI water,60,40,90,90,15:15:19,45.32,30.08,0.19,0.73,0.36,318.47,303.22,273.34,273.88,353.93,0.38,-2717.31,-2587.24,-130.08
14:30:24,18/10/2024,45.6,45.8,45.5,45.6,45.3,30.6,30.3,30.4,29.0,-0.65,58,170,2024-10-18 14:30:24,52.4,0.78,40.8,DI water,60,40,90,90,15:15:19,45.56,30.08,0.18,0.73,0.36,318.71,303.22,273.33,273.88,353.93,0.39,-2719.36,-2587.24,-132.12
14:30:25,18/10/2024,45.6,45.8,45.5,45.6,45.3,30.5,30.4,30.5,29.0,-0.65,58,170,2024-10-18 14:30:25,52.4,0.78,40.8,DI water,60,40,90,90,15:15:19,45.56,30.1,0.18,0.73,0.36,318.71,303.25,273.33,273.88,353.93,0.39,-2719.36,-2587.45,-131.91
14:30:27,18/10/2024,45.6,45.8,45.5,45.6,45.3,30.5,30.4,30.5,29.0,-0.65,58,170,2024-10-18 14:30:27,52.4,0.78,40.8,DI water,60,40,90,90,15:15:19,45.56,30.1,0.18,0.73,0.36,318.71,303.25,273.33,273.88,353.93,0.39,-2719.36,-2587.45,-131.91
14:30:28,18/10/2024,45.6,45.8,45.5,45.6,45.3,30.5,30.4,30.5,29.0,-0.65,58,170,2024-10-18 14:30:28,52.4,0.78,40.8,DI water,60,40,90,90,15:15:19,45.56,30.1,0.18,0.73,0.36,318.71,303.25,273.33,273.88,353.93,0.39,-2719.36,-2587.45,-131.91
14:30:29,18/10/2024,45.6,45.8,45.5,45.6,45.3,30.5,30.4,30.5,29.0,-0.65,58,170,2024-10-18 14:30:29,52.4,0.78,40.8,DI water,60,40,90,90,15:15:19,45.56,30.1,0.18,0.73,0.36,318.71,303.25,273.33,273.88,353.93,0.39,-2719.36,-2587.45,-131.91
14:30:31,18/10/2024,45.7,45.8,45.5,45.6,45.3,30.5,30.4,30.5,29.0,-0.65,58,170,2024-10-18 14:30:31,52.4,0.78,40.8,DI water,60,40,90,90,15:15:19,45.58,30.1,0.19,0.73,0.36,318.73,303.25,273.34,273.88,353.93,0.39,-2719.53,-2587.45,-132.08
14:30:33,18/10/2024,45.7,45.9,45.6,45.8,45.5,30.6,30.4,30.5,29.1,-0.65,58,170,2024-10-18 14:30:33,52.4,0.78,40.9,DI water,60,40,90,90,15:15:19,45.7,30.15,0.16,0.7,0.36,318.85,303.3,273.31,273.85,353.93,0.39,-2720.56,-2587.88,-132.68
14:30:34,18/10/2024,45.7,45.9,45.6,45.8,45.5,30.6,30.4,30.5,29.1,-0.65,58,170,2024-10-18 14:30:34,52.4,0.78,40.9,DI water,60,40,90,90,15:15:19,45.7,30.15,0.16,0.7,0.36,318.85,303.3,273.31,273.85,353.93,0.39,-2720.56,-2587.88,-132.68
14:30:35,18/10/2024,45.7,45.9,45.6,45.8,45.5,30.6,30.4,30.5,29.1,-0.65,58,170,2024-10-18 14:30:35,52.4,0.78,40.9,DI water,60,40,90,90,15:15:19,45.7,30.15,0.16,0.7,0.36,318.85,303.3,273.31,273.85,353.93,0.39,-2720.56,-2587.88,-132.68
14:30:43,18/10/2024,45.7,45.9,45.6,45.8,45.5,30.6,30.4,30.5,29.1,-0.65,58,170,2024-10-18 14:30:43,52.4,0.78,40.9,DI water,60,40,90,90,15:15:19,45.7,30.15,0.16,0.7,0.36,318.85,303.3,273.31,273.85,353.93,0.39,-2720.56,-2587.88,-132.68
14:30:44,18/10/2024,46.1,46.3,46.0,46.1,45.8,30.6,30.4,30.5,29.1,-0.65,58,170,2024-10-18 14:30:44,52.4,0.78,40.9,DI water,60,40,90,90,15:15:19,46.06,30.15,0.18,0.7,0.36,319.21,303.3,273.33,273.85,353.93,0.4,-2723.63,-2587.88,-135.75
14:30:47,18/10/2024,46.1,46.3,46.0,46.1,45.8,30.6,30.4,30.6,29.0,-0.65,58,170,2024-10-18 14:30:47,52.4,0.78,40.8,DI water,60,40,90,90,15:15:19,46.06,30.15,0.18,0.77,0.36,319.21,303.3,273.33,273.92,353.93,0.4,-2723.63,-2587.88,-135.75
14:30:52,18/10/2024,46.3,46.5,46.2,46.3,46.0,30.6,30.4,30.6,29.0,-0.65,58,170,2024-10-18 14:30:52,52.4,0.78,40.9,DI water,60,40,90,90,15:15:19,46.26,30.15,0.18,0.77,0.36,319.41,303.3,273.33,273.92,353.93,0.4,-2725.33,-2587.88,-137.46
14:30:53,18/10/2024,46.3,46.5,46.2,46.3,46.0,30.6,30.4,30.5,29.0,-0.65,59,170,2024-10-18 14:30:53,52.4,0.78,40.9,DI water,60,40,90,90,15:15:19,46.26,30.12,0.18,0.75,0.36,319.41,303.27,273.33,273.9,353.93,0.4,-2725.33,-2587.66,-137.67
14:30:56,18/10/2024,46.3,46.5,46.2,46.3,46.0,30.6,30.4,30.5,29.0,-0.65,59,170,2024-10-18 14:30:56,52.4,0.78,40.8,DI water,60,40,90,90,15:15:19,46.26,30.12,0.18,0.75,0.36,319.41,303.27,273.33,273.9,353.93,0.4,-2725.33,-2587.66,-137.67
14:30:58,18/10/2024,46.3,46.5,46.2,46.3,46.0,30.6,30.4,30.5,29.0,-0.65,59,170,2024-10-18 14:30:58,52.4,0.78,40.8,DI water,60,40,90,90,15:15:19,46.26,30.12,0.18,0.75,0.36,319.41,303.27,273.33,273.9,353.93,0.4,-2725.33,-2587.66,-137.67
14:31:00,18/10/2024,46.5,46.6,46.4,46.5,46.2,30.6,30.4,30.5,29.0,-0.65,59,170,2024-10-18 14:31:00,52.4,0.78,40.9,DI water,60,40,90,90,15:15:19,46.44,30.12,0.15,0.75,0.36,319.59,303.27,273.3,273.9,353.93,0.41,-2726.87,-2587.66,-139.21
14:31:05,18/10/2024,46.5,46.6,46.4,46.5,46.2,30.6,30.4,30.5,29.0,-0.64,59,170,2024-10-18 14:31:05,52.4,0.78,40.8,DI water,60,40,90,90,15:15:19,46.44,30.12,0.15,0.75,0.37,319.59,303.27,273.3,273.9,353.93,0.41,-2654.66,-2519.14,-135.52
14:31:09,18/10/2024,46.5,46.6,46.4,46.5,46.2,30.6,30.4,30.5,29.0,-0.64,59,170,2024-10-18 14:31:09,52.4,0.78,40.8,DI water,60,40,90,90,15:15:19,46.44,30.12,0.15,0.75,0.37,319.59,303.27,273.3,273.9,353.93,0.41,-2654.66,-2519.14,-135.52
14:31:10,18/10/2024,46.7,46.8,46.6,46.7,46.2,30.6,30.4,30.5,29.0,-0.64,59,170,2024-10-18 14:31:10,52.4,0.78,40.8,DI water,60,40,90,90,15:15:19,46.6,30.12,0.23,0.75,0.37,319.75,303.27,273.38,273.9,353.93,0.41,-2655.99,-2519.14,-136.85
14:31:12,18/10/2024,46.7,46.8,46.6,46.7,46.4,30.6,30.4,30.6,29.0,-0.64,60,170,2024-10-18 14:31:12,52.4,0.78,40.9,DI water,60,40,90,90,15:15:19,46.64,30.15,0.15,0.77,0.37,319.79,303.3,273.3,273.92,353.93,0.41,-2656.32,-2519.35,-136.97
14:31:14,18/10/2024,46.7,46.8,46.6,46.7,46.4,30.6,30.4,30.6,29.0,-0.64,60,170,2024-10-18 14:31:14,52.4,0.78,40.8,DI water,60,40,90,90,15:15:19,46.64,30.15,0.15,0.77,0.37,319.79,303.3,273.3,273.92,353.93,0.41,-2656.32,-2519.35,-136.97
14:31:20,18/10/2024,47.0,47.2,46.9,47.0,46.7,30.6,30.4,30.6,29.0,-0.64,60,170,2024-10-18 14:31:20,52.4,0.78,40.9,DI water,60,40,90,90,15:15:19,46.96,30.15,0.18,0.77,0.37,320.11,303.3,273.33,273.92,353.93,0.42,-2658.98,-2519.35,-139.63
14:31:21,18/10/2024,47.0,47.2,46.9,47.0,46.7,30.7,30.4,30.6,29.0,-0.64,60,170,2024-10-18 14:31:21,52.4,0.78,40.9,DI water,60,40,90,90,15:15:19,46.96,30.17,0.18,0.79,0.37,320.11,303.32,273.33,273.94,353.93,0.42,-2658.98,-2519.56,-139.42
14:31:23,18/10/2024,47.0,47.2,46.9,47.0,46.7,30.7,30.4,30.6,29.0,-0.64,60,170,2024-10-18 14:31:23,52.4,0.78,40.8,DI water,60,40,90,90,15:15:19,46.96,30.17,0.18,0.79,0.37,320.11,303.32,273.33,273.94,353.93,0.42,-2658.98,-2519.56,-139.42
14:31:27,18/10/2024,47.0,47.2,46.9,47.0,46.7,30.7,30.4,30.6,29.0,-0.64,60,170,2024-10-18 14:31:27,52.4,0.78,40.8,DI water,60,40,90,90,15:15:19,46.96,30.17,0.18,0.79,0.37,320.11,303.32,273.33,273.94,353.93,0.42,-2658.98,-2519.56,-139.42
14:31:30,18/10/2024,47.3,47.4,47.1,47.2,46.9,30.7,30.5,30.7,29.0,-0.64,60,170,2024-10-18 14:31:30,52.4,0.78,40.9,DI water,60,40,90,90,15:15:19,47.18,30.22,0.19,0.82,0.37,320.33,303.38,273.34,273.97,353.93,0.42,-2660.81,-2519.97,-140.84
14:31:31,18/10/2024,47.3,47.4,47.1,47.2,46.9,30.7,30.5,30.7,29.0,-0.64,60,170,2024-10-18 14:31:31,52.4,0.78,40.8,DI water,60,40,90,90,15:15:19,47.18,30.22,0.19,0.82,0.37,320.33,303.38,273.34,273.97,353.93,0.42,-2660.81,-2519.97,-140.84
14:31:35,18/10/2024,47.3,47.4,47.1,47.2,46.9,30.7,30.5,30.7,29.0,-0.64,60,170,2024-10-18 14:31:35,52.4,0.78,40.8,DI water,60,40,90,90,15:15:19,47.18,30.22,0.19,0.82,0.37,320.33,303.38,273.34,273.97,353.93,0.42,-2660.81,-2519.97,-140.84
14:31:37,18/10/2024,47.3,47.4,47.1,47.2,46.9,30.7,30.5,30.7,29.0,-0.64,60,170,2024-10-18 14:31:37,52.4,0.78,40.8,DI water,60,40,90,90,15:15:19,47.18,30.22,0.19,0.82,0.37,320.33,303.38,273.34,273.97,353.93,0.42,-2660.81,-2519.97,-140.84
14:31:38,18/10/2024,47.5,47.6,47.4,47.5,47.2,30.8,30.5,30.7,29.0,-0.64,60,170,2024-10-18 14:31:38,52.4,0.78,40.9,DI water,60,40,90,90,15:15:19,47.44,30.25,0.15,0.84,0.37,320.59,303.4,273.3,273.99,353.93,0.43,-2662.97,-2520.18,-142.79
14:31:40,18/10/2024,47.5,47.6,47.4,47.5,47.2,30.8,30.5,30.6,29.0,-0.64,60,170,2024-10-18 14:31:40,52.4,0.78,40.9,DI water,60,40,90,90,15:15:19,47.44,30.22,0.15,0.83,0.37,320.59,303.38,273.3,273.98,353.93,0.43,-2662.97,-2519.97,-143.0
14:31:46,18/10/2024,47.5,47.6,47.4,47.5,47.2,30.8,30.5,30.6,29.0,-0.64,60,170,2024-10-18 14:31:46,52.4,0.78,40.8,DI water,60,40,90,90,15:15:19,47.44,30.22,0.15,0.83,0.37,320.59,303.38,273.3,273.98,353.93,0.43,-2662.97,-2519.97,-143.0
14:31:47,18/10/2024,47.7,47.8,47.5,47.7,47.3,30.7,30.5,30.6,29.0,-0.64,60,170,2024-10-18 14:31:47,52.4,0.78,40.8,DI water,60,40,90,90,15:15:19,47.6,30.2,0.2,0.8,0.37,320.75,303.35,273.35,273.95,353.93,0.44,-2664.3,-2519.76,-144.53
14:31:49,18/10/2024,47.7,47.8,47.5,47.7,47.3,30.7,30.5,30.7,29.0,-0.64,61,170,2024-10-18 14:31:49,52.4,0.78,40.8,DI water,60,40,90,90,15:15:19,47.6,30.22,0.2,0.82,0.37,320.75,303.38,273.35,273.97,353.93,0.43,-2664.3,-2519.97,-144.32
14:31:51,18/10/2024,47.7,47.8,47.5,47.7,47.3,30.7,30.5,30.7,29.0,-0.64,61,170,2024-10-18 14:31:51,52.4,0.78,40.8,DI water,60,40,90,90,15:15:19,47.6,30.22,0.2,0.82,0.37,320.75,303.38,273.35,273.97,353.93,0.43,-2664.3,-2519.97,-144.32
14:31:53,18/10/2024,47.7,47.8,47.5,47.7,47.3,30.7,30.5,30.7,29.0,-0.64,61,170,2024-10-18 14:31:53,52.4,0.78,40.8,DI water,60,40,90,90,15:15:19,47.6,30.22,0.2,0.82,0.37,320.75,303.38,273.35,273.97,353.93,0.43,-2664.3,-2519.97,-144.32
14:31:56,18/10/2024,47.9,48.0,47.7,47.9,47.5,30.7,30.5,30.7,29.1,-0.64,61,170,2024-10-18 14:31:56,52.4,0.78,40.8,DI water,60,40,90,90,15:15:19,47.8,30.25,0.2,0.77,0.37,320.95,303.4,273.35,273.92,353.93,0.44,-2665.96,-2520.18,-145.78
14:31:57,18/10/2024,47.9,48.0,47.7,47.9,47.5,30.7,30.5,30.7,29.1,-0.64,61,170,2024-10-18 14:31:57,52.4,0.78,40.8,DI water,60,40,90,90,15:15:19,47.8,30.25,0.2,0.77,0.37,320.95,303.4,273.35,273.92,353.93,0.44,-2665.96,-2520.18,-145.78
14:32:00,18/10/2024,47.9,48.0,47.7,47.9,47.5,30.7,30.5,30.7,29.1,-0.64,61,170,2024-10-18 14:32:00,52.4,0.78,40.8,DI water,60,40,90,90,15:15:19,47.8,30.25,0.2,0.77,0.37,320.95,303.4,273.35,273.92,353.93,0.44,-2665.96,-2520.18,-145.78
14:32:01,18/10/2024,48.0,48.1,47.9,48.0,47.7,30.8,30.5,30.7,29.1,-0.64,61,170,2024-10-18 14:32:01,52.4,0.78,40.8,DI water,60,40,90,90,15:15:19,47.94,30.28,0.15,0.79,0.37,321.09,303.42,273.3,273.94,353.93,0.44,-2667.12,-2520.39,-146.73
14:32:03,18/10/2024,48.0,48.1,47.9,48.0,47.7,30.8,30.5,30.7,29.0,-0.64,61,170,2024-10-18 14:32:03,52.4,0.78,40.8,DI water,60,40,90,90,15:15:19,47.94,30.25,0.15,0.84,0.37,321.09,303.4,273.3,273.99,353.93,0.44,-2667.12,-2520.18,-146.94
14:32:04,18/10/2024,48.0,48.1,47.9,48.0,47.7,30.8,30.5,30.7,29.0,-0.64,61,170,2024-10-18 14:32:04,52.4,0.78,40.8,DI water,60,40,90,90,15:15:19,47.94,30.25,0.15,0.84,0.37,321.09,303.4,273.3,273.99,353.93,0.44,-2667.12,-2520.18,-146.94
14:32:07,18/10/2024,48.0,48.1,47.9,48.0,47.7,30.8,30.5,30.7,29.0,-0.64,61,170,2024-10-18 14:32:07,52.4,0.78,40.8,DI water,60,40,90,90,15:15:19,47.94,30.25,0.15,0.84,0.37,321.09,303.4,273.3,273.99,353.93,0.44,-2667.12,-2520.18,-146.94
14:32:08,18/10/2024,48.3,48.4,48.0,48.2,47.7,30.8,30.5,30.7,29.0,-0.64,61,170,2024-10-18 14:32:08,52.4,0.78,40.8,DI water,60,40,90,90,15:15:19,48.12,30.25,0.28,0.84,0.37,321.27,303.4,273.43,273.99,353.93,0.45,-2668.62,-2520.18,-148.44
14:32:10,18/10/2024,48.3,48.4,48.0,48.2,47.9,30.8,30.6,30.7,29.0,-0.64,61,170,2024-10-18 14:32:10,52.4,0.78,40.8,DI water,60,40,90,90,15:15:19,48.16,30.28,0.21,0.85,0.37,321.31,303.42,273.36,274.0,353.93,0.45,-2668.95,-2520.39,-148.56
14:32:13,18/10/2024,48.3,48.4,48.0,48.2,47.9,30.8,30.6,30.7,29.0,-0.64,61,170,2024-10-18 14:32:13,52.4,0.78,40.9,DI water,60,40,90,90,15:15:19,48.16,30.28,0.21,0.85,0.37,321.31,303.42,273.36,274.0,353.93,0.45,-2668.95,-2520.39,-148.56
14:32:14,18/10/2024,48.4,48.5,48.2,48.2,47.9,30.8,30.6,30.7,29.0,-0.64,61,170,2024-10-18 14:32:14,52.4,0.78,40.9,DI water,60,40,90,90,15:15:19,48.24,30.28,0.23,0.85,0.37,321.39,303.42,273.38,274.0,353.93,0.45,-2669.61,-2520.39,-149.23
14:32:16,18/10/2024,48.4,48.5,48.2,48.4,48.0,30.8,30.6,30.7,29.0,-0.63,62,170,2024-10-18 14:32:16,52.4,0.78,40.9,DI water,60,40,90,90,15:15:19,48.3,30.28,0.2,0.85,0.38,321.45,303.42,273.35,274.0,353.93,0.45,-2599.41,-2453.65,-145.76
14:32:19,18/10/2024,48.4,48.5,48.2,48.4,48.0,30.8,30.6,30.7,29.0,-0.63,62,170,2024-10-18 14:32:19,52.4,0.78,40.8,DI water,60,40,90,90,15:15:19,48.3,30.28,0.2,0.85,0.38,321.45,303.42,273.35,274.0,353.93,0.45,-2599.41,-2453.65,-145.76
14:32:20,18/10/2024,48.4,48.5,48.2,48.4,48.0,30.8,30.6,30.7,29.0,-0.63,62,170,2024-10-18 14:32:20,52.4,0.78,40.8,DI water,60,40,90,90,15:15:19,48.3,30.28,0.2,0.85,0.38,321.45,303.42,273.35,274.0,353.93,0.45,-2599.41,-2453.65,-145.76
14:32:21,18/10/2024,48.4,48.5,48.2,48.4,48.0,30.8,30.6,30.7,29.0,-0.63,62,170,2024-10-18 14:32:21,52.4,0.78,40.8,DI water,60,40,90,90,15:15:19,48.3,30.28,0.2,0.85,0.38,321.45,303.42,273.35,274.0,353.93,0.45,-2599.41,-2453.65,-145.76
14:32:23,18/10/2024,48.5,48.7,48.4,48.6,48.3,30.8,30.6,30.7,29.0,-0.63,62,170,2024-10-18 14:32:23,52.4,0.78,40.7,DI water,60,40,90,90,15:15:19,48.5,30.28,0.16,0.85,0.38,321.65,303.42,273.31,274.0,353.93,0.46,-2601.02,-2453.65,-147.38
14:32:24,18/10/2024,48.5,48.7,48.4,48.6,48.3,30.9,30.6,30.7,29.1,-0.63,62,170,2024-10-18 14:32:24,52.4,0.78,40.8,DI water,60,40,90,90,15:15:19,48.5,30.33,0.16,0.83,0.38,321.65,303.47,273.31,273.98,353.93,0.45,-2601.02,-2454.05,-146.97
14:32:25,18/10/2024,48.5,48.7,48.4,48.6,48.3,30.9,30.6,30.7,29.1,-0.63,62,170,2024-10-18 14:32:25,52.4,0.78,40.7,DI water,60,40,90,90,15:15:19,48.5,30.33,0.16,0.83,0.38,321.65,303.47,273.31,273.98,353.93,0.45,-2601.02,-2454.05,-146.97
14:32:29,18/10/2024,48.8,48.9,48.6,48.8,48.4,30.8,30.6,30.7,29.1,-0.63,62,170,2024-10-18 14:32:29,52.3,0.78,40.8,DI water,60,40,90,90,15:15:19,48.7,30.3,0.2,0.8,0.38,321.85,303.45,273.35,273.95,353.93,0.46,-2602.64,-2453.85,-148.79
14:32:30,18/10/2024,48.8,48.9,48.6,48.8,48.4,30.8,30.7,30.8,29.1,-0.63,62,170,2024-10-18 14:32:30,52.4,0.78,40.8,DI water,60,40,90,90,15:15:19,48.7,30.35,0.2,0.83,0.38,321.85,303.5,273.35,273.98,353.93,0.46,-2602.64,-2454.25,-148.39
14:32:31,18/10/2024,48.8,48.9,48.6,48.8,48.4,30.8,30.7,30.8,29.1,-0.63,62,170,2024-10-18 14:32:31,52.4,0.78,40.8,DI water,60,40,90,90,15:15:19,48.7,30.35,0.2,0.83,0.38,321.85,303.5,273.35,273.98,353.93,0.46,-2602.64,-2454.25,-148.39
14:32:34,18/10/2024,48.8,48.9,48.6,48.8,48.4,30.8,30.7,30.8,29.1,-0.63,62,170,2024-10-18 14:32:34,52.4,0.78,40.9,DI water,60,40,90,90,15:15:19,48.7,30.35,0.2,0.83,0.38,321.85,303.5,273.35,273.98,353.93,0.46,-2602.64,-2454.25,-148.39
14:32:35,18/10/2024,48.8,48.9,48.6,48.8,48.4,30.8,30.7,30.8,29.1,-0.63,62,170,2024-10-18 14:32:35,52.3,0.78,40.7,DI water,60,40,90,90,15:15:19,48.7,30.35,0.2,0.83,0.38,321.85,303.5,273.35,273.98,353.93,0.46,-2602.64,-2454.25,-148.39
14:32:39,18/10/2024,49.0,49.0,48.8,49.0,48.6,30.8,30.7,30.8,29.1,-0.63,62,170,2024-10-18 14:32:39,52.4,0.78,40.8,DI water,60,40,90,90,15:15:19,48.88,30.35,0.18,0.83,0.38,322.03,303.5,273.33,273.98,353.93,0.46,-2604.1,-2454.25,-149.84
14:32:41,18/10/2024,49.0,49.0,48.8,49.0,48.6,30.8,30.7,30.8,29.1,-0.63,62,170,2024-10-18 14:32:41,52.3,0.78,40.7,DI water,60,40,90,90,15:15:19,48.88,30.35,0.18,0.83,0.38,322.03,303.5,273.33,273.98,353.93,0.46,-2604.1,-2454.25,-149.84
14:32:45,18/10/2024,49.1,49.1,48.9,49.1,48.8,30.9,30.7,30.8,29.1,-0.63,62,170,2024-10-18 14:32:45,52.4,0.78,40.8,DI water,60,40,90,90,15:15:19,49.0,30.38,0.14,0.85,0.38,322.15,303.52,273.29,274.0,353.93,0.47,-2605.07,-2454.45,-150.61
14:32:46,18/10/2024,49.1,49.1,48.9,49.1,48.8,30.9,30.7,30.8,29.1,-0.63,63,170,2024-10-18 14:32:46,52.4,0.78,40.7,DI water,60,40,90,90,15:15:19,49.0,30.38,0.14,0.85,0.38,322.15,303.52,273.29,274.0,353.93,0.47,-2605.07,-2454.45,-150.61
14:32:46,18/10/2024,49.1,49.1,48.9,49.1,48.8,30.9,30.7,30.8,29.1,-0.63,63,170,2024-10-18 14:32:46,52.4,0.78,40.7,DI water,60,40,90,90,15:15:19,49.0,30.38,0.14,0.85,0.38,322.15,303.52,273.29,274.0,353.93,0.47,-2605.07,-2454.45,-150.61
14:32:48,18/10/2024,49.1,49.1,48.9,49.1,48.8,30.9,30.7,30.8,29.1,-0.63,63,170,2024-10-18 14:32:48,52.4,0.78,40.8,DI water,60,40,90,90,15:15:19,49.0,30.38,0.14,0.85,0.38,322.15,303.52,273.29,274.0,353.93,0.47,-2605.07,-2454.45,-150.61
14:32:50,18/10/2024,49.3,49.3,48.9,49.1,48.8,30.9,30.7,30.8,29.1,-0.63,63,170,2024-10-18 14:32:50,52.4,0.78,40.8,DI water,60,40,90,90,15:15:19,49.08,30.38,0.23,0.85,0.38,322.23,303.52,273.38,274.0,353.93,0.47,-2605.71,-2454.45,-151.26
14:32:51,18/10/2024,49.3,49.3,49.1,49.3,48.9,30.9,30.7,30.8,29.1,-0.63,63,170,2024-10-18 14:32:51,52.4,0.78,40.8,DI water,60,40,90,90,15:15:19,49.18,30.38,0.18,0.85,0.38,322.33,303.52,273.33,274.0,353.93,0.47,-2606.52,-2454.45,-152.07
14:32:52,18/10/2024,49.3,49.3,49.1,49.3,48.9,30.9,30.6,30.8,29.2,-0.63,63,170,2024-10-18 14:32:52,52.4,0.78,40.8,DI water,60,40,90,90,15:15:19,49.18,30.38,0.18,0.79,0.38,322.33,303.52,273.33,273.94,353.93,0.47,-2606.52,-2454.45,-152.07
14:32:54,18/10/2024,49.3,49.4,49.2,49.4,49.0,30.9,30.6,30.8,29.2,-0.63,63,170,2024-10-18 14:32:54,52.4,0.78,40.8,DI water,60,40,90,90,15:15:19,49.26,30.38,0.17,0.79,0.38,322.41,303.52,273.32,273.94,353.93,0.47,-2607.17,-2454.45,-152.71
14:32:56,18/10/2024,49.3,49.4,49.2,49.4,49.0,30.9,30.7,30.8,29.2,-0.63,63,170,2024-10-18 14:32:56,52.4,0.78,40.8,DI water,60,40,90,90,15:15:19,49.26,30.4,0.17,0.8,0.38,322.41,303.55,273.32,273.95,353.93,0.47,-2607.17,-2454.66,-152.51
14:32:57,18/10/2024,49.3,49.4,49.2,49.4,49.0,30.9,30.7,30.8,29.2,-0.63,63,170,2024-10-18 14:32:57,52.4,0.78,40.8,DI water,60,40,90,90,15:15:19,49.26,30.4,0.17,0.8,0.38,322.41,303.55,273.32,273.95,353.93,0.47,-2607.17,-2454.66,-152.51
14:32:58,18/10/2024,49.4,49.4,49.2,49.4,49.0,30.9,30.7,30.8,29.2,-0.63,63,170,2024-10-18 14:32:58,52.4,0.78,40.8,DI water,60,40,90,90,15:15:19,49.28,30.4,0.18,0.8,0.38,322.43,303.55,273.33,273.95,353.93,0.47,-2607.33,-2454.66,-152.67
14:33:00,18/10/2024,49.4,49.5,49.3,49.5,49.1,30.9,30.7,30.8,29.2,-0.63,63,170,2024-10-18 14:33:00,52.4,0.78,40.7,DI water,60,40,90,90,15:15:19,49.36,30.4,0.17,0.8,0.38,322.51,303.55,273.32,273.95,353.93,0.47,-2607.98,-2454.66,-153.32
14:33:03,18/10/2024,49.4,49.5,49.3,49.5,49.1,30.9,30.7,30.8,29.2,-0.63,63,170,2024-10-18 14:33:03,52.4,0.78,40.7,DI water,60,40,90,90,15:15:19,49.36,30.4,0.17,0.8,0.38,322.51,303.55,273.32,273.95,353.93,0.47,-2607.98,-2454.66,-153.32
14:33:05,18/10/2024,49.6,49.7,49.4,49.5,49.1,30.9,30.7,30.8,29.2,-0.63,63,170,2024-10-18 14:33:05,52.4,0.78,40.8,DI water,60,40,90,90,15:15:19,49.46,30.4,0.23,0.8,0.38,322.61,303.55,273.38,273.95,353.93,0.48,-2608.79,-2454.66,-154.13
14:33:06,18/10/2024,49.6,49.7,49.4,49.6,49.2,30.9,30.7,30.8,29.2,-0.63,63,170,2024-10-18 14:33:06,52.4,0.78,40.8,DI water,60,40,90,90,15:15:19,49.5,30.4,0.2,0.8,0.38,322.65,303.55,273.35,273.95,353.93,0.48,-2609.11,-2454.66,-154.45
14:33:10,18/10/2024,49.6,49.7,49.4,49.6,49.2,30.9,30.7,30.8,29.2,-0.62,63,170,2024-10-18 14:33:10,52.4,0.78,40.8,DI water,60,40,90,90,15:15:19,49.5,30.4,0.2,0.8,0.39,322.65,303.55,273.35,273.95,353.93,0.48,-2539.97,-2389.61,-150.36
14:33:11,18/10/2024,49.6,49.7,49.4,49.6,49.2,30.9,30.7,30.8,29.2,-0.62,63,170,2024-10-18 14:33:11,52.4,0.78,40.8,DI water,60,40,90,90,15:15:19,49.5,30.4,0.2,0.8,0.39,322.65,303.55,273.35,273.95,353.93,0.48,-2539.97,-2389.61,-150.36
14:33:13,18/10/2024,49.8,49.9,49.7,49.8,49.2,30.9,30.7,30.8,29.2,-0.62,63,170,2024-10-18 14:33:13,52.4,0.78,40.9,DI water,60,40,90,90,15:15:19,49.68,30.4,0.28,0.8,0.39,322.83,303.55,273.43,273.95,353.93,0.48,-2541.39,-2389.61,-151.78
14:33:14,18/10/2024,49.8,49.9,49.7,49.8,49.4,31.0,30.7,30.8,29.2,-0.62,63,170,2024-10-18 14:33:14,52.4,0.78,40.8,DI water,60,40,90,90,15:15:19,49.72,30.42,0.19,0.83,0.39,322.87,303.58,273.34,273.98,353.93,0.48,-2541.7,-2389.81,-151.89
14:33:15,18/10/2024,49.8,49.9,49.7,49.8,49.4,31.0,30.7,30.8,29.1,-0.62,63,170,2024-10-18 14:33:15,52.4,0.78,40.9,DI water,60,40,90,90,15:15:19,49.72,30.4,0.19,0.88,0.39,322.87,303.55,273.34,274.03,353.93,0.48,-2541.7,-2389.61,-152.09
14:33:16,18/10/2024,49.9,50.0,49.7,49.8,49.4,31.0,30.7,30.8,29.1,-0.62,63,170,2024-10-18 14:33:16,52.4,0.78,40.9,DI water,60,40,90,90,15:15:19,49.76,30.4,0.23,0.88,0.39,322.91,303.55,273.38,274.03,353.93,0.48,-2542.02,-2389.61,-152.41
14:33:22,18/10/2024,49.9,50.0,49.7,49.9,49.5,30.9,30.7,30.8,29.1,-0.63,63,170,2024-10-18 14:33:22,52.4,0.78,40.8,DI water,60,40,90,90,15:15:19,49.8,30.38,0.2,0.85,0.38,322.95,303.52,273.35,274.0,353.93,0.49,-2611.54,-2454.45,-157.08
14:33:23,18/10/2024,49.9,50.0,49.7,49.9,49.5,30.9,30.7,30.8,29.1,-0.63,63,170,2024-10-18 14:33:23,52.4,0.78,40.8,DI water,60,40,90,90,15:15:19,49.8,30.38,0.2,0.85,0.38,322.95,303.52,273.35,274.0,353.93,0.49,-2611.54,-2454.45,-157.08
14:33:26,18/10/2024,49.9,50.0,49.7,49.9,49.5,30.9,30.7,30.8,29.1,-0.63,63,170,2024-10-18 14:33:26,52.4,0.78,40.8,DI water,60,40,90,90,15:15:19,49.8,30.38,0.2,0.85,0.38,322.95,303.52,273.35,274.0,353.93,0.49,-2611.54,-2454.45,-157.08
14:33:27,18/10/2024,50.1,50.3,49.9,50.1,49.5,30.9,30.7,30.8,29.1,-0.63,63,170,2024-10-18 14:33:27,52.4,0.78,40.8,DI water,60,40,90,90,15:15:19,49.98,30.38,0.3,0.85,0.38,323.13,303.52,273.45,274.0,353.93,0.49,-2612.99,-2454.45,-158.54
14:33:29,18/10/2024,50.1,50.3,49.9,50.1,49.7,30.9,30.7,30.9,29.1,-0.63,63,170,2024-10-18 14:33:29,52.4,0.78,40.8,DI water,60,40,90,90,15:15:19,50.02,30.4,0.23,0.87,0.38,323.17,303.55,273.38,274.02,353.93,0.49,-2613.31,-2454.66,-158.66
14:33:32,18/10/2024,50.1,50.3,49.9,50.1,49.7,30.9,30.7,30.9,29.2,-0.62,64,170,2024-10-18 14:33:32,52.4,0.78,40.8,DI water,60,40,90,90,15:15:19,50.02,30.42,0.23,0.82,0.39,323.17,303.58,273.38,273.97,353.93,0.49,-2544.06,-2389.81,-154.26
14:33:33,18/10/2024,50.3,50.3,50.1,50.3,49.7,30.9,30.7,30.9,29.2,-0.62,64,170,2024-10-18 14:33:33,52.4,0.78,40.8,DI water,60,40,90,90,15:15:19,50.14,30.42,0.26,0.82,0.39,323.29,303.58,273.41,273.97,353.93,0.49,-2545.01,-2389.81,-155.2
14:33:39,18/10/2024,50.3,50.3,50.1,50.3,50.0,31.0,30.7,30.8,29.2,-0.62,64,170,2024-10-18 14:33:39,52.4,0.78,40.8,DI water,60,40,90,90,15:15:19,50.2,30.42,0.14,0.83,0.39,323.35,303.58,273.29,273.98,353.93,0.49,-2545.48,-2389.81,-155.67
14:33:40,18/10/2024,50.4,50.5,50.2,50.3,50.0,31.0,30.7,30.8,29.2,-0.62,64,170,2024-10-18 14:33:40,52.4,0.78,40.8,DI water,60,40,90,90,15:15:19,50.28,30.42,0.19,0.83,0.39,323.43,303.58,273.34,273.98,353.93,0.5,-2546.11,-2389.81,-156.3
14:33:41,18/10/2024,50.4,50.5,50.2,50.5,50.1,31.0,30.7,30.8,29.2,-0.62,64,170,2024-10-18 14:33:41,52.4,0.78,40.8,DI water,60,40,90,90,15:15:19,50.34,30.42,0.18,0.83,0.39,323.49,303.58,273.33,273.98,353.93,0.5,-2546.58,-2389.81,-156.78
14:33:44,18/10/2024,50.4,50.5,50.2,50.5,50.1,31.0,30.7,30.8,29.2,-0.62,64,170,2024-10-18 14:33:44,52.5,0.78,40.9,DI water,60,40,90,90,15:15:19,50.34,30.42,0.18,0.83,0.39,323.49,303.58,273.33,273.98,353.93,0.5,-2546.58,-2389.81,-156.78
14:33:45,18/10/2024,50.5,50.6,50.4,50.5,50.1,31.0,30.7,30.8,29.2,-0.62,64,170,2024-10-18 14:33:45,52.4,0.78,40.9,DI water,60,40,90,90,15:15:19,50.42,30.42,0.19,0.83,0.39,323.57,303.58,273.34,273.98,353.93,0.5,-2547.21,-2389.81,-157.4
14:33:46,18/10/2024,50.5,50.6,50.4,50.5,50.2,31.0,30.7,30.8,29.2,-0.62,64,170,2024-10-18 14:33:46,52.4,0.78,40.8,DI water,60,40,90,90,15:15:19,50.44,30.42,0.15,0.83,0.39,323.59,303.58,273.3,273.98,353.93,0.5,-2547.37,-2389.81,-157.56
14:33:49,18/10/2024,50.5,50.6,50.4,50.5,50.2,31.0,30.7,30.8,29.2,-0.62,65,170,2024-10-18 14:33:49,52.5,0.78,40.9,DI water,60,40,90,90,15:15:19,50.44,30.42,0.15,0.83,0.39,323.59,303.58,273.3,273.98,353.93,0.5,-2547.37,-2389.81,-157.56
14:33:50,18/10/2024,50.5,50.6,50.4,50.5,50.2,31.0,30.7,30.8,29.2,-0.62,65,170,2024-10-18 14:33:50,52.4,0.78,40.9,DI water,60,40,90,90,15:15:19,50.44,30.42,0.15,0.83,0.39,323.59,303.58,273.3,273.98,353.93,0.5,-2547.37,-2389.81,-157.56
14:33:51,18/10/2024,50.7,50.8,50.5,50.6,50.2,31.0,30.7,30.8,29.2,-0.62,65,170,2024-10-18 14:33:51,52.4,0.78,40.9,DI water,60,40,90,90,15:15:19,50.56,30.42,0.23,0.83,0.39,323.71,303.58,273.38,273.98,353.93,0.5,-2548.31,-2389.81,-158.51
14:33:52,18/10/2024,50.7,50.8,50.5,50.6,50.3,31.0,30.8,30.9,29.2,-0.62,65,170,2024-10-18 14:33:52,52.4,0.78,40.8,DI water,60,40,90,90,15:15:19,50.58,30.48,0.19,0.85,0.39,323.73,303.62,273.34,274.0,353.93,0.5,-2548.47,-2390.2,-158.27
14:33:55,18/10/2024,50.7,50.8,50.5,50.6,50.3,31.0,30.8,30.9,29.2,-0.62,65,170,2024-10-18 14:33:55,52.4,0.78,40.8,DI water,60,40,90,90,15:15:19,50.58,30.48,0.19,0.85,0.39,323.73,303.62,273.34,274.0,353.93,0.5,-2548.47,-2390.2,-158.27
14:33:57,18/10/2024,50.8,50.9,50.7,50.6,50.3,31.0,30.8,30.9,29.2,-0.62,65,170,2024-10-18 14:33:57,52.4,0.78,40.8,DI water,60,40,90,90,15:15:19,50.66,30.48,0.23,0.85,0.39,323.81,303.62,273.38,274.0,353.93,0.5,-2549.1,-2390.2,-158.9
14:33:58,18/10/2024,50.8,50.9,50.7,50.8,50.4,31.0,30.8,30.9,29.2,-0.62,65,170,2024-10-18 14:33:58,52.4,0.78,40.8,DI water,60,40,90,90,15:15:19,50.72,30.48,0.19,0.85,0.39,323.87,303.62,273.34,274.0,353.93,0.51,-2549.57,-2390.2,-159.37
14:34:02,18/10/2024,50.8,50.9,50.7,50.8,50.4,31.0,30.8,30.9,29.2,-0.62,65,170,2024-10-18 14:34:02,52.4,0.78,40.8,DI water,60,40,90,90,15:15:19,50.72,30.48,0.19,0.85,0.39,323.87,303.62,273.34,274.0,353.93,0.51,-2549.57,-2390.2,-159.37
14:34:05,18/10/2024,50.8,50.9,50.7,50.8,50.4,31.0,30.8,30.9,29.2,-0.62,65,170,2024-10-18 14:34:05,52.5,0.78,40.9,DI water,60,40,90,90,15:15:19,50.72,30.48,0.19,0.85,0.39,323.87,303.62,273.34,274.0,353.93,0.51,-2549.57,-2390.2,-159.37
14:34:06,18/10/2024,50.9,51.0,50.8,51.0,50.4,31.0,30.8,30.9,29.2,-0.62,65,170,2024-10-18 14:34:06,52.5,0.78,40.9,DI water,60,40,90,90,15:15:19,50.82,30.48,0.25,0.85,0.39,323.97,303.62,273.4,274.0,353.93,0.51,-2550.36,-2390.2,-160.16
14:34:07,18/10/2024,50.9,51.0,50.8,51.0,50.7,31.1,30.8,30.9,29.2,-0.62,65,170,2024-10-18 14:34:07,52.5,0.78,40.9,DI water,60,40,90,90,15:15:19,50.88,30.5,0.13,0.88,0.39,324.03,303.65,273.28,274.03,353.93,0.51,-2550.83,-2390.4,-160.44
14:34:09,18/10/2024,50.9,51.0,50.8,51.0,50.7,31.1,30.8,30.9,29.1,-0.62,65,170,2024-10-18 14:34:09,52.4,0.78,40.9,DI water,60,40,90,90,15:15:19,50.88,30.48,0.13,0.93,0.39,324.03,303.62,273.28,274.08,353.93,0.51,-2550.83,-2390.2,-160.63
14:34:10,18/10/2024,51.0,51.1,50.9,51.1,50.7,31.1,30.8,30.9,29.1,-0.62,65,170,2024-10-18 14:34:10,52.4,0.78,40.9,DI water,60,40,90,90,15:15:19,50.96,30.48,0.17,0.93,0.39,324.11,303.62,273.32,274.08,353.93,0.51,-2551.46,-2390.2,-161.26
14:34:12,18/10/2024,51.0,51.1,50.9,51.1,50.7,31.0,30.7,30.9,29.1,-0.62,65,170,2024-10-18 14:34:12,52.4,0.78,40.8,DI water,60,40,90,90,15:15:19,50.96,30.42,0.17,0.89,0.39,324.11,303.58,273.32,274.04,353.93,0.51,-2551.46,-2389.81,-161.66
14:34:13,18/10/2024,51.0,51.1,50.9,51.1,50.7,31.0,30.7,30.9,29.3,-0.62,65,170,2024-10-18 14:34:13,52.4,0.78,40.8,DI water,60,40,90,90,15:15:19,50.96,30.48,0.17,0.79,0.39,324.11,303.62,273.32,273.94,353.93,0.51,-2551.46,-2390.2,-161.26
14:34:14,18/10/2024,51.0,51.1,50.9,51.1,50.7,31.0,30.7,30.9,29.3,-0.62,65,170,2024-10-18 14:34:14,52.4,0.78,40.8,DI water,60,40,90,90,15:15:19,50.96,30.48,0.17,0.79,0.39,324.11,303.62,273.32,273.94,353.93,0.51,-2551.46,-2390.2,-161.26
14:34:15,18/10/2024,51.3,51.3,51.0,51.1,50.7,31.0,30.7,30.9,29.3,-0.62,65,170,2024-10-18 14:34:15,52.4,0.78,40.8,DI water,60,40,90,90,15:15:19,51.08,30.48,0.25,0.79,0.39,324.23,303.62,273.4,273.94,353.93,0.52,-2552.41,-2390.2,-162.21
14:34:16,18/10/2024,51.3,51.3,51.0,51.2,50.8,31.0,30.8,30.9,29.3,-0.62,65,170,2024-10-18 14:34:16,52.4,0.78,40.8,DI water,60,40,90,90,15:15:19,51.12,30.5,0.22,0.8,0.39,324.27,303.65,273.37,273.95,353.93,0.52,-2552.72,-2390.4,-162.32
14:34:19,18/10/2024,51.3,51.3,51.0,51.2,50.8,31.0,30.8,31.0,29.2,-0.62,65,170,2024-10-18 14:34:19,52.4,0.78,40.8,DI water,60,40,90,90,15:15:19,51.12,30.5,0.22,0.87,0.39,324.27,303.65,273.37,274.02,353.93,0.52,-2552.72,-2390.4,-162.32
14:34:20,18/10/2024,51.4,51.4,51.2,51.2,50.8,31.0,30.8,31.0,29.2,-0.62,65,170,2024-10-18 14:34:20,52.4,0.78,40.8,DI water,60,40,90,90,15:15:19,51.2,30.5,0.24,0.87,0.39,324.35,303.65,273.39,274.02,353.93,0.52,-2553.35,-2390.4,-162.95
14:34:22,18/10/2024,51.4,51.4,51.2,51.3,50.9,31.0,30.8,31.0,29.2,-0.62,65,170,2024-10-18 14:34:22,52.4,0.78,40.8,DI water,60,40,90,90,15:15:19,51.24,30.5,0.21,0.87,0.39,324.39,303.65,273.36,274.02,353.93,0.52,-2553.67,-2390.4,-163.27
14:34:26,18/10/2024,51.4,51.4,51.2,51.3,50.9,31.0,30.8,31.0,29.2,-0.62,65,170,2024-10-18 14:34:26,52.4,0.78,40.8,DI water,60,40,90,90,15:15:19,51.24,30.5,0.21,0.87,0.39,324.39,303.65,273.36,274.02,353.93,0.52,-2553.67,-2390.4,-163.27
14:34:27,18/10/2024,51.4,51.5,51.3,51.3,50.9,31.0,30.8,31.0,29.2,-0.62,65,170,2024-10-18 14:34:27,52.4,0.78,40.8,DI water,60,40,90,90,15:15:19,51.28,30.5,0.23,0.87,0.39,324.43,303.65,273.38,274.02,353.93,0.52,-2553.98,-2390.4,-163.58
14:34:30,18/10/2024,51.4,51.5,51.3,51.5,51.2,31.1,30.8,31.0,29.2,-0.62,66,170,2024-10-18 14:34:30,52.4,0.78,40.8,DI water,60,40,90,90,15:15:19,51.38,30.52,0.13,0.89,0.39,324.53,303.67,273.28,274.04,353.93,0.52,-2554.77,-2390.59,-164.17
14:34:31,18/10/2024,51.5,51.6,51.3,51.5,51.2,31.1,30.8,31.0,29.2,-0.62,66,170,2024-10-18 14:34:31,52.5,0.78,40.9,DI water,60,40,90,90,15:15:19,51.42,30.52,0.16,0.89,0.39,324.57,303.67,273.31,274.04,353.93,0.52,-2555.08,-2390.59,-164.49
14:34:32,18/10/2024,51.5,51.6,51.3,51.6,51.2,31.1,30.8,31.0,29.2,-0.62,66,170,2024-10-18 14:34:32,52.4,0.78,40.8,DI water,60,40,90,90,15:15:19,51.44,30.52,0.18,0.89,0.39,324.59,303.67,273.33,274.04,353.93,0.52,-2555.24,-2390.59,-164.65
14:34:34,18/10/2024,51.5,51.6,51.3,51.6,51.2,31.1,30.8,30.9,29.2,-0.62,66,170,2024-10-18 14:34:34,52.4,0.78,40.9,DI water,60,40,90,90,15:15:19,51.44,30.5,0.18,0.88,0.39,324.59,303.65,273.33,274.03,353.93,0.52,-2555.24,-2390.4,-164.84
14:34:35,18/10/2024,51.5,51.6,51.3,51.6,51.2,31.1,30.8,30.9,29.2,-0.62,66,170,2024-10-18 14:34:35,52.4,0.78,40.8,DI water,60,40,90,90,15:15:19,51.44,30.5,0.18,0.88,0.39,324.59,303.65,273.33,274.03,353.93,0.52,-2555.24,-2390.4,-164.84
14:34:38,18/10/2024,51.7,51.8,51.5,51.7,51.3,31.1,30.8,30.9,29.2,-0.62,66,170,2024-10-18 14:34:38,52.5,0.78,40.9,DI water,60,40,90,90,15:15:19,51.6,30.5,0.2,0.88,0.39,324.75,303.65,273.35,274.03,353.93,0.53,-2556.5,-2390.4,-166.1
14:34:39,18/10/2024,51.7,51.8,51.5,51.7,51.3,31.1,30.8,30.9,29.2,-0.62,66,170,2024-10-18 14:34:39,52.4,0.78,40.8,DI water,60,40,90,90,15:15:19,51.6,30.5,0.2,0.88,0.39,324.75,303.65,273.35,274.03,353.93,0.53,-2556.5,-2390.4,-166.1
14:34:45,18/10/2024,51.7,51.8,51.5,51.7,51.3,31.1,30.8,30.9,29.2,-0.62,66,170,2024-10-18 14:34:45,52.4,0.78,40.8,DI water,60,40,90,90,15:15:19,51.6,30.5,0.2,0.88,0.39,324.75,303.65,273.35,274.03,353.93,0.53,-2556.5,-2390.4,-166.1
14:34:47,18/10/2024,51.7,51.8,51.5,51.7,51.3,31.1,30.8,30.9,29.2,-0.62,66,170,2024-10-18 14:34:47,52.5,0.78,40.9,DI water,60,40,90,90,15:15:19,51.6,30.5,0.2,0.88,0.39,324.75,303.65,273.35,274.03,353.93,0.53,-2556.5,-2390.4,-166.1
14:34:48,18/10/2024,51.9,51.9,51.8,52.0,51.5,31.1,30.8,30.9,29.2,-0.62,66,170,2024-10-18 14:34:48,52.4,0.78,40.8,DI water,60,40,90,90,15:15:19,51.82,30.5,0.19,0.88,0.39,324.97,303.65,273.34,274.03,353.93,0.53,-2558.23,-2390.4,-167.84
14:34:51,18/10/2024,51.9,51.9,51.8,52.0,51.5,31.0,30.9,31.0,29.2,-0.61,67,170,2024-10-18 14:34:51,52.4,0.78,40.8,DI water,60,40,90,90,15:15:19,51.82,30.52,0.19,0.88,0.4,324.97,303.67,273.34,274.03,353.93,0.53,-2490.34,-2327.15,-163.19
14:34:55,18/10/2024,51.9,51.9,51.8,52.0,51.5,31.0,30.9,31.0,29.2,-0.61,67,170,2024-10-18 14:34:55,52.5,0.78,40.9,DI water,60,40,90,90,15:15:19,51.82,30.52,0.19,0.88,0.4,324.97,303.67,273.34,274.03,353.93,0.53,-2490.34,-2327.15,-163.19
14:34:56,18/10/2024,51.9,51.9,51.8,52.0,51.5,31.0,30.9,31.0,29.2,-0.61,67,170,2024-10-18 14:34:56,52.5,0.78,40.9,DI water,60,40,90,90,15:15:19,51.82,30.52,0.19,0.88,0.4,324.97,303.67,273.34,274.03,353.93,0.53,-2490.34,-2327.15,-163.19
14:34:58,18/10/2024,52.2,52.2,51.9,52.1,51.8,31.2,30.8,31.0,29.2,-0.61,67,170,2024-10-18 14:34:58,52.4,0.78,40.8,DI water,60,40,90,90,15:15:19,52.04,30.55,0.18,0.91,0.4,325.19,303.7,273.33,274.06,353.93,0.54,-2492.03,-2327.35,-164.68
14:34:59,18/10/2024,52.2,52.2,51.9,52.1,51.8,31.2,30.8,31.0,29.2,-0.62,67,170,2024-10-18 14:34:59,52.5,0.78,40.9,DI water,60,40,90,90,15:15:19,52.04,30.55,0.18,0.91,0.39,325.19,303.7,273.33,274.06,353.93,0.54,-2559.96,-2390.79,-169.17
14:35:01,18/10/2024,52.2,52.2,51.9,52.1,51.8,31.2,30.8,31.0,29.2,-0.62,67,170,2024-10-18 14:35:01,52.5,0.78,40.9,DI water,60,40,90,90,15:15:19,52.04,30.55,0.18,0.91,0.39,325.19,303.7,273.33,274.06,353.93,0.54,-2559.96,-2390.79,-169.17
14:35:02,18/10/2024,52.2,52.2,52.0,52.2,51.9,31.2,30.8,31.0,29.2,-0.62,67,170,2024-10-18 14:35:02,52.4,0.78,40.8,DI water,60,40,90,90,15:15:19,52.1,30.55,0.14,0.91,0.39,325.25,303.7,273.29,274.06,353.93,0.54,-2560.44,-2390.79,-169.65
14:35:03,18/10/2024,52.2,52.2,52.0,52.2,51.9,31.2,30.8,31.0,29.2,-0.62,67,170,2024-10-18 14:35:03,52.4,0.78,40.8,DI water,60,40,90,90,15:15:19,52.1,30.55,0.14,0.91,0.39,325.25,303.7,273.29,274.06,353.93,0.54,-2560.44,-2390.79,-169.65
14:35:06,18/10/2024,52.2,52.2,52.0,52.2,51.9,31.2,30.8,31.0,29.2,-0.62,67,170,2024-10-18 14:35:06,52.4,0.78,40.8,DI water,60,40,90,90,15:15:19,52.1,30.55,0.14,0.91,0.39,325.25,303.7,273.29,274.06,353.93,0.54,-2560.44,-2390.79,-169.65
14:35:07,18/10/2024,52.2,52.2,52.0,52.2,51.9,31.2,30.8,31.0,29.2,-0.62,67,170,2024-10-18 14:35:07,52.4,0.78,40.8,DI water,60,40,90,90,15:15:19,52.1,30.55,0.14,0.91,0.39,325.25,303.7,273.29,274.06,353.93,0.54,-2560.44,-2390.79,-169.65
14:35:09,18/10/2024,52.3,52.4,52.2,52.4,51.9,31.2,30.8,31.0,29.2,-0.62,67,170,2024-10-18 14:35:09,52.4,0.78,40.8,DI water,60,40,90,90,15:15:19,52.24,30.55,0.21,0.91,0.39,325.39,303.7,273.36,274.06,353.93,0.54,-2561.54,-2390.79,-170.75
14:35:10,18/10/2024,52.3,52.4,52.2,52.4,52.0,31.2,30.9,31.1,29.2,-0.62,67,170,2024-10-18 14:35:10,52.4,0.78,40.8,DI water,60,40,90,90,15:15:19,52.26,30.6,0.17,0.94,0.39,325.41,303.75,273.32,274.09,353.93,0.54,-2561.7,-2391.18,-170.51
14:35:12,18/10/2024,52.3,52.4,52.2,52.4,52.0,31.2,30.9,31.1,29.2,-0.61,67,170,2024-10-18 14:35:12,52.4,0.78,40.8,DI water,60,40,90,90,15:15:19,52.26,30.6,0.17,0.94,0.4,325.41,303.75,273.32,274.09,353.93,0.54,-2493.72,-2327.73,-165.99
14:35:13,18/10/2024,52.4,52.5,52.2,52.4,52.0,31.2,30.9,31.1,29.2,-0.61,67,170,2024-10-18 14:35:13,52.4,0.78,40.8,DI water,60,40,90,90,15:15:19,52.3,30.6,0.2,0.94,0.4,325.45,303.75,273.35,274.09,353.93,0.54,-2494.02,-2327.73,-166.29
14:35:16,18/10/2024,52.4,52.5,52.3,52.5,52.1,31.1,30.9,31.1,29.2,-0.61,67,170,2024-10-18 14:35:16,52.3,0.78,40.7,DI water,60,40,90,90,15:15:19,52.36,30.58,0.17,0.92,0.4,325.51,303.72,273.32,274.07,353.93,0.54,-2494.48,-2327.54,-166.95
14:35:17,18/10/2024,52.4,52.5,52.3,52.5,52.1,31.1,30.9,31.1,29.2,-0.61,67,170,2024-10-18 14:35:17,52.3,0.78,40.6,DI water,60,40,90,90,15:15:19,52.36,30.58,0.17,0.92,0.4,325.51,303.72,273.32,274.07,353.93,0.54,-2494.48,-2327.54,-166.95
14:35:19,18/10/2024,52.4,52.5,52.3,52.5,52.1,31.1,30.9,31.1,29.2,-0.61,67,170,2024-10-18 14:35:19,52.3,0.78,40.7,DI water,60,40,90,90,15:15:19,52.36,30.58,0.17,0.92,0.4,325.51,303.72,273.32,274.07,353.93,0.54,-2494.48,-2327.54,-166.95
14:35:22,18/10/2024,52.4,52.5,52.3,52.5,52.1,31.1,30.9,31.1,29.2,-0.61,67,170,2024-10-18 14:35:22,52.3,0.78,40.7,DI water,60,40,90,90,15:15:19,52.36,30.58,0.17,0.92,0.4,325.51,303.72,273.32,274.07,353.93,0.54,-2494.48,-2327.54,-166.95
14:35:27,18/10/2024,52.7,52.8,52.5,52.7,52.4,31.2,30.9,31.1,29.2,-0.61,67,170,2024-10-18 14:35:27,52.3,0.78,40.6,DI water,60,40,90,90,15:15:19,52.62,30.6,0.16,0.94,0.4,325.77,303.75,273.31,274.09,353.93,0.55,-2496.47,-2327.73,-168.75
14:35:29,18/10/2024,52.7,52.8,52.5,52.7,52.4,31.2,30.9,31.1,29.2,-0.61,67,170,2024-10-18 14:35:29,52.3,0.78,40.6,DI water,60,40,90,90,15:15:19,52.62,30.6,0.16,0.94,0.4,325.77,303.75,273.31,274.09,353.93,0.55,-2496.47,-2327.73,-168.75
14:35:31,18/10/2024,52.7,52.8,52.5,52.7,52.4,31.2,30.9,31.1,29.2,-0.61,67,170,2024-10-18 14:35:31,52.3,0.78,40.6,DI water,60,40,90,90,15:15:19,52.62,30.6,0.16,0.94,0.4,325.77,303.75,273.31,274.09,353.93,0.55,-2496.47,-2327.73,-168.75
14:35:36,18/10/2024,52.9,52.9,52.7,52.9,52.5,31.2,30.9,31.1,29.3,-0.61,67,170,2024-10-18 14:35:36,52.3,0.78,40.7,DI water,60,40,90,90,15:15:19,52.78,30.62,0.18,0.89,0.4,325.93,303.77,273.33,274.04,353.93,0.55,-2497.7,-2327.92,-169.78
14:35:37,18/10/2024,52.9,52.9,52.7,52.9,52.5,31.2,30.9,31.1,29.3,-0.61,67,170,2024-10-18 14:35:37,52.3,0.78,40.7,DI water,60,40,90,90,15:15:19,52.78,30.62,0.18,0.89,0.4,325.93,303.77,273.33,274.04,353.93,0.55,-2497.7,-2327.92,-169.78
14:35:41,18/10/2024,53.0,52.9,52.7,52.9,52.5,31.2,30.9,31.1,29.3,-0.61,67,170,2024-10-18 14:35:41,52.3,0.78,40.7,DI water,60,40,90,90,15:15:19,52.8,30.62,0.2,0.89,0.4,325.95,303.77,273.35,274.04,353.93,0.55,-2497.85,-2327.92,-169.93
14:35:41,18/10/2024,53.0,52.9,52.7,52.9,52.5,31.2,30.9,31.1,29.3,-0.61,67,170,2024-10-18 14:35:41,52.3,0.78,40.6,DI water,60,40,90,90,15:15:19,52.8,30.62,0.2,0.89,0.4,325.95,303.77,273.35,274.04,353.93,0.55,-2497.85,-2327.92,-169.93
14:35:42,18/10/2024,53.0,53.0,52.8,53.1,52.7,31.2,30.9,31.1,29.3,-0.61,67,170,2024-10-18 14:35:42,52.3,0.78,40.7,DI water,60,40,90,90,15:15:19,52.92,30.62,0.16,0.89,0.4,326.07,303.77,273.31,274.04,353.93,0.56,-2498.77,-2327.92,-170.85
14:35:44,18/10/2024,53.0,53.0,52.8,53.1,52.7,31.2,31.0,31.1,29.3,-0.6,68,170,2024-10-18 14:35:44,52.3,0.78,40.6,DI water,60,40,90,90,15:15:19,52.92,30.65,0.16,0.9,0.41,326.07,303.8,273.31,274.05,353.93,0.56,-2432.33,-2266.2,-166.12
14:35:46,18/10/2024,53.0,53.0,52.8,53.1,52.7,31.2,31.0,31.1,29.3,-0.6,68,170,2024-10-18 14:35:46,52.3,0.78,40.6,DI water,60,40,90,90,15:15:19,52.92,30.65,0.16,0.9,0.41,326.07,303.8,273.31,274.05,353.93,0.56,-2432.33,-2266.2,-166.12
14:35:47,18/10/2024,53.2,53.2,52.9,53.1,52.8,31.2,31.0,31.1,29.3,-0.6,68,170,2024-10-18 14:35:47,52.3,0.78,40.6,DI water,60,40,90,90,15:15:19,53.04,30.65,0.18,0.9,0.41,326.19,303.8,273.33,274.05,353.93,0.56,-2433.22,-2266.2,-167.02
14:35:49,18/10/2024,53.2,53.2,52.9,53.1,52.8,31.2,31.0,31.1,29.2,-0.61,68,170,2024-10-18 14:35:49,52.3,0.78,40.6,DI water,60,40,90,90,15:15:19,53.04,30.63,0.18,0.95,0.4,326.19,303.77,273.33,274.1,353.93,0.56,-2499.69,-2327.92,-171.77
14:35:56,18/10/2024,53.2,53.2,52.9,53.1,52.8,31.2,31.0,31.1,29.2,-0.61,68,170,2024-10-18 14:35:56,52.3,0.78,40.6,DI water,60,40,90,90,15:15:19,53.04,30.63,0.18,0.95,0.4,326.19,303.77,273.33,274.1,353.93,0.56,-2499.69,-2327.92,-171.77
14:36:00,18/10/2024,53.5,53.5,53.3,53.5,53.1,31.2,31.0,31.1,29.2,-0.61,68,170,2024-10-18 14:36:00,52.3,0.78,40.6,DI water,60,40,90,90,15:15:19,53.38,30.63,0.18,0.95,0.4,326.53,303.77,273.33,274.1,353.93,0.57,-2502.3,-2327.92,-174.38
14:36:01,18/10/2024,53.5,53.5,53.3,53.5,53.1,31.2,30.9,31.1,29.2,-0.61,68,170,2024-10-18 14:36:01,52.3,0.78,40.6,DI water,60,40,90,90,15:15:19,53.38,30.6,0.18,0.94,0.4,326.53,303.75,273.33,274.09,353.93,0.57,-2502.3,-2327.73,-174.57
14:36:02,18/10/2024,53.5,53.5,53.3,53.5,53.1,31.2,30.9,31.1,29.2,-0.61,69,170,2024-10-18 14:36:02,52.3,0.78,40.6,DI water,60,40,90,90,15:15:19,53.38,30.6,0.18,0.94,0.4,326.53,303.75,273.33,274.09,353.93,0.57,-2502.3,-2327.73,-174.57
14:36:06,18/10/2024,53.5,53.5,53.3,53.5,53.1,31.2,30.9,31.1,29.2,-0.61,69,170,2024-10-18 14:36:06,52.3,0.78,40.6,DI water,60,40,90,90,15:15:19,53.38,30.6,0.18,0.94,0.4,326.53,303.75,273.33,274.09,353.93,0.57,-2502.3,-2327.73,-174.57
14:36:07,18/10/2024,53.5,53.5,53.3,53.5,53.1,31.2,30.9,31.1,29.2,-0.61,69,170,2024-10-18 14:36:07,52.3,0.78,40.6,DI water,60,40,90,90,15:15:19,53.38,30.6,0.18,0.94,0.4,326.53,303.75,273.33,274.09,353.93,0.57,-2502.3,-2327.73,-174.57
14:36:09,18/10/2024,53.6,53.5,53.4,53.6,53.2,31.2,30.9,31.1,29.2,-0.61,69,170,2024-10-18 14:36:09,52.3,0.78,40.6,DI water,60,40,90,90,15:15:19,53.46,30.6,0.17,0.94,0.4,326.61,303.75,273.32,274.09,353.93,0.57,-2502.91,-2327.73,-175.18
14:36:14,18/10/2024,53.6,53.5,53.4,53.6,53.2,31.2,30.9,31.1,29.2,-0.61,69,170,2024-10-18 14:36:14,52.3,0.78,40.6,DI water,60,40,90,90,15:15:19,53.46,30.6,0.17,0.94,0.4,326.61,303.75,273.32,274.09,353.93,0.57,-2502.91,-2327.73,-175.18
14:36:15,18/10/2024,53.6,53.5,53.4,53.6,53.2,31.2,30.9,31.1,29.2,-0.61,69,170,2024-10-18 14:36:15,52.3,0.78,40.6,DI water,60,40,90,90,15:15:19,53.46,30.6,0.17,0.94,0.4,326.61,303.75,273.32,274.09,353.93,0.57,-2502.91,-2327.73,-175.18
14:36:18,18/10/2024,53.6,53.5,53.4,53.6,53.2,31.2,30.9,31.1,29.2,-0.61,69,170,2024-10-18 14:36:18,52.3,0.78,40.6,DI water,60,40,90,90,15:15:19,53.46,30.6,0.17,0.94,0.4,326.61,303.75,273.32,274.09,353.93,0.57,-2502.91,-2327.73,-175.18
14:36:20,18/10/2024,53.8,53.8,53.6,53.8,53.5,31.3,31.0,31.1,29.2,-0.61,69,170,2024-10-18 14:36:20,52.3,0.78,40.7,DI water,60,40,90,90,15:15:19,53.7,30.65,0.14,0.97,0.4,326.85,303.8,273.29,274.12,353.93,0.58,-2504.75,-2328.11,-176.64
14:36:21,18/10/2024,53.8,53.8,53.6,53.8,53.5,31.3,31.0,31.1,29.2,-0.6,69,170,2024-10-18 14:36:21,52.4,0.78,40.7,DI water,60,40,90,90,15:15:19,53.7,30.65,0.14,0.97,0.41,326.85,303.8,273.29,274.12,353.93,0.58,-2438.14,-2266.2,-171.94
14:36:22,18/10/2024,53.8,53.8,53.6,53.8,53.5,31.3,31.0,31.1,29.2,-0.6,69,170,2024-10-18 14:36:22,52.3,0.78,40.7,DI water,60,40,90,90,15:15:19,53.7,30.65,0.14,0.97,0.41,326.85,303.8,273.29,274.12,353.93,0.58,-2438.14,-2266.2,-171.94
14:36:23,18/10/2024,53.8,53.8,53.6,53.8,53.5,31.3,31.0,31.1,29.2,-0.6,69,170,2024-10-18 14:36:23,52.3,0.78,40.7,DI water,60,40,90,90,15:15:19,53.7,30.65,0.14,0.97,0.41,326.85,303.8,273.29,274.12,353.93,0.58,-2438.14,-2266.2,-171.94
14:36:27,18/10/2024,54.0,54.0,53.8,54.0,53.7,31.3,31.0,31.1,29.2,-0.6,69,170,2024-10-18 14:36:27,52.3,0.78,40.7,DI water,60,40,90,90,15:15:19,53.9,30.65,0.14,0.97,0.41,327.05,303.8,273.29,274.12,353.93,0.58,-2439.64,-2266.2,-173.43
14:36:28,18/10/2024,54.0,54.0,53.8,54.0,53.7,31.3,31.0,31.1,29.3,-0.6,69,170,2024-10-18 14:36:28,52.3,0.78,40.7,DI water,60,40,90,90,15:15:19,53.9,30.68,0.14,0.93,0.41,327.05,303.82,273.29,274.08,353.93,0.58,-2439.64,-2266.39,-173.25
14:36:32,18/10/2024,54.0,54.0,53.8,54.0,53.7,31.3,31.0,31.1,29.3,-0.6,69,170,2024-10-18 14:36:32,52.4,0.78,40.7,DI water,60,40,90,90,15:15:19,53.9,30.68,0.14,0.93,0.41,327.05,303.82,273.29,274.08,353.93,0.58,-2439.64,-2266.39,-173.25
14:36:33,18/10/2024,54.0,54.0,53.8,54.0,53.7,31.3,31.0,31.1,29.3,-0.6,69,170,2024-10-18 14:36:33,52.4,0.78,40.7,DI water,60,40,90,90,15:15:19,53.9,30.68,0.14,0.93,0.41,327.05,303.82,273.29,274.08,353.93,0.58,-2439.64,-2266.39,-173.25
14:36:34,18/10/2024,54.2,54.2,53.9,54.1,53.8,31.3,31.0,31.1,29.3,-0.6,69,170,2024-10-18 14:36:34,52.3,0.78,40.7,DI water,60,40,90,90,15:15:19,54.04,30.68,0.18,0.93,0.41,327.19,303.82,273.33,274.08,353.93,0.58,-2440.68,-2266.39,-174.29
14:36:35,18/10/2024,54.2,54.2,53.9,54.1,53.8,31.3,31.0,31.1,29.3,-0.6,69,170,2024-10-18 14:36:35,52.4,0.78,40.7,DI water,60,40,90,90,15:15:19,54.04,30.68,0.18,0.93,0.41,327.19,303.82,273.33,274.08,353.93,0.58,-2440.68,-2266.39,-174.29
14:36:38,18/10/2024,54.2,54.2,53.9,54.1,53.8,31.3,31.0,31.1,29.3,-0.6,69,170,2024-10-18 14:36:38,52.3,0.78,40.7,DI water,60,40,90,90,15:15:19,54.04,30.68,0.18,0.93,0.41,327.19,303.82,273.33,274.08,353.93,0.58,-2440.68,-2266.39,-174.29
14:36:41,18/10/2024,54.2,54.2,53.9,54.1,53.8,31.3,31.0,31.1,29.3,-0.6,69,170,2024-10-18 14:36:41,52.3,0.78,40.7,DI water,60,40,90,90,15:15:19,54.04,30.68,0.18,0.93,0.41,327.19,303.82,273.33,274.08,353.93,0.58,-2440.68,-2266.39,-174.29
14:36:43,18/10/2024,54.3,54.3,54.1,54.3,53.8,31.3,31.0,31.1,29.3,-0.6,69,170,2024-10-18 14:36:43,52.3,0.78,40.7,DI water,60,40,90,90,15:15:19,54.16,30.68,0.22,0.93,0.41,327.31,303.82,273.37,274.08,353.93,0.59,-2441.58,-2266.39,-175.19
14:36:46,18/10/2024,54.3,54.3,54.1,54.3,53.9,31.3,31.1,31.2,29.3,-0.61,69,170,2024-10-18 14:36:46,52.3,0.78,40.7,DI water,60,40,90,90,15:15:19,54.18,30.72,0.18,0.95,0.4,327.33,303.88,273.33,274.1,353.93,0.59,-2508.43,-2328.69,-179.74
14:36:49,18/10/2024,54.3,54.3,54.1,54.3,53.9,31.3,31.1,31.2,29.3,-0.61,69,170,2024-10-18 14:36:49,52.3,0.78,40.7,DI water,60,40,90,90,15:15:19,54.18,30.72,0.18,0.95,0.4,327.33,303.88,273.33,274.1,353.93,0.59,-2508.43,-2328.69,-179.74
14:36:51,18/10/2024,54.5,54.3,54.1,54.3,53.9,31.3,31.1,31.2,29.3,-0.61,69,170,2024-10-18 14:36:51,52.3,0.78,40.6,DI water,60,40,90,90,15:15:19,54.22,30.72,0.23,0.95,0.4,327.37,303.88,273.38,274.1,353.93,0.59,-2508.74,-2328.69,-180.05
14:36:52,18/10/2024,54.5,54.5,54.3,54.6,54.2,31.3,31.1,31.2,29.3,-0.61,69,170,2024-10-18 14:36:52,52.3,0.78,40.7,DI water,60,40,90,90,15:15:19,54.42,30.72,0.16,0.95,0.4,327.57,303.88,273.31,274.1,353.93,0.59,-2510.27,-2328.69,-181.58
14:36:54,18/10/2024,54.5,54.5,54.3,54.6,54.2,31.3,31.1,31.2,29.3,-0.6,69,170,2024-10-18 14:36:54,52.3,0.78,40.7,DI water,60,40,90,90,15:15:19,54.42,30.72,0.16,0.95,0.41,327.57,303.88,273.31,274.1,353.93,0.59,-2443.51,-2266.76,-176.75
14:36:59,18/10/2024,54.5,54.5,54.3,54.6,54.2,31.3,31.1,31.2,29.3,-0.6,70,170,2024-10-18 14:36:59,52.3,0.78,40.7,DI water,60,40,90,90,15:15:19,54.42,30.72,0.16,0.95,0.41,327.57,303.88,273.31,274.1,353.93,0.59,-2443.51,-2266.76,-176.75
14:37:01,18/10/2024,54.5,54.5,54.3,54.6,54.2,31.3,31.1,31.2,29.3,-0.6,70,170,2024-10-18 14:37:01,52.3,0.78,40.7,DI water,60,40,90,90,15:15:19,54.42,30.72,0.16,0.95,0.41,327.57,303.88,273.31,274.1,353.93,0.59,-2443.51,-2266.76,-176.75
14:37:03,18/10/2024,54.8,54.7,54.5,54.7,54.3,31.3,31.1,31.2,29.3,-0.6,70,170,2024-10-18 14:37:03,52.3,0.78,40.7,DI water,60,40,90,90,15:15:19,54.6,30.72,0.2,0.95,0.41,327.75,303.88,273.35,274.1,353.93,0.6,-2444.86,-2266.76,-178.1
14:37:04,18/10/2024,54.8,54.7,54.5,54.7,54.3,31.3,31.1,31.2,29.3,-0.6,70,170,2024-10-18 14:37:04,52.3,0.78,40.7,DI water,60,40,90,90,15:15:19,54.6,30.72,0.2,0.95,0.41,327.75,303.88,273.35,274.1,353.93,0.6,-2444.86,-2266.76,-178.1
14:37:06,18/10/2024,54.8,54.7,54.5,54.7,54.3,31.3,31.1,31.2,29.3,-0.6,70,170,2024-10-18 14:37:06,52.3,0.78,40.7,DI water,60,40,90,90,15:15:19,54.6,30.72,0.2,0.95,0.41,327.75,303.88,273.35,274.1,353.93,0.6,-2444.86,-2266.76,-178.1
14:37:08,18/10/2024,54.8,54.7,54.5,54.7,54.3,31.3,31.1,31.2,29.3,-0.6,70,170,2024-10-18 14:37:08,52.3,0.78,40.7,DI water,60,40,90,90,15:15:19,54.6,30.72,0.2,0.95,0.41,327.75,303.88,273.35,274.1,353.93,0.6,-2444.86,-2266.76,-178.1
14:37:10,18/10/2024,54.9,54.9,54.6,54.8,54.5,31.3,31.1,31.2,29.3,-0.6,70,170,2024-10-18 14:37:10,52.3,0.78,40.7,DI water,60,40,90,90,15:15:19,54.74,30.72,0.18,0.95,0.41,327.89,303.88,273.33,274.1,353.93,0.6,-2445.9,-2266.76,-179.14
14:37:11,18/10/2024,54.9,54.9,54.6,54.8,54.5,31.3,31.1,31.3,29.4,-0.6,70,170,2024-10-18 14:37:11,52.3,0.78,40.6,DI water,60,40,90,90,15:15:19,54.74,30.78,0.18,0.92,0.41,327.89,303.92,273.33,274.07,353.93,0.6,-2445.9,-2267.13,-178.77
14:37:12,18/10/2024,54.9,54.9,54.6,54.8,54.5,31.3,31.1,31.3,29.4,-0.6,70,170,2024-10-18 14:37:12,52.3,0.78,40.6,DI water,60,40,90,90,15:15:19,54.74,30.78,0.18,0.92,0.41,327.89,303.92,273.33,274.07,353.93,0.6,-2445.9,-2267.13,-178.77
14:37:13,18/10/2024,54.9,54.9,54.6,54.8,54.5,31.3,31.1,31.3,29.4,-0.6,70,170,2024-10-18 14:37:13,52.3,0.78,40.6,DI water,60,40,90,90,15:15:19,54.74,30.78,0.18,0.92,0.41,327.89,303.92,273.33,274.07,353.93,0.6,-2445.9,-2267.13,-178.77
14:37:15,18/10/2024,55.0,55.0,54.8,55.1,54.7,31.4,31.1,31.3,29.4,-0.6,70,170,2024-10-18 14:37:15,52.3,0.78,40.6,DI water,60,40,90,90,15:15:19,54.92,30.8,0.16,0.94,0.41,328.07,303.95,273.31,274.09,353.93,0.6,-2447.24,-2267.32,-179.92
14:37:18,18/10/2024,55.0,55.0,54.8,55.1,54.7,31.4,31.1,31.3,29.4,-0.6,70,170,2024-10-18 14:37:18,52.3,0.78,40.6,DI water,60,40,90,90,15:15:19,54.92,30.8,0.16,0.94,0.41,328.07,303.95,273.31,274.09,353.93,0.6,-2447.24,-2267.32,-179.92
14:37:19,18/10/2024,55.0,55.0,54.8,55.1,54.7,31.4,31.1,31.3,29.4,-0.6,70,170,2024-10-18 14:37:19,52.3,0.78,40.6,DI water,60,40,90,90,15:15:19,54.92,30.8,0.16,0.94,0.41,328.07,303.95,273.31,274.09,353.93,0.6,-2447.24,-2267.32,-179.92
14:37:22,18/10/2024,55.0,55.0,54.8,55.1,54.7,31.4,31.1,31.3,29.4,-0.6,70,170,2024-10-18 14:37:22,52.3,0.78,40.6,DI water,60,40,90,90,15:15:19,54.92,30.8,0.16,0.94,0.41,328.07,303.95,273.31,274.09,353.93,0.6,-2447.24,-2267.32,-179.92
14:37:25,18/10/2024,55.3,55.2,54.9,55.2,54.8,31.4,31.1,31.3,29.4,-0.6,70,170,2024-10-18 14:37:25,52.3,0.78,40.6,DI water,60,40,90,90,15:15:19,55.08,30.8,0.22,0.94,0.41,328.23,303.95,273.37,274.09,353.93,0.61,-2448.44,-2267.32,-181.12
14:37:27,18/10/2024,55.3,55.2,54.9,55.2,54.8,31.4,31.1,31.3,29.4,-0.6,71,170,2024-10-18 14:37:27,52.3,0.78,40.7,DI water,60,40,90,90,15:15:19,55.08,30.8,0.22,0.94,0.41,328.23,303.95,273.37,274.09,353.93,0.61,-2448.44,-2267.32,-181.12
14:37:32,18/10/2024,55.3,55.2,54.9,55.2,54.8,31.4,31.1,31.3,29.4,-0.6,71,170,2024-10-18 14:37:32,52.4,0.78,40.7,DI water,60,40,90,90,15:15:19,55.08,30.8,0.22,0.94,0.41,328.23,303.95,273.37,274.09,353.93,0.61,-2448.44,-2267.32,-181.12
14:37:34,18/10/2024,55.4,55.4,55.1,55.4,55.0,31.4,31.1,31.3,29.4,-0.6,71,170,2024-10-18 14:37:34,52.3,0.78,40.6,DI water,60,40,90,90,15:15:19,55.26,30.8,0.19,0.94,0.41,328.41,303.95,273.34,274.09,353.93,0.61,-2449.78,-2267.32,-182.46
14:37:36,18/10/2024,55.4,55.4,55.1,55.4,55.0,31.4,31.1,31.2,29.4,-0.6,71,170,2024-10-18 14:37:36,52.3,0.78,40.6,DI water,60,40,90,90,15:15:19,55.26,30.78,0.19,0.93,0.41,328.41,303.92,273.34,274.08,353.93,0.61,-2449.78,-2267.13,-182.65
14:37:38,18/10/2024,55.4,55.4,55.1,55.4,55.0,31.4,31.1,31.2,29.4,-0.6,71,170,2024-10-18 14:37:38,52.3,0.78,40.7,DI water,60,40,90,90,15:15:19,55.26,30.78,0.19,0.93,0.41,328.41,303.92,273.34,274.08,353.93,0.61,-2449.78,-2267.13,-182.65
14:37:40,18/10/2024,55.5,55.5,55.3,55.4,55.0,31.4,31.1,31.2,29.4,-0.6,71,170,2024-10-18 14:37:40,52.3,0.78,40.7,DI water,60,40,90,90,15:15:19,55.34,30.78,0.21,0.93,0.41,328.49,303.92,273.36,274.08,353.93,0.61,-2450.38,-2267.13,-183.24
14:37:41,18/10/2024,55.5,55.5,55.3,55.5,55.1,31.4,31.1,31.2,29.4,-0.6,71,170,2024-10-18 14:37:41,52.3,0.78,40.7,DI water,60,40,90,90,15:15:19,55.38,30.78,0.18,0.93,0.41,328.53,303.92,273.33,274.08,353.93,0.62,-2450.68,-2267.13,-183.54
14:37:43,18/10/2024,55.5,55.5,55.3,55.5,55.1,31.4,31.1,31.2,29.4,-0.6,71,170,2024-10-18 14:37:43,52.3,0.78,40.7,DI water,60,40,90,90,15:15:19,55.38,30.78,0.18,0.93,0.41,328.53,303.92,273.33,274.08,353.93,0.62,-2450.68,-2267.13,-183.54
14:37:44,18/10/2024,55.5,55.5,55.3,55.5,55.1,31.4,31.1,31.2,29.4,-0.6,71,170,2024-10-18 14:37:44,52.3,0.78,40.7,DI water,60,40,90,90,15:15:19,55.38,30.78,0.18,0.93,0.41,328.53,303.92,273.33,274.08,353.93,0.62,-2450.68,-2267.13,-183.54
14:37:48,18/10/2024,55.6,55.6,55.4,55.7,55.3,31.4,31.1,31.2,29.4,-0.6,71,170,2024-10-18 14:37:48,52.3,0.78,40.6,DI water,60,40,90,90,15:15:19,55.52,30.78,0.16,0.93,0.41,328.67,303.92,273.31,274.08,353.93,0.62,-2451.72,-2267.13,-184.59
14:37:48,18/10/2024,55.6,55.6,55.4,55.7,55.3,31.4,31.1,31.2,29.4,-0.6,71,170,2024-10-18 14:37:48,52.3,0.78,40.7,DI water,60,40,90,90,15:15:19,55.52,30.78,0.16,0.93,0.41,328.67,303.92,273.31,274.08,353.93,0.62,-2451.72,-2267.13,-184.59
14:37:52,18/10/2024,55.6,55.6,55.4,55.7,55.3,31.4,31.2,31.3,29.3,-0.59,71,170,2024-10-18 14:37:52,52.4,0.78,40.7,DI water,60,40,90,90,15:15:19,55.52,30.8,0.16,1.0,0.42,328.67,303.95,273.31,274.15,353.93,0.62,-2386.34,-2206.86,-179.48
14:37:56,18/10/2024,55.6,55.6,55.4,55.7,55.3,31.4,31.2,31.3,29.3,-0.59,71,170,2024-10-18 14:37:56,52.4,0.78,40.7,DI water,60,40,90,90,15:15:19,55.52,30.8,0.16,1.0,0.42,328.67,303.95,273.31,274.15,353.93,0.62,-2386.34,-2206.86,-179.48
14:37:58,18/10/2024,55.9,55.8,55.5,55.8,55.4,31.4,31.2,31.3,29.3,-0.59,71,170,2024-10-18 14:37:58,52.3,0.78,40.7,DI water,60,40,90,90,15:15:19,55.68,30.8,0.22,1.0,0.42,328.83,303.95,273.37,274.15,353.93,0.62,-2387.51,-2206.86,-180.64
14:38:00,18/10/2024,55.9,55.8,55.5,55.8,55.4,31.4,31.2,31.3,29.3,-0.6,72,170,2024-10-18 14:38:00,52.3,0.78,40.7,DI water,60,40,90,90,15:15:19,55.68,30.8,0.22,1.0,0.41,328.83,303.95,273.37,274.15,353.93,0.62,-2452.91,-2267.32,-185.59
14:38:01,18/10/2024,55.9,55.8,55.5,55.8,55.4,31.4,31.2,31.3,29.3,-0.6,72,170,2024-10-18 14:38:01,52.3,0.78,40.7,DI water,60,40,90,90,15:15:19,55.68,30.8,0.22,1.0,0.41,328.83,303.95,273.37,274.15,353.93,0.62,-2452.91,-2267.32,-185.59
14:38:02,18/10/2024,55.9,55.8,55.5,55.8,55.4,31.4,31.2,31.3,29.3,-0.6,72,170,2024-10-18 14:38:02,52.3,0.78,40.7,DI water,60,40,90,90,15:15:19,55.68,30.8,0.22,1.0,0.41,328.83,303.95,273.37,274.15,353.93,0.62,-2452.91,-2267.32,-185.59
14:38:04,18/10/2024,55.9,55.8,55.5,55.8,55.4,31.4,31.2,31.3,29.3,-0.6,72,170,2024-10-18 14:38:04,52.3,0.78,40.7,DI water,60,40,90,90,15:15:19,55.68,30.8,0.22,1.0,0.41,328.83,303.95,273.37,274.15,353.93,0.62,-2452.91,-2267.32,-185.59
14:38:07,18/10/2024,56.0,56.0,55.8,56.1,55.6,31.4,31.2,31.3,29.3,-0.6,72,170,2024-10-18 14:38:07,52.3,0.78,40.7,DI water,60,40,90,90,15:15:19,55.9,30.8,0.2,1.0,0.41,329.05,303.95,273.35,274.15,353.93,0.63,-2454.55,-2267.32,-187.23
14:38:10,18/10/2024,56.0,56.0,55.8,56.1,55.6,31.4,31.2,31.3,29.3,-0.59,72,170,2024-10-18 14:38:10,52.3,0.78,40.7,DI water,60,40,90,90,15:15:19,55.9,30.8,0.2,1.0,0.42,329.05,303.95,273.35,274.15,353.93,0.63,-2389.1,-2206.86,-182.24
14:38:11,18/10/2024,56.0,56.0,55.8,56.1,55.6,31.4,31.2,31.3,29.3,-0.59,72,170,2024-10-18 14:38:11,52.3,0.78,40.6,DI water,60,40,90,90,15:15:19,55.9,30.8,0.2,1.0,0.42,329.05,303.95,273.35,274.15,353.93,0.63,-2389.1,-2206.86,-182.24
14:38:13,18/10/2024,56.0,56.0,55.8,56.1,55.6,31.4,31.2,31.3,29.3,-0.59,72,170,2024-10-18 14:38:13,52.3,0.78,40.6,DI water,60,40,90,90,15:15:19,55.9,30.8,0.2,1.0,0.42,329.05,303.95,273.35,274.15,353.93,0.63,-2389.1,-2206.86,-182.24
14:38:15,18/10/2024,56.1,56.0,55.9,56.2,55.8,31.4,31.2,31.3,29.5,-0.59,72,170,2024-10-18 14:38:15,52.3,0.78,40.7,DI water,60,40,90,90,15:15:19,56.0,30.85,0.16,0.9,0.42,329.15,304.0,273.31,274.05,353.93,0.63,-2389.83,-2207.23,-182.6
14:38:17,18/10/2024,56.1,56.0,55.9,56.2,55.8,31.4,31.2,31.3,29.5,-0.59,72,170,2024-10-18 14:38:17,52.4,0.78,40.7,DI water,60,40,90,90,15:15:19,56.0,30.85,0.16,0.9,0.42,329.15,304.0,273.31,274.05,353.93,0.63,-2389.83,-2207.23,-182.6
14:38:20,18/10/2024,56.1,56.0,55.9,56.2,55.8,31.4,31.2,31.3,29.5,-0.59,72,170,2024-10-18 14:38:20,52.4,0.78,40.7,DI water,60,40,90,90,15:15:19,56.0,30.85,0.16,0.9,0.42,329.15,304.0,273.31,274.05,353.93,0.63,-2389.83,-2207.23,-182.6
14:38:22,18/10/2024,56.3,56.2,56.1,56.4,55.9,31.4,31.2,31.3,29.5,-0.59,72,170,2024-10-18 14:38:22,52.3,0.78,40.7,DI water,60,40,90,90,15:15:19,56.18,30.85,0.19,0.9,0.42,329.33,304.0,273.34,274.05,353.93,0.63,-2391.14,-2207.23,-183.91
14:38:23,18/10/2024,56.3,56.2,56.1,56.4,55.9,31.4,31.1,31.3,29.4,-0.59,72,170,2024-10-18 14:38:23,52.4,0.78,40.7,DI water,60,40,90,90,15:15:19,56.18,30.8,0.19,0.94,0.42,329.33,303.95,273.34,274.09,353.93,0.63,-2391.14,-2206.86,-184.27
14:38:24,18/10/2024,56.3,56.2,56.1,56.4,55.9,31.4,31.1,31.3,29.4,-0.59,72,170,2024-10-18 14:38:24,52.4,0.78,40.8,DI water,60,40,90,90,15:15:19,56.18,30.8,0.19,0.94,0.42,329.33,303.95,273.34,274.09,353.93,0.63,-2391.14,-2206.86,-184.27
14:38:28,18/10/2024,56.3,56.2,56.1,56.4,55.9,31.4,31.1,31.3,29.4,-0.59,72,170,2024-10-18 14:38:28,52.4,0.78,40.7,DI water,60,40,90,90,15:15:19,56.18,30.8,0.19,0.94,0.42,329.33,303.95,273.34,274.09,353.93,0.63,-2391.14,-2206.86,-184.27
14:38:29,18/10/2024,56.5,56.4,56.2,56.4,56.0,31.4,31.1,31.3,29.4,-0.59,72,170,2024-10-18 14:38:29,52.4,0.78,40.7,DI water,60,40,90,90,15:15:19,56.3,30.8,0.2,0.94,0.42,329.45,303.95,273.35,274.09,353.93,0.64,-2392.01,-2206.86,-185.15
14:38:31,18/10/2024,56.5,56.4,56.2,56.4,56.0,31.4,31.2,31.3,29.4,-0.59,72,170,2024-10-18 14:38:31,52.3,0.78,40.7,DI water,60,40,90,90,15:15:19,56.3,30.82,0.2,0.95,0.42,329.45,303.97,273.35,274.1,353.93,0.64,-2392.01,-2207.04,-184.96
14:38:33,18/10/2024,56.5,56.4,56.2,56.4,56.0,31.4,31.2,31.3,29.4,-0.59,72,170,2024-10-18 14:38:33,52.4,0.78,40.7,DI water,60,40,90,90,15:15:19,56.3,30.82,0.2,0.95,0.42,329.45,303.97,273.35,274.1,353.93,0.64,-2392.01,-2207.04,-184.96
14:38:34,18/10/2024,56.5,56.4,56.2,56.4,56.0,31.4,31.2,31.3,29.4,-0.59,72,170,2024-10-18 14:38:34,52.4,0.78,40.7,DI water,60,40,90,90,15:15:19,56.3,30.82,0.2,0.95,0.42,329.45,303.97,273.35,274.1,353.93,0.64,-2392.01,-2207.04,-184.96
14:38:35,18/10/2024,56.5,56.4,56.2,56.4,56.0,31.4,31.2,31.3,29.4,-0.59,72,170,2024-10-18 14:38:35,52.4,0.78,40.7,DI water,60,40,90,90,15:15:19,56.3,30.82,0.2,0.95,0.42,329.45,303.97,273.35,274.1,353.93,0.64,-2392.01,-2207.04,-184.96
14:38:38,18/10/2024,56.5,56.4,56.2,56.4,56.0,31.4,31.2,31.3,29.4,-0.59,72,170,2024-10-18 14:38:38,52.4,0.78,40.7,DI water,60,40,90,90,15:15:19,56.3,30.82,0.2,0.95,0.42,329.45,303.97,273.35,274.1,353.93,0.64,-2392.01,-2207.04,-184.96
14:38:40,18/10/2024,56.6,56.5,56.4,56.6,56.3,31.5,31.2,31.3,29.4,-0.59,72,170,2024-10-18 14:38:40,52.3,0.78,40.7,DI water,60,40,90,90,15:15:19,56.48,30.85,0.13,0.97,0.42,329.63,304.0,273.28,274.12,353.93,0.64,-2393.32,-2207.23,-186.09
14:38:41,18/10/2024,56.6,56.5,56.4,56.6,56.3,31.5,31.2,31.3,29.4,-0.59,73,170,2024-10-18 14:38:41,52.3,0.78,40.7,DI water,60,40,90,90,15:15:19,56.48,30.85,0.13,0.97,0.42,329.63,304.0,273.28,274.12,353.93,0.64,-2393.32,-2207.23,-186.09
14:38:44,18/10/2024,56.6,56.5,56.4,56.6,56.3,31.5,31.2,31.3,29.4,-0.59,73,170,2024-10-18 14:38:44,52.3,0.77,40.6,DI water,60,40,90,90,15:15:19,56.48,30.85,0.13,0.97,0.42,329.63,304.0,273.28,274.12,353.93,0.64,-2393.32,-2207.23,-186.09
14:38:45,18/10/2024,56.7,56.6,56.5,56.8,56.3,31.5,31.2,31.3,29.4,-0.59,73,170,2024-10-18 14:38:45,52.3,0.78,40.6,DI water,60,40,90,90,15:15:19,56.58,30.85,0.19,0.97,0.42,329.73,304.0,273.34,274.12,353.93,0.64,-2394.04,-2207.23,-186.82
14:38:46,18/10/2024,56.7,56.6,56.5,56.8,56.3,31.4,31.2,31.3,29.4,-0.59,73,170,2024-10-18 14:38:46,52.3,0.78,40.6,DI water,60,40,90,90,15:15:19,56.58,30.82,0.19,0.95,0.42,329.73,303.97,273.34,274.1,353.93,0.64,-2394.04,-2207.04,-187.0
14:38:47,18/10/2024,56.7,56.6,56.5,56.8,56.3,31.4,31.2,31.3,29.4,-0.59,73,170,2024-10-18 14:38:47,52.3,0.78,40.6,DI water,60,40,90,90,15:15:19,56.58,30.82,0.19,0.95,0.42,329.73,303.97,273.34,274.1,353.93,0.64,-2394.04,-2207.04,-187.0
14:38:50,18/10/2024,56.7,56.6,56.5,56.8,56.3,31.4,31.2,31.3,29.4,-0.59,73,170,2024-10-18 14:38:50,52.3,0.78,40.6,DI water,60,40,90,90,15:15:19,56.58,30.82,0.19,0.95,0.42,329.73,303.97,273.34,274.1,353.93,0.64,-2394.04,-2207.04,-187.0
14:38:52,18/10/2024,56.9,56.8,56.6,56.9,56.4,31.4,31.2,31.3,29.4,-0.59,73,170,2024-10-18 14:38:52,52.3,0.78,40.6,DI water,60,40,90,90,15:15:19,56.72,30.82,0.22,0.95,0.42,329.87,303.97,273.37,274.1,353.93,0.65,-2395.06,-2207.04,-188.01
14:38:53,18/10/2024,56.9,56.8,56.6,56.9,56.4,31.4,31.2,31.3,29.4,-0.59,73,170,2024-10-18 14:38:53,52.3,0.78,40.6,DI water,60,40,90,90,15:15:19,56.72,30.82,0.22,0.95,0.42,329.87,303.97,273.37,274.1,353.93,0.65,-2395.06,-2207.04,-188.01
14:38:58,18/10/2024,56.9,56.8,56.6,56.9,56.4,31.4,31.2,31.3,29.4,-0.59,73,170,2024-10-18 14:38:58,52.3,0.78,40.6,DI water,60,40,90,90,15:15:19,56.72,30.82,0.22,0.95,0.42,329.87,303.97,273.37,274.1,353.93,0.65,-2395.06,-2207.04,-188.01
14:39:00,18/10/2024,56.9,56.8,56.6,56.9,56.4,31.4,31.2,31.3,29.4,-0.59,73,170,2024-10-18 14:39:00,52.3,0.78,40.7,DI water,60,40,90,90,15:15:19,56.72,30.82,0.22,0.95,0.42,329.87,303.97,273.37,274.1,353.93,0.65,-2395.06,-2207.04,-188.01
14:39:01,18/10/2024,57.1,57.0,56.7,57.0,56.6,31.4,31.2,31.3,29.4,-0.59,73,170,2024-10-18 14:39:01,52.5,0.78,40.9,DI water,60,40,90,90,15:15:19,56.88,30.82,0.22,0.95,0.42,330.03,303.97,273.37,274.1,353.93,0.65,-2396.22,-2207.04,-189.18
14:39:03,18/10/2024,57.1,57.0,56.7,57.0,56.6,31.4,31.3,31.4,29.4,-0.59,73,170,2024-10-18 14:39:03,52.5,0.78,41.0,DI water,60,40,90,90,15:15:19,56.88,30.88,0.22,0.98,0.42,330.03,304.02,273.37,274.13,353.93,0.65,-2396.22,-2207.41,-188.81
14:39:04,18/10/2024,57.1,57.0,56.7,57.0,56.6,31.4,31.3,31.4,29.4,-0.59,73,170,2024-10-18 14:39:04,52.5,0.78,40.9,DI water,60,40,90,90,15:15:19,56.88,30.88,0.22,0.98,0.42,330.03,304.02,273.37,274.13,353.93,0.65,-2396.22,-2207.41,-188.81
14:39:05,18/10/2024,57.1,57.0,56.7,57.0,56.6,31.4,31.3,31.4,29.4,-0.59,73,170,2024-10-18 14:39:05,52.5,0.78,41.0,DI water,60,40,90,90,15:15:19,56.88,30.88,0.22,0.98,0.42,330.03,304.02,273.37,274.13,353.93,0.65,-2396.22,-2207.41,-188.81
14:39:08,18/10/2024,57.1,57.0,56.7,57.0,56.6,31.4,31.3,31.4,29.4,-0.59,73,170,2024-10-18 14:39:08,52.5,0.78,40.9,DI water,60,40,90,90,15:15:19,56.88,30.88,0.22,0.98,0.42,330.03,304.02,273.37,274.13,353.93,0.65,-2396.22,-2207.41,-188.81
14:39:09,18/10/2024,57.2,57.1,56.9,57.2,56.8,31.6,31.3,31.4,29.4,-0.59,73,170,2024-10-18 14:39:09,52.5,0.78,40.9,DI water,60,40,90,90,15:15:19,57.04,30.93,0.18,1.02,0.42,330.19,304.08,273.33,274.17,353.93,0.65,-2397.38,-2207.77,-189.61
14:39:10,18/10/2024,57.2,57.1,56.9,57.2,56.8,31.6,31.3,31.4,29.5,-0.59,73,170,2024-10-18 14:39:10,52.5,0.78,41.0,DI water,60,40,90,90,15:15:19,57.04,30.95,0.18,0.97,0.42,330.19,304.1,273.33,274.12,353.93,0.65,-2397.38,-2207.95,-189.43
14:39:12,18/10/2024,57.2,57.1,56.9,57.2,56.8,31.6,31.3,31.4,29.5,-0.59,73,170,2024-10-18 14:39:12,52.5,0.78,40.9,DI water,60,40,90,90,15:15:19,57.04,30.95,0.18,0.97,0.42,330.19,304.1,273.33,274.12,353.93,0.65,-2397.38,-2207.95,-189.43
14:39:13,18/10/2024,57.2,57.1,56.9,57.2,56.8,31.6,31.3,31.4,29.5,-0.59,73,170,2024-10-18 14:39:13,52.5,0.78,40.9,DI water,60,40,90,90,15:15:19,57.04,30.95,0.18,0.97,0.42,330.19,304.1,273.33,274.12,353.93,0.65,-2397.38,-2207.95,-189.43
14:39:15,18/10/2024,57.3,57.2,57.1,57.4,57.0,31.6,31.3,31.4,29.5,-0.59,73,170,2024-10-18 14:39:15,52.5,0.78,40.9,DI water,60,40,90,90,15:15:19,57.2,30.95,0.16,0.97,0.42,330.35,304.1,273.31,274.12,353.93,0.66,-2398.54,-2207.95,-190.59
14:39:16,18/10/2024,57.3,57.2,57.1,57.4,57.0,31.5,31.3,31.3,29.5,-0.59,73,170,2024-10-18 14:39:16,52.5,0.78,40.9,DI water,60,40,90,90,15:15:19,57.2,30.9,0.16,0.94,0.42,330.35,304.05,273.31,274.09,353.93,0.66,-2398.54,-2207.59,-190.95
14:39:18,18/10/2024,57.3,57.2,57.1,57.4,57.0,31.5,31.3,31.3,29.5,-0.59,74,170,2024-10-18 14:39:18,52.5,0.78,40.9,DI water,60,40,90,90,15:15:19,57.2,30.9,0.16,0.94,0.42,330.35,304.05,273.31,274.09,353.93,0.66,-2398.54,-2207.59,-190.95
14:39:20,18/10/2024,57.4,57.3,57.1,57.4,57.0,31.5,31.3,31.3,29.5,-0.59,74,170,2024-10-18 14:39:20,52.5,0.78,41.0,DI water,60,40,90,90,15:15:19,57.24,30.9,0.18,0.94,0.42,330.39,304.05,273.33,274.09,353.93,0.66,-2398.83,-2207.59,-191.24
14:39:22,18/10/2024,57.4,57.3,57.1,57.4,57.0,31.5,31.3,31.3,29.5,-0.59,74,170,2024-10-18 14:39:22,52.5,0.78,41.0,DI water,60,40,90,90,15:15:19,57.24,30.9,0.18,0.94,0.42,330.39,304.05,273.33,274.09,353.93,0.66,-2398.83,-2207.59,-191.24
14:39:24,18/10/2024,57.4,57.3,57.1,57.4,57.0,31.5,31.3,31.3,29.5,-0.59,74,170,2024-10-18 14:39:24,52.5,0.78,40.9,DI water,60,40,90,90,15:15:19,57.24,30.9,0.18,0.94,0.42,330.39,304.05,273.33,274.09,353.93,0.66,-2398.83,-2207.59,-191.24
14:39:29,18/10/2024,57.4,57.3,57.1,57.4,57.0,31.5,31.3,31.3,29.5,-0.59,74,170,2024-10-18 14:39:29,52.5,0.78,40.9,DI water,60,40,90,90,15:15:19,57.24,30.9,0.18,0.94,0.42,330.39,304.05,273.33,274.09,353.93,0.66,-2398.83,-2207.59,-191.24
14:39:30,18/10/2024,57.6,57.5,57.3,57.6,57.0,31.5,31.3,31.3,29.5,-0.59,74,170,2024-10-18 14:39:30,52.5,0.78,40.9,DI water,60,40,90,90,15:15:19,57.4,30.9,0.25,0.94,0.42,330.55,304.05,273.4,274.09,353.93,0.66,-2399.99,-2207.59,-192.41
14:39:32,18/10/2024,57.6,57.5,57.3,57.6,57.2,31.5,31.2,31.3,29.5,-0.58,74,170,2024-10-18 14:39:32,52.5,0.78,40.8,DI water,60,40,90,90,15:15:19,57.44,30.88,0.18,0.93,0.43,330.59,304.02,273.33,274.08,353.93,0.66,-2336.06,-2148.35,-187.72
14:39:34,18/10/2024,57.6,57.5,57.3,57.6,57.2,31.5,31.2,31.3,29.5,-0.58,74,170,2024-10-18 14:39:34,52.5,0.78,40.9,DI water,60,40,90,90,15:15:19,57.44,30.88,0.18,0.93,0.43,330.59,304.02,273.33,274.08,353.93,0.66,-2336.06,-2148.35,-187.72
14:39:36,18/10/2024,57.7,57.6,57.4,57.7,57.3,31.5,31.3,31.3,29.5,-0.58,74,170,2024-10-18 14:39:36,52.5,0.78,40.9,DI water,60,40,90,90,15:15:19,57.54,30.9,0.18,0.94,0.43,330.69,304.05,273.33,274.09,353.93,0.67,-2336.77,-2148.52,-188.25
14:39:39,18/10/2024,57.7,57.6,57.4,57.7,57.3,31.5,31.3,31.5,29.5,-0.59,74,170,2024-10-18 14:39:39,52.4,0.78,40.8,DI water,60,40,90,90,15:15:19,57.54,30.95,0.18,0.97,0.42,330.69,304.1,273.33,274.12,353.93,0.66,-2401.01,-2207.95,-193.06
14:39:43,18/10/2024,57.8,57.7,57.6,57.9,57.5,31.5,31.3,31.5,29.5,-0.59,74,170,2024-10-18 14:39:43,52.5,0.78,40.9,DI water,60,40,90,90,15:15:19,57.7,30.95,0.16,0.97,0.42,330.85,304.1,273.31,274.12,353.93,0.67,-2402.17,-2207.95,-194.22
14:39:44,18/10/2024,57.8,57.7,57.6,57.9,57.5,31.6,31.3,31.4,29.4,-0.58,74,170,2024-10-18 14:39:44,52.5,0.78,40.9,DI water,60,40,90,90,15:15:19,57.7,30.93,0.16,1.02,0.43,330.85,304.08,273.31,274.17,353.93,0.67,-2337.9,-2148.7,-189.2
14:39:45,18/10/2024,57.8,57.7,57.6,57.9,57.5,31.6,31.3,31.4,29.4,-0.58,74,170,2024-10-18 14:39:45,52.5,0.78,40.9,DI water,60,40,90,90,15:15:19,57.7,30.93,0.16,1.02,0.43,330.85,304.08,273.31,274.17,353.93,0.67,-2337.9,-2148.7,-189.2
14:39:46,18/10/2024,57.8,57.7,57.6,57.9,57.5,31.6,31.3,31.4,29.4,-0.58,74,170,2024-10-18 14:39:46,52.5,0.78,40.9,DI water,60,40,90,90,15:15:19,57.7,30.93,0.16,1.02,0.43,330.85,304.08,273.31,274.17,353.93,0.67,-2337.9,-2148.7,-189.2
14:39:50,18/10/2024,57.8,57.7,57.6,57.9,57.5,31.6,31.3,31.4,29.4,-0.58,74,170,2024-10-18 14:39:50,52.5,0.78,40.9,DI water,60,40,90,90,15:15:19,57.7,30.93,0.16,1.02,0.43,330.85,304.08,273.31,274.17,353.93,0.67,-2337.9,-2148.7,-189.2
14:39:52,18/10/2024,57.8,57.7,57.6,57.9,57.5,31.6,31.3,31.4,29.4,-0.58,74,170,2024-10-18 14:39:52,52.5,0.78,40.8,DI water,60,40,90,90,15:15:19,57.7,30.93,0.16,1.02,0.43,330.85,304.08,273.31,274.17,353.93,0.67,-2337.9,-2148.7,-189.2
14:39:53,18/10/2024,58.1,57.9,57.8,58.1,57.6,31.6,31.3,31.4,29.4,-0.58,74,170,2024-10-18 14:39:53,52.5,0.78,40.9,DI water,60,40,90,90,15:15:19,57.9,30.93,0.21,1.02,0.43,331.05,304.08,273.36,274.17,353.93,0.67,-2339.31,-2148.7,-190.61
14:39:58,18/10/2024,58.1,57.9,57.8,58.1,57.6,31.6,31.3,31.4,29.4,-0.59,74,170,2024-10-18 14:39:58,52.6,0.78,41.0,DI water,60,40,90,90,15:15:19,57.9,30.93,0.21,1.02,0.42,331.05,304.08,273.36,274.17,353.93,0.67,-2403.63,-2207.77,-195.85
14:39:59,18/10/2024,58.1,57.9,57.8,58.1,57.6,31.6,31.3,31.4,29.4,-0.59,74,170,2024-10-18 14:39:59,52.4,0.78,40.9,DI water,60,40,90,90,15:15:19,57.9,30.93,0.21,1.02,0.42,331.05,304.08,273.36,274.17,353.93,0.67,-2403.63,-2207.77,-195.85
14:40:01,18/10/2024,58.1,57.9,57.8,58.1,57.6,31.6,31.3,31.4,29.4,-0.59,74,170,2024-10-18 14:40:01,52.4,0.78,40.8,DI water,60,40,90,90,15:15:19,57.9,30.93,0.21,1.02,0.42,331.05,304.08,273.36,274.17,353.93,0.67,-2403.63,-2207.77,-195.85
14:40:03,18/10/2024,58.2,58.1,57.9,58.2,57.8,31.6,31.3,31.4,29.4,-0.59,74,170,2024-10-18 14:40:03,52.5,0.78,40.8,DI water,60,40,90,90,15:15:19,58.04,30.93,0.18,1.02,0.42,331.19,304.08,273.33,274.17,353.93,0.68,-2404.64,-2207.77,-196.87
14:40:05,18/10/2024,58.2,58.1,57.9,58.2,57.8,31.6,31.3,31.4,29.4,-0.58,74,170,2024-10-18 14:40:05,52.5,0.78,40.8,DI water,60,40,90,90,15:15:19,58.04,30.93,0.18,1.02,0.43,331.19,304.08,273.33,274.17,353.93,0.68,-2340.3,-2148.7,-191.6
14:40:08,18/10/2024,58.2,58.1,57.9,58.2,57.8,31.6,31.3,31.4,29.4,-0.58,74,170,2024-10-18 14:40:08,52.4,0.78,40.8,DI water,60,40,90,90,15:15:19,58.04,30.93,0.18,1.02,0.43,331.19,304.08,273.33,274.17,353.93,0.68,-2340.3,-2148.7,-191.6
14:40:09,18/10/2024,58.2,58.1,57.9,58.2,57.8,31.6,31.3,31.4,29.4,-0.58,74,170,2024-10-18 14:40:09,52.5,0.78,40.9,DI water,60,40,90,90,15:15:19,58.04,30.93,0.18,1.02,0.43,331.19,304.08,273.33,274.17,353.93,0.68,-2340.3,-2148.7,-191.6
14:40:10,18/10/2024,58.3,58.2,58.0,58.3,57.9,31.6,31.3,31.4,29.4,-0.58,74,170,2024-10-18 14:40:10,52.5,0.78,40.9,DI water,60,40,90,90,15:15:19,58.14,30.93,0.18,1.02,0.43,331.29,304.08,273.33,274.17,353.93,0.68,-2341.01,-2148.7,-192.31
14:40:12,18/10/2024,58.3,58.2,58.0,58.3,57.9,31.5,31.3,31.4,29.5,-0.58,74,170,2024-10-18 14:40:12,52.5,0.78,41.0,DI water,60,40,90,90,15:15:19,58.14,30.92,0.18,0.95,0.43,331.29,304.08,273.33,274.1,353.93,0.68,-2341.01,-2148.7,-192.31
14:40:13,18/10/2024,58.3,58.2,58.0,58.3,57.9,31.5,31.3,31.4,29.5,-0.58,74,170,2024-10-18 14:40:13,52.5,0.78,40.9,DI water,60,40,90,90,15:15:19,58.14,30.92,0.18,0.95,0.43,331.29,304.08,273.33,274.1,353.93,0.68,-2341.01,-2148.7,-192.31
14:40:18,18/10/2024,58.3,58.2,58.0,58.3,57.9,31.5,31.3,31.4,29.5,-0.58,74,170,2024-10-18 14:40:18,52.5,0.78,40.9,DI water,60,40,90,90,15:15:19,58.14,30.92,0.18,0.95,0.43,331.29,304.08,273.33,274.1,353.93,0.68,-2341.01,-2148.7,-192.31
14:40:21,18/10/2024,58.3,58.2,58.0,58.3,57.9,31.5,31.3,31.4,29.5,-0.58,74,170,2024-10-18 14:40:21,52.5,0.78,41.0,DI water,60,40,90,90,15:15:19,58.14,30.92,0.18,0.95,0.43,331.29,304.08,273.33,274.1,353.93,0.68,-2341.01,-2148.7,-192.31
14:40:23,18/10/2024,58.6,58.5,58.3,58.6,58.1,31.5,31.3,31.4,29.5,-0.58,74,170,2024-10-18 14:40:23,52.5,0.78,41.0,DI water,60,40,90,90,15:15:19,58.42,30.92,0.22,0.95,0.43,331.57,304.08,273.37,274.1,353.93,0.69,-2342.99,-2148.7,-194.29
14:40:25,18/10/2024,58.6,58.5,58.3,58.6,58.1,31.5,31.3,31.5,29.4,-0.58,74,170,2024-10-18 14:40:25,52.5,0.78,40.9,DI water,60,40,90,90,15:15:19,58.42,30.92,0.22,1.02,0.43,331.57,304.08,273.37,274.17,353.93,0.69,-2342.99,-2148.7,-194.29
14:40:27,18/10/2024,58.6,58.5,58.3,58.6,58.1,31.5,31.3,31.5,29.4,-0.58,74,170,2024-10-18 14:40:27,52.5,0.78,40.9,DI water,60,40,90,90,15:15:19,58.42,30.92,0.22,1.02,0.43,331.57,304.08,273.37,274.17,353.93,0.69,-2342.99,-2148.7,-194.29
14:40:30,18/10/2024,58.6,58.5,58.3,58.6,58.1,31.5,31.3,31.5,29.4,-0.58,74,170,2024-10-18 14:40:30,52.5,0.78,40.9,DI water,60,40,90,90,15:15:19,58.42,30.92,0.22,1.02,0.43,331.57,304.08,273.37,274.17,353.93,0.69,-2342.99,-2148.7,-194.29
14:40:32,18/10/2024,58.7,58.6,58.4,58.7,58.3,31.6,31.3,31.4,29.4,-0.58,75,170,2024-10-18 14:40:32,52.5,0.78,40.9,DI water,60,40,90,90,15:15:19,58.54,30.93,0.18,1.02,0.43,331.69,304.08,273.33,274.17,353.93,0.69,-2343.84,-2148.7,-195.14
14:40:36,18/10/2024,58.7,58.6,58.4,58.7,58.3,31.6,31.3,31.4,29.4,-0.58,75,170,2024-10-18 14:40:36,52.5,0.78,40.9,DI water,60,40,90,90,15:15:19,58.54,30.93,0.18,1.02,0.43,331.69,304.08,273.33,274.17,353.93,0.69,-2343.84,-2148.7,-195.14
14:40:37,18/10/2024,58.8,58.7,58.5,58.8,58.4,31.6,31.3,31.4,29.4,-0.58,75,170,2024-10-18 14:40:37,52.5,0.78,40.8,DI water,60,40,90,90,15:15:19,58.64,30.93,0.18,1.02,0.43,331.79,304.08,273.33,274.17,353.93,0.69,-2344.54,-2148.7,-195.84
14:40:39,18/10/2024,58.8,58.7,58.5,58.8,58.4,31.6,31.3,31.4,29.5,-0.58,75,170,2024-10-18 14:40:39,52.5,0.78,40.9,DI water,60,40,90,90,15:15:19,58.64,30.95,0.18,0.97,0.43,331.79,304.1,273.33,274.12,353.93,0.69,-2344.54,-2148.88,-195.67
14:40:41,18/10/2024,58.8,58.7,58.5,58.8,58.4,31.6,31.3,31.4,29.5,-0.58,75,170,2024-10-18 14:40:41,52.5,0.78,40.9,DI water,60,40,90,90,15:15:19,58.64,30.95,0.18,0.97,0.43,331.79,304.1,273.33,274.12,353.93,0.69,-2344.54,-2148.88,-195.67
14:40:43,18/10/2024,58.8,58.7,58.5,58.8,58.4,31.6,31.3,31.4,29.5,-0.58,75,170,2024-10-18 14:40:43,52.5,0.78,41.0,DI water,60,40,90,90,15:15:19,58.64,30.95,0.18,0.97,0.43,331.79,304.1,273.33,274.12,353.93,0.69,-2344.54,-2148.88,-195.67
14:40:43,18/10/2024,58.8,58.7,58.5,58.8,58.4,31.6,31.3,31.4,29.5,-0.58,75,170,2024-10-18 14:40:43,52.5,0.78,40.9,DI water,60,40,90,90,15:15:19,58.64,30.95,0.18,0.97,0.43,331.79,304.1,273.33,274.12,353.93,0.69,-2344.54,-2148.88,-195.67
14:40:44,18/10/2024,58.9,58.8,58.7,59.0,58.4,31.6,31.3,31.4,29.5,-0.58,75,170,2024-10-18 14:40:44,52.5,0.78,40.9,DI water,60,40,90,90,15:15:19,58.76,30.95,0.23,0.97,0.43,331.91,304.1,273.38,274.12,353.93,0.7,-2345.39,-2148.88,-196.52
14:40:46,18/10/2024,58.9,58.8,58.7,59.0,58.6,31.6,31.3,31.4,29.5,-0.58,75,170,2024-10-18 14:40:46,52.5,0.78,40.9,DI water,60,40,90,90,15:15:19,58.8,30.95,0.16,0.97,0.43,331.95,304.1,273.31,274.12,353.93,0.7,-2345.67,-2148.88,-196.8
14:40:53,18/10/2024,58.9,58.8,58.7,59.0,58.6,31.6,31.3,31.4,29.5,-0.58,75,170,2024-10-18 14:40:53,52.5,0.78,40.9,DI water,60,40,90,90,15:15:19,58.8,30.95,0.16,0.97,0.43,331.95,304.1,273.31,274.12,353.93,0.7,-2345.67,-2148.88,-196.8
14:40:54,18/10/2024,59.1,59.0,58.8,59.2,58.6,31.6,31.3,31.4,29.5,-0.58,75,170,2024-10-18 14:40:54,52.5,0.78,40.9,DI water,60,40,90,90,15:15:19,58.94,30.95,0.24,0.97,0.43,332.09,304.1,273.39,274.12,353.93,0.7,-2346.66,-2148.88,-197.79
14:40:56,18/10/2024,59.1,59.0,58.8,59.2,58.7,31.6,31.4,31.5,29.5,-0.58,76,170,2024-10-18 14:40:56,52.5,0.78,41.0,DI water,60,40,90,90,15:15:19,58.96,31.0,0.21,1.0,0.43,332.11,304.15,273.36,274.15,353.93,0.7,-2346.81,-2149.23,-197.58
14:40:59,18/10/2024,59.2,59.1,58.9,59.2,58.7,31.6,31.4,31.5,29.5,-0.58,76,170,2024-10-18 14:40:59,52.5,0.78,40.9,DI water,60,40,90,90,15:15:19,59.02,31.0,0.22,1.0,0.43,332.17,304.15,273.37,274.15,353.93,0.7,-2347.23,-2149.23,-198.0
14:41:00,18/10/2024,59.2,59.1,58.9,59.2,58.7,31.6,31.4,31.5,29.5,-0.58,76,170,2024-10-18 14:41:00,52.5,0.78,40.9,DI water,60,40,90,90,15:15:19,59.02,31.0,0.22,1.0,0.43,332.17,304.15,273.37,274.15,353.93,0.7,-2347.23,-2149.23,-198.0
14:41:01,18/10/2024,59.2,59.1,58.9,59.2,58.7,31.6,31.4,31.5,29.5,-0.58,76,170,2024-10-18 14:41:01,52.5,0.78,40.9,DI water,60,40,90,90,15:15:19,59.02,31.0,0.22,1.0,0.43,332.17,304.15,273.37,274.15,353.93,0.7,-2347.23,-2149.23,-198.0
14:41:07,18/10/2024,59.4,59.2,59.0,59.4,59.0,31.6,31.4,31.5,29.5,-0.58,76,170,2024-10-18 14:41:07,52.5,0.78,40.9,DI water,60,40,90,90,15:15:19,59.2,31.0,0.2,1.0,0.43,332.35,304.15,273.35,274.15,353.93,0.7,-2348.5,-2149.23,-199.27
14:41:08,18/10/2024,59.4,59.2,59.0,59.4,59.0,31.7,31.4,31.5,29.4,-0.58,76,170,2024-10-18 14:41:08,52.5,0.78,40.8,DI water,60,40,90,90,15:15:19,59.2,31.0,0.2,1.07,0.43,332.35,304.15,273.35,274.22,353.93,0.7,-2348.5,-2149.23,-199.27
14:41:09,18/10/2024,59.4,59.2,59.0,59.4,59.0,31.7,31.4,31.5,29.4,-0.58,76,170,2024-10-18 14:41:09,52.5,0.78,40.8,DI water,60,40,90,90,15:15:19,59.2,31.0,0.2,1.07,0.43,332.35,304.15,273.35,274.22,353.93,0.7,-2348.5,-2149.23,-199.27
14:41:13,18/10/2024,59.4,59.2,59.0,59.4,59.0,31.7,31.4,31.5,29.4,-0.58,76,170,2024-10-18 14:41:13,52.5,0.78,40.9,DI water,60,40,90,90,15:15:19,59.2,31.0,0.2,1.07,0.43,332.35,304.15,273.35,274.22,353.93,0.7,-2348.5,-2149.23,-199.27
14:41:14,18/10/2024,59.4,59.3,59.3,59.6,59.0,31.7,31.4,31.5,29.4,-0.58,76,170,2024-10-18 14:41:14,52.5,0.78,40.9,DI water,60,40,90,90,15:15:19,59.32,31.0,0.22,1.07,0.43,332.47,304.15,273.37,274.22,353.93,0.71,-2349.35,-2149.23,-200.12
14:41:15,18/10/2024,59.4,59.3,59.3,59.6,59.1,31.7,31.4,31.5,29.4,-0.58,76,170,2024-10-18 14:41:15,52.5,0.78,41.0,DI water,60,40,90,90,15:15:19,59.34,31.0,0.18,1.07,0.43,332.49,304.15,273.33,274.22,353.93,0.71,-2349.49,-2149.23,-200.26
14:41:17,18/10/2024,59.4,59.3,59.3,59.6,59.1,31.7,31.4,31.5,29.4,-0.58,76,170,2024-10-18 14:41:17,52.5,0.78,41.0,DI water,60,40,90,90,15:15:19,59.34,31.0,0.18,1.07,0.43,332.49,304.15,273.33,274.22,353.93,0.71,-2349.49,-2149.23,-200.26
14:41:19,18/10/2024,59.4,59.3,59.3,59.6,59.1,31.7,31.4,31.5,29.4,-0.58,76,170,2024-10-18 14:41:19,52.5,0.78,40.9,DI water,60,40,90,90,15:15:19,59.34,31.0,0.18,1.07,0.43,332.49,304.15,273.33,274.22,353.93,0.71,-2349.49,-2149.23,-200.26
14:41:22,18/10/2024,59.6,59.5,59.3,59.7,59.2,31.7,31.3,31.5,29.4,-0.57,76,170,2024-10-18 14:41:22,52.5,0.78,40.9,DI water,60,40,90,90,15:15:19,59.46,30.98,0.21,1.06,0.44,332.61,304.12,273.36,274.21,353.93,0.71,-2287.2,-2091.32,-195.88
14:41:23,18/10/2024,59.6,59.5,59.3,59.7,59.2,31.7,31.3,31.5,29.4,-0.57,76,170,2024-10-18 14:41:23,52.5,0.78,40.9,DI water,60,40,90,90,15:15:19,59.46,30.98,0.21,1.06,0.44,332.61,304.12,273.36,274.21,353.93,0.71,-2287.2,-2091.32,-195.88
14:41:27,18/10/2024,59.6,59.5,59.3,59.7,59.2,31.7,31.3,31.5,29.4,-0.57,76,170,2024-10-18 14:41:27,52.5,0.78,40.9,DI water,60,40,90,90,15:15:19,59.46,30.98,0.21,1.06,0.44,332.61,304.12,273.36,274.21,353.93,0.71,-2287.2,-2091.32,-195.88
14:41:28,18/10/2024,59.7,59.6,59.5,59.8,59.2,31.7,31.3,31.5,29.4,-0.57,76,170,2024-10-18 14:41:28,52.5,0.78,41.0,DI water,60,40,90,90,15:15:19,59.56,30.98,0.23,1.06,0.44,332.71,304.12,273.38,274.21,353.93,0.71,-2287.89,-2091.32,-196.57
14:41:29,18/10/2024,59.7,59.6,59.5,59.8,59.3,31.7,31.5,31.5,29.4,-0.57,76,170,2024-10-18 14:41:29,52.5,0.78,40.9,DI water,60,40,90,90,15:15:19,59.58,31.02,0.19,1.09,0.44,332.73,304.17,273.34,274.24,353.93,0.71,-2288.03,-2091.67,-196.36
14:41:31,18/10/2024,59.7,59.6,59.5,59.8,59.3,31.7,31.5,31.6,29.5,-0.57,76,170,2024-10-18 14:41:31,52.5,0.78,40.9,DI water,60,40,90,90,15:15:19,59.58,31.08,0.19,1.05,0.44,332.73,304.22,273.34,274.2,353.93,0.71,-2288.03,-2092.01,-196.02
14:41:33,18/10/2024,59.7,59.6,59.5,59.8,59.3,31.7,31.5,31.6,29.5,-0.57,76,170,2024-10-18 14:41:33,52.5,0.78,40.9,DI water,60,40,90,90,15:15:19,59.58,31.08,0.19,1.05,0.44,332.73,304.22,273.34,274.2,353.93,0.71,-2288.03,-2092.01,-196.02
14:41:34,18/10/2024,59.7,59.6,59.5,59.8,59.3,31.7,31.5,31.6,29.5,-0.57,76,170,2024-10-18 14:41:34,52.5,0.78,40.9,DI water,60,40,90,90,15:15:19,59.58,31.08,0.19,1.05,0.44,332.73,304.22,273.34,274.2,353.93,0.71,-2288.03,-2092.01,-196.02
14:41:35,18/10/2024,59.8,59.7,59.5,59.9,59.3,31.7,31.5,31.6,29.5,-0.57,76,170,2024-10-18 14:41:35,52.5,0.78,40.8,DI water,60,40,90,90,15:15:19,59.64,31.08,0.24,1.05,0.44,332.79,304.22,273.39,274.2,353.93,0.71,-2288.44,-2092.01,-196.43
14:41:36,18/10/2024,59.8,59.7,59.5,59.9,59.4,31.7,31.5,31.6,29.5,-0.57,76,170,2024-10-18 14:41:36,52.5,0.78,40.9,DI water,60,40,90,90,15:15:19,59.66,31.08,0.21,1.05,0.44,332.81,304.22,273.36,274.2,353.93,0.71,-2288.58,-2092.01,-196.57
14:41:39,18/10/2024,59.8,59.7,59.5,59.9,59.4,31.7,31.5,31.6,29.5,-0.57,76,170,2024-10-18 14:41:39,52.5,0.78,40.9,DI water,60,40,90,90,15:15:19,59.66,31.08,0.21,1.05,0.44,332.81,304.22,273.36,274.2,353.93,0.71,-2288.58,-2092.01,-196.57
14:41:41,18/10/2024,59.9,59.7,59.6,60.0,59.6,31.7,31.5,31.6,29.5,-0.57,76,170,2024-10-18 14:41:41,52.5,0.78,40.9,DI water,60,40,90,90,15:15:19,59.76,31.08,0.18,1.05,0.44,332.91,304.22,273.33,274.2,353.93,0.72,-2289.26,-2092.01,-197.25
14:41:43,18/10/2024,59.9,59.7,59.6,60.0,59.6,31.7,31.5,31.6,29.5,-0.57,76,170,2024-10-18 14:41:43,52.5,0.78,40.9,DI water,60,40,90,90,15:15:19,59.76,31.08,0.18,1.05,0.44,332.91,304.22,273.33,274.2,353.93,0.72,-2289.26,-2092.01,-197.25
14:41:44,18/10/2024,59.9,59.7,59.6,60.0,59.6,31.7,31.5,31.6,29.5,-0.57,76,170,2024-10-18 14:41:44,52.5,0.78,41.0,DI water,60,40,90,90,15:15:19,59.76,31.08,0.18,1.05,0.44,332.91,304.22,273.33,274.2,353.93,0.72,-2289.26,-2092.01,-197.25
14:41:46,18/10/2024,60.0,59.8,59.8,60.1,59.6,31.7,31.4,31.6,29.5,-0.57,76,170,2024-10-18 14:41:46,52.5,0.78,40.9,DI water,60,40,90,90,15:15:19,59.86,31.05,0.19,1.04,0.44,333.01,304.2,273.34,274.19,353.93,0.72,-2289.95,-2091.84,-198.11
14:41:49,18/10/2024,60.0,59.8,59.8,60.1,59.6,31.7,31.4,31.6,29.5,-0.57,76,170,2024-10-18 14:41:49,52.5,0.78,40.9,DI water,60,40,90,90,15:15:19,59.86,31.05,0.19,1.04,0.44,333.01,304.2,273.34,274.19,353.93,0.72,-2289.95,-2091.84,-198.11
14:41:51,18/10/2024,60.0,59.8,59.8,60.1,59.6,31.7,31.4,31.6,29.5,-0.57,76,170,2024-10-18 14:41:51,52.5,0.78,41.0,DI water,60,40,90,90,15:15:19,59.86,31.05,0.19,1.04,0.44,333.01,304.2,273.34,274.19,353.93,0.72,-2289.95,-2091.84,-198.11
14:41:54,18/10/2024,60.0,59.8,59.8,60.1,59.6,31.7,31.4,31.6,29.5,-0.57,76,170,2024-10-18 14:41:54,52.5,0.78,40.9,DI water,60,40,90,90,15:15:19,59.86,31.05,0.19,1.04,0.44,333.01,304.2,273.34,274.19,353.93,0.72,-2289.95,-2091.84,-198.11
14:41:56,18/10/2024,60.2,60.1,59.9,60.3,59.8,31.7,31.4,31.6,29.5,-0.58,76,170,2024-10-18 14:41:56,52.5,0.78,40.9,DI water,60,40,90,90,15:15:19,60.06,31.05,0.21,1.04,0.43,333.21,304.2,273.36,274.19,353.93,0.73,-2354.58,-2149.58,-204.99
14:42:02,18/10/2024,60.2,60.1,59.9,60.3,59.8,31.7,31.4,31.6,29.5,-0.58,77,170,2024-10-18 14:42:02,52.5,0.78,40.9,DI water,60,40,90,90,15:15:19,60.06,31.05,0.21,1.04,0.43,333.21,304.2,273.36,274.19,353.93,0.73,-2354.58,-2149.58,-204.99
14:42:04,18/10/2024,60.4,60.2,60.0,60.4,59.9,31.7,31.5,31.6,29.5,-0.57,77,170,2024-10-18 14:42:04,52.5,0.78,40.9,DI water,60,40,90,90,15:15:19,60.18,31.08,0.23,1.05,0.44,333.33,304.22,273.38,274.2,353.93,0.73,-2292.15,-2092.01,-200.14
14:42:05,18/10/2024,60.4,60.2,60.0,60.4,59.9,31.7,31.5,31.6,29.5,-0.57,77,170,2024-10-18 14:42:05,52.5,0.78,40.9,DI water,60,40,90,90,15:15:19,60.18,31.08,0.23,1.05,0.44,333.33,304.22,273.38,274.2,353.93,0.73,-2292.15,-2092.01,-200.14
14:42:09,18/10/2024,60.4,60.2,60.0,60.4,59.9,31.7,31.5,31.6,29.5,-0.57,77,170,2024-10-18 14:42:09,52.5,0.78,40.9,DI water,60,40,90,90,15:15:19,60.18,31.08,0.23,1.05,0.44,333.33,304.22,273.38,274.2,353.93,0.73,-2292.15,-2092.01,-200.14
14:42:11,18/10/2024,60.4,60.2,60.0,60.4,59.9,31.7,31.5,31.6,29.5,-0.57,77,170,2024-10-18 14:42:11,52.5,0.78,40.9,DI water,60,40,90,90,15:15:19,60.18,31.08,0.23,1.05,0.44,333.33,304.22,273.38,274.2,353.93,0.73,-2292.15,-2092.01,-200.14
14:42:16,18/10/2024,60.6,60.4,60.2,60.6,60.1,31.7,31.5,31.6,29.5,-0.57,77,170,2024-10-18 14:42:16,52.5,0.78,40.9,DI water,60,40,90,90,15:15:19,60.38,31.08,0.23,1.05,0.44,333.53,304.22,273.38,274.2,353.93,0.73,-2293.53,-2092.01,-201.52
14:42:18,18/10/2024,60.6,60.4,60.2,60.6,60.1,31.7,31.5,31.6,29.5,-0.58,78,170,2024-10-18 14:42:18,52.5,0.78,40.9,DI water,60,40,90,90,15:15:19,60.38,31.08,0.23,1.05,0.43,333.53,304.22,273.38,274.2,353.93,0.73,-2356.84,-2149.76,-207.08
14:42:19,18/10/2024,60.6,60.4,60.2,60.6,60.1,31.7,31.5,31.6,29.5,-0.58,78,170,2024-10-18 14:42:19,52.4,0.78,40.8,DI water,60,40,90,90,15:15:19,60.38,31.08,0.23,1.05,0.43,333.53,304.22,273.38,274.2,353.93,0.73,-2356.84,-2149.76,-207.08
14:42:22,18/10/2024,60.6,60.4,60.2,60.6,60.1,31.7,31.5,31.6,29.5,-0.58,78,170,2024-10-18 14:42:22,52.4,0.78,40.8,DI water,60,40,90,90,15:15:19,60.38,31.08,0.23,1.05,0.43,333.53,304.22,273.38,274.2,353.93,0.73,-2356.84,-2149.76,-207.08
14:42:24,18/10/2024,60.7,60.5,60.4,60.8,60.1,31.7,31.5,31.6,29.5,-0.58,78,170,2024-10-18 14:42:24,52.4,0.78,40.8,DI water,60,40,90,90,15:15:19,60.5,31.08,0.27,1.05,0.43,333.65,304.22,273.42,274.2,353.93,0.74,-2357.69,-2149.76,-207.93
14:42:25,18/10/2024,60.7,60.5,60.4,60.8,60.3,31.8,31.5,31.6,29.5,-0.58,78,170,2024-10-18 14:42:25,52.4,0.78,40.8,DI water,60,40,90,90,15:15:19,60.54,31.1,0.21,1.07,0.43,333.69,304.25,273.36,274.22,353.93,0.74,-2357.97,-2149.94,-208.03
14:42:26,18/10/2024,60.7,60.5,60.4,60.8,60.3,31.8,31.5,31.6,29.6,-0.57,78,170,2024-10-18 14:42:26,52.4,0.78,40.8,DI water,60,40,90,90,15:15:19,60.54,31.12,0.21,1.02,0.44,333.69,304.27,273.36,274.17,353.93,0.74,-2294.63,-2092.35,-202.27
14:42:29,18/10/2024,60.7,60.5,60.4,60.8,60.3,31.8,31.5,31.6,29.6,-0.57,78,170,2024-10-18 14:42:29,52.4,0.78,40.8,DI water,60,40,90,90,15:15:19,60.54,31.12,0.21,1.02,0.44,333.69,304.27,273.36,274.17,353.93,0.74,-2294.63,-2092.35,-202.27
14:42:31,18/10/2024,60.7,60.5,60.4,60.8,60.3,31.8,31.5,31.6,29.6,-0.57,78,170,2024-10-18 14:42:31,52.5,0.78,40.8,DI water,60,40,90,90,15:15:19,60.54,31.12,0.21,1.02,0.44,333.69,304.27,273.36,274.17,353.93,0.74,-2294.63,-2092.35,-202.27
14:42:33,18/10/2024,60.9,60.7,60.5,60.9,60.3,31.8,31.5,31.6,29.6,-0.57,78,170,2024-10-18 14:42:33,52.5,0.78,40.8,DI water,60,40,90,90,15:15:19,60.66,31.12,0.26,1.02,0.44,333.81,304.27,273.41,274.17,353.93,0.74,-2295.45,-2092.35,-203.1
14:42:35,18/10/2024,60.9,60.7,60.5,60.9,60.4,31.7,31.5,31.6,29.6,-0.57,78,170,2024-10-18 14:42:35,52.4,0.78,40.8,DI water,60,40,90,90,15:15:19,60.68,31.1,0.23,1.0,0.44,333.83,304.25,273.38,274.15,353.93,0.74,-2295.59,-2092.18,-203.41
14:42:37,18/10/2024,60.9,60.7,60.5,60.9,60.4,31.7,31.5,31.6,29.6,-0.57,78,170,2024-10-18 14:42:37,52.4,0.78,40.8,DI water,60,40,90,90,15:15:19,60.68,31.1,0.23,1.0,0.44,333.83,304.25,273.38,274.15,353.93,0.74,-2295.59,-2092.18,-203.41
14:42:39,18/10/2024,60.9,60.7,60.5,60.9,60.4,31.7,31.5,31.6,29.6,-0.57,78,170,2024-10-18 14:42:39,52.5,0.78,40.8,DI water,60,40,90,90,15:15:19,60.68,31.1,0.23,1.0,0.44,333.83,304.25,273.38,274.15,353.93,0.74,-2295.59,-2092.18,-203.41
14:42:40,18/10/2024,60.9,60.7,60.5,60.9,60.4,31.7,31.5,31.6,29.6,-0.57,78,170,2024-10-18 14:42:40,52.4,0.78,40.8,DI water,60,40,90,90,15:15:19,60.68,31.1,0.23,1.0,0.44,333.83,304.25,273.38,274.15,353.93,0.74,-2295.59,-2092.18,-203.41
14:42:41,18/10/2024,61.0,60.8,60.6,61.0,60.5,31.7,31.5,31.6,29.6,-0.57,78,170,2024-10-18 14:42:41,52.5,0.78,40.8,DI water,60,40,90,90,15:15:19,60.78,31.1,0.23,1.0,0.44,333.93,304.25,273.38,274.15,353.93,0.74,-2296.28,-2092.18,-204.1
14:42:42,18/10/2024,61.0,60.8,60.6,61.0,60.5,31.7,31.5,31.7,29.6,-0.57,78,170,2024-10-18 14:42:42,52.5,0.78,40.8,DI water,60,40,90,90,15:15:19,60.78,31.12,0.23,1.02,0.44,333.93,304.27,273.38,274.17,353.93,0.74,-2296.28,-2092.35,-203.92
14:42:44,18/10/2024,61.0,60.8,60.6,61.0,60.5,31.7,31.5,31.7,29.6,-0.57,78,170,2024-10-18 14:42:44,52.5,0.78,40.8,DI water,60,40,90,90,15:15:19,60.78,31.12,0.23,1.02,0.44,333.93,304.27,273.38,274.17,353.93,0.74,-2296.28,-2092.35,-203.92
14:42:45,18/10/2024,61.0,60.8,60.6,61.0,60.5,31.7,31.5,31.7,29.6,-0.57,78,170,2024-10-18 14:42:45,52.5,0.78,40.8,DI water,60,40,90,90,15:15:19,60.78,31.12,0.23,1.02,0.44,333.93,304.27,273.38,274.17,353.93,0.74,-2296.28,-2092.35,-203.92
14:42:47,18/10/2024,61.0,60.8,60.6,61.0,60.5,31.7,31.5,31.7,29.6,-0.57,78,170,2024-10-18 14:42:47,52.5,0.78,40.8,DI water,60,40,90,90,15:15:19,60.78,31.12,0.23,1.02,0.44,333.93,304.27,273.38,274.17,353.93,0.74,-2296.28,-2092.35,-203.92
14:42:50,18/10/2024,61.0,60.8,60.6,61.0,60.5,31.7,31.5,31.7,29.6,-0.57,78,170,2024-10-18 14:42:50,52.5,0.78,40.8,DI water,60,40,90,90,15:15:19,60.78,31.12,0.23,1.02,0.44,333.93,304.27,273.38,274.17,353.93,0.74,-2296.28,-2092.35,-203.92
14:42:52,18/10/2024,61.2,60.9,60.9,61.3,60.7,31.7,31.5,31.6,29.5,-0.57,78,170,2024-10-18 14:42:52,52.4,0.78,40.8,DI water,60,40,90,90,15:15:19,61.0,31.08,0.24,1.05,0.44,334.15,304.22,273.39,274.2,353.93,0.75,-2297.79,-2092.01,-205.78
14:42:53,18/10/2024,61.2,60.9,60.9,61.3,60.7,31.7,31.5,31.6,29.5,-0.57,78,170,2024-10-18 14:42:53,52.4,0.78,40.8,DI water,60,40,90,90,15:15:19,61.0,31.08,0.24,1.05,0.44,334.15,304.22,273.39,274.2,353.93,0.75,-2297.79,-2092.01,-205.78
14:42:56,18/10/2024,61.2,60.9,60.9,61.3,60.7,31.7,31.5,31.6,29.5,-0.57,78,170,2024-10-18 14:42:56,52.4,0.78,40.8,DI water,60,40,90,90,15:15:19,61.0,31.08,0.24,1.05,0.44,334.15,304.22,273.39,274.2,353.93,0.75,-2297.79,-2092.01,-205.78
14:42:57,18/10/2024,61.3,61.0,61.0,61.4,60.8,31.7,31.5,31.6,29.5,-0.57,78,170,2024-10-18 14:42:57,52.4,0.78,40.8,DI water,60,40,90,90,15:15:19,61.1,31.08,0.24,1.05,0.44,334.25,304.22,273.39,274.2,353.93,0.75,-2298.48,-2092.01,-206.47
14:42:58,18/10/2024,61.3,61.0,61.0,61.4,60.8,31.7,31.5,31.6,29.5,-0.57,78,170,2024-10-18 14:42:58,52.4,0.78,40.8,DI water,60,40,90,90,15:15:19,61.1,31.08,0.24,1.05,0.44,334.25,304.22,273.39,274.2,353.93,0.75,-2298.48,-2092.01,-206.47
14:43:01,18/10/2024,61.3,61.0,61.0,61.4,60.8,31.7,31.5,31.6,29.5,-0.56,78,170,2024-10-18 14:43:01,52.5,0.78,40.8,DI water,60,40,90,90,15:15:19,61.1,31.08,0.24,1.05,0.45,334.25,304.22,273.39,274.2,353.93,0.75,-2236.45,-2035.55,-200.9
14:43:02,18/10/2024,61.3,61.0,61.0,61.4,60.8,31.7,31.5,31.6,29.5,-0.56,78,170,2024-10-18 14:43:02,52.5,0.78,40.8,DI water,60,40,90,90,15:15:19,61.1,31.08,0.24,1.05,0.45,334.25,304.22,273.39,274.2,353.93,0.75,-2236.45,-2035.55,-200.9
14:43:05,18/10/2024,61.4,61.1,61.1,61.5,60.9,31.7,31.5,31.6,29.5,-0.57,78,170,2024-10-18 14:43:05,52.5,0.78,40.8,DI water,60,40,90,90,15:15:19,61.2,31.08,0.24,1.05,0.44,334.35,304.22,273.39,274.2,353.93,0.75,-2299.17,-2092.01,-207.16
14:43:06,18/10/2024,61.4,61.1,61.1,61.5,60.9,31.7,31.5,31.6,29.5,-0.57,78,170,2024-10-18 14:43:06,52.5,0.78,40.8,DI water,60,40,90,90,15:15:19,61.2,31.08,0.24,1.05,0.44,334.35,304.22,273.39,274.2,353.93,0.75,-2299.17,-2092.01,-207.16
14:43:09,18/10/2024,61.4,61.1,61.1,61.5,60.9,31.7,31.5,31.6,29.5,-0.57,78,170,2024-10-18 14:43:09,52.5,0.78,40.8,DI water,60,40,90,90,15:15:19,61.2,31.08,0.24,1.05,0.44,334.35,304.22,273.39,274.2,353.93,0.75,-2299.17,-2092.01,-207.16
14:43:11,18/10/2024,61.5,61.2,61.2,61.5,61.1,31.7,31.5,31.6,29.5,-0.57,78,170,2024-10-18 14:43:11,52.5,0.78,40.8,DI water,60,40,90,90,15:15:19,61.3,31.08,0.19,1.05,0.44,334.45,304.22,273.34,274.2,353.93,0.76,-2299.85,-2092.01,-207.84
14:43:12,18/10/2024,61.5,61.2,61.2,61.5,61.1,31.8,31.5,31.6,29.5,-0.56,78,170,2024-10-18 14:43:12,52.4,0.78,40.8,DI water,60,40,90,90,15:15:19,61.3,31.1,0.19,1.07,0.45,334.45,304.25,273.34,274.22,353.93,0.75,-2237.78,-2035.72,-202.07
14:43:16,18/10/2024,61.5,61.2,61.2,61.5,61.1,31.8,31.5,31.6,29.5,-0.56,78,170,2024-10-18 14:43:16,52.5,0.78,40.8,DI water,60,40,90,90,15:15:19,61.3,31.1,0.19,1.07,0.45,334.45,304.25,273.34,274.22,353.93,0.75,-2237.78,-2035.72,-202.07
14:43:17,18/10/2024,61.5,61.2,61.2,61.5,61.1,31.8,31.5,31.6,29.5,-0.56,78,170,2024-10-18 14:43:17,52.4,0.78,40.8,DI water,60,40,90,90,15:15:19,61.3,31.1,0.19,1.07,0.45,334.45,304.25,273.34,274.22,353.93,0.75,-2237.78,-2035.72,-202.07
14:43:18,18/10/2024,61.5,61.2,61.2,61.5,61.1,31.8,31.5,31.6,29.5,-0.56,78,170,2024-10-18 14:43:18,52.4,0.78,40.8,DI water,60,40,90,90,15:15:19,61.3,31.1,0.19,1.07,0.45,334.45,304.25,273.34,274.22,353.93,0.75,-2237.78,-2035.72,-202.07
14:43:20,18/10/2024,61.7,61.4,61.3,61.8,61.2,31.8,31.5,31.6,29.5,-0.56,78,170,2024-10-18 14:43:20,52.4,0.78,40.8,DI water,60,40,90,90,15:15:19,61.48,31.1,0.26,1.07,0.45,334.63,304.25,273.41,274.22,353.93,0.76,-2238.99,-2035.72,-203.27
14:43:22,18/10/2024,61.7,61.4,61.3,61.8,61.2,31.8,31.6,31.8,29.5,-0.57,79,170,2024-10-18 14:43:22,52.4,0.78,40.8,DI water,60,40,90,90,15:15:19,61.48,31.18,0.26,1.12,0.44,334.63,304.32,273.41,274.27,353.93,0.76,-2301.09,-2092.7,-208.39
14:43:25,18/10/2024,61.7,61.4,61.3,61.8,61.2,31.8,31.6,31.8,29.5,-0.57,79,170,2024-10-18 14:43:25,52.4,0.78,40.8,DI water,60,40,90,90,15:15:19,61.48,31.18,0.26,1.12,0.44,334.63,304.32,273.41,274.27,353.93,0.76,-2301.09,-2092.7,-208.39
14:43:28,18/10/2024,61.7,61.4,61.3,61.8,61.2,31.8,31.6,31.8,29.5,-0.57,79,170,2024-10-18 14:43:28,52.4,0.78,40.8,DI water,60,40,90,90,15:15:19,61.48,31.18,0.26,1.12,0.44,334.63,304.32,273.41,274.27,353.93,0.76,-2301.09,-2092.7,-208.39
14:43:30,18/10/2024,61.8,61.5,61.5,61.9,61.4,31.8,31.6,31.7,29.5,-0.57,79,170,2024-10-18 14:43:30,52.4,0.78,40.8,DI water,60,40,90,90,15:15:19,61.62,31.15,0.22,1.1,0.44,334.77,304.3,273.37,274.25,353.93,0.76,-2302.05,-2092.53,-209.53
14:43:31,18/10/2024,61.8,61.5,61.5,61.9,61.4,31.8,31.6,31.7,29.5,-0.56,79,170,2024-10-18 14:43:31,52.4,0.78,40.8,DI water,60,40,90,90,15:15:19,61.62,31.15,0.22,1.1,0.45,334.77,304.3,273.37,274.25,353.93,0.76,-2239.92,-2036.05,-203.87
14:43:31,18/10/2024,61.8,61.5,61.5,61.9,61.4,31.8,31.6,31.7,29.5,-0.56,79,170,2024-10-18 14:43:31,52.4,0.78,40.7,DI water,60,40,90,90,15:15:19,61.62,31.15,0.22,1.1,0.45,334.77,304.3,273.37,274.25,353.93,0.76,-2239.92,-2036.05,-203.87
14:43:33,18/10/2024,61.9,61.5,61.5,61.9,61.4,31.8,31.6,31.7,29.5,-0.56,79,170,2024-10-18 14:43:33,52.4,0.78,40.7,DI water,60,40,90,90,15:15:19,61.64,31.15,0.24,1.1,0.45,334.79,304.3,273.39,274.25,353.93,0.76,-2240.06,-2036.05,-204.01
14:43:34,18/10/2024,61.9,61.6,61.5,62.0,61.4,31.8,31.6,31.7,29.5,-0.56,79,170,2024-10-18 14:43:34,52.4,0.78,40.7,DI water,60,40,90,90,15:15:19,61.68,31.15,0.26,1.1,0.45,334.83,304.3,273.41,274.25,353.93,0.76,-2240.33,-2036.05,-204.27
14:43:36,18/10/2024,61.9,61.6,61.5,62.0,61.4,31.8,31.6,31.7,29.5,-0.57,79,170,2024-10-18 14:43:36,52.4,0.78,40.7,DI water,60,40,90,90,15:15:19,61.68,31.15,0.26,1.1,0.44,334.83,304.3,273.41,274.25,353.93,0.76,-2302.47,-2092.53,-209.94
14:43:37,18/10/2024,61.9,61.6,61.5,62.0,61.4,31.8,31.6,31.7,29.5,-0.57,79,170,2024-10-18 14:43:37,52.4,0.78,40.7,DI water,60,40,90,90,15:15:19,61.68,31.15,0.26,1.1,0.44,334.83,304.3,273.41,274.25,353.93,0.76,-2302.47,-2092.53,-209.94
14:43:38,18/10/2024,61.9,61.6,61.5,62.0,61.4,31.8,31.6,31.7,29.5,-0.57,79,170,2024-10-18 14:43:38,52.4,0.78,40.7,DI water,60,40,90,90,15:15:19,61.68,31.15,0.26,1.1,0.44,334.83,304.3,273.41,274.25,353.93,0.76,-2302.47,-2092.53,-209.94
14:43:41,18/10/2024,61.9,61.7,61.6,62.0,61.5,31.8,31.6,31.7,29.5,-0.57,79,170,2024-10-18 14:43:41,52.4,0.78,40.8,DI water,60,40,90,90,15:15:19,61.74,31.15,0.21,1.1,0.44,334.89,304.3,273.36,274.25,353.93,0.76,-2302.88,-2092.53,-210.35
14:43:41,18/10/2024,61.9,61.7,61.6,62.0,61.5,31.8,31.6,31.7,29.5,-0.57,79,170,2024-10-18 14:43:41,52.4,0.78,40.7,DI water,60,40,90,90,15:15:19,61.74,31.15,0.21,1.1,0.44,334.89,304.3,273.36,274.25,353.93,0.76,-2302.88,-2092.53,-210.35
14:43:43,18/10/2024,61.9,61.7,61.6,62.0,61.5,31.8,31.6,31.7,29.5,-0.55,79,170,2024-10-18 14:43:43,52.4,0.78,40.8,DI water,60,40,90,90,15:15:19,61.74,31.15,0.21,1.1,0.46,334.89,304.3,273.36,274.25,353.93,0.76,-2179.93,-1980.81,-199.12
14:43:45,18/10/2024,61.9,61.7,61.6,62.0,61.5,31.8,31.6,31.7,29.5,-0.55,79,170,2024-10-18 14:43:45,52.4,0.78,40.7,DI water,60,40,90,90,15:15:19,61.74,31.15,0.21,1.1,0.46,334.89,304.3,273.36,274.25,353.93,0.76,-2179.93,-1980.81,-199.12
14:43:47,18/10/2024,61.9,61.7,61.6,62.0,61.5,31.8,31.6,31.7,29.5,-0.55,79,170,2024-10-18 14:43:47,52.4,0.78,40.7,DI water,60,40,90,90,15:15:19,61.74,31.15,0.21,1.1,0.46,334.89,304.3,273.36,274.25,353.93,0.76,-2179.93,-1980.81,-199.12
14:43:52,18/10/2024,62.2,61.9,61.8,62.2,61.8,31.8,31.6,31.7,29.5,-0.55,79,170,2024-10-18 14:43:52,52.3,0.78,40.7,DI water,60,40,90,90,15:15:19,61.98,31.15,0.2,1.1,0.46,335.13,304.3,273.35,274.25,353.93,0.77,-2181.5,-1980.81,-200.68
14:43:53,18/10/2024,62.2,61.9,61.8,62.2,61.8,31.9,31.6,31.7,29.5,-0.56,79,170,2024-10-18 14:43:53,52.4,0.78,40.7,DI water,60,40,90,90,15:15:19,61.98,31.18,0.2,1.12,0.45,335.13,304.32,273.35,274.27,353.93,0.77,-2242.33,-2036.22,-206.11
14:43:55,18/10/2024,62.2,61.9,61.8,62.2,61.8,31.9,31.6,31.7,29.5,-0.56,79,170,2024-10-18 14:43:55,52.4,0.78,40.7,DI water,60,40,90,90,15:15:19,61.98,31.18,0.2,1.12,0.45,335.13,304.32,273.35,274.27,353.93,0.77,-2242.33,-2036.22,-206.11
14:43:56,18/10/2024,62.2,61.9,61.8,62.2,61.8,31.9,31.6,31.7,29.5,-0.56,79,170,2024-10-18 14:43:56,52.4,0.78,40.7,DI water,60,40,90,90,15:15:19,61.98,31.18,0.2,1.12,0.45,335.13,304.32,273.35,274.27,353.93,0.77,-2242.33,-2036.22,-206.11
14:43:58,18/10/2024,62.2,61.9,61.8,62.2,61.8,31.9,31.6,31.7,29.5,-0.56,79,170,2024-10-18 14:43:58,52.4,0.78,40.7,DI water,60,40,90,90,15:15:19,61.98,31.18,0.2,1.12,0.45,335.13,304.32,273.35,274.27,353.93,0.77,-2242.33,-2036.22,-206.11
14:44:00,18/10/2024,62.3,62.1,62.0,62.4,61.9,31.8,31.6,31.7,29.5,-0.56,79,170,2024-10-18 14:44:00,52.4,0.78,40.7,DI water,60,40,90,90,15:15:19,62.14,31.15,0.21,1.1,0.45,335.29,304.3,273.36,274.25,353.93,0.77,-2243.4,-2036.05,-207.35
14:44:05,18/10/2024,62.3,62.1,62.0,62.4,61.9,31.8,31.6,31.8,29.5,-0.56,80,170,2024-10-18 14:44:05,52.4,0.78,40.7,DI water,60,40,90,90,15:15:19,62.14,31.18,0.21,1.12,0.45,335.29,304.32,273.36,274.27,353.93,0.77,-2243.4,-2036.22,-207.18
14:44:09,18/10/2024,62.4,62.1,62.0,62.4,61.9,31.8,31.6,31.8,29.5,-0.56,80,170,2024-10-18 14:44:09,52.4,0.78,40.7,DI water,60,40,90,90,15:15:19,62.16,31.18,0.23,1.12,0.45,335.31,304.32,273.38,274.27,353.93,0.77,-2243.54,-2036.22,-207.32
14:44:10,18/10/2024,62.4,62.2,62.1,62.5,62.0,31.8,31.6,31.8,29.5,-0.56,80,170,2024-10-18 14:44:10,52.4,0.78,40.7,DI water,60,40,90,90,15:15:19,62.24,31.18,0.21,1.12,0.45,335.39,304.32,273.36,274.27,353.93,0.78,-2244.07,-2036.22,-207.85
14:44:12,18/10/2024,62.4,62.2,62.1,62.5,62.0,31.8,31.6,31.8,29.5,-0.56,80,170,2024-10-18 14:44:12,52.4,0.78,40.7,DI water,60,40,90,90,15:15:19,62.24,31.18,0.21,1.12,0.45,335.39,304.32,273.36,274.27,353.93,0.78,-2244.07,-2036.22,-207.85
14:44:14,18/10/2024,62.4,62.2,62.1,62.5,62.0,31.8,31.6,31.8,29.5,-0.56,80,170,2024-10-18 14:44:14,52.4,0.78,40.7,DI water,60,40,90,90,15:15:19,62.24,31.18,0.21,1.12,0.45,335.39,304.32,273.36,274.27,353.93,0.78,-2244.07,-2036.22,-207.85
14:44:15,18/10/2024,62.4,62.2,62.1,62.5,62.0,31.8,31.6,31.8,29.5,-0.56,80,170,2024-10-18 14:44:15,52.4,0.78,40.7,DI water,60,40,90,90,15:15:19,62.24,31.18,0.21,1.12,0.45,335.39,304.32,273.36,274.27,353.93,0.78,-2244.07,-2036.22,-207.85
14:44:19,18/10/2024,62.4,62.2,62.1,62.5,62.0,31.8,31.6,31.8,29.5,-0.56,80,170,2024-10-18 14:44:19,52.4,0.78,40.7,DI water,60,40,90,90,15:15:19,62.24,31.18,0.21,1.12,0.45,335.39,304.32,273.36,274.27,353.93,0.78,-2244.07,-2036.22,-207.85
14:44:22,18/10/2024,62.6,62.3,62.3,62.7,62.2,31.8,31.6,31.8,29.6,-0.56,80,170,2024-10-18 14:44:22,52.4,0.78,40.7,DI water,60,40,90,90,15:15:19,62.42,31.2,0.22,1.07,0.45,335.57,304.35,273.37,274.22,353.93,0.78,-2245.28,-2036.39,-208.89
14:44:27,18/10/2024,62.6,62.3,62.3,62.7,62.2,31.8,31.6,31.8,29.6,-0.56,80,170,2024-10-18 14:44:27,52.4,0.78,40.7,DI water,60,40,90,90,15:15:19,62.42,31.2,0.22,1.07,0.45,335.57,304.35,273.37,274.22,353.93,0.78,-2245.28,-2036.39,-208.89
14:44:32,18/10/2024,62.6,62.3,62.3,62.7,62.2,31.8,31.6,31.8,29.6,-0.56,80,170,2024-10-18 14:44:32,52.3,0.78,40.7,DI water,60,40,90,90,15:15:19,62.42,31.2,0.22,1.07,0.45,335.57,304.35,273.37,274.22,353.93,0.78,-2245.28,-2036.39,-208.89
14:44:33,18/10/2024,62.8,62.6,62.4,62.8,62.3,31.8,31.6,31.8,29.6,-0.56,80,170,2024-10-18 14:44:33,52.4,0.78,40.7,DI water,60,40,90,90,15:15:19,62.58,31.2,0.23,1.07,0.45,335.73,304.35,273.38,274.22,353.93,0.78,-2246.35,-2036.39,-209.96
14:44:34,18/10/2024,62.8,62.6,62.4,62.8,62.3,31.8,31.6,31.7,29.6,-0.57,80,170,2024-10-18 14:44:34,52.3,0.78,40.6,DI water,60,40,90,90,15:15:19,62.58,31.18,0.23,1.05,0.44,335.73,304.32,273.38,274.2,353.93,0.79,-2308.66,-2092.7,-215.96
14:44:36,18/10/2024,62.8,62.6,62.4,62.8,62.3,31.8,31.6,31.7,29.6,-0.57,80,170,2024-10-18 14:44:36,52.3,0.78,40.6,DI water,60,40,90,90,15:15:19,62.58,31.18,0.23,1.05,0.44,335.73,304.32,273.38,274.2,353.93,0.79,-2308.66,-2092.7,-215.96
14:44:37,18/10/2024,62.8,62.6,62.4,62.8,62.3,31.8,31.6,31.7,29.6,-0.57,80,170,2024-10-18 14:44:37,52.3,0.78,40.6,DI water,60,40,90,90,15:15:19,62.58,31.18,0.23,1.05,0.44,335.73,304.32,273.38,274.2,353.93,0.79,-2308.66,-2092.7,-215.96
14:44:39,18/10/2024,62.8,62.6,62.4,62.8,62.3,31.8,31.6,31.7,29.6,-0.57,80,170,2024-10-18 14:44:39,52.4,0.78,40.7,DI water,60,40,90,90,15:15:19,62.58,31.18,0.23,1.05,0.44,335.73,304.32,273.38,274.2,353.93,0.79,-2308.66,-2092.7,-215.96
14:44:41,18/10/2024,62.9,62.6,62.6,63.0,62.4,31.8,31.6,31.7,29.6,-0.57,80,170,2024-10-18 14:44:41,52.4,0.78,40.7,DI water,60,40,90,90,15:15:19,62.7,31.18,0.24,1.05,0.44,335.85,304.32,273.39,274.2,353.93,0.79,-2309.48,-2092.7,-216.78
14:44:42,18/10/2024,62.9,62.6,62.6,63.0,62.4,31.8,31.6,31.7,29.6,-0.57,80,170,2024-10-18 14:44:42,52.3,0.78,40.5,DI water,60,40,90,90,15:15:19,62.7,31.18,0.24,1.05,0.44,335.85,304.32,273.39,274.2,353.93,0.79,-2309.48,-2092.7,-216.78
14:44:45,18/10/2024,62.9,62.6,62.6,63.0,62.4,31.8,31.6,31.7,29.6,-0.55,80,170,2024-10-18 14:44:45,52.2,0.77,40.4,DI water,60,40,90,90,15:15:19,62.7,31.18,0.24,1.05,0.46,335.85,304.32,273.39,274.2,353.93,0.79,-2186.18,-1980.97,-205.21
14:44:49,18/10/2024,62.9,62.6,62.6,63.0,62.4,31.8,31.6,31.7,29.6,-0.55,80,170,2024-10-18 14:44:49,52.1,0.77,40.3,DI water,60,40,90,90,15:15:19,62.7,31.18,0.24,1.05,0.46,335.85,304.32,273.39,274.2,353.93,0.79,-2186.18,-1980.97,-205.21
14:44:53,18/10/2024,62.9,62.6,62.6,63.0,62.4,31.8,31.6,31.7,29.6,-0.55,80,170,2024-10-18 14:44:53,52.2,0.77,40.3,DI water,60,40,90,90,15:15:19,62.7,31.18,0.24,1.05,0.46,335.85,304.32,273.39,274.2,353.93,0.79,-2186.18,-1980.97,-205.21
14:44:54,18/10/2024,63.1,62.9,62.8,63.2,62.4,31.8,31.6,31.7,29.6,-0.55,80,170,2024-10-18 14:44:54,52.2,0.77,40.4,DI water,60,40,90,90,15:15:19,62.88,31.18,0.31,1.05,0.46,336.03,304.32,273.46,274.2,353.93,0.79,-2187.35,-1980.97,-206.38
14:44:56,18/10/2024,63.1,62.9,62.8,63.2,62.7,31.9,31.7,31.8,29.5,-0.56,81,170,2024-10-18 14:44:56,52.1,0.77,40.3,DI water,60,40,90,90,15:15:19,62.94,31.22,0.21,1.15,0.45,336.09,304.38,273.36,274.3,353.93,0.79,-2248.76,-2036.55,-212.2
14:45:02,18/10/2024,63.3,63.0,62.9,63.3,62.8,31.9,31.7,31.8,29.5,-0.56,81,170,2024-10-18 14:45:02,52.1,0.77,40.3,DI water,60,40,90,90,15:15:19,63.06,31.22,0.23,1.15,0.45,336.21,304.38,273.38,274.3,353.93,0.8,-2249.56,-2036.55,-213.01
14:45:04,18/10/2024,63.3,63.0,62.9,63.3,62.8,31.9,31.7,31.8,29.6,-0.56,81,170,2024-10-18 14:45:04,52.1,0.77,40.3,DI water,60,40,90,90,15:15:19,63.06,31.25,0.23,1.1,0.45,336.21,304.4,273.38,274.25,353.93,0.8,-2249.56,-2036.72,-212.84
14:45:05,18/10/2024,63.3,63.0,62.9,63.3,62.8,31.9,31.7,31.8,29.6,-0.56,81,170,2024-10-18 14:45:05,52.1,0.77,40.3,DI water,60,40,90,90,15:15:19,63.06,31.25,0.23,1.1,0.45,336.21,304.4,273.38,274.25,353.93,0.8,-2249.56,-2036.72,-212.84
14:45:07,18/10/2024,63.3,63.1,62.9,63.3,62.8,31.9,31.7,31.8,29.6,-0.56,81,170,2024-10-18 14:45:07,52.1,0.77,40.3,DI water,60,40,90,90,15:15:19,63.08,31.25,0.23,1.1,0.45,336.23,304.4,273.38,274.25,353.93,0.8,-2249.69,-2036.72,-212.97
14:45:08,18/10/2024,63.3,63.1,63.0,63.4,62.8,31.9,31.7,31.8,29.6,-0.56,81,170,2024-10-18 14:45:08,52.1,0.77,40.3,DI water,60,40,90,90,15:15:19,63.12,31.25,0.24,1.1,0.45,336.27,304.4,273.39,274.25,353.93,0.8,-2249.96,-2036.72,-213.24
14:45:13,18/10/2024,63.3,63.1,63.0,63.4,62.8,31.9,31.6,31.8,29.5,-0.56,81,170,2024-10-18 14:45:13,52.1,0.77,40.3,DI water,60,40,90,90,15:15:19,63.12,31.2,0.24,1.14,0.45,336.27,304.35,273.39,274.29,353.93,0.8,-2249.96,-2036.39,-213.57
14:45:19,18/10/2024,63.5,63.2,63.2,63.6,63.0,31.9,31.6,31.8,29.5,-0.56,81,170,2024-10-18 14:45:19,52.1,0.77,40.2,DI water,60,40,90,90,15:15:19,63.3,31.2,0.24,1.14,0.45,336.45,304.35,273.39,274.29,353.93,0.8,-2251.17,-2036.39,-214.78
14:45:20,18/10/2024,63.5,63.2,63.2,63.6,63.0,31.8,31.6,31.8,29.5,-0.56,81,170,2024-10-18 14:45:20,52.1,0.77,40.3,DI water,60,40,90,90,15:15:19,63.3,31.18,0.24,1.12,0.45,336.45,304.32,273.39,274.27,353.93,0.8,-2251.17,-2036.22,-214.95
14:45:22,18/10/2024,63.5,63.2,63.2,63.6,63.0,31.8,31.6,31.8,29.5,-0.55,81,170,2024-10-18 14:45:22,52.1,0.77,40.3,DI water,60,40,90,90,15:15:19,63.3,31.18,0.24,1.12,0.46,336.45,304.32,273.39,274.27,353.93,0.8,-2190.09,-1980.97,-209.11
14:45:25,18/10/2024,63.5,63.2,63.2,63.6,63.0,31.8,31.6,31.8,29.5,-0.55,81,170,2024-10-18 14:45:25,52.1,0.77,40.3,DI water,60,40,90,90,15:15:19,63.3,31.18,0.24,1.12,0.46,336.45,304.32,273.39,274.27,353.93,0.8,-2190.09,-1980.97,-209.11
14:45:28,18/10/2024,63.5,63.2,63.2,63.6,63.0,31.8,31.6,31.8,29.5,-0.55,81,170,2024-10-18 14:45:28,52.1,0.77,40.3,DI water,60,40,90,90,15:15:19,63.3,31.18,0.24,1.12,0.46,336.45,304.32,273.39,274.27,353.93,0.8,-2190.09,-1980.97,-209.11
14:45:29,18/10/2024,63.5,63.2,63.2,63.6,63.0,31.8,31.6,31.8,29.5,-0.55,81,170,2024-10-18 14:45:29,52.1,0.77,40.3,DI water,60,40,90,90,15:15:19,63.3,31.18,0.24,1.12,0.46,336.45,304.32,273.39,274.27,353.93,0.8,-2190.09,-1980.97,-209.11
14:45:31,18/10/2024,63.6,63.3,63.4,63.8,63.3,32.0,31.6,31.8,29.5,-0.55,81,170,2024-10-18 14:45:31,52.1,0.77,40.3,DI water,60,40,90,90,15:15:19,63.48,31.22,0.22,1.16,0.46,336.63,304.38,273.37,274.31,353.93,0.81,-2191.26,-1981.3,-209.96
14:45:34,18/10/2024,63.6,63.3,63.4,63.8,63.3,32.0,31.6,31.8,29.6,-0.55,81,170,2024-10-18 14:45:34,52.1,0.77,40.3,DI water,60,40,90,90,15:15:19,63.48,31.25,0.22,1.11,0.46,336.63,304.4,273.37,274.26,353.93,0.81,-2191.26,-1981.46,-209.8
14:45:36,18/10/2024,63.6,63.3,63.4,63.8,63.3,32.0,31.6,31.8,29.6,-0.55,81,170,2024-10-18 14:45:36,52.1,0.77,40.3,DI water,60,40,90,90,15:15:19,63.48,31.25,0.22,1.11,0.46,336.63,304.4,273.37,274.26,353.93,0.81,-2191.26,-1981.46,-209.8
14:45:39,18/10/2024,63.8,63.5,63.4,63.8,63.3,32.0,31.6,31.8,29.6,-0.55,81,170,2024-10-18 14:45:39,52.1,0.77,40.3,DI water,60,40,90,90,15:15:19,63.56,31.25,0.23,1.11,0.46,336.71,304.4,273.38,274.26,353.93,0.81,-2191.78,-1981.46,-210.32
14:45:42,18/10/2024,63.8,63.5,63.4,63.8,63.3,32.0,31.6,31.8,29.6,-0.55,81,170,2024-10-18 14:45:42,52.1,0.77,40.3,DI water,60,40,90,90,15:15:19,63.56,31.25,0.23,1.11,0.46,336.71,304.4,273.38,274.26,353.93,0.81,-2191.78,-1981.46,-210.32
14:45:44,18/10/2024,63.8,63.5,63.4,63.8,63.3,32.0,31.6,31.8,29.6,-0.55,81,170,2024-10-18 14:45:44,52.1,0.77,40.3,DI water,60,40,90,90,15:15:19,63.56,31.25,0.23,1.11,0.46,336.71,304.4,273.38,274.26,353.93,0.81,-2191.78,-1981.46,-210.32
14:45:45,18/10/2024,63.9,63.6,63.5,63.9,63.3,32.0,31.6,31.8,29.6,-0.55,81,170,2024-10-18 14:45:45,52.1,0.77,40.3,DI water,60,40,90,90,15:15:19,63.64,31.25,0.26,1.11,0.46,336.79,304.4,273.41,274.26,353.93,0.81,-2192.3,-1981.46,-210.84
14:45:47,18/10/2024,63.9,63.6,63.5,63.9,63.5,31.9,31.7,31.9,29.6,-0.56,81,170,2024-10-18 14:45:47,52.1,0.77,40.3,DI water,60,40,90,90,15:15:19,63.68,31.28,0.2,1.12,0.45,336.83,304.42,273.35,274.27,353.93,0.81,-2253.71,-2036.89,-216.82
14:45:48,18/10/2024,63.9,63.6,63.5,63.9,63.5,31.9,31.7,31.9,29.6,-0.56,81,170,2024-10-18 14:45:48,52.1,0.77,40.3,DI water,60,40,90,90,15:15:19,63.68,31.28,0.2,1.12,0.45,336.83,304.42,273.35,274.27,353.93,0.81,-2253.71,-2036.89,-216.82
14:45:50,18/10/2024,63.9,63.6,63.5,63.9,63.5,31.9,31.7,31.9,29.6,-0.56,81,170,2024-10-18 14:45:50,52.2,0.77,40.3,DI water,60,40,90,90,15:15:19,63.68,31.28,0.2,1.12,0.45,336.83,304.42,273.35,274.27,353.93,0.81,-2253.71,-2036.89,-216.82
14:45:51,18/10/2024,64.0,63.7,63.6,64.0,63.5,31.9,31.7,31.9,29.6,-0.56,81,170,2024-10-18 14:45:51,52.1,0.77,40.3,DI water,60,40,90,90,15:15:19,63.76,31.28,0.23,1.12,0.45,336.91,304.42,273.38,274.27,353.93,0.81,-2254.24,-2036.89,-217.36
14:45:53,18/10/2024,64.0,63.7,63.6,64.0,63.5,32.0,31.7,31.9,29.6,-0.55,81,170,2024-10-18 14:45:53,52.2,0.77,40.3,DI water,60,40,90,90,15:15:19,63.76,31.3,0.23,1.14,0.46,336.91,304.45,273.38,274.29,353.93,0.81,-2193.08,-1981.79,-211.3
14:45:53,18/10/2024,64.0,63.7,63.6,64.0,63.5,32.0,31.7,31.9,29.6,-0.55,81,170,2024-10-18 14:45:53,52.1,0.77,40.3,DI water,60,40,90,90,15:15:19,63.76,31.3,0.23,1.14,0.46,336.91,304.45,273.38,274.29,353.93,0.81,-2193.08,-1981.79,-211.3
14:45:57,18/10/2024,64.0,63.7,63.6,64.0,63.5,32.0,31.7,31.9,29.6,-0.55,81,170,2024-10-18 14:45:57,52.1,0.77,40.3,DI water,60,40,90,90,15:15:19,63.76,31.3,0.23,1.14,0.46,336.91,304.45,273.38,274.29,353.93,0.81,-2193.08,-1981.79,-211.3
14:45:58,18/10/2024,64.1,63.8,63.8,64.2,63.6,32.0,31.7,31.9,29.6,-0.55,81,170,2024-10-18 14:45:58,52.0,0.77,40.0,DI water,60,40,90,90,15:15:19,63.9,31.3,0.24,1.14,0.46,337.05,304.45,273.39,274.29,353.93,0.81,-2193.99,-1981.79,-212.21
14:45:59,18/10/2024,64.1,63.8,63.8,64.2,63.6,32.0,31.7,31.9,29.6,-0.55,81,170,2024-10-18 14:45:59,52.1,0.77,40.2,DI water,60,40,90,90,15:15:19,63.9,31.3,0.24,1.14,0.46,337.05,304.45,273.39,274.29,353.93,0.81,-2193.99,-1981.79,-212.21
14:46:00,18/10/2024,64.1,63.8,63.8,64.2,63.6,32.0,31.7,31.9,29.6,-0.55,82,170,2024-10-18 14:46:00,52.1,0.77,40.3,DI water,60,40,90,90,15:15:19,63.9,31.3,0.24,1.14,0.46,337.05,304.45,273.39,274.29,353.93,0.81,-2193.99,-1981.79,-212.21
14:46:01,18/10/2024,64.1,63.8,63.8,64.2,63.6,32.0,31.7,31.9,29.6,-0.55,82,170,2024-10-18 14:46:01,52.1,0.77,40.3,DI water,60,40,90,90,15:15:19,63.9,31.3,0.24,1.14,0.46,337.05,304.45,273.39,274.29,353.93,0.81,-2193.99,-1981.79,-212.21
14:46:03,18/10/2024,64.1,63.8,63.8,64.2,63.6,32.0,31.7,31.9,29.6,-0.55,82,170,2024-10-18 14:46:03,52.1,0.77,40.3,DI water,60,40,90,90,15:15:19,63.9,31.3,0.24,1.14,0.46,337.05,304.45,273.39,274.29,353.93,0.81,-2193.99,-1981.79,-212.21
14:46:05,18/10/2024,64.1,63.8,63.8,64.2,63.6,32.0,31.7,31.9,29.6,-0.55,82,170,2024-10-18 14:46:05,52.1,0.77,40.3,DI water,60,40,90,90,15:15:19,63.9,31.3,0.24,1.14,0.46,337.05,304.45,273.39,274.29,353.93,0.81,-2193.99,-1981.79,-212.21
14:46:06,18/10/2024,64.2,63.9,63.9,64.2,63.7,31.9,31.7,31.9,29.6,-0.55,82,170,2024-10-18 14:46:06,52.1,0.77,40.3,DI water,60,40,90,90,15:15:19,63.98,31.28,0.22,1.12,0.46,337.13,304.42,273.37,274.27,353.93,0.82,-2194.51,-1981.62,-212.89
14:46:08,18/10/2024,64.2,63.9,63.9,64.2,63.7,31.9,31.7,31.9,29.6,-0.55,82,170,2024-10-18 14:46:08,52.1,0.77,40.3,DI water,60,40,90,90,15:15:19,63.98,31.28,0.22,1.12,0.46,337.13,304.42,273.37,274.27,353.93,0.82,-2194.51,-1981.62,-212.89
14:46:09,18/10/2024,64.2,63.9,63.9,64.2,63.7,31.9,31.7,31.9,29.6,-0.55,82,170,2024-10-18 14:46:09,52.1,0.77,40.3,DI water,60,40,90,90,15:15:19,63.98,31.28,0.22,1.12,0.46,337.13,304.42,273.37,274.27,353.93,0.82,-2194.51,-1981.62,-212.89
14:46:10,18/10/2024,64.2,63.9,63.9,64.2,63.7,31.9,31.7,31.9,29.6,-0.55,82,170,2024-10-18 14:46:10,52.1,0.77,40.3,DI water,60,40,90,90,15:15:19,63.98,31.28,0.22,1.12,0.46,337.13,304.42,273.37,274.27,353.93,0.82,-2194.51,-1981.62,-212.89
14:46:13,18/10/2024,64.2,63.9,63.9,64.2,63.7,31.9,31.7,31.9,29.6,-0.55,82,170,2024-10-18 14:46:13,52.1,0.77,40.3,DI water,60,40,90,90,15:15:19,63.98,31.28,0.22,1.12,0.46,337.13,304.42,273.37,274.27,353.93,0.82,-2194.51,-1981.62,-212.89
14:46:17,18/10/2024,64.3,64.0,64.0,64.4,63.8,31.9,31.7,31.9,29.6,-0.55,82,170,2024-10-18 14:46:17,52.1,0.77,40.3,DI water,60,40,90,90,15:15:19,64.1,31.28,0.24,1.12,0.46,337.25,304.42,273.39,274.27,353.93,0.82,-2195.3,-1981.62,-213.67
14:46:18,18/10/2024,64.3,64.0,64.0,64.4,63.8,31.9,31.7,31.9,29.6,-0.55,82,170,2024-10-18 14:46:18,52.2,0.77,40.4,DI water,60,40,90,90,15:15:19,64.1,31.28,0.24,1.12,0.46,337.25,304.42,273.39,274.27,353.93,0.82,-2195.3,-1981.62,-213.67
14:46:22,18/10/2024,64.4,64.0,64.0,64.4,63.8,31.9,31.7,31.9,29.6,-0.55,82,170,2024-10-18 14:46:22,52.2,0.77,40.4,DI water,60,40,90,90,15:15:19,64.12,31.28,0.27,1.12,0.46,337.27,304.42,273.42,274.27,353.93,0.82,-2195.43,-1981.62,-213.8
14:46:25,18/10/2024,64.4,64.1,64.1,64.5,63.9,31.9,31.7,31.9,29.6,-0.55,82,170,2024-10-18 14:46:25,52.2,0.77,40.4,DI water,60,40,90,90,15:15:19,64.2,31.28,0.24,1.12,0.46,337.35,304.42,273.39,274.27,353.93,0.82,-2195.95,-1981.62,-214.32
14:46:27,18/10/2024,64.4,64.1,64.1,64.5,63.9,31.9,31.7,31.9,29.6,-0.55,82,170,2024-10-18 14:46:27,52.2,0.77,40.4,DI water,60,40,90,90,15:15:19,64.2,31.28,0.24,1.12,0.46,337.35,304.42,273.39,274.27,353.93,0.82,-2195.95,-1981.62,-214.32
14:46:29,18/10/2024,64.4,64.1,64.1,64.5,63.9,31.9,31.7,31.9,29.6,-0.55,82,170,2024-10-18 14:46:29,52.1,0.77,40.3,DI water,60,40,90,90,15:15:19,64.2,31.28,0.24,1.12,0.46,337.35,304.42,273.39,274.27,353.93,0.82,-2195.95,-1981.62,-214.32
14:46:33,18/10/2024,64.5,64.2,64.2,64.6,64.1,32.0,31.7,31.9,29.6,-0.55,82,170,2024-10-18 14:46:33,52.2,0.77,40.4,DI water,60,40,90,90,15:15:19,64.32,31.3,0.22,1.14,0.46,337.47,304.45,273.37,274.29,353.93,0.83,-2196.73,-1981.79,-214.94
14:46:35,18/10/2024,64.5,64.2,64.2,64.6,64.1,32.0,31.8,31.9,29.6,-0.55,82,170,2024-10-18 14:46:35,52.2,0.77,40.4,DI water,60,40,90,90,15:15:19,64.32,31.32,0.22,1.15,0.46,337.47,304.47,273.37,274.3,353.93,0.82,-2196.73,-1981.95,-214.78
14:46:37,18/10/2024,64.5,64.2,64.2,64.6,64.1,32.0,31.8,31.9,29.6,-0.55,83,170,2024-10-18 14:46:37,52.2,0.77,40.4,DI water,60,40,90,90,15:15:19,64.32,31.32,0.22,1.15,0.46,337.47,304.47,273.37,274.3,353.93,0.82,-2196.73,-1981.95,-214.78
14:46:38,18/10/2024,64.7,64.3,64.4,64.7,64.2,32.0,31.8,31.9,29.6,-0.55,83,170,2024-10-18 14:46:38,52.2,0.77,40.4,DI water,60,40,90,90,15:15:19,64.46,31.32,0.23,1.15,0.46,337.61,304.47,273.38,274.3,353.93,0.83,-2197.64,-1981.95,-215.69
14:46:41,18/10/2024,64.7,64.3,64.4,64.7,64.2,32.0,31.8,31.9,29.6,-0.54,83,170,2024-10-18 14:46:41,52.2,0.77,40.4,DI water,60,40,90,90,15:15:19,64.46,31.32,0.23,1.15,0.47,337.61,304.47,273.38,274.3,353.93,0.83,-2137.66,-1927.86,-209.8
14:46:42,18/10/2024,64.7,64.3,64.4,64.7,64.2,32.0,31.8,31.9,29.6,-0.54,83,170,2024-10-18 14:46:42,52.2,0.77,40.4,DI water,60,40,90,90,15:15:19,64.46,31.32,0.23,1.15,0.47,337.61,304.47,273.38,274.3,353.93,0.83,-2137.66,-1927.86,-209.8
14:46:42,18/10/2024,64.7,64.3,64.4,64.7,64.2,32.0,31.8,31.9,29.6,-0.54,83,170,2024-10-18 14:46:42,52.2,0.77,40.4,DI water,60,40,90,90,15:15:19,64.46,31.32,0.23,1.15,0.47,337.61,304.47,273.38,274.3,353.93,0.83,-2137.66,-1927.86,-209.8
14:46:45,18/10/2024,64.7,64.4,64.5,64.8,64.3,32.0,31.8,31.9,29.6,-0.54,83,170,2024-10-18 14:46:45,52.2,0.77,40.4,DI water,60,40,90,90,15:15:19,64.54,31.32,0.21,1.15,0.47,337.69,304.47,273.36,274.3,353.93,0.83,-2138.17,-1927.86,-210.31
14:46:47,18/10/2024,64.7,64.4,64.5,64.8,64.3,32.0,31.8,31.9,29.6,-0.55,83,170,2024-10-18 14:46:47,52.2,0.77,40.4,DI water,60,40,90,90,15:15:19,64.54,31.32,0.21,1.15,0.46,337.69,304.47,273.36,274.3,353.93,0.83,-2198.16,-1981.95,-216.21
14:46:48,18/10/2024,64.7,64.4,64.5,64.8,64.3,32.0,31.8,31.9,29.6,-0.55,83,170,2024-10-18 14:46:48,52.2,0.77,40.4,DI water,60,40,90,90,15:15:19,64.54,31.32,0.21,1.15,0.46,337.69,304.47,273.36,274.3,353.93,0.83,-2198.16,-1981.95,-216.21
14:46:49,18/10/2024,64.7,64.4,64.5,64.8,64.3,32.0,31.8,31.9,29.6,-0.55,83,170,2024-10-18 14:46:49,52.2,0.77,40.4,DI water,60,40,90,90,15:15:19,64.54,31.32,0.21,1.15,0.46,337.69,304.47,273.36,274.3,353.93,0.83,-2198.16,-1981.95,-216.21
14:46:51,18/10/2024,64.8,64.5,64.5,64.9,64.3,32.0,31.8,31.9,29.6,-0.55,83,170,2024-10-18 14:46:51,52.2,0.77,40.4,DI water,60,40,90,90,15:15:19,64.6,31.32,0.24,1.15,0.46,337.75,304.47,273.39,274.3,353.93,0.83,-2198.55,-1981.95,-216.6
14:46:51,18/10/2024,64.8,64.5,64.5,64.9,64.3,32.0,31.8,31.9,29.6,-0.55,83,170,2024-10-18 14:46:51,52.2,0.77,40.4,DI water,60,40,90,90,15:15:19,64.6,31.32,0.24,1.15,0.46,337.75,304.47,273.39,274.3,353.93,0.83,-2198.55,-1981.95,-216.6
14:46:53,18/10/2024,64.8,64.5,64.5,64.9,64.3,32.0,31.8,31.9,29.6,-0.54,83,170,2024-10-18 14:46:53,52.2,0.77,40.4,DI water,60,40,90,90,15:15:19,64.6,31.32,0.24,1.15,0.47,337.75,304.47,273.39,274.3,353.93,0.83,-2138.55,-1927.86,-210.69
14:46:55,18/10/2024,64.8,64.5,64.5,64.9,64.3,32.0,31.8,31.9,29.6,-0.54,83,170,2024-10-18 14:46:55,52.2,0.77,40.4,DI water,60,40,90,90,15:15:19,64.6,31.32,0.24,1.15,0.47,337.75,304.47,273.39,274.3,353.93,0.83,-2138.55,-1927.86,-210.69
14:46:56,18/10/2024,64.8,64.5,64.5,65.0,64.4,32.0,31.8,31.9,29.6,-0.54,83,170,2024-10-18 14:46:56,52.2,0.77,40.4,DI water,60,40,90,90,15:15:19,64.64,31.32,0.25,1.15,0.47,337.79,304.47,273.4,274.3,353.93,0.83,-2138.8,-1927.86,-210.94
14:46:58,18/10/2024,64.8,64.5,64.5,65.0,64.4,32.0,31.8,31.9,29.6,-0.54,83,170,2024-10-18 14:46:58,52.2,0.77,40.4,DI water,60,40,90,90,15:15:19,64.64,31.32,0.25,1.15,0.47,337.79,304.47,273.4,274.3,353.93,0.83,-2138.8,-1927.86,-210.94
14:47:00,18/10/2024,64.8,64.5,64.5,65.0,64.4,32.0,31.8,31.9,29.6,-0.54,83,170,2024-10-18 14:47:00,52.2,0.77,40.4,DI water,60,40,90,90,15:15:19,64.64,31.32,0.25,1.15,0.47,337.79,304.47,273.4,274.3,353.93,0.83,-2138.8,-1927.86,-210.94
14:47:01,18/10/2024,64.8,64.5,64.5,65.0,64.4,32.0,31.8,31.9,29.6,-0.54,83,170,2024-10-18 14:47:01,52.2,0.77,40.4,DI water,60,40,90,90,15:15:19,64.64,31.32,0.25,1.15,0.47,337.79,304.47,273.4,274.3,353.93,0.83,-2138.8,-1927.86,-210.94
14:47:03,18/10/2024,64.8,64.5,64.5,65.0,64.4,32.0,31.8,31.9,29.6,-0.54,83,170,2024-10-18 14:47:03,52.2,0.77,40.4,DI water,60,40,90,90,15:15:19,64.64,31.32,0.25,1.15,0.47,337.79,304.47,273.4,274.3,353.93,0.83,-2138.8,-1927.86,-210.94
14:47:04,18/10/2024,65.0,64.6,64.7,65.1,64.4,32.0,31.8,31.9,29.6,-0.54,83,170,2024-10-18 14:47:04,52.2,0.77,40.4,DI water,60,40,90,90,15:15:19,64.76,31.32,0.29,1.15,0.47,337.91,304.47,273.44,274.3,353.93,0.84,-2139.56,-1927.86,-211.7
14:47:05,18/10/2024,65.0,64.6,64.7,65.1,64.6,32.0,31.7,31.9,29.6,-0.54,83,170,2024-10-18 14:47:05,52.2,0.77,40.4,DI water,60,40,90,90,15:15:19,64.8,31.3,0.23,1.14,0.47,337.95,304.45,273.38,274.29,353.93,0.84,-2139.81,-1927.7,-212.11
14:47:06,18/10/2024,65.0,64.6,64.7,65.1,64.6,32.0,31.7,31.9,29.6,-0.54,83,170,2024-10-18 14:47:06,52.2,0.77,40.4,DI water,60,40,90,90,15:15:19,64.8,31.3,0.23,1.14,0.47,337.95,304.45,273.38,274.29,353.93,0.84,-2139.81,-1927.7,-212.11
14:47:10,18/10/2024,65.0,64.6,64.7,65.1,64.6,32.0,31.7,31.9,29.6,-0.54,83,170,2024-10-18 14:47:10,52.2,0.77,40.4,DI water,60,40,90,90,15:15:19,64.8,31.3,0.23,1.14,0.47,337.95,304.45,273.38,274.29,353.93,0.84,-2139.81,-1927.7,-212.11
14:47:14,18/10/2024,65.1,64.8,64.7,65.2,64.6,32.0,31.7,31.9,29.7,-0.54,83,170,2024-10-18 14:47:14,52.2,0.77,40.5,DI water,60,40,90,90,15:15:19,64.88,31.32,0.26,1.09,0.47,338.03,304.47,273.41,274.24,353.93,0.84,-2140.32,-1927.86,-212.46
14:47:15,18/10/2024,65.1,64.8,64.7,65.2,64.6,32.0,31.7,31.9,29.7,-0.54,83,170,2024-10-18 14:47:15,52.2,0.77,40.5,DI water,60,40,90,90,15:15:19,64.88,31.32,0.26,1.09,0.47,338.03,304.47,273.41,274.24,353.93,0.84,-2140.32,-1927.86,-212.46
14:47:21,18/10/2024,65.1,64.8,64.7,65.2,64.6,32.0,31.7,31.9,29.7,-0.54,83,170,2024-10-18 14:47:21,52.2,0.77,40.5,DI water,60,40,90,90,15:15:19,64.88,31.32,0.26,1.09,0.47,338.03,304.47,273.41,274.24,353.93,0.84,-2140.32,-1927.86,-212.46
14:47:22,18/10/2024,65.2,64.9,64.9,65.3,64.8,32.0,31.7,31.9,29.7,-0.54,83,170,2024-10-18 14:47:22,52.3,0.77,40.6,DI water,60,40,90,90,15:15:19,65.02,31.32,0.22,1.09,0.47,338.17,304.47,273.37,274.24,353.93,0.84,-2141.21,-1927.86,-213.35
14:47:23,18/10/2024,65.2,64.9,64.9,65.3,64.8,32.0,31.8,31.9,29.7,-0.54,83,170,2024-10-18 14:47:23,52.3,0.77,40.5,DI water,60,40,90,90,15:15:19,65.02,31.35,0.22,1.1,0.47,338.17,304.5,273.37,274.25,353.93,0.84,-2141.21,-1928.02,-213.19
14:47:24,18/10/2024,65.2,64.9,64.9,65.3,64.8,32.0,31.8,31.9,29.7,-0.54,83,170,2024-10-18 14:47:24,52.2,0.77,40.5,DI water,60,40,90,90,15:15:19,65.02,31.35,0.22,1.1,0.47,338.17,304.5,273.37,274.25,353.93,0.84,-2141.21,-1928.02,-213.19
14:47:29,18/10/2024,65.2,64.9,64.9,65.3,64.8,32.0,31.8,31.9,29.7,-0.54,83,170,2024-10-18 14:47:29,52.2,0.77,40.5,DI water,60,40,90,90,15:15:19,65.02,31.35,0.22,1.1,0.47,338.17,304.5,273.37,274.25,353.93,0.84,-2141.21,-1928.02,-213.19
14:47:32,18/10/2024,65.2,64.9,64.9,65.3,64.8,32.0,31.8,31.9,29.7,-0.54,83,170,2024-10-18 14:47:32,52.2,0.77,40.5,DI water,60,40,90,90,15:15:19,65.02,31.35,0.22,1.1,0.47,338.17,304.5,273.37,274.25,353.93,0.84,-2141.21,-1928.02,-213.19
14:47:33,18/10/2024,65.3,65.1,65.0,65.4,65.0,32.0,31.8,31.9,29.7,-0.54,83,170,2024-10-18 14:47:33,52.2,0.77,40.5,DI water,60,40,90,90,15:15:19,65.16,31.35,0.18,1.1,0.47,338.31,304.5,273.33,274.25,353.93,0.85,-2142.09,-1928.02,-214.08
14:47:34,18/10/2024,65.3,65.1,65.0,65.4,65.0,32.0,31.8,31.9,29.7,-0.54,83,170,2024-10-18 14:47:34,52.3,0.77,40.5,DI water,60,40,90,90,15:15:19,65.16,31.35,0.18,1.1,0.47,338.31,304.5,273.33,274.25,353.93,0.85,-2142.09,-1928.02,-214.08
14:47:36,18/10/2024,65.4,65.1,65.0,65.4,65.0,32.0,31.8,31.9,29.7,-0.54,83,170,2024-10-18 14:47:36,52.2,0.77,40.5,DI water,60,40,90,90,15:15:19,65.18,31.35,0.2,1.1,0.47,338.33,304.5,273.35,274.25,353.93,0.85,-2142.22,-1928.02,-214.2
14:47:38,18/10/2024,65.4,65.1,65.1,65.5,65.0,32.0,31.8,31.9,29.7,-0.54,83,170,2024-10-18 14:47:38,52.2,0.77,40.5,DI water,60,40,90,90,15:15:19,65.22,31.35,0.22,1.1,0.47,338.37,304.5,273.37,274.25,353.93,0.85,-2142.47,-1928.02,-214.46
14:47:39,18/10/2024,65.4,65.1,65.1,65.5,65.0,32.0,31.8,31.9,29.7,-0.54,84,170,2024-10-18 14:47:39,52.2,0.77,40.4,DI water,60,40,90,90,15:15:19,65.22,31.35,0.22,1.1,0.47,338.37,304.5,273.37,274.25,353.93,0.85,-2142.47,-1928.02,-214.46
14:47:40,18/10/2024,65.4,65.1,65.1,65.5,65.0,32.0,31.8,31.9,29.7,-0.54,84,170,2024-10-18 14:47:40,52.2,0.77,40.4,DI water,60,40,90,90,15:15:19,65.22,31.35,0.22,1.1,0.47,338.37,304.5,273.37,274.25,353.93,0.85,-2142.47,-1928.02,-214.46
14:47:46,18/10/2024,65.5,65.2,65.2,65.7,65.1,32.0,31.8,31.9,29.7,-0.54,84,170,2024-10-18 14:47:46,52.3,0.77,40.5,DI water,60,40,90,90,15:15:19,65.34,31.35,0.25,1.1,0.47,338.49,304.5,273.4,274.25,353.93,0.85,-2143.23,-1928.02,-215.22
14:47:47,18/10/2024,65.5,65.2,65.2,65.7,65.1,32.0,31.8,31.9,29.6,-0.54,84,170,2024-10-18 14:47:47,52.2,0.77,40.5,DI water,60,40,90,90,15:15:19,65.34,31.32,0.25,1.15,0.47,338.49,304.47,273.4,274.3,353.93,0.85,-2143.23,-1927.86,-215.37
14:47:49,18/10/2024,65.5,65.2,65.2,65.7,65.1,32.0,31.8,31.9,29.6,-0.54,84,170,2024-10-18 14:47:49,52.2,0.77,40.5,DI water,60,40,90,90,15:15:19,65.34,31.32,0.25,1.15,0.47,338.49,304.47,273.4,274.3,353.93,0.85,-2143.23,-1927.86,-215.37
14:47:52,18/10/2024,65.5,65.2,65.2,65.7,65.1,32.0,31.8,31.9,29.6,-0.54,84,170,2024-10-18 14:47:52,52.3,0.77,40.5,DI water,60,40,90,90,15:15:19,65.34,31.32,0.25,1.15,0.47,338.49,304.47,273.4,274.3,353.93,0.85,-2143.23,-1927.86,-215.37
14:47:53,18/10/2024,65.5,65.2,65.2,65.7,65.1,32.0,31.8,31.9,29.6,-0.54,84,170,2024-10-18 14:47:53,52.3,0.77,40.5,DI water,60,40,90,90,15:15:19,65.34,31.32,0.25,1.15,0.47,338.49,304.47,273.4,274.3,353.93,0.85,-2143.23,-1927.86,-215.37
14:47:53,18/10/2024,65.5,65.2,65.2,65.7,65.1,32.0,31.8,31.9,29.6,-0.54,84,170,2024-10-18 14:47:53,52.2,0.77,40.5,DI water,60,40,90,90,15:15:19,65.34,31.32,0.25,1.15,0.47,338.49,304.47,273.4,274.3,353.93,0.85,-2143.23,-1927.86,-215.37
14:47:56,18/10/2024,65.6,65.3,65.4,65.8,65.2,32.0,31.8,31.9,29.6,-0.54,84,170,2024-10-18 14:47:56,52.2,0.77,40.5,DI water,60,40,90,90,15:15:19,65.46,31.32,0.24,1.15,0.47,338.61,304.47,273.39,274.3,353.93,0.85,-2143.99,-1927.86,-216.13
14:47:57,18/10/2024,65.6,65.3,65.4,65.8,65.2,32.0,31.8,31.9,29.6,-0.54,84,170,2024-10-18 14:47:57,52.2,0.77,40.5,DI water,60,40,90,90,15:15:19,65.46,31.32,0.24,1.15,0.47,338.61,304.47,273.39,274.3,353.93,0.85,-2143.99,-1927.86,-216.13
14:47:58,18/10/2024,65.8,65.3,65.4,65.8,65.2,32.0,31.8,31.9,29.6,-0.54,84,170,2024-10-18 14:47:58,52.2,0.77,40.5,DI water,60,40,90,90,15:15:19,65.5,31.32,0.28,1.15,0.47,338.65,304.47,273.43,274.3,353.93,0.85,-2144.25,-1927.86,-216.39
14:47:59,18/10/2024,65.8,65.5,65.4,65.9,65.3,32.0,31.8,31.9,29.6,-0.54,84,170,2024-10-18 14:47:59,52.2,0.77,40.5,DI water,60,40,90,90,15:15:19,65.58,31.32,0.26,1.15,0.47,338.73,304.47,273.41,274.3,353.93,0.86,-2144.75,-1927.86,-216.89
14:48:01,18/10/2024,65.8,65.5,65.4,65.9,65.3,32.0,31.8,31.9,29.6,-0.54,84,170,2024-10-18 14:48:01,52.2,0.77,40.5,DI water,60,40,90,90,15:15:19,65.58,31.32,0.26,1.15,0.47,338.73,304.47,273.41,274.3,353.93,0.86,-2144.75,-1927.86,-216.89
14:48:03,18/10/2024,65.8,65.5,65.4,65.9,65.3,32.0,31.8,31.9,29.6,-0.54,84,170,2024-10-18 14:48:03,52.2,0.77,40.4,DI water,60,40,90,90,15:15:19,65.58,31.32,0.26,1.15,0.47,338.73,304.47,273.41,274.3,353.93,0.86,-2144.75,-1927.86,-216.89
14:48:06,18/10/2024,65.9,65.5,65.5,65.9,65.3,32.0,31.8,31.9,29.6,-0.54,84,170,2024-10-18 14:48:06,52.2,0.77,40.4,DI water,60,40,90,90,15:15:19,65.62,31.32,0.27,1.15,0.47,338.77,304.47,273.42,274.3,353.93,0.86,-2145.0,-1927.86,-217.15
14:48:09,18/10/2024,65.9,65.5,65.5,65.9,65.3,32.0,31.8,31.9,29.6,-0.54,85,170,2024-10-18 14:48:09,52.2,0.77,40.4,DI water,60,40,90,90,15:15:19,65.62,31.32,0.27,1.15,0.47,338.77,304.47,273.42,274.3,353.93,0.86,-2145.0,-1927.86,-217.15
14:48:10,18/10/2024,65.9,65.5,65.5,65.9,65.3,32.0,31.8,31.9,29.6,-0.54,85,170,2024-10-18 14:48:10,52.2,0.77,40.5,DI water,60,40,90,90,15:15:19,65.62,31.32,0.27,1.15,0.47,338.77,304.47,273.42,274.3,353.93,0.86,-2145.0,-1927.86,-217.15
14:48:12,18/10/2024,65.9,65.5,65.5,65.9,65.3,32.0,31.8,31.9,29.6,-0.54,85,170,2024-10-18 14:48:12,52.2,0.77,40.4,DI water,60,40,90,90,15:15:19,65.62,31.32,0.27,1.15,0.47,338.77,304.47,273.42,274.3,353.93,0.86,-2145.0,-1927.86,-217.15
14:48:14,18/10/2024,66.0,65.6,65.6,66.0,65.5,32.0,31.8,31.9,29.6,-0.54,85,170,2024-10-18 14:48:14,52.2,0.77,40.4,DI water,60,40,90,90,15:15:19,65.74,31.32,0.24,1.15,0.47,338.89,304.47,273.39,274.3,353.93,0.86,-2145.76,-1927.86,-217.91
14:48:16,18/10/2024,66.0,65.6,65.6,66.0,65.5,32.1,31.8,31.9,29.6,-0.54,85,170,2024-10-18 14:48:16,52.2,0.77,40.4,DI water,60,40,90,90,15:15:19,65.74,31.35,0.24,1.17,0.47,338.89,304.5,273.39,274.32,353.93,0.86,-2145.76,-1928.02,-217.75
14:48:18,18/10/2024,66.0,65.6,65.6,66.0,65.5,32.1,31.8,31.9,29.6,-0.54,85,170,2024-10-18 14:48:18,52.2,0.77,40.4,DI water,60,40,90,90,15:15:19,65.74,31.35,0.24,1.17,0.47,338.89,304.5,273.39,274.32,353.93,0.86,-2145.76,-1928.02,-217.75
14:48:19,18/10/2024,66.0,65.6,65.6,66.0,65.5,32.1,31.8,31.9,29.6,-0.54,85,170,2024-10-18 14:48:19,52.2,0.77,40.4,DI water,60,40,90,90,15:15:19,65.74,31.35,0.24,1.17,0.47,338.89,304.5,273.39,274.32,353.93,0.86,-2145.76,-1928.02,-217.75
14:48:21,18/10/2024,66.0,65.7,65.7,66.1,65.6,32.1,31.9,32.0,29.6,-0.54,85,170,2024-10-18 14:48:21,52.2,0.77,40.4,DI water,60,40,90,90,15:15:19,65.82,31.4,0.22,1.2,0.47,338.97,304.55,273.37,274.35,353.93,0.86,-2146.27,-1928.33,-217.94
14:48:22,18/10/2024,66.0,65.7,65.7,66.1,65.6,32.1,31.9,32.0,29.6,-0.54,85,170,2024-10-18 14:48:22,52.2,0.77,40.4,DI water,60,40,90,90,15:15:19,65.82,31.4,0.22,1.2,0.47,338.97,304.55,273.37,274.35,353.93,0.86,-2146.27,-1928.33,-217.94
14:48:24,18/10/2024,66.0,65.7,65.7,66.1,65.6,32.1,31.9,32.0,29.6,-0.54,85,170,2024-10-18 14:48:24,52.2,0.77,40.4,DI water,60,40,90,90,15:15:19,65.82,31.4,0.22,1.2,0.47,338.97,304.55,273.37,274.35,353.93,0.86,-2146.27,-1928.33,-217.94
14:48:26,18/10/2024,66.0,65.7,65.7,66.1,65.6,32.1,31.9,32.0,29.6,-0.54,85,170,2024-10-18 14:48:26,52.2,0.77,40.5,DI water,60,40,90,90,15:15:19,65.82,31.4,0.22,1.2,0.47,338.97,304.55,273.37,274.35,353.93,0.86,-2146.27,-1928.33,-217.94
14:48:29,18/10/2024,66.1,65.8,65.8,66.2,65.7,32.1,31.9,32.0,29.6,-0.53,85,170,2024-10-18 14:48:29,52.2,0.77,40.5,DI water,60,40,90,90,15:15:19,65.92,31.4,0.22,1.2,0.48,339.07,304.55,273.37,274.35,353.93,0.86,-2087.93,-1875.36,-212.57
14:48:31,18/10/2024,66.1,65.8,65.8,66.2,65.7,32.1,31.9,32.0,29.6,-0.53,85,170,2024-10-18 14:48:31,52.2,0.77,40.5,DI water,60,40,90,90,15:15:19,65.92,31.4,0.22,1.2,0.48,339.07,304.55,273.37,274.35,353.93,0.86,-2087.93,-1875.36,-212.57
14:48:32,18/10/2024,66.1,65.8,65.8,66.2,65.7,32.1,31.9,32.0,29.6,-0.53,85,170,2024-10-18 14:48:32,52.2,0.77,40.5,DI water,60,40,90,90,15:15:19,65.92,31.4,0.22,1.2,0.48,339.07,304.55,273.37,274.35,353.93,0.86,-2087.93,-1875.36,-212.57
14:48:36,18/10/2024,66.2,65.9,65.9,66.3,65.8,32.1,31.9,32.0,29.6,-0.54,85,170,2024-10-18 14:48:36,52.2,0.77,40.4,DI water,60,40,90,90,15:15:19,66.02,31.4,0.22,1.2,0.47,339.17,304.55,273.37,274.35,353.93,0.87,-2147.54,-1928.33,-219.2
14:48:37,18/10/2024,66.2,65.9,65.9,66.3,65.8,32.1,31.9,32.0,29.6,-0.54,85,170,2024-10-18 14:48:37,52.2,0.77,40.4,DI water,60,40,90,90,15:15:19,66.02,31.4,0.22,1.2,0.47,339.17,304.55,273.37,274.35,353.93,0.87,-2147.54,-1928.33,-219.2
14:48:42,18/10/2024,66.3,65.9,65.9,66.3,65.8,32.1,31.9,32.0,29.6,-0.54,85,170,2024-10-18 14:48:42,52.2,0.77,40.4,DI water,60,40,90,90,15:15:19,66.04,31.4,0.24,1.2,0.47,339.19,304.55,273.39,274.35,353.93,0.87,-2147.66,-1928.33,-219.33
14:48:43,18/10/2024,66.3,66.0,66.0,66.4,65.9,32.1,31.9,32.0,29.6,-0.54,85,170,2024-10-18 14:48:43,52.2,0.77,40.4,DI water,60,40,90,90,15:15:19,66.12,31.4,0.22,1.2,0.47,339.27,304.55,273.37,274.35,353.93,0.87,-2148.17,-1928.33,-219.84
14:48:44,18/10/2024,66.3,66.0,66.0,66.4,65.9,32.1,31.9,32.0,29.7,-0.53,85,170,2024-10-18 14:48:44,52.2,0.77,40.4,DI water,60,40,90,90,15:15:19,66.12,31.42,0.22,1.15,0.48,339.27,304.58,273.37,274.3,353.93,0.87,-2089.16,-1875.51,-213.65
14:48:45,18/10/2024,66.3,66.0,66.0,66.4,65.9,32.1,31.9,32.0,29.7,-0.53,85,170,2024-10-18 14:48:45,52.2,0.77,40.4,DI water,60,40,90,90,15:15:19,66.12,31.42,0.22,1.15,0.48,339.27,304.58,273.37,274.3,353.93,0.87,-2089.16,-1875.51,-213.65
14:48:46,18/10/2024,66.3,66.0,66.0,66.4,65.9,32.1,31.9,32.0,29.7,-0.53,85,170,2024-10-18 14:48:46,52.2,0.77,40.5,DI water,60,40,90,90,15:15:19,66.12,31.42,0.22,1.15,0.48,339.27,304.58,273.37,274.3,353.93,0.87,-2089.16,-1875.51,-213.65
14:48:51,18/10/2024,66.3,66.0,66.0,66.4,65.9,32.1,31.9,32.0,29.7,-0.53,85,170,2024-10-18 14:48:51,52.2,0.77,40.5,DI water,60,40,90,90,15:15:19,66.12,31.42,0.22,1.15,0.48,339.27,304.58,273.37,274.3,353.93,0.87,-2089.16,-1875.51,-213.65
14:48:54,18/10/2024,66.5,66.1,66.1,66.5,66.0,32.1,31.9,32.0,29.6,-0.53,85,170,2024-10-18 14:48:54,52.2,0.77,40.4,DI water,60,40,90,90,15:15:19,66.24,31.4,0.24,1.2,0.48,339.39,304.55,273.39,274.35,353.93,0.87,-2089.9,-1875.36,-214.54
14:48:56,18/10/2024,66.5,66.1,66.1,66.5,66.0,32.1,31.9,32.0,29.6,-0.53,85,170,2024-10-18 14:48:56,52.2,0.77,40.5,DI water,60,40,90,90,15:15:19,66.24,31.4,0.24,1.2,0.48,339.39,304.55,273.39,274.35,353.93,0.87,-2089.9,-1875.36,-214.54
14:49:00,18/10/2024,66.5,66.1,66.1,66.5,66.0,32.1,31.9,32.0,29.6,-0.53,85,170,2024-10-18 14:49:00,52.2,0.77,40.5,DI water,60,40,90,90,15:15:19,66.24,31.4,0.24,1.2,0.48,339.39,304.55,273.39,274.35,353.93,0.87,-2089.9,-1875.36,-214.54
14:49:02,18/10/2024,66.6,66.2,66.2,66.6,66.1,32.1,31.9,32.0,29.7,-0.53,85,170,2024-10-18 14:49:02,52.2,0.77,40.4,DI water,60,40,90,90,15:15:19,66.34,31.42,0.24,1.15,0.48,339.49,304.58,273.39,274.3,353.93,0.87,-2090.51,-1875.51,-215.0
14:49:02,18/10/2024,66.6,66.2,66.2,66.6,66.1,32.1,31.9,32.0,29.7,-0.53,85,170,2024-10-18 14:49:02,52.2,0.77,40.5,DI water,60,40,90,90,15:15:19,66.34,31.42,0.24,1.15,0.48,339.49,304.58,273.39,274.3,353.93,0.87,-2090.51,-1875.51,-215.0
14:49:03,18/10/2024,66.6,66.2,66.2,66.6,66.1,32.1,31.9,32.0,29.7,-0.53,85,170,2024-10-18 14:49:03,52.2,0.77,40.5,DI water,60,40,90,90,15:15:19,66.34,31.42,0.24,1.15,0.48,339.49,304.58,273.39,274.3,353.93,0.87,-2090.51,-1875.51,-215.0
14:49:05,18/10/2024,66.6,66.2,66.2,66.6,66.1,32.1,31.9,32.0,29.7,-0.53,85,170,2024-10-18 14:49:05,52.3,0.77,40.5,DI water,60,40,90,90,15:15:19,66.34,31.42,0.24,1.15,0.48,339.49,304.58,273.39,274.3,353.93,0.87,-2090.51,-1875.51,-215.0
14:49:07,18/10/2024,66.7,66.3,66.3,66.7,66.2,32.1,31.9,32.0,29.7,-0.53,85,170,2024-10-18 14:49:07,52.2,0.77,40.5,DI water,60,40,90,90,15:15:19,66.44,31.42,0.24,1.15,0.48,339.59,304.58,273.39,274.3,353.93,0.88,-2091.13,-1875.51,-215.62
14:49:09,18/10/2024,66.7,66.3,66.3,66.7,66.2,32.1,31.9,32.0,29.7,-0.53,85,170,2024-10-18 14:49:09,52.2,0.77,40.5,DI water,60,40,90,90,15:15:19,66.44,31.42,0.24,1.15,0.48,339.59,304.58,273.39,274.3,353.93,0.88,-2091.13,-1875.51,-215.62
14:49:11,18/10/2024,66.7,66.3,66.3,66.7,66.2,32.1,31.9,32.0,29.7,-0.53,85,170,2024-10-18 14:49:11,52.2,0.77,40.5,DI water,60,40,90,90,15:15:19,66.44,31.42,0.24,1.15,0.48,339.59,304.58,273.39,274.3,353.93,0.88,-2091.13,-1875.51,-215.62
14:49:12,18/10/2024,66.7,66.3,66.3,66.7,66.2,32.1,31.9,32.0,29.7,-0.53,85,170,2024-10-18 14:49:12,52.2,0.77,40.5,DI water,60,40,90,90,15:15:19,66.44,31.42,0.24,1.15,0.48,339.59,304.58,273.39,274.3,353.93,0.88,-2091.13,-1875.51,-215.62
14:49:14,18/10/2024,66.8,66.4,66.4,66.7,66.3,32.1,31.9,32.0,29.7,-0.53,85,170,2024-10-18 14:49:14,52.2,0.77,40.4,DI water,60,40,90,90,15:15:19,66.52,31.42,0.22,1.15,0.48,339.67,304.58,273.37,274.3,353.93,0.88,-2091.62,-1875.51,-216.11
14:49:15,18/10/2024,66.8,66.4,66.4,66.7,66.3,32.1,31.9,32.0,29.7,-0.54,85,170,2024-10-18 14:49:15,52.2,0.77,40.5,DI water,60,40,90,90,15:15:19,66.52,31.42,0.22,1.15,0.47,339.67,304.58,273.37,274.3,353.93,0.88,-2150.7,-1928.49,-222.21
14:49:16,18/10/2024,66.8,66.4,66.4,66.7,66.3,32.1,31.9,32.0,29.7,-0.54,85,170,2024-10-18 14:49:16,52.2,0.77,40.5,DI water,60,40,90,90,15:15:19,66.52,31.42,0.22,1.15,0.47,339.67,304.58,273.37,274.3,353.93,0.88,-2150.7,-1928.49,-222.21
14:49:19,18/10/2024,66.8,66.4,66.4,66.7,66.3,32.1,31.9,32.0,29.7,-0.54,85,170,2024-10-18 14:49:19,52.2,0.77,40.4,DI water,60,40,90,90,15:15:19,66.52,31.42,0.22,1.15,0.47,339.67,304.58,273.37,274.3,353.93,0.88,-2150.7,-1928.49,-222.21
14:49:20,18/10/2024,66.9,66.4,66.6,66.9,66.3,32.1,31.9,32.0,29.7,-0.54,85,170,2024-10-18 14:49:20,52.2,0.77,40.4,DI water,60,40,90,90,15:15:19,66.62,31.42,0.28,1.15,0.47,339.77,304.58,273.43,274.3,353.93,0.88,-2151.34,-1928.49,-222.85
14:49:22,18/10/2024,66.9,66.4,66.6,66.9,66.3,32.1,31.9,32.0,29.7,-0.53,85,170,2024-10-18 14:49:22,52.2,0.77,40.4,DI water,60,40,90,90,15:15:19,66.62,31.42,0.28,1.15,0.48,339.77,304.58,273.43,274.3,353.93,0.88,-2092.24,-1875.51,-216.72
14:49:23,18/10/2024,66.9,66.4,66.6,66.9,66.3,32.1,31.9,32.0,29.7,-0.53,86,170,2024-10-18 14:49:23,52.2,0.77,40.4,DI water,60,40,90,90,15:15:19,66.62,31.42,0.28,1.15,0.48,339.77,304.58,273.43,274.3,353.93,0.88,-2092.24,-1875.51,-216.72
14:49:25,18/10/2024,66.9,66.5,66.6,66.9,66.3,32.1,31.9,32.0,29.7,-0.53,86,170,2024-10-18 14:49:25,52.2,0.77,40.5,DI water,60,40,90,90,15:15:19,66.64,31.42,0.26,1.15,0.48,339.79,304.58,273.41,274.3,353.93,0.88,-2092.36,-1875.51,-216.85
14:49:27,18/10/2024,66.9,66.5,66.7,67.0,66.5,32.1,31.9,32.0,29.7,-0.53,86,170,2024-10-18 14:49:27,52.2,0.77,40.4,DI water,60,40,90,90,15:15:19,66.72,31.42,0.23,1.15,0.48,339.87,304.58,273.38,274.3,353.93,0.88,-2092.85,-1875.51,-217.34
14:49:29,18/10/2024,66.9,66.5,66.7,67.0,66.5,32.1,31.9,32.0,29.7,-0.53,86,170,2024-10-18 14:49:29,52.2,0.77,40.5,DI water,60,40,90,90,15:15:19,66.72,31.42,0.23,1.15,0.48,339.87,304.58,273.38,274.3,353.93,0.88,-2092.85,-1875.51,-217.34
14:49:31,18/10/2024,66.9,66.5,66.7,67.0,66.5,32.1,31.9,32.0,29.7,-0.53,86,170,2024-10-18 14:49:31,52.2,0.77,40.5,DI water,60,40,90,90,15:15:19,66.72,31.42,0.23,1.15,0.48,339.87,304.58,273.38,274.3,353.93,0.88,-2092.85,-1875.51,-217.34
14:49:33,18/10/2024,66.9,66.5,66.7,67.0,66.5,32.1,31.9,32.0,29.7,-0.53,86,170,2024-10-18 14:49:33,52.2,0.77,40.5,DI water,60,40,90,90,15:15:19,66.72,31.42,0.23,1.15,0.48,339.87,304.58,273.38,274.3,353.93,0.88,-2092.85,-1875.51,-217.34
14:49:35,18/10/2024,67.0,66.6,66.7,67.1,66.5,32.1,31.9,32.0,29.7,-0.53,86,170,2024-10-18 14:49:35,52.2,0.77,40.4,DI water,60,40,90,90,15:15:19,66.78,31.42,0.26,1.15,0.48,339.93,304.58,273.41,274.3,353.93,0.88,-2093.22,-1875.51,-217.71
14:49:36,18/10/2024,67.0,66.6,66.7,67.1,66.5,32.1,31.9,32.0,29.7,-0.53,86,170,2024-10-18 14:49:36,52.2,0.77,40.4,DI water,60,40,90,90,15:15:19,66.78,31.42,0.26,1.15,0.48,339.93,304.58,273.41,274.3,353.93,0.88,-2093.22,-1875.51,-217.71
14:49:37,18/10/2024,67.0,66.6,66.7,67.1,66.5,32.1,31.9,32.0,29.7,-0.53,86,170,2024-10-18 14:49:37,52.2,0.77,40.4,DI water,60,40,90,90,15:15:19,66.78,31.42,0.26,1.15,0.48,339.93,304.58,273.41,274.3,353.93,0.88,-2093.22,-1875.51,-217.71
14:49:39,18/10/2024,67.1,66.7,66.7,67.1,66.5,32.1,31.9,32.0,29.7,-0.53,86,170,2024-10-18 14:49:39,52.2,0.77,40.4,DI water,60,40,90,90,15:15:19,66.82,31.42,0.27,1.15,0.48,339.97,304.58,273.42,274.3,353.93,0.88,-2093.47,-1875.51,-217.96
14:49:40,18/10/2024,67.1,66.7,66.8,67.1,66.6,32.1,31.9,32.0,29.7,-0.53,86,170,2024-10-18 14:49:40,52.2,0.77,40.4,DI water,60,40,90,90,15:15:19,66.86,31.42,0.23,1.15,0.48,340.01,304.58,273.38,274.3,353.93,0.89,-2093.72,-1875.51,-218.2
14:49:45,18/10/2024,67.1,66.7,66.8,67.1,66.6,32.1,31.9,32.1,29.7,-0.52,86,170,2024-10-18 14:49:45,52.2,0.77,40.4,DI water,60,40,90,90,15:15:19,66.86,31.45,0.23,1.17,0.49,340.01,304.6,273.38,274.32,353.93,0.89,-2035.79,-1823.77,-212.01
14:49:48,18/10/2024,67.2,66.8,66.9,67.3,66.7,32.1,31.9,32.1,29.7,-0.52,86,170,2024-10-18 14:49:48,52.2,0.77,40.4,DI water,60,40,90,90,15:15:19,66.98,31.45,0.26,1.17,0.49,340.13,304.6,273.41,274.32,353.93,0.89,-2036.5,-1823.77,-212.73
14:49:49,18/10/2024,67.2,66.8,66.9,67.3,66.7,32.1,31.9,32.1,29.7,-0.53,86,170,2024-10-18 14:49:49,52.2,0.77,40.4,DI water,60,40,90,90,15:15:19,66.98,31.45,0.26,1.17,0.48,340.13,304.6,273.41,274.32,353.93,0.89,-2094.45,-1875.67,-218.79
14:49:50,18/10/2024,67.2,66.8,66.9,67.3,66.7,32.1,31.9,32.1,29.7,-0.53,86,170,2024-10-18 14:49:50,52.2,0.77,40.3,DI water,60,40,90,90,15:15:19,66.98,31.45,0.26,1.17,0.48,340.13,304.6,273.41,274.32,353.93,0.89,-2094.45,-1875.67,-218.79
14:49:52,18/10/2024,67.4,66.8,66.9,67.3,66.7,32.1,31.9,32.1,29.7,-0.53,86,170,2024-10-18 14:49:52,52.2,0.77,40.4,DI water,60,40,90,90,15:15:19,67.02,31.45,0.31,1.17,0.48,340.17,304.6,273.46,274.32,353.93,0.89,-2094.7,-1875.67,-219.03
14:49:53,18/10/2024,67.4,67.0,67.0,67.3,66.7,32.1,31.9,32.1,29.7,-0.53,86,170,2024-10-18 14:49:53,52.2,0.77,40.4,DI water,60,40,90,90,15:15:19,67.08,31.45,0.28,1.17,0.48,340.23,304.6,273.43,274.32,353.93,0.89,-2095.07,-1875.67,-219.4
14:49:54,18/10/2024,67.4,67.0,67.0,67.3,66.7,32.0,31.9,32.1,29.7,-0.53,86,170,2024-10-18 14:49:54,52.2,0.77,40.4,DI water,60,40,90,90,15:15:19,67.08,31.42,0.28,1.15,0.48,340.23,304.58,273.43,274.3,353.93,0.89,-2095.07,-1875.51,-219.56
14:49:56,18/10/2024,67.4,67.0,67.0,67.3,66.7,32.0,31.9,32.1,29.7,-0.54,87,170,2024-10-18 14:49:56,52.2,0.77,40.4,DI water,60,40,90,90,15:15:19,67.08,31.42,0.28,1.15,0.47,340.23,304.58,273.43,274.3,353.93,0.89,-2154.25,-1928.49,-225.76
14:49:58,18/10/2024,67.4,67.0,67.0,67.3,66.7,32.0,31.9,32.1,29.7,-0.54,87,170,2024-10-18 14:49:58,52.2,0.77,40.4,DI water,60,40,90,90,15:15:19,67.08,31.42,0.28,1.15,0.47,340.23,304.58,273.43,274.3,353.93,0.89,-2154.25,-1928.49,-225.76
14:50:00,18/10/2024,67.4,67.0,67.0,67.3,66.7,32.0,31.9,32.1,29.7,-0.54,87,170,2024-10-18 14:50:00,52.2,0.77,40.4,DI water,60,40,90,90,15:15:19,67.08,31.42,0.28,1.15,0.47,340.23,304.58,273.43,274.3,353.93,0.89,-2154.25,-1928.49,-225.76
14:50:01,18/10/2024,67.4,67.0,67.0,67.3,66.7,32.0,31.9,32.1,29.7,-0.54,87,170,2024-10-18 14:50:01,52.1,0.77,40.3,DI water,60,40,90,90,15:15:19,67.08,31.42,0.28,1.15,0.47,340.23,304.58,273.43,274.3,353.93,0.89,-2154.25,-1928.49,-225.76
14:50:03,18/10/2024,67.5,67.1,67.1,67.5,66.7,32.0,31.9,32.1,29.7,-0.54,87,170,2024-10-18 14:50:03,52.2,0.77,40.4,DI water,60,40,90,90,15:15:19,67.18,31.42,0.33,1.15,0.47,340.33,304.58,273.48,274.3,353.93,0.89,-2154.88,-1928.49,-226.39
14:50:04,18/10/2024,67.5,67.1,67.1,67.5,67.0,32.1,31.9,32.0,29.7,-0.54,87,170,2024-10-18 14:50:04,52.2,0.77,40.3,DI water,60,40,90,90,15:15:19,67.24,31.42,0.24,1.15,0.47,340.39,304.58,273.39,274.3,353.93,0.9,-2155.26,-1928.49,-226.77
14:50:05,18/10/2024,67.5,67.1,67.1,67.5,67.0,32.1,31.9,32.0,29.7,-0.53,87,170,2024-10-18 14:50:05,52.1,0.77,40.3,DI water,60,40,90,90,15:15:19,67.24,31.42,0.24,1.15,0.48,340.39,304.58,273.39,274.3,353.93,0.9,-2096.06,-1875.51,-220.54
14:50:06,18/10/2024,67.5,67.1,67.1,67.5,67.0,32.1,31.9,32.0,29.7,-0.53,87,170,2024-10-18 14:50:06,52.2,0.77,40.3,DI water,60,40,90,90,15:15:19,67.24,31.42,0.24,1.15,0.48,340.39,304.58,273.39,274.3,353.93,0.9,-2096.06,-1875.51,-220.54
14:50:09,18/10/2024,67.5,67.1,67.1,67.5,67.0,32.1,31.9,32.0,29.7,-0.53,87,170,2024-10-18 14:50:09,52.1,0.77,40.3,DI water,60,40,90,90,15:15:19,67.24,31.42,0.24,1.15,0.48,340.39,304.58,273.39,274.3,353.93,0.9,-2096.06,-1875.51,-220.54
14:50:09,18/10/2024,67.5,67.1,67.1,67.5,67.0,32.1,31.9,32.0,29.7,-0.53,87,170,2024-10-18 14:50:09,52.1,0.77,40.3,DI water,60,40,90,90,15:15:19,67.24,31.42,0.24,1.15,0.48,340.39,304.58,273.39,274.3,353.93,0.9,-2096.06,-1875.51,-220.54
14:50:12,18/10/2024,67.5,67.2,67.2,67.6,67.0,32.1,31.9,32.0,29.7,-0.53,87,170,2024-10-18 14:50:12,52.1,0.77,40.3,DI water,60,40,90,90,15:15:19,67.3,31.42,0.24,1.15,0.48,340.45,304.58,273.39,274.3,353.93,0.9,-2096.42,-1875.51,-220.91
14:50:15,18/10/2024,67.5,67.2,67.2,67.6,67.0,32.1,31.9,32.0,29.7,-0.53,87,170,2024-10-18 14:50:15,52.2,0.77,40.4,DI water,60,40,90,90,15:15:19,67.3,31.42,0.24,1.15,0.48,340.45,304.58,273.39,274.3,353.93,0.9,-2096.42,-1875.51,-220.91
14:50:18,18/10/2024,67.5,67.2,67.2,67.6,67.0,32.1,31.9,32.0,29.7,-0.53,87,170,2024-10-18 14:50:18,52.2,0.77,40.4,DI water,60,40,90,90,15:15:19,67.3,31.42,0.24,1.15,0.48,340.45,304.58,273.39,274.3,353.93,0.9,-2096.42,-1875.51,-220.91
14:50:20,18/10/2024,67.7,67.2,67.3,67.7,67.2,32.1,31.9,32.0,29.7,-0.53,87,170,2024-10-18 14:50:20,52.2,0.77,40.4,DI water,60,40,90,90,15:15:19,67.42,31.42,0.26,1.15,0.48,340.57,304.58,273.41,274.3,353.93,0.9,-2097.16,-1875.51,-221.65
14:50:22,18/10/2024,67.7,67.2,67.3,67.7,67.2,32.1,31.9,32.0,29.7,-0.53,87,170,2024-10-18 14:50:22,52.2,0.77,40.3,DI water,60,40,90,90,15:15:19,67.42,31.42,0.26,1.15,0.48,340.57,304.58,273.41,274.3,353.93,0.9,-2097.16,-1875.51,-221.65
14:50:23,18/10/2024,67.7,67.2,67.3,67.7,67.2,32.1,31.9,32.0,29.7,-0.53,87,170,2024-10-18 14:50:23,52.2,0.77,40.3,DI water,60,40,90,90,15:15:19,67.42,31.42,0.26,1.15,0.48,340.57,304.58,273.41,274.3,353.93,0.9,-2097.16,-1875.51,-221.65
14:50:24,18/10/2024,67.7,67.3,67.4,67.8,67.2,32.1,31.9,32.0,29.7,-0.53,87,170,2024-10-18 14:50:24,52.2,0.77,40.4,DI water,60,40,90,90,15:15:19,67.48,31.42,0.26,1.15,0.48,340.63,304.58,273.41,274.3,353.93,0.9,-2097.53,-1875.51,-222.02
14:50:27,18/10/2024,67.7,67.3,67.4,67.8,67.2,32.1,31.9,32.0,29.7,-0.52,87,170,2024-10-18 14:50:27,52.2,0.77,40.4,DI water,60,40,90,90,15:15:19,67.48,31.42,0.26,1.15,0.49,340.63,304.58,273.41,274.3,353.93,0.9,-2039.5,-1823.62,-215.88
14:50:31,18/10/2024,67.7,67.3,67.4,67.8,67.2,32.1,31.9,32.0,29.7,-0.52,87,170,2024-10-18 14:50:31,52.2,0.77,40.4,DI water,60,40,90,90,15:15:19,67.48,31.42,0.26,1.15,0.49,340.63,304.58,273.41,274.3,353.93,0.9,-2039.5,-1823.62,-215.88
14:50:33,18/10/2024,67.8,67.4,67.6,67.9,67.3,32.1,31.9,32.0,29.7,-0.52,87,170,2024-10-18 14:50:33,52.2,0.77,40.4,DI water,60,40,90,90,15:15:19,67.6,31.42,0.25,1.15,0.49,340.75,304.58,273.4,274.3,353.93,0.9,-2040.22,-1823.62,-216.6
14:50:35,18/10/2024,67.8,67.4,67.6,67.9,67.3,32.1,31.9,32.0,29.7,-0.52,87,170,2024-10-18 14:50:35,52.2,0.77,40.4,DI water,60,40,90,90,15:15:19,67.6,31.42,0.25,1.15,0.49,340.75,304.58,273.4,274.3,353.93,0.9,-2040.22,-1823.62,-216.6
14:50:38,18/10/2024,67.8,67.4,67.6,67.9,67.3,32.1,31.9,32.0,29.7,-0.52,87,170,2024-10-18 14:50:38,52.2,0.77,40.4,DI water,60,40,90,90,15:15:19,67.6,31.42,0.25,1.15,0.49,340.75,304.58,273.4,274.3,353.93,0.9,-2040.22,-1823.62,-216.6
14:50:40,18/10/2024,67.9,67.5,67.7,67.9,67.4,32.1,31.9,32.0,29.7,-0.52,87,170,2024-10-18 14:50:40,52.2,0.77,40.3,DI water,60,40,90,90,15:15:19,67.68,31.42,0.23,1.15,0.49,340.83,304.58,273.38,274.3,353.93,0.91,-2040.7,-1823.62,-217.07
14:50:41,18/10/2024,67.9,67.5,67.7,67.9,67.4,32.1,31.9,32.0,29.7,-0.52,87,170,2024-10-18 14:50:41,52.2,0.77,40.3,DI water,60,40,90,90,15:15:19,67.68,31.42,0.23,1.15,0.49,340.83,304.58,273.38,274.3,353.93,0.91,-2040.7,-1823.62,-217.07
14:50:43,18/10/2024,67.9,67.5,67.7,67.9,67.4,32.1,31.9,32.0,29.7,-0.52,87,170,2024-10-18 14:50:43,52.1,0.77,40.3,DI water,60,40,90,90,15:15:19,67.68,31.42,0.23,1.15,0.49,340.83,304.58,273.38,274.3,353.93,0.91,-2040.7,-1823.62,-217.07
14:50:45,18/10/2024,67.9,67.5,67.7,68.0,67.5,32.1,31.9,32.0,29.7,-0.52,87,170,2024-10-18 14:50:45,52.1,0.77,40.3,DI water,60,40,90,90,15:15:19,67.72,31.42,0.23,1.15,0.49,340.87,304.58,273.38,274.3,353.93,0.91,-2040.94,-1823.62,-217.31
14:50:49,18/10/2024,67.9,67.5,67.7,68.0,67.5,32.1,31.9,32.0,29.7,-0.52,87,170,2024-10-18 14:50:49,52.1,0.77,40.3,DI water,60,40,90,90,15:15:19,67.72,31.42,0.23,1.15,0.49,340.87,304.58,273.38,274.3,353.93,0.91,-2040.94,-1823.62,-217.31
14:50:50,18/10/2024,67.9,67.5,67.7,68.0,67.5,32.1,31.9,32.0,29.7,-0.52,87,170,2024-10-18 14:50:50,52.1,0.77,40.3,DI water,60,40,90,90,15:15:19,67.72,31.42,0.23,1.15,0.49,340.87,304.58,273.38,274.3,353.93,0.91,-2040.94,-1823.62,-217.31
14:50:52,18/10/2024,68.0,67.6,67.7,68.1,67.5,32.1,31.9,32.0,29.7,-0.52,87,170,2024-10-18 14:50:52,52.1,0.77,40.3,DI water,60,40,90,90,15:15:19,67.78,31.42,0.26,1.15,0.49,340.93,304.58,273.41,274.3,353.93,0.91,-2041.29,-1823.62,-217.67
14:50:53,18/10/2024,68.0,67.6,67.7,68.1,67.5,32.1,32.0,32.1,29.7,-0.52,87,170,2024-10-18 14:50:53,52.2,0.77,40.4,DI water,60,40,90,90,15:15:19,67.78,31.48,0.26,1.18,0.49,340.93,304.62,273.41,274.33,353.93,0.91,-2041.29,-1823.92,-217.37
14:50:54,18/10/2024,68.0,67.6,67.7,68.1,67.5,32.1,32.0,32.1,29.7,-0.53,87,170,2024-10-18 14:50:54,52.2,0.77,40.4,DI water,60,40,90,90,15:15:19,67.78,31.48,0.26,1.18,0.48,340.93,304.62,273.41,274.33,353.93,0.91,-2099.38,-1875.82,-223.56
14:50:56,18/10/2024,68.0,67.6,67.7,68.1,67.5,32.1,32.0,32.1,29.7,-0.53,87,170,2024-10-18 14:50:56,52.2,0.77,40.3,DI water,60,40,90,90,15:15:19,67.78,31.48,0.26,1.18,0.48,340.93,304.62,273.41,274.33,353.93,0.91,-2099.38,-1875.82,-223.56
14:50:58,18/10/2024,68.0,67.6,67.7,68.1,67.5,32.1,32.0,32.1,29.7,-0.53,87,170,2024-10-18 14:50:58,52.2,0.77,40.3,DI water,60,40,90,90,15:15:19,67.78,31.48,0.26,1.18,0.48,340.93,304.62,273.41,274.33,353.93,0.91,-2099.38,-1875.82,-223.56
14:50:59,18/10/2024,68.2,67.8,67.9,68.3,67.7,32.1,32.0,32.1,29.7,-0.53,87,170,2024-10-18 14:50:59,52.2,0.77,40.3,DI water,60,40,90,90,15:15:19,67.98,31.48,0.26,1.18,0.48,341.13,304.62,273.41,274.33,353.93,0.91,-2100.61,-1875.82,-224.79
14:51:01,18/10/2024,68.2,67.8,67.9,68.3,67.7,32.2,32.0,32.1,29.7,-0.52,87,170,2024-10-18 14:51:01,52.2,0.77,40.3,DI water,60,40,90,90,15:15:19,67.98,31.5,0.26,1.2,0.49,341.13,304.65,273.41,274.35,353.93,0.91,-2042.49,-1824.07,-218.42
14:51:03,18/10/2024,68.2,67.8,67.9,68.3,67.7,32.2,32.0,32.1,29.7,-0.52,87,170,2024-10-18 14:51:03,52.2,0.77,40.3,DI water,60,40,90,90,15:15:19,67.98,31.5,0.26,1.2,0.49,341.13,304.65,273.41,274.35,353.93,0.91,-2042.49,-1824.07,-218.42
14:51:10,18/10/2024,68.2,67.8,67.9,68.3,67.7,32.2,32.0,32.1,29.7,-0.52,87,170,2024-10-18 14:51:10,52.1,0.77,40.3,DI water,60,40,90,90,15:15:19,67.98,31.5,0.26,1.2,0.49,341.13,304.65,273.41,274.35,353.93,0.91,-2042.49,-1824.07,-218.42
14:51:11,18/10/2024,68.3,67.9,67.9,68.4,67.8,32.2,32.0,32.1,29.7,-0.52,87,170,2024-10-18 14:51:11,52.1,0.77,40.3,DI water,60,40,90,90,15:15:19,68.06,31.5,0.27,1.2,0.49,341.21,304.65,273.42,274.35,353.93,0.91,-2042.97,-1824.07,-218.9
14:51:12,18/10/2024,68.3,67.9,67.9,68.4,67.8,32.2,31.9,32.1,29.7,-0.52,87,170,2024-10-18 14:51:12,52.2,0.77,40.3,DI water,60,40,90,90,15:15:19,68.06,31.48,0.27,1.19,0.49,341.21,304.62,273.42,274.34,353.93,0.91,-2042.97,-1823.92,-219.05
14:51:13,18/10/2024,68.3,67.9,67.9,68.4,67.8,32.2,31.9,32.1,29.7,-0.52,88,170,2024-10-18 14:51:13,52.2,0.77,40.3,DI water,60,40,90,90,15:15:19,68.06,31.48,0.27,1.19,0.49,341.21,304.62,273.42,274.34,353.93,0.91,-2042.97,-1823.92,-219.05
14:51:18,18/10/2024,68.4,68.0,67.9,68.5,67.9,32.2,31.9,32.1,29.7,-0.52,88,170,2024-10-18 14:51:18,52.1,0.77,40.3,DI water,60,40,90,90,15:15:19,68.14,31.48,0.29,1.19,0.49,341.29,304.62,273.44,274.34,353.93,0.92,-2043.45,-1823.92,-219.53
14:51:21,18/10/2024,68.4,68.0,67.9,68.5,67.9,32.2,31.9,32.1,29.8,-0.52,88,170,2024-10-18 14:51:21,52.1,0.77,40.3,DI water,60,40,90,90,15:15:19,68.14,31.5,0.29,1.14,0.49,341.29,304.65,273.44,274.29,353.93,0.92,-2043.45,-1824.07,-219.38
14:51:22,18/10/2024,68.4,68.0,67.9,68.5,67.9,32.2,31.9,32.1,29.8,-0.52,88,170,2024-10-18 14:51:22,52.1,0.77,40.2,DI water,60,40,90,90,15:15:19,68.14,31.5,0.29,1.14,0.49,341.29,304.65,273.44,274.29,353.93,0.92,-2043.45,-1824.07,-219.38
14:51:26,18/10/2024,68.4,68.0,67.9,68.5,67.9,32.2,31.9,32.1,29.8,-0.52,88,170,2024-10-18 14:51:26,52.4,0.77,40.6,DI water,60,40,90,90,15:15:19,68.14,31.5,0.29,1.14,0.49,341.29,304.65,273.44,274.29,353.93,0.92,-2043.45,-1824.07,-219.38
14:51:28,18/10/2024,68.5,68.1,68.1,68.6,68.0,32.2,31.9,32.1,29.7,-0.52,88,170,2024-10-18 14:51:28,52.3,0.77,40.6,DI water,60,40,90,90,15:15:19,68.26,31.48,0.27,1.19,0.49,341.41,304.62,273.42,274.34,353.93,0.92,-2044.17,-1823.92,-220.25
14:51:29,18/10/2024,68.5,68.1,68.1,68.6,68.0,32.2,31.9,32.1,29.7,-0.52,88,170,2024-10-18 14:51:29,52.3,0.77,40.6,DI water,60,40,90,90,15:15:19,68.26,31.48,0.27,1.19,0.49,341.41,304.62,273.42,274.34,353.93,0.92,-2044.17,-1823.92,-220.25
14:51:30,18/10/2024,68.5,68.1,68.1,68.6,68.0,32.2,31.9,32.1,29.7,-0.52,88,170,2024-10-18 14:51:30,52.3,0.77,40.5,DI water,60,40,90,90,15:15:19,68.26,31.48,0.27,1.19,0.49,341.41,304.62,273.42,274.34,353.93,0.92,-2044.17,-1823.92,-220.25
14:51:32,18/10/2024,68.5,68.1,68.1,68.6,68.0,32.2,31.9,32.1,29.7,-0.52,88,170,2024-10-18 14:51:32,52.3,0.77,40.7,DI water,60,40,90,90,15:15:19,68.26,31.48,0.27,1.19,0.49,341.41,304.62,273.42,274.34,353.93,0.92,-2044.17,-1823.92,-220.25
14:51:34,18/10/2024,68.5,68.1,68.2,68.7,68.1,32.1,31.9,32.1,29.7,-0.52,88,170,2024-10-18 14:51:34,52.4,0.77,40.7,DI water,60,40,90,90,15:15:19,68.32,31.45,0.27,1.17,0.49,341.47,304.6,273.42,274.32,353.93,0.92,-2044.53,-1823.77,-220.76
14:51:36,18/10/2024,68.5,68.1,68.2,68.7,68.1,32.1,31.9,32.0,29.7,-0.52,88,170,2024-10-18 14:51:36,52.3,0.77,40.6,DI water,60,40,90,90,15:15:19,68.32,31.42,0.27,1.15,0.49,341.47,304.58,273.42,274.3,353.93,0.92,-2044.53,-1823.62,-220.91
14:51:37,18/10/2024,68.5,68.1,68.2,68.7,68.1,32.1,31.9,32.0,29.7,-0.52,88,170,2024-10-18 14:51:37,52.3,0.77,40.6,DI water,60,40,90,90,15:15:19,68.32,31.42,0.27,1.15,0.49,341.47,304.58,273.42,274.3,353.93,0.92,-2044.53,-1823.62,-220.91
14:51:38,18/10/2024,68.5,68.1,68.2,68.7,68.1,32.1,31.9,32.0,29.7,-0.52,88,170,2024-10-18 14:51:38,52.4,0.78,40.6,DI water,60,40,90,90,15:15:19,68.32,31.42,0.27,1.15,0.49,341.47,304.58,273.42,274.3,353.93,0.92,-2044.53,-1823.62,-220.91
14:51:40,18/10/2024,68.6,68.1,68.2,68.7,68.1,32.1,31.9,32.0,29.7,-0.52,88,170,2024-10-18 14:51:40,52.4,0.78,40.6,DI water,60,40,90,90,15:15:19,68.34,31.42,0.29,1.15,0.49,341.49,304.58,273.44,274.3,353.93,0.92,-2044.65,-1823.62,-221.03
14:51:41,18/10/2024,68.6,68.2,68.3,68.8,68.2,32.1,31.9,32.0,29.7,-0.52,88,170,2024-10-18 14:51:41,52.3,0.77,40.6,DI water,60,40,90,90,15:15:19,68.42,31.42,0.27,1.15,0.49,341.57,304.58,273.42,274.3,353.93,0.92,-2045.13,-1823.62,-221.5
14:51:42,18/10/2024,68.6,68.2,68.3,68.8,68.2,32.1,31.9,32.0,29.7,-0.52,88,170,2024-10-18 14:51:42,52.4,0.78,40.6,DI water,60,40,90,90,15:15:19,68.42,31.42,0.27,1.15,0.49,341.57,304.58,273.42,274.3,353.93,0.92,-2045.13,-1823.62,-221.5
14:51:46,18/10/2024,68.6,68.2,68.3,68.8,68.2,32.1,31.9,32.0,29.7,-0.52,88,170,2024-10-18 14:51:46,52.3,0.77,40.6,DI water,60,40,90,90,15:15:19,68.42,31.42,0.27,1.15,0.49,341.57,304.58,273.42,274.3,353.93,0.92,-2045.13,-1823.62,-221.5
14:51:47,18/10/2024,68.6,68.2,68.3,68.8,68.2,32.1,31.9,32.0,29.7,-0.52,88,170,2024-10-18 14:51:47,52.4,0.78,40.7,DI water,60,40,90,90,15:15:19,68.42,31.42,0.27,1.15,0.49,341.57,304.58,273.42,274.3,353.93,0.92,-2045.13,-1823.62,-221.5
14:51:56,18/10/2024,68.8,68.4,68.4,68.9,68.2,32.1,31.9,32.0,29.7,-0.53,89,170,2024-10-18 14:51:56,52.4,0.77,40.6,DI water,60,40,90,90,15:15:19,68.54,31.42,0.3,1.15,0.48,341.69,304.58,273.45,274.3,353.93,0.93,-2104.06,-1875.51,-228.55
14:51:57,18/10/2024,68.8,68.4,68.4,68.9,68.2,32.1,31.9,32.0,29.7,-0.53,89,170,2024-10-18 14:51:57,52.4,0.78,40.6,DI water,60,40,90,90,15:15:19,68.54,31.42,0.3,1.15,0.48,341.69,304.58,273.45,274.3,353.93,0.93,-2104.06,-1875.51,-228.55
14:51:59,18/10/2024,68.9,68.5,68.5,69.0,68.4,32.1,31.9,32.0,29.7,-0.53,89,170,2024-10-18 14:51:59,52.4,0.77,40.6,DI water,60,40,90,90,15:15:19,68.66,31.42,0.27,1.15,0.48,341.81,304.58,273.42,274.3,353.93,0.93,-2104.8,-1875.51,-229.29
14:52:00,18/10/2024,68.9,68.5,68.5,69.0,68.4,32.1,32.0,32.2,29.7,-0.53,89,170,2024-10-18 14:52:00,52.4,0.78,40.6,DI water,60,40,90,90,15:15:19,68.66,31.5,0.27,1.2,0.48,341.81,304.65,273.42,274.35,353.93,0.93,-2104.8,-1875.98,-228.82
14:52:01,18/10/2024,68.9,68.5,68.5,69.0,68.4,32.1,32.0,32.2,29.7,-0.52,89,170,2024-10-18 14:52:01,52.4,0.78,40.6,DI water,60,40,90,90,15:15:19,68.66,31.5,0.27,1.2,0.49,341.81,304.65,273.42,274.35,353.93,0.93,-2046.56,-1824.07,-222.49
14:52:02,18/10/2024,68.9,68.5,68.5,69.0,68.4,32.1,32.0,32.2,29.7,-0.52,89,170,2024-10-18 14:52:02,52.4,0.78,40.7,DI water,60,40,90,90,15:15:19,68.66,31.5,0.27,1.2,0.49,341.81,304.65,273.42,274.35,353.93,0.93,-2046.56,-1824.07,-222.49
14:52:05,18/10/2024,68.9,68.5,68.6,69.0,68.5,32.3,32.0,32.2,29.7,-0.52,89,170,2024-10-18 14:52:05,52.4,0.78,40.7,DI water,60,40,90,90,15:15:19,68.7,31.55,0.23,1.24,0.49,341.85,304.7,273.38,274.39,353.93,0.93,-2046.8,-1824.37,-222.43
14:52:13,18/10/2024,68.9,68.5,68.6,69.0,68.5,32.3,32.0,32.2,29.7,-0.52,89,170,2024-10-18 14:52:13,52.4,0.78,40.7,DI water,60,40,90,90,15:15:19,68.7,31.55,0.23,1.24,0.49,341.85,304.7,273.38,274.39,353.93,0.93,-2046.8,-1824.37,-222.43
14:52:14,18/10/2024,68.9,68.5,68.6,69.0,68.5,32.3,32.0,32.2,29.7,-0.52,89,170,2024-10-18 14:52:14,52.4,0.77,40.6,DI water,60,40,90,90,15:15:19,68.7,31.55,0.23,1.24,0.49,341.85,304.7,273.38,274.39,353.93,0.93,-2046.8,-1824.37,-222.43
14:52:15,18/10/2024,69.1,68.7,68.7,69.1,68.7,32.3,32.0,32.2,29.7,-0.52,89,170,2024-10-18 14:52:15,52.3,0.77,40.6,DI water,60,40,90,90,15:15:19,68.86,31.55,0.22,1.24,0.49,342.01,304.7,273.37,274.39,353.93,0.93,-2047.76,-1824.37,-223.39
14:52:16,18/10/2024,69.1,68.7,68.7,69.1,68.7,32.3,32.0,32.2,29.7,-0.52,89,170,2024-10-18 14:52:16,52.3,0.77,40.6,DI water,60,40,90,90,15:15:19,68.86,31.55,0.22,1.24,0.49,342.01,304.7,273.37,274.39,353.93,0.93,-2047.76,-1824.37,-223.39
14:52:21,18/10/2024,69.1,68.7,68.7,69.1,68.7,32.3,32.0,32.2,29.7,-0.51,89,170,2024-10-18 14:52:21,52.3,0.77,40.6,DI water,60,40,90,90,15:15:19,68.86,31.55,0.22,1.24,0.5,342.01,304.7,273.37,274.39,353.93,0.93,-1990.66,-1773.5,-217.16
14:52:22,18/10/2024,69.1,68.7,68.9,69.3,68.7,32.3,32.0,32.2,29.7,-0.51,89,170,2024-10-18 14:52:22,52.3,0.77,40.5,DI water,60,40,90,90,15:15:19,68.94,31.55,0.26,1.24,0.5,342.09,304.7,273.41,274.39,353.93,0.93,-1991.13,-1773.5,-217.63
14:52:23,18/10/2024,69.1,68.7,68.9,69.3,68.7,32.2,32.0,32.2,29.7,-0.52,89,170,2024-10-18 14:52:23,52.3,0.77,40.5,DI water,60,40,90,90,15:15:19,68.94,31.52,0.26,1.22,0.49,342.09,304.67,273.41,274.37,353.93,0.94,-2048.24,-1824.22,-224.02
14:52:27,18/10/2024,69.1,68.7,68.9,69.3,68.7,32.2,32.0,32.2,29.7,-0.52,89,170,2024-10-18 14:52:27,52.2,0.77,40.5,DI water,60,40,90,90,15:15:19,68.94,31.52,0.26,1.22,0.49,342.09,304.67,273.41,274.37,353.93,0.94,-2048.24,-1824.22,-224.02
14:52:32,18/10/2024,69.2,68.8,68.9,69.3,69.3,32.2,32.0,32.2,29.7,-0.52,89,170,2024-10-18 14:52:32,52.3,0.77,40.5,DI water,60,40,90,90,15:15:19,69.1,31.52,0.23,1.22,0.49,342.25,304.67,273.38,274.37,353.93,0.94,-2049.2,-1824.22,-224.98
14:52:34,18/10/2024,69.2,68.8,68.9,69.3,69.3,32.2,32.0,32.1,29.7,-0.51,89,170,2024-10-18 14:52:34,52.3,0.77,40.5,DI water,60,40,90,90,15:15:19,69.1,31.5,0.23,1.2,0.5,342.25,304.65,273.38,274.35,353.93,0.94,-1992.06,-1773.21,-218.85
14:52:35,18/10/2024,69.2,68.8,68.9,69.3,69.3,32.2,32.0,32.1,29.7,-0.51,89,170,2024-10-18 14:52:35,52.3,0.77,40.5,DI water,60,40,90,90,15:15:19,69.1,31.5,0.23,1.2,0.5,342.25,304.65,273.38,274.35,353.93,0.94,-1992.06,-1773.21,-218.85
14:52:37,18/10/2024,69.2,68.8,68.9,69.3,69.3,32.2,32.0,32.1,29.7,-0.51,89,170,2024-10-18 14:52:37,52.3,0.77,40.6,DI water,60,40,90,90,15:15:19,69.1,31.5,0.23,1.2,0.5,342.25,304.65,273.38,274.35,353.93,0.94,-1992.06,-1773.21,-218.85
14:52:39,18/10/2024,69.2,68.8,68.9,69.3,69.3,32.2,32.0,32.1,29.7,-0.51,89,170,2024-10-18 14:52:39,52.3,0.77,40.6,DI water,60,40,90,90,15:15:19,69.1,31.5,0.23,1.2,0.5,342.25,304.65,273.38,274.35,353.93,0.94,-1992.06,-1773.21,-218.85
14:52:41,18/10/2024,69.3,68.9,69.0,69.5,69.5,32.2,32.0,32.1,29.7,-0.51,89,170,2024-10-18 14:52:41,52.3,0.77,40.6,DI water,60,40,90,90,15:15:19,69.24,31.5,0.28,1.2,0.5,342.39,304.65,273.43,274.35,353.93,0.94,-1992.87,-1773.21,-219.66
14:52:44,18/10/2024,69.3,68.9,69.0,69.5,69.5,32.2,32.0,32.1,29.7,-0.51,89,170,2024-10-18 14:52:44,52.3,0.77,40.6,DI water,60,40,90,90,15:15:19,69.24,31.5,0.28,1.2,0.5,342.39,304.65,273.43,274.35,353.93,0.94,-1992.87,-1773.21,-219.66
14:52:46,18/10/2024,69.3,68.9,69.0,69.5,69.5,32.2,32.0,32.1,29.7,-0.51,89,170,2024-10-18 14:52:46,52.3,0.77,40.5,DI water,60,40,90,90,15:15:19,69.24,31.5,0.28,1.2,0.5,342.39,304.65,273.43,274.35,353.93,0.94,-1992.87,-1773.21,-219.66
14:52:49,18/10/2024,69.5,69.1,69.1,69.6,69.5,32.2,32.0,32.1,29.7,-0.51,89,170,2024-10-18 14:52:49,52.3,0.77,40.5,DI water,60,40,90,90,15:15:19,69.36,31.5,0.24,1.2,0.5,342.51,304.65,273.39,274.35,353.93,0.95,-1993.57,-1773.21,-220.36
14:52:50,18/10/2024,69.5,69.1,69.1,69.6,69.5,32.2,32.0,32.1,29.7,-0.51,89,170,2024-10-18 14:52:50,52.3,0.77,40.5,DI water,60,40,90,90,15:15:19,69.36,31.5,0.24,1.2,0.5,342.51,304.65,273.39,274.35,353.93,0.95,-1993.57,-1773.21,-220.36
14:52:55,18/10/2024,69.5,69.1,69.1,69.6,69.5,32.2,32.0,32.1,29.7,-0.51,89,170,2024-10-18 14:52:55,52.3,0.77,40.5,DI water,60,40,90,90,15:15:19,69.36,31.5,0.24,1.2,0.5,342.51,304.65,273.39,274.35,353.93,0.95,-1993.57,-1773.21,-220.36
14:52:55,18/10/2024,69.5,69.1,69.1,69.6,69.5,32.2,32.0,32.1,29.7,-0.51,89,170,2024-10-18 14:52:55,52.2,0.77,40.5,DI water,60,40,90,90,15:15:19,69.36,31.5,0.24,1.2,0.5,342.51,304.65,273.39,274.35,353.93,0.95,-1993.57,-1773.21,-220.36
14:52:57,18/10/2024,69.6,69.2,69.2,69.6,69.5,32.2,32.0,32.1,29.7,-0.51,89,170,2024-10-18 14:52:57,52.2,0.77,40.5,DI water,60,40,90,90,15:15:19,69.42,31.5,0.2,1.2,0.5,342.57,304.65,273.35,274.35,353.93,0.95,-1993.92,-1773.21,-220.71
14:52:59,18/10/2024,69.6,69.2,69.2,69.6,69.5,32.2,32.0,32.1,29.7,-0.52,89,170,2024-10-18 14:52:59,52.2,0.77,40.5,DI water,60,40,90,90,15:15:19,69.42,31.5,0.2,1.2,0.49,342.57,304.65,273.35,274.35,353.93,0.95,-2051.11,-1824.07,-227.04
14:53:03,18/10/2024,69.6,69.2,69.2,69.6,69.5,32.2,32.0,32.1,29.7,-0.52,89,170,2024-10-18 14:53:03,52.3,0.77,40.6,DI water,60,40,90,90,15:15:19,69.42,31.5,0.2,1.2,0.49,342.57,304.65,273.35,274.35,353.93,0.95,-2051.11,-1824.07,-227.04
14:53:04,18/10/2024,69.6,69.2,69.2,69.6,69.5,32.2,32.0,32.1,29.7,-0.52,89,170,2024-10-18 14:53:04,52.4,0.78,40.6,DI water,60,40,90,90,15:15:19,69.42,31.5,0.2,1.2,0.49,342.57,304.65,273.35,274.35,353.93,0.95,-2051.11,-1824.07,-227.04
14:53:05,18/10/2024,69.7,69.3,69.3,69.8,69.5,32.2,32.0,32.1,29.7,-0.52,89,170,2024-10-18 14:53:05,52.4,0.77,40.6,DI water,60,40,90,90,15:15:19,69.52,31.5,0.23,1.2,0.49,342.67,304.65,273.38,274.35,353.93,0.95,-2051.71,-1824.07,-227.64
14:53:06,18/10/2024,69.7,69.3,69.3,69.8,69.5,32.2,32.1,32.2,29.7,-0.52,89,170,2024-10-18 14:53:06,52.4,0.77,40.6,DI water,60,40,90,90,15:15:19,69.52,31.55,0.23,1.23,0.49,342.67,304.7,273.38,274.38,353.93,0.95,-2051.71,-1824.37,-227.34
14:53:08,18/10/2024,69.7,69.3,69.3,69.8,69.5,32.2,32.1,32.2,29.7,-0.51,89,170,2024-10-18 14:53:08,52.4,0.77,40.7,DI water,60,40,90,90,15:15:19,69.52,31.55,0.23,1.23,0.5,342.67,304.7,273.38,274.38,353.93,0.95,-1994.5,-1773.5,-221.0
14:53:10,18/10/2024,69.7,69.3,69.3,69.8,69.5,32.2,32.1,32.2,29.7,-0.51,89,170,2024-10-18 14:53:10,52.3,0.77,40.6,DI water,60,40,90,90,15:15:19,69.52,31.55,0.23,1.23,0.5,342.67,304.7,273.38,274.38,353.93,0.95,-1994.5,-1773.5,-221.0
14:53:11,18/10/2024,69.7,69.3,69.3,69.8,69.5,32.2,32.1,32.2,29.7,-0.51,89,170,2024-10-18 14:53:11,52.3,0.77,40.6,DI water,60,40,90,90,15:15:19,69.52,31.55,0.23,1.23,0.5,342.67,304.7,273.38,274.38,353.93,0.95,-1994.5,-1773.5,-221.0
14:53:15,18/10/2024,69.8,69.4,69.4,69.8,69.5,32.2,32.1,32.2,29.7,-0.51,89,170,2024-10-18 14:53:15,52.3,0.77,40.6,DI water,60,40,90,90,15:15:19,69.58,31.55,0.2,1.23,0.5,342.73,304.7,273.35,274.38,353.93,0.95,-1994.85,-1773.5,-221.35
14:53:18,18/10/2024,69.8,69.4,69.4,69.8,69.5,32.2,32.1,32.2,29.7,-0.51,89,170,2024-10-18 14:53:18,52.3,0.77,40.5,DI water,60,40,90,90,15:15:19,69.58,31.55,0.2,1.23,0.5,342.73,304.7,273.35,274.38,353.93,0.95,-1994.85,-1773.5,-221.35
14:53:20,18/10/2024,69.8,69.4,69.4,69.8,69.5,32.2,32.1,32.2,29.7,-0.51,89,170,2024-10-18 14:53:20,52.3,0.77,40.5,DI water,60,40,90,90,15:15:19,69.58,31.55,0.2,1.23,0.5,342.73,304.7,273.35,274.38,353.93,0.95,-1994.85,-1773.5,-221.35
14:53:22,18/10/2024,69.9,69.4,69.5,70.0,69.6,32.2,32.1,32.2,29.7,-0.51,89,170,2024-10-18 14:53:22,52.3,0.77,40.6,DI water,60,40,90,90,15:15:19,69.68,31.55,0.26,1.23,0.5,342.83,304.7,273.41,274.38,353.93,0.95,-1995.43,-1773.5,-221.93
14:53:24,18/10/2024,69.9,69.4,69.5,70.0,69.6,32.2,32.1,32.2,29.7,-0.51,89,170,2024-10-18 14:53:24,52.3,0.77,40.5,DI water,60,40,90,90,15:15:19,69.68,31.55,0.26,1.23,0.5,342.83,304.7,273.41,274.38,353.93,0.95,-1995.43,-1773.5,-221.93
14:53:28,18/10/2024,69.9,69.4,69.5,70.0,69.6,32.2,32.1,32.2,29.7,-0.51,89,170,2024-10-18 14:53:28,52.3,0.77,40.5,DI water,60,40,90,90,15:15:19,69.68,31.55,0.26,1.23,0.5,342.83,304.7,273.41,274.38,353.93,0.95,-1995.43,-1773.5,-221.93
14:53:33,18/10/2024,70.0,69.5,69.6,70.1,69.6,32.3,32.1,32.2,29.7,-0.51,89,170,2024-10-18 14:53:33,52.3,0.77,40.5,DI water,60,40,90,90,15:15:19,69.76,31.58,0.27,1.25,0.5,342.91,304.72,273.42,274.4,353.93,0.95,-1995.9,-1773.64,-222.25
14:53:35,18/10/2024,70.0,69.5,69.6,70.1,69.6,32.3,32.1,32.2,29.7,-0.51,89,170,2024-10-18 14:53:35,52.3,0.77,40.5,DI water,60,40,90,90,15:15:19,69.76,31.58,0.27,1.25,0.5,342.91,304.72,273.42,274.4,353.93,0.95,-1995.9,-1773.64,-222.25
14:53:39,18/10/2024,70.0,69.5,69.6,70.1,69.6,32.3,32.1,32.2,29.7,-0.51,89,170,2024-10-18 14:53:39,52.3,0.77,40.5,DI water,60,40,90,90,15:15:19,69.76,31.58,0.27,1.25,0.5,342.91,304.72,273.42,274.4,353.93,0.95,-1995.9,-1773.64,-222.25
14:53:41,18/10/2024,70.0,69.5,69.6,70.1,69.6,32.3,32.1,32.2,29.7,-0.51,89,170,2024-10-18 14:53:41,52.2,0.77,40.5,DI water,60,40,90,90,15:15:19,69.76,31.58,0.27,1.25,0.5,342.91,304.72,273.42,274.4,353.93,0.95,-1995.9,-1773.64,-222.25
14:53:44,18/10/2024,70.1,69.7,69.8,70.2,69.4,32.3,32.0,32.2,29.7,-0.51,89,170,2024-10-18 14:53:44,52.3,0.77,40.5,DI water,60,40,90,90,15:15:19,69.84,31.55,0.32,1.24,0.5,342.99,304.7,273.47,274.39,353.93,0.96,-1996.37,-1773.5,-222.87
14:53:45,18/10/2024,70.1,69.7,69.8,70.2,69.4,32.3,32.0,32.2,29.7,-0.51,90,170,2024-10-18 14:53:45,52.3,0.77,40.5,DI water,60,40,90,90,15:15:19,69.84,31.55,0.32,1.24,0.5,342.99,304.7,273.47,274.39,353.93,0.96,-1996.37,-1773.5,-222.87
14:53:47,18/10/2024,70.1,69.7,69.8,70.2,69.4,32.3,32.0,32.2,29.7,-0.51,90,170,2024-10-18 14:53:47,52.3,0.77,40.5,DI water,60,40,90,90,15:15:19,69.84,31.55,0.32,1.24,0.5,342.99,304.7,273.47,274.39,353.93,0.96,-1996.37,-1773.5,-222.87
14:53:49,18/10/2024,70.1,69.7,69.8,70.2,69.4,32.3,32.0,32.2,29.7,-0.51,90,170,2024-10-18 14:53:49,52.3,0.77,40.5,DI water,60,40,90,90,15:15:19,69.84,31.55,0.32,1.24,0.5,342.99,304.7,273.47,274.39,353.93,0.96,-1996.37,-1773.5,-222.87
14:53:50,18/10/2024,70.2,69.8,69.8,70.3,69.4,32.3,32.0,32.2,29.7,-0.51,90,170,2024-10-18 14:53:50,52.2,0.77,40.5,DI water,60,40,90,90,15:15:19,69.9,31.55,0.36,1.24,0.5,343.05,304.7,273.51,274.39,353.93,0.96,-1996.71,-1773.5,-223.22
14:53:52,18/10/2024,70.2,69.8,69.8,70.3,69.5,32.3,32.0,32.2,29.8,-0.51,90,170,2024-10-18 14:53:52,52.2,0.77,40.5,DI water,60,40,90,90,15:15:19,69.92,31.58,0.33,1.19,0.5,343.07,304.72,273.48,274.34,353.93,0.96,-1996.83,-1773.64,-223.19
14:53:53,18/10/2024,70.2,69.8,69.8,70.3,69.5,32.3,32.0,32.2,29.8,-0.51,90,170,2024-10-18 14:53:53,52.3,0.77,40.5,DI water,60,40,90,90,15:15:19,69.92,31.58,0.33,1.19,0.5,343.07,304.72,273.48,274.34,353.93,0.96,-1996.83,-1773.64,-223.19
14:53:58,18/10/2024,70.2,69.8,69.8,70.3,69.5,32.3,32.0,32.2,29.8,-0.51,90,170,2024-10-18 14:53:58,52.3,0.77,40.5,DI water,60,40,90,90,15:15:19,69.92,31.58,0.33,1.19,0.5,343.07,304.72,273.48,274.34,353.93,0.96,-1996.83,-1773.64,-223.19
14:53:59,18/10/2024,70.2,69.8,69.8,70.3,69.5,32.3,32.0,32.2,29.8,-0.51,90,170,2024-10-18 14:53:59,52.3,0.77,40.4,DI water,60,40,90,90,15:15:19,69.92,31.58,0.33,1.19,0.5,343.07,304.72,273.48,274.34,353.93,0.96,-1996.83,-1773.64,-223.19
14:54:00,18/10/2024,70.4,69.9,69.9,70.3,69.5,32.3,32.0,32.2,29.8,-0.51,90,170,2024-10-18 14:54:00,52.3,0.77,40.5,DI water,60,40,90,90,15:15:19,70.0,31.58,0.36,1.19,0.5,343.15,304.72,273.51,274.34,353.93,0.96,-1997.3,-1773.64,-223.65
14:54:01,18/10/2024,70.4,69.9,69.9,70.3,69.5,32.3,32.0,32.2,29.8,-0.51,90,170,2024-10-18 14:54:01,52.2,0.77,40.4,DI water,60,40,90,90,15:15:19,70.0,31.58,0.36,1.19,0.5,343.15,304.72,273.51,274.34,353.93,0.96,-1997.3,-1773.64,-223.65
14:54:04,18/10/2024,70.4,69.9,69.9,70.3,69.5,32.3,32.0,32.2,29.8,-0.52,90,170,2024-10-18 14:54:04,52.3,0.77,40.5,DI water,60,40,90,90,15:15:19,70.0,31.58,0.36,1.19,0.49,343.15,304.72,273.51,274.34,353.93,0.96,-2054.59,-1824.52,-230.07
14:54:07,18/10/2024,70.4,69.9,69.9,70.3,69.5,32.3,32.0,32.2,29.8,-0.52,90,170,2024-10-18 14:54:07,52.2,0.77,40.5,DI water,60,40,90,90,15:15:19,70.0,31.58,0.36,1.19,0.49,343.15,304.72,273.51,274.34,353.93,0.96,-2054.59,-1824.52,-230.07
14:54:07,18/10/2024,70.4,69.9,69.9,70.3,69.5,32.3,32.0,32.2,29.8,-0.52,90,170,2024-10-18 14:54:07,52.2,0.77,40.5,DI water,60,40,90,90,15:15:19,70.0,31.58,0.36,1.19,0.49,343.15,304.72,273.51,274.34,353.93,0.96,-2054.59,-1824.52,-230.07
14:54:11,18/10/2024,70.4,70.0,70.0,70.4,69.6,32.3,32.0,32.2,29.8,-0.51,90,170,2024-10-18 14:54:11,52.2,0.77,40.5,DI water,60,40,90,90,15:15:19,70.08,31.58,0.33,1.19,0.5,343.23,304.72,273.48,274.34,353.93,0.96,-1997.76,-1773.64,-224.12
14:54:15,18/10/2024,70.4,70.0,70.0,70.4,69.6,32.3,32.0,32.2,29.8,-0.51,90,170,2024-10-18 14:54:15,52.2,0.77,40.4,DI water,60,40,90,90,15:15:19,70.08,31.58,0.33,1.19,0.5,343.23,304.72,273.48,274.34,353.93,0.96,-1997.76,-1773.64,-224.12
14:54:15,18/10/2024,70.4,70.0,70.0,70.4,69.6,32.3,32.0,32.2,29.8,-0.51,90,170,2024-10-18 14:54:15,52.2,0.77,40.4,DI water,60,40,90,90,15:15:19,70.08,31.58,0.33,1.19,0.5,343.23,304.72,273.48,274.34,353.93,0.96,-1997.76,-1773.64,-224.12
14:54:16,18/10/2024,70.5,70.1,70.1,70.5,69.6,32.3,32.0,32.2,29.8,-0.51,90,170,2024-10-18 14:54:16,52.2,0.77,40.4,DI water,60,40,90,90,15:15:19,70.16,31.58,0.37,1.19,0.5,343.31,304.72,273.52,274.34,353.93,0.96,-1998.23,-1773.64,-224.58
14:54:17,18/10/2024,70.5,70.1,70.1,70.5,69.6,32.3,32.0,32.2,29.8,-0.51,90,170,2024-10-18 14:54:17,52.2,0.77,40.4,DI water,60,40,90,90,15:15:19,70.16,31.58,0.37,1.19,0.5,343.31,304.72,273.52,274.34,353.93,0.96,-1998.23,-1773.64,-224.58
14:54:19,18/10/2024,70.5,70.1,70.1,70.5,69.6,32.3,32.0,32.2,29.7,-0.51,90,170,2024-10-18 14:54:19,52.2,0.77,40.4,DI water,60,40,90,90,15:15:19,70.16,31.55,0.37,1.24,0.5,343.31,304.7,273.52,274.39,353.93,0.97,-1998.23,-1773.5,-224.73
14:54:22,18/10/2024,70.5,70.1,70.1,70.5,69.6,32.3,32.0,32.2,29.7,-0.51,90,170,2024-10-18 14:54:22,52.2,0.77,40.5,DI water,60,40,90,90,15:15:19,70.16,31.55,0.37,1.24,0.5,343.31,304.7,273.52,274.39,353.93,0.97,-1998.23,-1773.5,-224.73
14:54:24,18/10/2024,70.5,70.1,70.1,70.5,69.6,32.3,32.0,32.2,29.7,-0.51,90,170,2024-10-18 14:54:24,52.2,0.77,40.5,DI water,60,40,90,90,15:15:19,70.16,31.55,0.37,1.24,0.5,343.31,304.7,273.52,274.39,353.93,0.97,-1998.23,-1773.5,-224.73
14:54:26,18/10/2024,70.6,70.2,70.1,70.6,69.7,32.4,32.0,32.2,29.8,-0.51,90,170,2024-10-18 14:54:26,52.3,0.77,40.5,DI water,60,40,90,90,15:15:19,70.24,31.6,0.38,1.21,0.5,343.39,304.75,273.53,274.36,353.93,0.97,-1998.69,-1773.79,-224.9
14:54:30,18/10/2024,70.6,70.2,70.1,70.6,69.7,32.4,32.0,32.2,29.8,-0.51,90,170,2024-10-18 14:54:30,52.2,0.77,40.5,DI water,60,40,90,90,15:15:19,70.24,31.6,0.38,1.21,0.5,343.39,304.75,273.53,274.36,353.93,0.97,-1998.69,-1773.79,-224.9
14:54:33,18/10/2024,70.6,70.2,70.1,70.6,69.7,32.4,32.0,32.2,29.8,-0.51,90,170,2024-10-18 14:54:33,52.3,0.77,40.5,DI water,60,40,90,90,15:15:19,70.24,31.6,0.38,1.21,0.5,343.39,304.75,273.53,274.36,353.93,0.97,-1998.69,-1773.79,-224.9
14:54:34,18/10/2024,70.7,70.2,70.3,70.8,70.0,32.4,32.0,32.2,29.8,-0.51,90,170,2024-10-18 14:54:34,52.2,0.77,40.4,DI water,60,40,90,90,15:15:19,70.4,31.6,0.34,1.21,0.5,343.55,304.75,273.49,274.36,353.93,0.97,-1999.62,-1773.79,-225.83
14:54:36,18/10/2024,70.7,70.2,70.3,70.8,70.0,32.4,32.2,32.3,29.8,-0.51,90,170,2024-10-18 14:54:36,52.3,0.77,40.5,DI water,60,40,90,90,15:15:19,70.4,31.67,0.34,1.25,0.5,343.55,304.82,273.49,274.4,353.93,0.97,-1999.62,-1774.23,-225.4
14:54:38,18/10/2024,70.7,70.2,70.3,70.8,70.0,32.4,32.2,32.3,29.8,-0.51,91,170,2024-10-18 14:54:38,52.2,0.77,40.4,DI water,60,40,90,90,15:15:19,70.4,31.67,0.34,1.25,0.5,343.55,304.82,273.49,274.4,353.93,0.97,-1999.62,-1774.23,-225.4
14:54:40,18/10/2024,70.7,70.2,70.3,70.8,70.0,32.4,32.2,32.3,29.8,-0.51,91,170,2024-10-18 14:54:40,52.3,0.77,40.5,DI water,60,40,90,90,15:15:19,70.4,31.67,0.34,1.25,0.5,343.55,304.82,273.49,274.4,353.93,0.97,-1999.62,-1774.23,-225.4
14:54:41,18/10/2024,70.7,70.2,70.3,70.8,70.0,32.4,32.2,32.3,29.8,-0.51,91,170,2024-10-18 14:54:41,52.3,0.77,40.5,DI water,60,40,90,90,15:15:19,70.4,31.67,0.34,1.25,0.5,343.55,304.82,273.49,274.4,353.93,0.97,-1999.62,-1774.23,-225.4
14:54:44,18/10/2024,70.8,70.3,70.4,70.9,70.3,32.4,32.2,32.3,29.8,-0.51,91,170,2024-10-18 14:54:44,52.3,0.77,40.5,DI water,60,40,90,90,15:15:19,70.54,31.67,0.29,1.25,0.5,343.69,304.82,273.44,274.4,353.93,0.97,-2000.44,-1774.23,-226.21
14:54:45,18/10/2024,70.8,70.3,70.4,70.9,70.3,32.4,32.2,32.3,29.8,-0.51,91,170,2024-10-18 14:54:45,52.3,0.77,40.5,DI water,60,40,90,90,15:15:19,70.54,31.67,0.29,1.25,0.5,343.69,304.82,273.44,274.4,353.93,0.97,-2000.44,-1774.23,-226.21
14:54:46,18/10/2024,70.8,70.3,70.4,70.9,70.3,32.4,32.2,32.3,29.8,-0.51,91,170,2024-10-18 14:54:46,52.3,0.77,40.5,DI water,60,40,90,90,15:15:19,70.54,31.67,0.29,1.25,0.5,343.69,304.82,273.44,274.4,353.93,0.97,-2000.44,-1774.23,-226.21
14:54:51,18/10/2024,70.8,70.3,70.4,70.9,70.3,32.4,32.2,32.3,29.8,-0.51,91,170,2024-10-18 14:54:51,52.3,0.77,40.5,DI water,60,40,90,90,15:15:19,70.54,31.67,0.29,1.25,0.5,343.69,304.82,273.44,274.4,353.93,0.97,-2000.44,-1774.23,-226.21
14:54:52,18/10/2024,70.9,70.5,70.5,71.0,69.9,32.4,32.2,32.3,29.8,-0.51,91,170,2024-10-18 14:54:52,52.3,0.77,40.5,DI water,60,40,90,90,15:15:19,70.56,31.67,0.43,1.25,0.5,343.71,304.82,273.58,274.4,353.93,0.97,-2000.56,-1774.23,-226.33
14:54:53,18/10/2024,70.9,70.5,70.5,71.0,69.9,32.4,32.2,32.3,29.8,-0.51,91,170,2024-10-18 14:54:53,52.3,0.77,40.5,DI water,60,40,90,90,15:15:19,70.56,31.67,0.43,1.25,0.5,343.71,304.82,273.58,274.4,353.93,0.97,-2000.56,-1774.23,-226.33
14:54:55,18/10/2024,70.9,70.5,70.5,71.0,69.9,32.4,32.2,32.3,29.8,-0.51,91,170,2024-10-18 14:54:55,52.3,0.77,40.6,DI water,60,40,90,90,15:15:19,70.56,31.67,0.43,1.25,0.5,343.71,304.82,273.58,274.4,353.93,0.97,-2000.56,-1774.23,-226.33
14:54:57,18/10/2024,70.9,70.5,70.5,71.0,69.9,32.4,32.2,32.3,29.8,-0.51,91,170,2024-10-18 14:54:57,52.3,0.77,40.6,DI water,60,40,90,90,15:15:19,70.56,31.67,0.43,1.25,0.5,343.71,304.82,273.58,274.4,353.93,0.97,-2000.56,-1774.23,-226.33
14:54:58,18/10/2024,70.9,70.5,70.5,71.0,69.9,32.4,32.2,32.3,29.8,-0.51,91,170,2024-10-18 14:54:58,52.3,0.77,40.6,DI water,60,40,90,90,15:15:19,70.56,31.67,0.43,1.25,0.5,343.71,304.82,273.58,274.4,353.93,0.97,-2000.56,-1774.23,-226.33
14:55:01,18/10/2024,71.0,70.6,70.6,71.1,70.0,32.4,32.2,32.3,29.8,-0.51,91,170,2024-10-18 14:55:01,52.3,0.77,40.6,DI water,60,40,90,90,15:15:19,70.66,31.67,0.43,1.25,0.5,343.81,304.82,273.58,274.4,353.93,0.97,-2001.14,-1774.23,-226.91
14:55:02,18/10/2024,71.0,70.6,70.6,71.1,70.0,32.4,32.2,32.3,29.8,-0.51,91,170,2024-10-18 14:55:02,52.3,0.77,40.6,DI water,60,40,90,90,15:15:19,70.66,31.67,0.43,1.25,0.5,343.81,304.82,273.58,274.4,353.93,0.97,-2001.14,-1774.23,-226.91
14:55:03,18/10/2024,71.0,70.6,70.6,71.1,70.0,32.4,32.2,32.3,29.8,-0.51,91,170,2024-10-18 14:55:03,52.4,0.77,40.6,DI water,60,40,90,90,15:15:19,70.66,31.67,0.43,1.25,0.5,343.81,304.82,273.58,274.4,353.93,0.97,-2001.14,-1774.23,-226.91
14:55:05,18/10/2024,71.1,70.6,70.6,71.1,70.0,32.4,32.2,32.3,29.8,-0.51,91,170,2024-10-18 14:55:05,52.4,0.77,40.6,DI water,60,40,90,90,15:15:19,70.68,31.67,0.45,1.25,0.5,343.83,304.82,273.6,274.4,353.93,0.98,-2001.25,-1774.23,-227.03
14:55:06,18/10/2024,71.1,70.6,70.6,71.1,70.3,32.4,32.2,32.3,29.8,-0.51,91,170,2024-10-18 14:55:06,52.4,0.77,40.6,DI water,60,40,90,90,15:15:19,70.74,31.67,0.35,1.25,0.5,343.89,304.82,273.5,274.4,353.93,0.98,-2001.6,-1774.23,-227.38
14:55:07,18/10/2024,71.1,70.6,70.6,71.1,70.3,32.4,32.2,32.3,29.8,-0.51,91,170,2024-10-18 14:55:07,52.4,0.78,40.7,DI water,60,40,90,90,15:15:19,70.74,31.67,0.35,1.25,0.5,343.89,304.82,273.5,274.4,353.93,0.98,-2001.6,-1774.23,-227.38
14:55:08,18/10/2024,71.1,70.6,70.6,71.1,70.3,32.4,32.2,32.3,29.8,-0.51,91,170,2024-10-18 14:55:08,52.4,0.78,40.7,DI water,60,40,90,90,15:15:19,70.74,31.67,0.35,1.25,0.5,343.89,304.82,273.5,274.4,353.93,0.98,-2001.6,-1774.23,-227.38
14:55:13,18/10/2024,71.1,70.6,70.6,71.1,70.3,32.4,32.2,32.3,29.8,-0.51,91,170,2024-10-18 14:55:13,52.4,0.77,40.7,DI water,60,40,90,90,15:15:19,70.74,31.67,0.35,1.25,0.5,343.89,304.82,273.5,274.4,353.93,0.98,-2001.6,-1774.23,-227.38
14:55:15,18/10/2024,71.1,70.7,70.7,71.1,70.5,32.3,32.2,32.3,29.8,-0.51,91,170,2024-10-18 14:55:15,52.4,0.77,40.7,DI water,60,40,90,90,15:15:19,70.82,31.65,0.27,1.23,0.5,343.97,304.8,273.42,274.38,353.93,0.98,-2002.07,-1774.08,-227.99
14:55:17,18/10/2024,71.1,70.7,70.7,71.1,70.5,32.3,32.2,32.3,29.8,-0.51,91,170,2024-10-18 14:55:17,52.4,0.77,40.6,DI water,60,40,90,90,15:15:19,70.82,31.65,0.27,1.23,0.5,343.97,304.8,273.42,274.38,353.93,0.98,-2002.07,-1774.08,-227.99
14:55:19,18/10/2024,71.1,70.7,70.7,71.1,70.5,32.3,32.2,32.3,29.8,-0.51,91,170,2024-10-18 14:55:19,52.4,0.77,40.6,DI water,60,40,90,90,15:15:19,70.82,31.65,0.27,1.23,0.5,343.97,304.8,273.42,274.38,353.93,0.98,-2002.07,-1774.08,-227.99
14:55:23,18/10/2024,71.1,70.7,70.7,71.1,70.5,32.3,32.2,32.3,29.8,-0.51,91,170,2024-10-18 14:55:23,52.3,0.77,40.6,DI water,60,40,90,90,15:15:19,70.82,31.65,0.27,1.23,0.5,343.97,304.8,273.42,274.38,353.93,0.98,-2002.07,-1774.08,-227.99
14:55:25,18/10/2024,71.1,70.7,70.7,71.1,70.5,32.3,32.2,32.3,29.8,-0.51,91,170,2024-10-18 14:55:25,52.4,0.78,40.6,DI water,60,40,90,90,15:15:19,70.82,31.65,0.27,1.23,0.5,343.97,304.8,273.42,274.38,353.93,0.98,-2002.07,-1774.08,-227.99
14:55:27,18/10/2024,71.3,70.8,70.8,71.3,70.7,32.3,32.2,32.3,29.8,-0.51,91,170,2024-10-18 14:55:27,52.3,0.77,40.6,DI water,60,40,90,90,15:15:19,70.98,31.65,0.29,1.23,0.5,344.13,304.8,273.44,274.38,353.93,0.98,-2003.0,-1774.08,-228.92
14:55:29,18/10/2024,71.3,70.8,70.8,71.3,70.7,32.3,32.1,32.2,29.8,-0.5,91,170,2024-10-18 14:55:29,52.3,0.77,40.6,DI water,60,40,90,90,15:15:19,70.98,31.6,0.29,1.2,0.51,344.13,304.75,273.44,274.35,353.93,0.98,-1946.68,-1723.91,-222.77
14:55:33,18/10/2024,71.3,70.8,70.8,71.3,70.7,32.3,32.1,32.2,29.8,-0.5,91,170,2024-10-18 14:55:33,52.3,0.77,40.5,DI water,60,40,90,90,15:15:19,70.98,31.6,0.29,1.2,0.51,344.13,304.75,273.44,274.35,353.93,0.98,-1946.68,-1723.91,-222.77
14:55:36,18/10/2024,71.3,70.8,70.8,71.3,70.7,32.3,32.1,32.2,29.8,-0.5,91,170,2024-10-18 14:55:36,52.2,0.77,40.5,DI water,60,40,90,90,15:15:19,70.98,31.6,0.29,1.2,0.51,344.13,304.75,273.44,274.35,353.93,0.98,-1946.68,-1723.91,-222.77
14:55:37,18/10/2024,71.4,70.9,71.0,71.4,70.8,32.3,32.1,32.2,29.8,-0.5,91,170,2024-10-18 14:55:37,52.3,0.77,40.5,DI water,60,40,90,90,15:15:19,71.1,31.6,0.28,1.2,0.51,344.25,304.75,273.43,274.35,353.93,0.99,-1947.36,-1723.91,-223.44
14:55:38,18/10/2024,71.4,70.9,71.0,71.4,70.8,32.3,32.2,32.2,29.8,-0.51,91,170,2024-10-18 14:55:38,52.3,0.77,40.5,DI water,60,40,90,90,15:15:19,71.1,31.62,0.28,1.22,0.5,344.25,304.77,273.43,274.37,353.93,0.99,-2003.7,-1773.94,-229.76
14:55:40,18/10/2024,71.4,70.9,71.0,71.4,70.8,32.3,32.2,32.2,29.8,-0.51,91,170,2024-10-18 14:55:40,52.3,0.77,40.5,DI water,60,40,90,90,15:15:19,71.1,31.62,0.28,1.22,0.5,344.25,304.77,273.43,274.37,353.93,0.99,-2003.7,-1773.94,-229.76
14:55:42,18/10/2024,71.4,70.9,71.0,71.4,70.8,32.3,32.2,32.2,29.8,-0.51,91,170,2024-10-18 14:55:42,52.3,0.77,40.5,DI water,60,40,90,90,15:15:19,71.1,31.62,0.28,1.22,0.5,344.25,304.77,273.43,274.37,353.93,0.99,-2003.7,-1773.94,-229.76
14:55:43,18/10/2024,71.4,70.9,71.0,71.4,70.8,32.3,32.2,32.2,29.8,-0.51,91,170,2024-10-18 14:55:43,52.3,0.77,40.5,DI water,60,40,90,90,15:15:19,71.1,31.62,0.28,1.22,0.5,344.25,304.77,273.43,274.37,353.93,0.99,-2003.7,-1773.94,-229.76
14:55:45,18/10/2024,71.4,70.9,71.0,71.4,70.8,32.3,32.2,32.2,29.8,-0.51,91,170,2024-10-18 14:55:45,52.3,0.77,40.5,DI water,60,40,90,90,15:15:19,71.1,31.62,0.28,1.22,0.5,344.25,304.77,273.43,274.37,353.93,0.99,-2003.7,-1773.94,-229.76
14:55:46,18/10/2024,71.5,71.0,71.1,71.5,70.8,32.3,32.2,32.2,29.8,-0.51,91,170,2024-10-18 14:55:46,52.3,0.77,40.5,DI water,60,40,90,90,15:15:19,71.18,31.62,0.31,1.22,0.5,344.33,304.77,273.46,274.37,353.93,0.99,-2004.16,-1773.94,-230.23
14:55:47,18/10/2024,71.5,71.0,71.1,71.5,70.9,32.3,32.1,32.2,29.8,-0.51,91,170,2024-10-18 14:55:47,52.3,0.77,40.5,DI water,60,40,90,90,15:15:19,71.2,31.6,0.28,1.2,0.5,344.35,304.75,273.43,274.35,353.93,0.99,-2004.28,-1773.79,-230.49
14:55:50,18/10/2024,71.5,71.0,71.1,71.5,70.9,32.3,32.1,32.2,29.8,-0.51,92,170,2024-10-18 14:55:50,52.3,0.77,40.5,DI water,60,40,90,90,15:15:19,71.2,31.6,0.28,1.2,0.5,344.35,304.75,273.43,274.35,353.93,0.99,-2004.28,-1773.79,-230.49
14:55:51,18/10/2024,71.5,71.0,71.1,71.5,70.9,32.3,32.1,32.2,29.8,-0.51,92,170,2024-10-18 14:55:51,52.3,0.77,40.5,DI water,60,40,90,90,15:15:19,71.2,31.6,0.28,1.2,0.5,344.35,304.75,273.43,274.35,353.93,0.99,-2004.28,-1773.79,-230.49
14:55:52,18/10/2024,71.5,71.0,71.1,71.5,70.9,32.3,32.1,32.2,29.8,-0.51,92,170,2024-10-18 14:55:52,52.3,0.77,40.5,DI water,60,40,90,90,15:15:19,71.2,31.6,0.28,1.2,0.5,344.35,304.75,273.43,274.35,353.93,0.99,-2004.28,-1773.79,-230.49
14:55:54,18/10/2024,71.5,71.1,71.2,71.6,71.0,32.3,32.1,32.2,29.8,-0.51,92,170,2024-10-18 14:55:54,52.3,0.77,40.6,DI water,60,40,90,90,15:15:19,71.28,31.6,0.26,1.2,0.5,344.43,304.75,273.41,274.35,353.93,0.99,-2004.75,-1773.79,-230.96
14:55:56,18/10/2024,71.5,71.1,71.2,71.6,71.0,32.3,32.1,32.2,29.8,-0.51,92,170,2024-10-18 14:55:56,52.3,0.77,40.6,DI water,60,40,90,90,15:15:19,71.28,31.6,0.26,1.2,0.5,344.43,304.75,273.41,274.35,353.93,0.99,-2004.75,-1773.79,-230.96
14:55:57,18/10/2024,71.5,71.1,71.2,71.6,71.0,32.3,32.1,32.2,29.8,-0.51,92,170,2024-10-18 14:55:57,52.3,0.77,40.6,DI water,60,40,90,90,15:15:19,71.28,31.6,0.26,1.2,0.5,344.43,304.75,273.41,274.35,353.93,0.99,-2004.75,-1773.79,-230.96
14:55:59,18/10/2024,71.6,71.1,71.2,71.6,71.0,32.3,32.1,32.2,29.8,-0.51,92,170,2024-10-18 14:55:59,52.3,0.77,40.6,DI water,60,40,90,90,15:15:19,71.3,31.6,0.28,1.2,0.5,344.45,304.75,273.43,274.35,353.93,0.99,-2004.86,-1773.79,-231.07
14:56:00,18/10/2024,71.6,71.1,71.3,71.7,71.1,32.3,32.1,32.2,29.8,-0.51,92,170,2024-10-18 14:56:00,52.3,0.77,40.6,DI water,60,40,90,90,15:15:19,71.36,31.6,0.28,1.2,0.5,344.51,304.75,273.43,274.35,353.93,0.99,-2005.21,-1773.79,-231.42
14:56:01,18/10/2024,71.6,71.1,71.3,71.7,71.1,32.3,32.1,32.2,29.8,-0.5,92,170,2024-10-18 14:56:01,52.3,0.77,40.6,DI water,60,40,90,90,15:15:19,71.36,31.6,0.28,1.2,0.51,344.51,304.75,273.43,274.35,353.93,0.99,-1948.83,-1723.91,-224.91
14:56:02,18/10/2024,71.6,71.1,71.3,71.7,71.1,32.3,32.1,32.2,29.8,-0.5,92,170,2024-10-18 14:56:02,52.4,0.77,40.6,DI water,60,40,90,90,15:15:19,71.36,31.6,0.28,1.2,0.51,344.51,304.75,273.43,274.35,353.93,0.99,-1948.83,-1723.91,-224.91
14:56:05,18/10/2024,71.6,71.1,71.3,71.7,71.1,32.3,32.1,32.2,29.8,-0.5,92,170,2024-10-18 14:56:05,52.4,0.77,40.6,DI water,60,40,90,90,15:15:19,71.36,31.6,0.28,1.2,0.51,344.51,304.75,273.43,274.35,353.93,0.99,-1948.83,-1723.91,-224.91
14:56:06,18/10/2024,71.6,71.1,71.3,71.7,71.1,32.3,32.1,32.2,29.8,-0.5,92,170,2024-10-18 14:56:06,52.4,0.77,40.6,DI water,60,40,90,90,15:15:19,71.36,31.6,0.28,1.2,0.51,344.51,304.75,273.43,274.35,353.93,0.99,-1948.83,-1723.91,-224.91
14:56:07,18/10/2024,71.8,71.3,71.3,71.8,71.1,32.3,32.1,32.2,29.8,-0.5,92,170,2024-10-18 14:56:07,52.3,0.77,40.6,DI water,60,40,90,90,15:15:19,71.46,31.6,0.32,1.2,0.51,344.61,304.75,273.47,274.35,353.93,1.0,-1949.39,-1723.91,-225.48
14:56:09,18/10/2024,71.8,71.3,71.3,71.8,71.1,32.3,32.1,32.2,29.8,-0.5,92,170,2024-10-18 14:56:09,52.3,0.77,40.5,DI water,60,40,90,90,15:15:19,71.46,31.6,0.32,1.2,0.51,344.61,304.75,273.47,274.35,353.93,1.0,-1949.39,-1723.91,-225.48
14:56:11,18/10/2024,71.8,71.3,71.3,71.8,71.1,32.3,32.1,32.2,29.8,-0.51,92,170,2024-10-18 14:56:11,52.3,0.77,40.5,DI water,60,40,90,90,15:15:19,71.46,31.6,0.32,1.2,0.5,344.61,304.75,273.47,274.35,353.93,1.0,-2005.79,-1773.79,-232.0
14:56:15,18/10/2024,71.8,71.3,71.3,71.8,71.1,32.3,32.1,32.2,29.8,-0.51,92,170,2024-10-18 14:56:15,52.3,0.77,40.5,DI water,60,40,90,90,15:15:19,71.46,31.6,0.32,1.2,0.5,344.61,304.75,273.47,274.35,353.93,1.0,-2005.79,-1773.79,-232.0
14:56:20,18/10/2024,71.9,71.5,71.5,71.9,71.3,32.3,32.1,32.2,29.8,-0.51,92,170,2024-10-18 14:56:20,52.4,0.77,40.6,DI water,60,40,90,90,15:15:19,71.62,31.6,0.27,1.2,0.5,344.77,304.75,273.42,274.35,353.93,1.0,-2006.73,-1773.79,-232.94
14:56:21,18/10/2024,71.9,71.5,71.5,71.9,71.3,32.3,32.1,32.2,29.8,-0.5,92,170,2024-10-18 14:56:21,52.3,0.77,40.6,DI water,60,40,90,90,15:15:19,71.62,31.6,0.27,1.2,0.51,344.77,304.75,273.42,274.35,353.93,1.0,-1950.3,-1723.91,-226.39
14:56:23,18/10/2024,71.9,71.5,71.5,71.9,71.3,32.3,32.1,32.2,29.8,-0.5,92,170,2024-10-18 14:56:23,52.4,0.77,40.7,DI water,60,40,90,90,15:15:19,71.62,31.6,0.27,1.2,0.51,344.77,304.75,273.42,274.35,353.93,1.0,-1950.3,-1723.91,-226.39
14:56:26,18/10/2024,71.9,71.5,71.5,71.9,71.3,32.3,32.1,32.2,29.8,-0.5,92,170,2024-10-18 14:56:26,52.4,0.77,40.7,DI water,60,40,90,90,15:15:19,71.62,31.6,0.27,1.2,0.51,344.77,304.75,273.42,274.35,353.93,1.0,-1950.3,-1723.91,-226.39
14:56:29,18/10/2024,72.0,71.5,71.5,72.0,71.4,32.3,32.2,32.3,29.8,-0.5,92,170,2024-10-18 14:56:29,52.4,0.78,40.7,DI water,60,40,90,90,15:15:19,71.68,31.65,0.29,1.23,0.51,344.83,304.8,273.44,274.38,353.93,1.0,-1950.64,-1724.2,-226.44
14:56:31,18/10/2024,72.0,71.5,71.5,72.0,71.4,32.3,32.2,32.3,29.8,-0.5,92,170,2024-10-18 14:56:31,52.4,0.78,40.7,DI water,60,40,90,90,15:15:19,71.68,31.65,0.29,1.23,0.51,344.83,304.8,273.44,274.38,353.93,1.0,-1950.64,-1724.2,-226.44
14:56:32,18/10/2024,72.0,71.5,71.5,72.0,71.4,32.3,32.2,32.3,29.8,-0.5,92,170,2024-10-18 14:56:32,52.4,0.78,40.7,DI water,60,40,90,90,15:15:19,71.68,31.65,0.29,1.23,0.51,344.83,304.8,273.44,274.38,353.93,1.0,-1950.64,-1724.2,-226.44
14:56:33,18/10/2024,72.0,71.5,71.5,72.0,71.4,32.3,32.2,32.3,29.8,-0.5,92,170,2024-10-18 14:56:33,52.4,0.78,40.7,DI water,60,40,90,90,15:15:19,71.68,31.65,0.29,1.23,0.51,344.83,304.8,273.44,274.38,353.93,1.0,-1950.64,-1724.2,-226.44
14:56:34,18/10/2024,72.0,71.5,71.5,72.0,71.4,32.3,32.2,32.3,29.8,-0.5,92,170,2024-10-18 14:56:34,52.4,0.78,40.7,DI water,60,40,90,90,15:15:19,71.68,31.65,0.29,1.23,0.51,344.83,304.8,273.44,274.38,353.93,1.0,-1950.64,-1724.2,-226.44
14:56:36,18/10/2024,72.1,71.6,71.6,72.1,71.4,32.3,32.2,32.3,29.8,-0.5,92,170,2024-10-18 14:56:36,52.4,0.78,40.7,DI water,60,40,90,90,15:15:19,71.76,31.65,0.32,1.23,0.51,344.91,304.8,273.47,274.38,353.93,1.0,-1951.09,-1724.2,-226.89
14:56:37,18/10/2024,72.1,71.6,71.6,72.1,71.4,32.3,32.2,32.3,29.8,-0.5,92,170,2024-10-18 14:56:37,52.4,0.78,40.7,DI water,60,40,90,90,15:15:19,71.76,31.65,0.32,1.23,0.51,344.91,304.8,273.47,274.38,353.93,1.0,-1951.09,-1724.2,-226.89
14:56:39,18/10/2024,72.1,71.6,71.6,72.1,71.4,32.3,32.2,32.3,29.7,-0.5,92,170,2024-10-18 14:56:39,52.4,0.78,40.8,DI water,60,40,90,90,15:15:19,71.76,31.62,0.32,1.28,0.51,344.91,304.77,273.47,274.43,353.93,1.0,-1951.09,-1724.05,-227.04
14:56:41,18/10/2024,72.1,71.6,71.6,72.1,71.4,32.3,32.2,32.3,29.7,-0.5,92,170,2024-10-18 14:56:41,52.4,0.78,40.7,DI water,60,40,90,90,15:15:19,71.76,31.62,0.32,1.28,0.51,344.91,304.77,273.47,274.43,353.93,1.0,-1951.09,-1724.05,-227.04
14:56:43,18/10/2024,72.1,71.6,71.6,72.1,71.4,32.3,32.2,32.3,29.7,-0.5,92,170,2024-10-18 14:56:43,52.4,0.78,40.7,DI water,60,40,90,90,15:15:19,71.76,31.62,0.32,1.28,0.51,344.91,304.77,273.47,274.43,353.93,1.0,-1951.09,-1724.05,-227.04
14:56:45,18/10/2024,72.1,71.7,71.6,72.2,71.6,32.4,32.2,32.3,29.8,-0.5,92,170,2024-10-18 14:56:45,52.4,0.78,40.7,DI water,60,40,90,90,15:15:19,71.84,31.67,0.29,1.25,0.51,344.99,304.82,273.44,274.4,353.93,1.0,-1951.54,-1724.34,-227.21
14:56:46,18/10/2024,72.1,71.7,71.6,72.2,71.6,32.4,32.2,32.3,29.8,-0.5,92,170,2024-10-18 14:56:46,52.5,0.78,40.7,DI water,60,40,90,90,15:15:19,71.84,31.67,0.29,1.25,0.51,344.99,304.82,273.44,274.4,353.93,1.0,-1951.54,-1724.34,-227.21
14:56:51,18/10/2024,72.1,71.7,71.6,72.2,71.6,32.4,32.2,32.3,29.8,-0.5,92,170,2024-10-18 14:56:51,52.4,0.77,40.6,DI water,60,40,90,90,15:15:19,71.84,31.67,0.29,1.25,0.51,344.99,304.82,273.44,274.4,353.93,1.0,-1951.54,-1724.34,-227.21
14:56:52,18/10/2024,72.2,71.7,71.8,72.3,71.6,32.4,32.2,32.3,29.8,-0.5,92,170,2024-10-18 14:56:52,52.4,0.77,40.6,DI water,60,40,90,90,15:15:19,71.92,31.67,0.31,1.25,0.51,345.07,304.82,273.46,274.4,353.93,1.01,-1952.0,-1724.34,-227.66
14:56:53,18/10/2024,72.2,71.7,71.8,72.3,71.7,32.4,32.2,32.3,29.8,-0.5,92,170,2024-10-18 14:56:53,52.4,0.77,40.7,DI water,60,40,90,90,15:15:19,71.94,31.67,0.29,1.25,0.51,345.09,304.82,273.44,274.4,353.93,1.01,-1952.11,-1724.34,-227.77
14:56:57,18/10/2024,72.2,71.7,71.8,72.3,71.7,32.4,32.2,32.3,29.8,-0.5,92,170,2024-10-18 14:56:57,52.4,0.78,40.7,DI water,60,40,90,90,15:15:19,71.94,31.67,0.29,1.25,0.51,345.09,304.82,273.44,274.4,353.93,1.01,-1952.11,-1724.34,-227.77
14:56:59,18/10/2024,72.2,71.7,71.8,72.3,71.7,32.4,32.2,32.3,29.8,-0.5,92,170,2024-10-18 14:56:59,52.4,0.78,40.7,DI water,60,40,90,90,15:15:19,71.94,31.67,0.29,1.25,0.51,345.09,304.82,273.44,274.4,353.93,1.01,-1952.11,-1724.34,-227.77
14:57:01,18/10/2024,72.3,71.9,71.9,72.4,71.8,32.4,32.2,32.3,29.8,-0.5,92,170,2024-10-18 14:57:01,52.4,0.78,40.7,DI water,60,40,90,90,15:15:19,72.06,31.67,0.27,1.25,0.51,345.21,304.82,273.42,274.4,353.93,1.01,-1952.79,-1724.34,-228.45
14:57:02,18/10/2024,72.3,71.9,71.9,72.4,71.8,32.4,32.2,32.3,29.8,-0.5,92,170,2024-10-18 14:57:02,52.4,0.78,40.7,DI water,60,40,90,90,15:15:19,72.06,31.67,0.27,1.25,0.51,345.21,304.82,273.42,274.4,353.93,1.01,-1952.79,-1724.34,-228.45
14:57:05,18/10/2024,72.3,71.9,71.9,72.4,71.8,32.4,32.2,32.3,29.8,-0.5,92,170,2024-10-18 14:57:05,52.4,0.78,40.7,DI water,60,40,90,90,15:15:19,72.06,31.67,0.27,1.25,0.51,345.21,304.82,273.42,274.4,353.93,1.01,-1952.79,-1724.34,-228.45
14:57:07,18/10/2024,72.3,71.9,71.9,72.4,71.8,32.4,32.2,32.3,29.8,-0.5,92,170,2024-10-18 14:57:07,52.4,0.78,40.7,DI water,60,40,90,90,15:15:19,72.06,31.67,0.27,1.25,0.51,345.21,304.82,273.42,274.4,353.93,1.01,-1952.79,-1724.34,-228.45
14:57:09,18/10/2024,72.4,71.9,72.0,72.5,71.9,32.4,32.2,32.3,29.8,-0.5,92,170,2024-10-18 14:57:09,52.4,0.78,40.7,DI water,60,40,90,90,15:15:19,72.14,31.67,0.29,1.25,0.51,345.29,304.82,273.44,274.4,353.93,1.01,-1953.24,-1724.34,-228.9
14:57:10,18/10/2024,72.4,71.9,72.0,72.5,71.9,32.4,32.2,32.3,29.8,-0.5,92,170,2024-10-18 14:57:10,52.4,0.78,40.7,DI water,60,40,90,90,15:15:19,72.14,31.67,0.29,1.25,0.51,345.29,304.82,273.44,274.4,353.93,1.01,-1953.24,-1724.34,-228.9
14:57:12,18/10/2024,72.4,71.9,72.0,72.5,71.9,32.4,32.2,32.3,29.8,-0.5,92,170,2024-10-18 14:57:12,52.4,0.78,40.7,DI water,60,40,90,90,15:15:19,72.14,31.67,0.29,1.25,0.51,345.29,304.82,273.44,274.4,353.93,1.01,-1953.24,-1724.34,-228.9
14:57:13,18/10/2024,72.4,71.9,72.0,72.5,71.9,32.4,32.2,32.3,29.8,-0.5,92,170,2024-10-18 14:57:13,52.4,0.78,40.7,DI water,60,40,90,90,15:15:19,72.14,31.67,0.29,1.25,0.51,345.29,304.82,273.44,274.4,353.93,1.01,-1953.24,-1724.34,-228.9
14:57:16,18/10/2024,72.4,71.9,72.0,72.5,71.9,32.4,32.2,32.3,29.8,-0.5,92,170,2024-10-18 14:57:16,52.4,0.78,40.7,DI water,60,40,90,90,15:15:19,72.14,31.67,0.29,1.25,0.51,345.29,304.82,273.44,274.4,353.93,1.01,-1953.24,-1724.34,-228.9
14:57:19,18/10/2024,72.5,72.1,72.1,72.6,71.9,32.4,32.2,32.3,29.8,-0.5,92,170,2024-10-18 14:57:19,52.4,0.78,40.7,DI water,60,40,90,90,15:15:19,72.24,31.67,0.3,1.25,0.51,345.39,304.82,273.45,274.4,353.93,1.01,-1953.81,-1724.34,-229.47
14:57:20,18/10/2024,72.5,72.1,72.1,72.6,71.9,32.4,32.2,32.3,29.8,-0.5,93,170,2024-10-18 14:57:20,52.4,0.78,40.7,DI water,60,40,90,90,15:15:19,72.24,31.67,0.3,1.25,0.51,345.39,304.82,273.45,274.4,353.93,1.01,-1953.81,-1724.34,-229.47
14:57:22,18/10/2024,72.5,72.1,72.1,72.6,71.9,32.4,32.2,32.3,29.8,-0.5,93,170,2024-10-18 14:57:22,52.4,0.77,40.7,DI water,60,40,90,90,15:15:19,72.24,31.67,0.3,1.25,0.51,345.39,304.82,273.45,274.4,353.93,1.01,-1953.81,-1724.34,-229.47
14:57:23,18/10/2024,72.5,72.1,72.1,72.6,71.9,32.4,32.2,32.3,29.8,-0.5,93,170,2024-10-18 14:57:23,52.3,0.77,40.6,DI water,60,40,90,90,15:15:19,72.24,31.67,0.3,1.25,0.51,345.39,304.82,273.45,274.4,353.93,1.01,-1953.81,-1724.34,-229.47
14:57:24,18/10/2024,72.6,72.1,72.1,72.7,71.9,32.4,32.2,32.3,29.8,-0.5,93,170,2024-10-18 14:57:24,52.4,0.77,40.7,DI water,60,40,90,90,15:15:19,72.28,31.67,0.35,1.25,0.51,345.43,304.82,273.5,274.4,353.93,1.02,-1954.03,-1724.34,-229.69
14:57:25,18/10/2024,72.6,72.1,72.1,72.7,72.0,32.4,32.2,32.3,29.8,-0.5,93,170,2024-10-18 14:57:25,52.4,0.77,40.7,DI water,60,40,90,90,15:15:19,72.3,31.67,0.32,1.25,0.51,345.45,304.82,273.47,274.4,353.93,1.02,-1954.14,-1724.34,-229.81
14:57:28,18/10/2024,72.6,72.1,72.1,72.7,72.0,32.4,32.2,32.3,29.8,-0.5,93,170,2024-10-18 14:57:28,52.4,0.78,40.7,DI water,60,40,90,90,15:15:19,72.3,31.67,0.32,1.25,0.51,345.45,304.82,273.47,274.4,353.93,1.02,-1954.14,-1724.34,-229.81
14:57:31,18/10/2024,72.6,72.2,72.2,72.7,72.1,32.4,32.2,32.3,29.8,-0.49,93,170,2024-10-18 14:57:31,52.4,0.78,40.7,DI water,60,40,90,90,15:15:19,72.36,31.67,0.27,1.25,0.52,345.51,304.82,273.42,274.4,353.93,1.02,-1899.03,-1675.41,-223.62
14:57:33,18/10/2024,72.6,72.2,72.2,72.7,72.1,32.4,32.2,32.3,29.8,-0.49,93,170,2024-10-18 14:57:33,52.4,0.78,40.7,DI water,60,40,90,90,15:15:19,72.36,31.67,0.27,1.25,0.52,345.51,304.82,273.42,274.4,353.93,1.02,-1899.03,-1675.41,-223.62
14:57:35,18/10/2024,72.6,72.2,72.2,72.7,72.1,32.4,32.2,32.3,29.8,-0.49,93,170,2024-10-18 14:57:35,52.4,0.77,40.7,DI water,60,40,90,90,15:15:19,72.36,31.67,0.27,1.25,0.52,345.51,304.82,273.42,274.4,353.93,1.02,-1899.03,-1675.41,-223.62
14:57:36,18/10/2024,72.7,72.3,72.3,72.8,72.1,32.4,32.2,32.3,29.8,-0.49,93,170,2024-10-18 14:57:36,52.4,0.78,40.7,DI water,60,40,90,90,15:15:19,72.44,31.67,0.3,1.25,0.52,345.59,304.82,273.45,274.4,353.93,1.02,-1899.47,-1675.41,-224.06
14:57:38,18/10/2024,72.7,72.3,72.3,72.8,72.1,32.4,32.2,32.3,29.8,-0.5,93,170,2024-10-18 14:57:38,52.4,0.77,40.6,DI water,60,40,90,90,15:15:19,72.44,31.67,0.3,1.25,0.51,345.59,304.82,273.45,274.4,353.93,1.02,-1954.94,-1724.34,-230.6
14:57:41,18/10/2024,72.8,72.3,72.3,72.8,72.2,32.4,32.2,32.3,29.8,-0.5,93,170,2024-10-18 14:57:41,52.3,0.77,40.5,DI water,60,40,90,90,15:15:19,72.48,31.67,0.29,1.25,0.51,345.63,304.82,273.44,274.4,353.93,1.02,-1955.16,-1724.34,-230.83
14:57:42,18/10/2024,72.8,72.3,72.3,72.8,72.2,32.4,32.2,32.3,29.8,-0.5,93,170,2024-10-18 14:57:42,52.3,0.77,40.5,DI water,60,40,90,90,15:15:19,72.48,31.67,0.29,1.25,0.51,345.63,304.82,273.44,274.4,353.93,1.02,-1955.16,-1724.34,-230.83
14:57:43,18/10/2024,72.8,72.3,72.3,72.8,72.2,32.4,32.2,32.3,29.8,-0.5,93,170,2024-10-18 14:57:43,52.3,0.77,40.5,DI water,60,40,90,90,15:15:19,72.48,31.67,0.29,1.25,0.51,345.63,304.82,273.44,274.4,353.93,1.02,-1955.16,-1724.34,-230.83
14:57:47,18/10/2024,72.8,72.3,72.3,72.8,72.2,32.4,32.2,32.3,29.8,-0.5,93,170,2024-10-18 14:57:47,52.3,0.77,40.5,DI water,60,40,90,90,15:15:19,72.48,31.67,0.29,1.25,0.51,345.63,304.82,273.44,274.4,353.93,1.02,-1955.16,-1724.34,-230.83
14:57:51,18/10/2024,72.8,72.4,72.4,72.9,72.3,32.4,32.1,32.3,29.8,-0.5,94,170,2024-10-18 14:57:51,52.3,0.77,40.5,DI water,60,40,90,90,15:15:19,72.56,31.65,0.27,1.24,0.51,345.71,304.8,273.42,274.39,353.93,1.02,-1955.62,-1724.2,-231.42
14:57:56,18/10/2024,72.9,72.4,72.5,73.0,72.3,32.4,32.1,32.3,29.8,-0.5,94,170,2024-10-18 14:57:56,52.3,0.77,40.4,DI water,60,40,90,90,15:15:19,72.62,31.65,0.31,1.24,0.51,345.77,304.8,273.46,274.39,353.93,1.02,-1955.96,-1724.2,-231.76
14:57:57,18/10/2024,72.9,72.4,72.5,73.0,72.3,32.4,32.1,32.3,29.8,-0.5,94,170,2024-10-18 14:57:57,52.3,0.77,40.5,DI water,60,40,90,90,15:15:19,72.62,31.65,0.31,1.24,0.51,345.77,304.8,273.46,274.39,353.93,1.02,-1955.96,-1724.2,-231.76
14:57:58,18/10/2024,72.9,72.4,72.5,73.0,72.3,32.4,32.1,32.3,29.8,-0.5,94,170,2024-10-18 14:57:58,52.3,0.77,40.5,DI water,60,40,90,90,15:15:19,72.62,31.65,0.31,1.24,0.51,345.77,304.8,273.46,274.39,353.93,1.02,-1955.96,-1724.2,-231.76
14:57:59,18/10/2024,72.9,72.4,72.5,73.0,72.3,32.4,32.1,32.3,29.8,-0.5,94,170,2024-10-18 14:57:59,52.3,0.77,40.5,DI water,60,40,90,90,15:15:19,72.62,31.65,0.31,1.24,0.51,345.77,304.8,273.46,274.39,353.93,1.02,-1955.96,-1724.2,-231.76
14:58:00,18/10/2024,72.9,72.4,72.5,73.0,72.3,32.4,32.1,32.3,29.8,-0.5,94,170,2024-10-18 14:58:00,52.3,0.77,40.5,DI water,60,40,90,90,15:15:19,72.62,31.65,0.31,1.24,0.51,345.77,304.8,273.46,274.39,353.93,1.02,-1955.96,-1724.2,-231.76
14:58:05,18/10/2024,73.0,72.5,72.5,73.0,72.4,32.3,32.2,32.3,29.8,-0.5,94,170,2024-10-18 14:58:05,52.3,0.77,40.5,DI water,60,40,90,90,15:15:19,72.68,31.65,0.29,1.23,0.51,345.83,304.8,273.44,274.38,353.93,1.03,-1956.29,-1724.2,-232.1
14:58:06,18/10/2024,73.0,72.5,72.5,73.0,72.4,32.3,32.2,32.4,29.8,-0.5,94,170,2024-10-18 14:58:06,52.3,0.77,40.5,DI water,60,40,90,90,15:15:19,72.68,31.68,0.29,1.25,0.51,345.83,304.82,273.44,274.4,353.93,1.03,-1956.29,-1724.34,-231.96
14:58:09,18/10/2024,73.0,72.5,72.5,73.0,72.4,32.3,32.2,32.4,29.8,-0.5,94,170,2024-10-18 14:58:09,52.3,0.77,40.5,DI water,60,40,90,90,15:15:19,72.68,31.68,0.29,1.25,0.51,345.83,304.82,273.44,274.4,353.93,1.03,-1956.29,-1724.34,-231.96
14:58:10,18/10/2024,73.0,72.5,72.5,73.0,72.4,32.3,32.2,32.4,29.8,-0.5,94,170,2024-10-18 14:58:10,52.3,0.77,40.5,DI water,60,40,90,90,15:15:19,72.68,31.68,0.29,1.25,0.51,345.83,304.82,273.44,274.4,353.93,1.03,-1956.29,-1724.34,-231.96
14:58:13,18/10/2024,73.1,72.6,72.7,73.2,72.5,32.4,32.2,32.3,29.8,-0.5,94,170,2024-10-18 14:58:13,52.3,0.77,40.5,DI water,60,40,90,90,15:15:19,72.82,31.67,0.31,1.25,0.51,345.97,304.82,273.46,274.4,353.93,1.03,-1957.09,-1724.34,-232.75
14:58:17,18/10/2024,73.1,72.6,72.7,73.2,72.5,32.4,32.2,32.3,29.8,-0.5,94,170,2024-10-18 14:58:17,52.3,0.77,40.5,DI water,60,40,90,90,15:15:19,72.82,31.67,0.31,1.25,0.51,345.97,304.82,273.46,274.4,353.93,1.03,-1957.09,-1724.34,-232.75
14:58:18,18/10/2024,73.1,72.6,72.8,73.3,72.6,32.4,32.2,32.3,29.8,-0.5,94,170,2024-10-18 14:58:18,52.3,0.77,40.4,DI water,60,40,90,90,15:15:19,72.88,31.67,0.31,1.25,0.51,346.03,304.82,273.46,274.4,353.93,1.03,-1957.43,-1724.34,-233.09
14:58:19,18/10/2024,73.1,72.6,72.8,73.3,72.6,32.3,32.2,32.4,29.8,-0.49,94,170,2024-10-18 14:58:19,52.3,0.77,40.5,DI water,60,40,90,90,15:15:19,72.88,31.68,0.31,1.25,0.52,346.03,304.82,273.46,274.4,353.93,1.03,-1901.89,-1675.41,-226.48
14:58:20,18/10/2024,73.1,72.6,72.8,73.3,72.6,32.3,32.2,32.4,29.8,-0.49,94,170,2024-10-18 14:58:20,52.3,0.77,40.4,DI water,60,40,90,90,15:15:19,72.88,31.68,0.31,1.25,0.52,346.03,304.82,273.46,274.4,353.93,1.03,-1901.89,-1675.41,-226.48
14:58:21,18/10/2024,73.1,72.6,72.8,73.3,72.6,32.3,32.2,32.4,29.8,-0.49,94,170,2024-10-18 14:58:21,52.3,0.77,40.5,DI water,60,40,90,90,15:15:19,72.88,31.68,0.31,1.25,0.52,346.03,304.82,273.46,274.4,353.93,1.03,-1901.89,-1675.41,-226.48
14:58:23,18/10/2024,73.2,72.6,72.8,73.3,72.6,32.3,32.2,32.4,29.8,-0.49,94,170,2024-10-18 14:58:23,52.3,0.77,40.5,DI water,60,40,90,90,15:15:19,72.9,31.68,0.33,1.25,0.52,346.05,304.82,273.48,274.4,353.93,1.03,-1902.0,-1675.41,-226.59
14:58:25,18/10/2024,73.2,72.7,72.8,73.3,72.6,32.3,32.2,32.3,29.8,-0.5,94,170,2024-10-18 14:58:25,52.3,0.77,40.5,DI water,60,40,90,90,15:15:19,72.92,31.65,0.31,1.23,0.51,346.07,304.8,273.46,274.38,353.93,1.03,-1957.65,-1724.2,-233.46
14:58:28,18/10/2024,73.2,72.7,72.8,73.3,72.6,32.3,32.2,32.3,29.8,-0.5,94,170,2024-10-18 14:58:28,52.2,0.77,40.4,DI water,60,40,90,90,15:15:19,72.92,31.65,0.31,1.23,0.51,346.07,304.8,273.46,274.38,353.93,1.03,-1957.65,-1724.2,-233.46
14:58:29,18/10/2024,73.2,72.7,72.9,73.4,72.6,32.3,32.2,32.3,29.8,-0.5,94,170,2024-10-18 14:58:29,52.3,0.77,40.5,DI water,60,40,90,90,15:15:19,72.96,31.65,0.34,1.23,0.51,346.11,304.8,273.49,274.38,353.93,1.03,-1957.88,-1724.2,-233.68
14:58:30,18/10/2024,73.2,72.7,72.9,73.4,72.6,32.3,32.2,32.3,29.8,-0.5,94,170,2024-10-18 14:58:30,52.2,0.77,40.4,DI water,60,40,90,90,15:15:19,72.96,31.65,0.34,1.23,0.51,346.11,304.8,273.49,274.38,353.93,1.03,-1957.88,-1724.2,-233.68
14:58:33,18/10/2024,73.2,72.7,72.9,73.4,72.6,32.3,32.2,32.3,29.8,-0.49,94,170,2024-10-18 14:58:33,52.3,0.77,40.4,DI water,60,40,90,90,15:15:19,72.96,31.65,0.34,1.23,0.52,346.11,304.8,273.49,274.38,353.93,1.03,-1902.33,-1675.27,-227.05
14:58:34,18/10/2024,73.2,72.7,72.9,73.4,72.6,32.3,32.2,32.3,29.8,-0.49,94,170,2024-10-18 14:58:34,52.2,0.77,40.4,DI water,60,40,90,90,15:15:19,72.96,31.65,0.34,1.23,0.52,346.11,304.8,273.49,274.38,353.93,1.03,-1902.33,-1675.27,-227.05
14:58:35,18/10/2024,73.3,72.8,73.0,73.5,72.8,32.3,32.2,32.3,29.8,-0.49,94,170,2024-10-18 14:58:35,52.2,0.77,40.4,DI water,60,40,90,90,15:15:19,73.08,31.65,0.31,1.23,0.52,346.23,304.8,273.46,274.38,353.93,1.04,-1902.98,-1675.27,-227.71
14:58:37,18/10/2024,73.3,72.8,73.0,73.5,72.8,32.4,32.2,32.3,29.8,-0.49,94,170,2024-10-18 14:58:37,52.2,0.77,40.4,DI water,60,40,90,90,15:15:19,73.08,31.67,0.31,1.25,0.52,346.23,304.82,273.46,274.4,353.93,1.04,-1902.98,-1675.41,-227.57
14:58:40,18/10/2024,73.3,72.8,73.0,73.5,72.8,32.4,32.2,32.3,29.8,-0.49,94,170,2024-10-18 14:58:40,52.2,0.77,40.3,DI water,60,40,90,90,15:15:19,73.08,31.67,0.31,1.25,0.52,346.23,304.82,273.46,274.4,353.93,1.04,-1902.98,-1675.41,-227.57
14:58:41,18/10/2024,73.3,72.8,73.0,73.5,72.8,32.4,32.2,32.3,29.8,-0.49,94,170,2024-10-18 14:58:41,52.2,0.77,40.3,DI water,60,40,90,90,15:15:19,73.08,31.67,0.31,1.25,0.52,346.23,304.82,273.46,274.4,353.93,1.04,-1902.98,-1675.41,-227.57
14:58:43,18/10/2024,73.3,72.8,73.0,73.5,72.8,32.4,32.2,32.3,29.8,-0.49,94,170,2024-10-18 14:58:43,52.2,0.77,40.3,DI water,60,40,90,90,15:15:19,73.08,31.67,0.31,1.25,0.52,346.23,304.82,273.46,274.4,353.93,1.04,-1902.98,-1675.41,-227.57
14:58:44,18/10/2024,73.3,72.8,73.0,73.5,72.8,32.4,32.2,32.3,29.8,-0.49,94,170,2024-10-18 14:58:44,52.2,0.77,40.4,DI water,60,40,90,90,15:15:19,73.08,31.67,0.31,1.25,0.52,346.23,304.82,273.46,274.4,353.93,1.04,-1902.98,-1675.41,-227.57
14:58:47,18/10/2024,73.4,72.9,73.0,73.5,72.9,32.4,32.2,32.3,29.8,-0.49,94,170,2024-10-18 14:58:47,52.2,0.77,40.4,DI water,60,40,90,90,15:15:19,73.14,31.67,0.29,1.25,0.52,346.29,304.82,273.44,274.4,353.93,1.04,-1903.31,-1675.41,-227.9
14:58:48,18/10/2024,73.4,72.9,73.0,73.5,72.9,32.4,32.2,32.3,29.8,-0.49,94,170,2024-10-18 14:58:48,52.2,0.77,40.3,DI water,60,40,90,90,15:15:19,73.14,31.67,0.29,1.25,0.52,346.29,304.82,273.44,274.4,353.93,1.04,-1903.31,-1675.41,-227.9
14:58:49,18/10/2024,73.4,72.9,73.0,73.5,72.9,32.4,32.2,32.3,29.8,-0.49,94,170,2024-10-18 14:58:49,52.2,0.77,40.4,DI water,60,40,90,90,15:15:19,73.14,31.67,0.29,1.25,0.52,346.29,304.82,273.44,274.4,353.93,1.04,-1903.31,-1675.41,-227.9
14:58:51,18/10/2024,73.5,73.0,73.0,73.5,72.9,32.4,32.2,32.3,29.8,-0.49,94,170,2024-10-18 14:58:51,52.2,0.77,40.3,DI water,60,40,90,90,15:15:19,73.18,31.67,0.29,1.25,0.52,346.33,304.82,273.44,274.4,353.93,1.04,-1903.53,-1675.41,-228.12
14:58:52,18/10/2024,73.5,73.0,73.1,73.6,72.9,32.4,32.2,32.3,29.8,-0.49,94,170,2024-10-18 14:58:52,52.2,0.77,40.3,DI water,60,40,90,90,15:15:19,73.22,31.67,0.31,1.25,0.52,346.37,304.82,273.46,274.4,353.93,1.04,-1903.75,-1675.41,-228.34
14:58:53,18/10/2024,73.5,73.0,73.1,73.6,72.9,32.4,32.2,32.3,29.8,-0.5,94,170,2024-10-18 14:58:53,52.2,0.77,40.3,DI water,60,40,90,90,15:15:19,73.22,31.67,0.31,1.25,0.51,346.37,304.82,273.46,274.4,353.93,1.04,-1959.35,-1724.34,-235.01
14:58:55,18/10/2024,73.5,73.0,73.1,73.6,72.9,32.4,32.2,32.3,29.8,-0.5,94,170,2024-10-18 14:58:55,52.2,0.77,40.4,DI water,60,40,90,90,15:15:19,73.22,31.67,0.31,1.25,0.51,346.37,304.82,273.46,274.4,353.93,1.04,-1959.35,-1724.34,-235.01
14:58:57,18/10/2024,73.6,73.0,73.1,73.6,73.0,32.4,32.2,32.3,29.8,-0.5,94,170,2024-10-18 14:58:57,52.1,0.77,40.3,DI water,60,40,90,90,15:15:19,73.26,31.67,0.31,1.25,0.51,346.41,304.82,273.46,274.4,353.93,1.04,-1959.58,-1724.34,-235.24
14:58:58,18/10/2024,73.6,73.0,73.1,73.6,73.0,32.4,32.2,32.3,29.8,-0.49,94,170,2024-10-18 14:58:58,52.2,0.77,40.3,DI water,60,40,90,90,15:15:19,73.26,31.67,0.31,1.25,0.52,346.41,304.82,273.46,274.4,353.93,1.04,-1903.97,-1675.41,-228.56
14:59:00,18/10/2024,73.6,73.0,73.1,73.6,73.0,32.4,32.2,32.3,29.8,-0.49,94,170,2024-10-18 14:59:00,52.2,0.77,40.2,DI water,60,40,90,90,15:15:19,73.26,31.67,0.31,1.25,0.52,346.41,304.82,273.46,274.4,353.93,1.04,-1903.97,-1675.41,-228.56
14:59:01,18/10/2024,73.6,73.0,73.1,73.6,73.0,32.4,32.2,32.3,29.8,-0.49,94,170,2024-10-18 14:59:01,52.2,0.77,40.2,DI water,60,40,90,90,15:15:19,73.26,31.67,0.31,1.25,0.52,346.41,304.82,273.46,274.4,353.93,1.04,-1903.97,-1675.41,-228.56
14:59:06,18/10/2024,73.6,73.1,73.2,73.7,73.1,32.4,32.2,32.3,29.8,-0.49,94,170,2024-10-18 14:59:06,52.1,0.77,40.3,DI water,60,40,90,90,15:15:19,73.34,31.67,0.29,1.25,0.52,346.49,304.82,273.44,274.4,353.93,1.04,-1904.41,-1675.41,-229.0
14:59:07,18/10/2024,73.6,73.1,73.2,73.7,73.1,32.4,32.2,32.3,29.8,-0.49,94,170,2024-10-18 14:59:07,52.1,0.77,40.2,DI water,60,40,90,90,15:15:19,73.34,31.67,0.29,1.25,0.52,346.49,304.82,273.44,274.4,353.93,1.04,-1904.41,-1675.41,-229.0
14:59:08,18/10/2024,73.6,73.1,73.2,73.7,73.1,32.4,32.2,32.3,29.8,-0.49,94,170,2024-10-18 14:59:08,52.1,0.77,40.2,DI water,60,40,90,90,15:15:19,73.34,31.67,0.29,1.25,0.52,346.49,304.82,273.44,274.4,353.93,1.04,-1904.41,-1675.41,-229.0
14:59:13,18/10/2024,73.6,73.1,73.2,73.7,73.1,32.4,32.2,32.3,29.8,-0.49,94,170,2024-10-18 14:59:13,52.1,0.77,40.3,DI water,60,40,90,90,15:15:19,73.34,31.67,0.29,1.25,0.52,346.49,304.82,273.44,274.4,353.93,1.04,-1904.41,-1675.41,-229.0
14:59:14,18/10/2024,73.7,73.2,73.3,73.8,73.2,32.4,32.2,32.3,29.8,-0.49,94,170,2024-10-18 14:59:14,52.1,0.77,40.2,DI water,60,40,90,90,15:15:19,73.44,31.67,0.29,1.25,0.52,346.59,304.82,273.44,274.4,353.93,1.04,-1904.96,-1675.41,-229.55
14:59:16,18/10/2024,73.7,73.2,73.3,73.8,73.2,32.4,32.2,32.3,29.8,-0.49,94,170,2024-10-18 14:59:16,52.1,0.77,40.1,DI water,60,40,90,90,15:15:19,73.44,31.67,0.29,1.25,0.52,346.59,304.82,273.44,274.4,353.93,1.04,-1904.96,-1675.41,-229.55
14:59:18,18/10/2024,73.7,73.2,73.3,73.8,73.2,32.4,32.2,32.3,29.8,-0.49,94,170,2024-10-18 14:59:18,52.1,0.77,40.2,DI water,60,40,90,90,15:15:19,73.44,31.67,0.29,1.25,0.52,346.59,304.82,273.44,274.4,353.93,1.04,-1904.96,-1675.41,-229.55
14:59:19,18/10/2024,73.7,73.2,73.3,73.8,73.2,32.4,32.2,32.3,29.8,-0.49,94,170,2024-10-18 14:59:19,52.1,0.77,40.2,DI water,60,40,90,90,15:15:19,73.44,31.67,0.29,1.25,0.52,346.59,304.82,273.44,274.4,353.93,1.04,-1904.96,-1675.41,-229.55
14:59:21,18/10/2024,73.8,73.2,73.3,73.8,73.2,32.4,32.2,32.3,29.8,-0.49,94,170,2024-10-18 14:59:21,52.1,0.77,40.3,DI water,60,40,90,90,15:15:19,73.46,31.67,0.31,1.25,0.52,346.61,304.82,273.46,274.4,353.93,1.04,-1905.07,-1675.41,-229.66
14:59:22,18/10/2024,73.8,73.3,73.4,73.9,73.2,32.4,32.2,32.3,29.8,-0.49,94,170,2024-10-18 14:59:22,52.1,0.77,40.3,DI water,60,40,90,90,15:15:19,73.52,31.67,0.31,1.25,0.52,346.67,304.82,273.46,274.4,353.93,1.05,-1905.4,-1675.41,-229.99
14:59:23,18/10/2024,73.8,73.3,73.4,73.9,73.2,32.4,32.2,32.3,29.8,-0.49,94,170,2024-10-18 14:59:23,52.1,0.77,40.3,DI water,60,40,90,90,15:15:19,73.52,31.67,0.31,1.25,0.52,346.67,304.82,273.46,274.4,353.93,1.05,-1905.4,-1675.41,-229.99
14:59:26,18/10/2024,73.8,73.3,73.4,73.9,73.2,32.4,32.2,32.3,29.8,-0.49,94,170,2024-10-18 14:59:26,52.1,0.77,40.2,DI water,60,40,90,90,15:15:19,73.52,31.67,0.31,1.25,0.52,346.67,304.82,273.46,274.4,353.93,1.05,-1905.4,-1675.41,-229.99
14:59:28,18/10/2024,73.8,73.3,73.4,73.9,73.2,32.4,32.2,32.3,29.8,-0.49,94,170,2024-10-18 14:59:28,52.1,0.77,40.2,DI water,60,40,90,90,15:15:19,73.52,31.67,0.31,1.25,0.52,346.67,304.82,273.46,274.4,353.93,1.05,-1905.4,-1675.41,-229.99
14:59:29,18/10/2024,73.8,73.3,73.4,73.9,73.2,32.4,32.2,32.3,29.8,-0.49,94,170,2024-10-18 14:59:29,52.1,0.77,40.2,DI water,60,40,90,90,15:15:19,73.52,31.67,0.31,1.25,0.52,346.67,304.82,273.46,274.4,353.93,1.05,-1905.4,-1675.41,-229.99
14:59:30,18/10/2024,73.9,73.4,73.5,74.0,73.3,32.4,32.2,32.3,29.8,-0.49,94,170,2024-10-18 14:59:30,52.1,0.77,40.2,DI water,60,40,90,90,15:15:19,73.62,31.67,0.31,1.25,0.52,346.77,304.82,273.46,274.4,353.93,1.05,-1905.95,-1675.41,-230.54
14:59:32,18/10/2024,73.9,73.4,73.5,74.0,73.3,32.4,32.2,32.3,29.8,-0.49,94,170,2024-10-18 14:59:32,52.1,0.77,40.3,DI water,60,40,90,90,15:15:19,73.62,31.67,0.31,1.25,0.52,346.77,304.82,273.46,274.4,353.93,1.05,-1905.95,-1675.41,-230.54
14:59:34,18/10/2024,73.9,73.4,73.5,74.0,73.3,32.4,32.2,32.3,29.8,-0.49,95,170,2024-10-18 14:59:34,52.1,0.77,40.3,DI water,60,40,90,90,15:15:19,73.62,31.67,0.31,1.25,0.52,346.77,304.82,273.46,274.4,353.93,1.05,-1905.95,-1675.41,-230.54
14:59:36,18/10/2024,73.9,73.4,73.5,74.0,73.3,32.4,32.2,32.3,29.8,-0.49,95,170,2024-10-18 14:59:36,52.1,0.77,40.2,DI water,60,40,90,90,15:15:19,73.62,31.67,0.31,1.25,0.52,346.77,304.82,273.46,274.4,353.93,1.05,-1905.95,-1675.41,-230.54
14:59:39,18/10/2024,73.9,73.4,73.6,74.1,73.4,32.4,32.2,32.3,29.8,-0.48,95,170,2024-10-18 14:59:39,52.1,0.77,40.2,DI water,60,40,90,90,15:15:19,73.68,31.67,0.31,1.25,0.53,346.83,304.82,273.46,274.4,353.93,1.05,-1851.67,-1627.41,-224.26
14:59:40,18/10/2024,73.9,73.4,73.6,74.1,73.4,32.4,32.2,32.3,29.8,-0.48,95,170,2024-10-18 14:59:40,52.1,0.77,40.2,DI water,60,40,90,90,15:15:19,73.68,31.67,0.31,1.25,0.53,346.83,304.82,273.46,274.4,353.93,1.05,-1851.67,-1627.41,-224.26
14:59:41,18/10/2024,73.9,73.4,73.6,74.1,73.4,32.4,32.2,32.3,29.8,-0.48,95,170,2024-10-18 14:59:41,52.1,0.77,40.2,DI water,60,40,90,90,15:15:19,73.68,31.67,0.31,1.25,0.53,346.83,304.82,273.46,274.4,353.93,1.05,-1851.67,-1627.41,-224.26
14:59:44,18/10/2024,73.9,73.4,73.6,74.1,73.4,32.4,32.2,32.3,29.8,-0.48,95,170,2024-10-18 14:59:44,52.1,0.77,40.3,DI water,60,40,90,90,15:15:19,73.68,31.67,0.31,1.25,0.53,346.83,304.82,273.46,274.4,353.93,1.05,-1851.67,-1627.41,-224.26
14:59:46,18/10/2024,73.9,73.4,73.6,74.1,73.4,32.4,32.2,32.3,29.8,-0.48,95,170,2024-10-18 14:59:46,52.1,0.77,40.2,DI water,60,40,90,90,15:15:19,73.68,31.67,0.31,1.25,0.53,346.83,304.82,273.46,274.4,353.93,1.05,-1851.67,-1627.41,-224.26
14:59:48,18/10/2024,74.0,73.5,73.7,74.2,73.5,32.4,32.2,32.3,29.8,-0.49,95,170,2024-10-18 14:59:48,52.1,0.77,40.2,DI water,60,40,90,90,15:15:19,73.78,31.67,0.31,1.25,0.52,346.93,304.82,273.46,274.4,353.93,1.05,-1906.83,-1675.41,-231.42
14:59:49,18/10/2024,74.0,73.5,73.7,74.2,73.5,32.4,32.2,32.3,29.8,-0.49,95,170,2024-10-18 14:59:49,52.1,0.77,40.2,DI water,60,40,90,90,15:15:19,73.78,31.67,0.31,1.25,0.52,346.93,304.82,273.46,274.4,353.93,1.05,-1906.83,-1675.41,-231.42
14:59:51,18/10/2024,74.0,73.5,73.7,74.2,73.5,32.4,32.2,32.3,29.8,-0.49,95,170,2024-10-18 14:59:51,52.1,0.77,40.2,DI water,60,40,90,90,15:15:19,73.78,31.67,0.31,1.25,0.52,346.93,304.82,273.46,274.4,353.93,1.05,-1906.83,-1675.41,-231.42
14:59:52,18/10/2024,74.0,73.5,73.7,74.2,73.5,32.4,32.2,32.3,29.8,-0.49,95,170,2024-10-18 14:59:52,52.1,0.77,40.2,DI water,60,40,90,90,15:15:19,73.78,31.67,0.31,1.25,0.52,346.93,304.82,273.46,274.4,353.93,1.05,-1906.83,-1675.41,-231.42
14:59:56,18/10/2024,74.1,73.6,73.7,74.2,73.5,32.4,32.3,32.4,29.9,-0.49,95,170,2024-10-18 14:59:56,52.1,0.77,40.2,DI water,60,40,90,90,15:15:19,73.82,31.75,0.31,1.23,0.52,346.97,304.9,273.46,274.38,353.93,1.05,-1907.05,-1675.82,-231.23
14:59:58,18/10/2024,74.1,73.6,73.7,74.2,73.5,32.4,32.3,32.4,29.9,-0.49,95,170,2024-10-18 14:59:58,52.1,0.77,40.2,DI water,60,40,90,90,15:15:19,73.82,31.75,0.31,1.23,0.52,346.97,304.9,273.46,274.38,353.93,1.05,-1907.05,-1675.82,-231.23
15:00:04,18/10/2024,74.1,73.7,73.8,74.3,73.6,32.4,32.3,32.4,29.8,-0.48,95,170,2024-10-18 15:00:04,52.1,0.77,40.3,DI water,60,40,90,90,15:15:19,73.9,31.72,0.29,1.28,0.53,347.05,304.88,273.44,274.43,353.93,1.05,-1852.84,-1627.68,-225.17
15:00:07,18/10/2024,74.1,73.7,73.8,74.3,73.6,32.4,32.3,32.4,29.8,-0.48,95,170,2024-10-18 15:00:07,52.1,0.77,40.3,DI water,60,40,90,90,15:15:19,73.9,31.72,0.29,1.28,0.53,347.05,304.88,273.44,274.43,353.93,1.05,-1852.84,-1627.68,-225.17
15:00:08,18/10/2024,74.1,73.7,73.8,74.3,73.6,32.4,32.3,32.4,29.8,-0.48,95,170,2024-10-18 15:00:08,52.1,0.77,40.2,DI water,60,40,90,90,15:15:19,73.9,31.72,0.29,1.28,0.53,347.05,304.88,273.44,274.43,353.93,1.05,-1852.84,-1627.68,-225.17
15:00:12,18/10/2024,74.2,73.8,73.9,74.5,73.7,32.4,32.3,32.4,29.8,-0.49,95,170,2024-10-18 15:00:12,52.1,0.77,40.2,DI water,60,40,90,90,15:15:19,74.02,31.72,0.33,1.28,0.52,347.17,304.88,273.48,274.43,353.93,1.06,-1908.15,-1675.69,-232.47
15:00:14,18/10/2024,74.2,73.8,73.9,74.5,73.7,32.4,32.3,32.4,29.8,-0.49,95,170,2024-10-18 15:00:14,52.1,0.77,40.3,DI water,60,40,90,90,15:15:19,74.02,31.72,0.33,1.28,0.52,347.17,304.88,273.48,274.43,353.93,1.06,-1908.15,-1675.69,-232.47
15:00:15,18/10/2024,74.2,73.8,73.9,74.5,73.7,32.4,32.3,32.4,29.8,-0.49,95,170,2024-10-18 15:00:15,52.1,0.77,40.3,DI water,60,40,90,90,15:15:19,74.02,31.72,0.33,1.28,0.52,347.17,304.88,273.48,274.43,353.93,1.06,-1908.15,-1675.69,-232.47
15:00:18,18/10/2024,74.2,73.8,74.0,74.5,73.7,32.4,32.3,32.4,29.8,-0.49,96,170,2024-10-18 15:00:18,52.1,0.77,40.2,DI water,60,40,90,90,15:15:19,74.04,31.72,0.32,1.28,0.52,347.19,304.88,273.47,274.43,353.93,1.06,-1908.26,-1675.69,-232.58
15:00:19,18/10/2024,74.3,73.8,74.0,74.5,73.7,32.4,32.3,32.4,29.8,-0.49,96,170,2024-10-18 15:00:19,52.1,0.77,40.3,DI water,60,40,90,90,15:15:19,74.06,31.72,0.34,1.28,0.52,347.21,304.88,273.49,274.43,353.93,1.06,-1908.37,-1675.69,-232.69
15:00:21,18/10/2024,74.3,73.8,74.0,74.6,73.9,32.5,32.3,32.5,29.8,-0.49,96,170,2024-10-18 15:00:21,52.1,0.77,40.3,DI water,60,40,90,90,15:15:19,74.12,31.78,0.33,1.32,0.52,347.27,304.92,273.48,274.47,353.93,1.06,-1908.7,-1675.96,-232.74
15:00:22,18/10/2024,74.3,73.8,74.0,74.6,73.9,32.5,32.3,32.5,29.8,-0.49,96,170,2024-10-18 15:00:22,52.1,0.77,40.2,DI water,60,40,90,90,15:15:19,74.12,31.78,0.33,1.32,0.52,347.27,304.92,273.48,274.47,353.93,1.06,-1908.7,-1675.96,-232.74
15:00:23,18/10/2024,74.3,73.8,74.0,74.6,73.9,32.5,32.3,32.5,29.8,-0.49,96,170,2024-10-18 15:00:23,52.1,0.77,40.2,DI water,60,40,90,90,15:15:19,74.12,31.78,0.33,1.32,0.52,347.27,304.92,273.48,274.47,353.93,1.06,-1908.7,-1675.96,-232.74
15:00:25,18/10/2024,74.3,73.8,74.0,74.6,73.9,32.5,32.3,32.5,29.8,-0.49,96,170,2024-10-18 15:00:25,52.1,0.77,40.1,DI water,60,40,90,90,15:15:19,74.12,31.78,0.33,1.32,0.52,347.27,304.92,273.48,274.47,353.93,1.06,-1908.7,-1675.96,-232.74
15:00:27,18/10/2024,74.5,74.0,74.1,74.6,73.9,32.5,32.3,32.5,29.8,-0.49,96,170,2024-10-18 15:00:27,52.1,0.77,40.2,DI water,60,40,90,90,15:15:19,74.22,31.78,0.31,1.32,0.52,347.37,304.92,273.46,274.47,353.93,1.06,-1909.25,-1675.96,-233.29
15:00:28,18/10/2024,74.5,74.0,74.1,74.6,73.9,32.5,32.3,32.4,29.8,-0.49,96,170,2024-10-18 15:00:28,52.1,0.77,40.2,DI water,60,40,90,90,15:15:19,74.22,31.75,0.31,1.3,0.52,347.37,304.9,273.46,274.45,353.93,1.06,-1909.25,-1675.82,-233.43
15:00:32,18/10/2024,74.5,74.0,74.1,74.6,73.9,32.5,32.3,32.4,29.8,-0.49,96,170,2024-10-18 15:00:32,52.1,0.77,40.3,DI water,60,40,90,90,15:15:19,74.22,31.75,0.31,1.3,0.52,347.37,304.9,273.46,274.45,353.93,1.06,-1909.25,-1675.82,-233.43
15:00:33,18/10/2024,74.5,74.1,74.1,74.7,74.0,32.5,32.3,32.4,29.8,-0.49,96,170,2024-10-18 15:00:33,52.2,0.77,40.3,DI water,60,40,90,90,15:15:19,74.28,31.75,0.3,1.3,0.52,347.43,304.9,273.45,274.45,353.93,1.06,-1909.58,-1675.82,-233.76
15:00:35,18/10/2024,74.5,74.1,74.1,74.7,74.0,32.5,32.3,32.4,29.8,-0.49,96,170,2024-10-18 15:00:35,52.2,0.77,40.3,DI water,60,40,90,90,15:15:19,74.28,31.75,0.3,1.3,0.52,347.43,304.9,273.45,274.45,353.93,1.06,-1909.58,-1675.82,-233.76
15:00:37,18/10/2024,74.5,74.1,74.1,74.7,74.0,32.5,32.3,32.4,29.8,-0.49,96,170,2024-10-18 15:00:37,52.1,0.77,40.3,DI water,60,40,90,90,15:15:19,74.28,31.75,0.3,1.3,0.52,347.43,304.9,273.45,274.45,353.93,1.06,-1909.58,-1675.82,-233.76
15:00:38,18/10/2024,74.5,74.1,74.1,74.7,74.0,32.5,32.3,32.4,29.8,-0.49,96,170,2024-10-18 15:00:38,52.1,0.77,40.2,DI water,60,40,90,90,15:15:19,74.28,31.75,0.3,1.3,0.52,347.43,304.9,273.45,274.45,353.93,1.06,-1909.58,-1675.82,-233.76
15:00:39,18/10/2024,74.5,74.1,74.1,74.7,74.0,32.5,32.3,32.4,29.8,-0.49,96,170,2024-10-18 15:00:39,52.1,0.77,40.3,DI water,60,40,90,90,15:15:19,74.28,31.75,0.3,1.3,0.52,347.43,304.9,273.45,274.45,353.93,1.06,-1909.58,-1675.82,-233.76
15:00:41,18/10/2024,74.6,74.1,74.2,74.7,74.1,32.5,32.3,32.4,29.8,-0.49,96,170,2024-10-18 15:00:41,52.2,0.77,40.3,DI water,60,40,90,90,15:15:19,74.34,31.75,0.29,1.3,0.52,347.49,304.9,273.44,274.45,353.93,1.06,-1909.91,-1675.82,-234.09
15:00:43,18/10/2024,74.6,74.1,74.2,74.7,74.1,32.5,32.3,32.5,29.8,-0.48,96,170,2024-10-18 15:00:43,52.2,0.77,40.3,DI water,60,40,90,90,15:15:19,74.34,31.78,0.29,1.32,0.53,347.49,304.92,273.44,274.47,353.93,1.06,-1855.19,-1627.94,-227.25
15:00:46,18/10/2024,74.6,74.2,74.2,74.8,74.1,32.5,32.3,32.5,29.8,-0.48,96,170,2024-10-18 15:00:46,52.0,0.77,40.0,DI water,60,40,90,90,15:15:19,74.38,31.78,0.3,1.32,0.53,347.53,304.92,273.45,274.47,353.93,1.07,-1855.41,-1627.94,-227.46
15:00:47,18/10/2024,74.6,74.2,74.2,74.8,74.1,32.5,32.3,32.5,29.8,-0.48,96,170,2024-10-18 15:00:47,52.0,0.77,40.0,DI water,60,40,90,90,15:15:19,74.38,31.78,0.3,1.32,0.53,347.53,304.92,273.45,274.47,353.93,1.07,-1855.41,-1627.94,-227.46
15:00:51,18/10/2024,74.6,74.2,74.2,74.8,74.1,32.5,32.3,32.5,29.8,-0.48,96,170,2024-10-18 15:00:51,52.0,0.77,40.0,DI water,60,40,90,90,15:15:19,74.38,31.78,0.3,1.32,0.53,347.53,304.92,273.45,274.47,353.93,1.07,-1855.41,-1627.94,-227.46
15:00:54,18/10/2024,74.6,74.2,74.2,74.8,74.1,32.5,32.3,32.5,29.8,-0.48,96,170,2024-10-18 15:00:54,52.0,0.77,40.0,DI water,60,40,90,90,15:15:19,74.38,31.78,0.3,1.32,0.53,347.53,304.92,273.45,274.47,353.93,1.07,-1855.41,-1627.94,-227.46
15:00:55,18/10/2024,74.6,74.2,74.2,74.8,74.1,32.5,32.3,32.5,29.8,-0.48,96,170,2024-10-18 15:00:55,52.0,0.77,40.0,DI water,60,40,90,90,15:15:19,74.38,31.78,0.3,1.32,0.53,347.53,304.92,273.45,274.47,353.93,1.07,-1855.41,-1627.94,-227.46
15:00:57,18/10/2024,74.7,74.3,74.3,74.9,74.2,32.5,32.3,32.5,29.8,-0.48,96,170,2024-10-18 15:00:57,52.0,0.77,40.0,DI water,60,40,90,90,15:15:19,74.48,31.78,0.3,1.32,0.53,347.63,304.92,273.45,274.47,353.93,1.07,-1855.94,-1627.94,-227.99
15:00:59,18/10/2024,74.7,74.3,74.3,74.9,74.2,32.5,32.3,32.4,29.8,-0.48,96,170,2024-10-18 15:00:59,52.0,0.77,40.0,DI water,60,40,90,90,15:15:19,74.48,31.75,0.3,1.3,0.53,347.63,304.9,273.45,274.45,353.93,1.07,-1855.94,-1627.81,-228.13
15:01:03,18/10/2024,74.7,74.3,74.3,74.9,74.2,32.5,32.3,32.4,29.8,-0.48,96,170,2024-10-18 15:01:03,52.0,0.77,40.0,DI water,60,40,90,90,15:15:19,74.48,31.75,0.3,1.3,0.53,347.63,304.9,273.45,274.45,353.93,1.07,-1855.94,-1627.81,-228.13
15:01:04,18/10/2024,74.7,74.3,74.3,74.9,74.2,32.5,32.3,32.4,29.8,-0.48,96,170,2024-10-18 15:01:04,52.0,0.77,40.0,DI water,60,40,90,90,15:15:19,74.48,31.75,0.3,1.3,0.53,347.63,304.9,273.45,274.45,353.93,1.07,-1855.94,-1627.81,-228.13
15:01:07,18/10/2024,74.8,74.3,74.4,75.0,74.3,32.5,32.3,32.4,29.8,-0.49,96,170,2024-10-18 15:01:07,52.0,0.77,40.0,DI water,60,40,90,90,15:15:19,74.56,31.75,0.32,1.3,0.52,347.71,304.9,273.47,274.45,353.93,1.07,-1911.12,-1675.82,-235.3
15:01:08,18/10/2024,74.8,74.3,74.4,75.0,74.3,32.5,32.3,32.4,29.8,-0.49,96,170,2024-10-18 15:01:08,52.0,0.77,40.0,DI water,60,40,90,90,15:15:19,74.56,31.75,0.32,1.3,0.52,347.71,304.9,273.47,274.45,353.93,1.07,-1911.12,-1675.82,-235.3
15:01:11,18/10/2024,74.8,74.3,74.4,75.0,74.3,32.5,32.3,32.4,29.8,-0.49,96,170,2024-10-18 15:01:11,52.0,0.77,40.0,DI water,60,40,90,90,15:15:19,74.56,31.75,0.32,1.3,0.52,347.71,304.9,273.47,274.45,353.93,1.07,-1911.12,-1675.82,-235.3
15:01:13,18/10/2024,74.8,74.4,74.5,75.0,74.3,32.5,32.3,32.4,29.8,-0.49,96,170,2024-10-18 15:01:13,51.9,0.77,40.0,DI water,60,40,90,90,15:15:19,74.6,31.75,0.29,1.3,0.52,347.75,304.9,273.44,274.45,353.93,1.07,-1911.34,-1675.82,-235.52
15:01:14,18/10/2024,74.8,74.4,74.5,75.0,74.3,32.5,32.3,32.4,29.8,-0.49,96,170,2024-10-18 15:01:14,51.9,0.77,39.9,DI water,60,40,90,90,15:15:19,74.6,31.75,0.29,1.3,0.52,347.75,304.9,273.44,274.45,353.93,1.07,-1911.34,-1675.82,-235.52
15:01:18,18/10/2024,74.9,74.4,74.5,75.0,74.3,32.5,32.3,32.4,29.8,-0.49,96,170,2024-10-18 15:01:18,51.9,0.77,39.8,DI water,60,40,90,90,15:15:19,74.62,31.75,0.31,1.3,0.52,347.77,304.9,273.46,274.45,353.93,1.07,-1911.45,-1675.82,-235.63
15:01:20,18/10/2024,74.9,74.5,74.5,75.1,74.4,32.5,32.2,32.4,29.8,-0.49,96,170,2024-10-18 15:01:20,51.9,0.77,39.8,DI water,60,40,90,90,15:15:19,74.68,31.72,0.3,1.29,0.52,347.83,304.88,273.45,274.44,353.93,1.07,-1911.78,-1675.69,-236.09
15:01:21,18/10/2024,74.9,74.5,74.5,75.1,74.4,32.5,32.2,32.4,29.8,-0.49,96,170,2024-10-18 15:01:21,51.9,0.77,39.8,DI water,60,40,90,90,15:15:19,74.68,31.72,0.3,1.29,0.52,347.83,304.88,273.45,274.44,353.93,1.07,-1911.78,-1675.69,-236.09
15:01:27,18/10/2024,74.9,74.5,74.5,75.1,74.4,32.5,32.2,32.4,29.8,-0.49,96,170,2024-10-18 15:01:27,51.9,0.77,39.9,DI water,60,40,90,90,15:15:19,74.68,31.72,0.3,1.29,0.52,347.83,304.88,273.45,274.44,353.93,1.07,-1911.78,-1675.69,-236.09
15:01:28,18/10/2024,75.0,74.5,74.6,75.1,74.5,32.5,32.2,32.4,29.8,-0.49,96,170,2024-10-18 15:01:28,51.9,0.77,39.9,DI water,60,40,90,90,15:15:19,74.74,31.72,0.29,1.29,0.52,347.89,304.88,273.44,274.44,353.93,1.08,-1912.11,-1675.69,-236.42
15:01:31,18/10/2024,75.0,74.5,74.6,75.1,74.5,32.5,32.3,32.4,30.0,-0.48,96,170,2024-10-18 15:01:31,51.9,0.77,39.9,DI water,60,40,90,90,15:15:19,74.74,31.8,0.29,1.2,0.53,347.89,304.95,273.44,274.35,353.93,1.07,-1857.33,-1628.08,-229.25
15:01:32,18/10/2024,75.0,74.5,74.6,75.1,74.5,32.5,32.3,32.4,30.0,-0.48,96,170,2024-10-18 15:01:32,51.9,0.77,39.9,DI water,60,40,90,90,15:15:19,74.74,31.8,0.29,1.2,0.53,347.89,304.95,273.44,274.35,353.93,1.07,-1857.33,-1628.08,-229.25
15:01:36,18/10/2024,75.0,74.5,74.6,75.1,74.5,32.5,32.3,32.4,30.0,-0.48,96,170,2024-10-18 15:01:36,51.9,0.77,39.9,DI water,60,40,90,90,15:15:19,74.74,31.8,0.29,1.2,0.53,347.89,304.95,273.44,274.35,353.93,1.07,-1857.33,-1628.08,-229.25
15:01:38,18/10/2024,75.0,74.6,74.7,75.3,74.5,32.5,32.3,32.4,30.0,-0.48,96,170,2024-10-18 15:01:38,52.0,0.77,40.0,DI water,60,40,90,90,15:15:19,74.82,31.8,0.33,1.2,0.53,347.97,304.95,273.48,274.35,353.93,1.08,-1857.75,-1628.08,-229.68
15:01:39,18/10/2024,75.0,74.6,74.7,75.3,74.5,32.5,32.3,32.4,30.0,-0.48,96,170,2024-10-18 15:01:39,52.0,0.77,40.0,DI water,60,40,90,90,15:15:19,74.82,31.8,0.33,1.2,0.53,347.97,304.95,273.48,274.35,353.93,1.08,-1857.75,-1628.08,-229.68
15:01:47,18/10/2024,75.0,74.6,74.7,75.3,74.5,32.5,32.3,32.4,30.0,-0.48,96,170,2024-10-18 15:01:47,52.0,0.77,40.0,DI water,60,40,90,90,15:15:19,74.82,31.8,0.33,1.2,0.53,347.97,304.95,273.48,274.35,353.93,1.08,-1857.75,-1628.08,-229.68
15:01:48,18/10/2024,75.0,74.6,74.7,75.3,74.5,32.5,32.3,32.4,30.0,-0.48,96,170,2024-10-18 15:01:48,52.0,0.77,40.1,DI water,60,40,90,90,15:15:19,74.82,31.8,0.33,1.2,0.53,347.97,304.95,273.48,274.35,353.93,1.08,-1857.75,-1628.08,-229.68
15:01:49,18/10/2024,75.2,74.7,74.8,75.4,74.7,32.5,32.3,32.4,30.0,-0.48,96,170,2024-10-18 15:01:49,52.0,0.77,40.1,DI water,60,40,90,90,15:15:19,74.96,31.8,0.32,1.2,0.53,348.11,304.95,273.47,274.35,353.93,1.08,-1858.5,-1628.08,-230.42
15:01:51,18/10/2024,75.2,74.7,74.8,75.4,74.7,32.6,32.3,32.4,30.0,-0.48,96,170,2024-10-18 15:01:51,52.0,0.77,40.1,DI water,60,40,90,90,15:15:19,74.96,31.83,0.32,1.22,0.53,348.11,304.97,273.47,274.37,353.93,1.08,-1858.5,-1628.21,-230.29
15:01:52,18/10/2024,75.2,74.7,74.8,75.4,74.7,32.6,32.3,32.4,30.0,-0.49,96,170,2024-10-18 15:01:52,52.0,0.77,40.1,DI water,60,40,90,90,15:15:19,74.96,31.83,0.32,1.22,0.52,348.11,304.97,273.47,274.37,353.93,1.08,-1913.32,-1676.23,-237.08
15:01:55,18/10/2024,75.2,74.7,74.8,75.4,74.7,32.6,32.3,32.4,30.0,-0.49,96,170,2024-10-18 15:01:55,52.0,0.77,40.0,DI water,60,40,90,90,15:15:19,74.96,31.83,0.32,1.22,0.52,348.11,304.97,273.47,274.37,353.93,1.08,-1913.32,-1676.23,-237.08
15:01:58,18/10/2024,75.2,74.8,74.9,75.4,74.8,32.6,32.3,32.4,29.9,-0.48,96,170,2024-10-18 15:01:58,52.0,0.77,40.0,DI water,60,40,90,90,15:15:19,75.02,31.8,0.27,1.27,0.53,348.17,304.95,273.42,274.42,353.93,1.08,-1858.82,-1628.08,-230.74
15:02:04,18/10/2024,75.2,74.8,74.9,75.4,74.8,32.6,32.3,32.4,29.9,-0.48,96,170,2024-10-18 15:02:04,52.0,0.77,40.0,DI water,60,40,90,90,15:15:19,75.02,31.8,0.27,1.27,0.53,348.17,304.95,273.42,274.42,353.93,1.08,-1858.82,-1628.08,-230.74
15:02:05,18/10/2024,75.3,74.9,75.0,75.5,74.8,32.6,32.3,32.4,29.9,-0.48,96,170,2024-10-18 15:02:05,52.0,0.77,40.0,DI water,60,40,90,90,15:15:19,75.1,31.8,0.29,1.27,0.53,348.25,304.95,273.44,274.42,353.93,1.08,-1859.25,-1628.08,-231.17
15:02:07,18/10/2024,75.3,74.9,75.0,75.5,74.8,32.6,32.3,32.4,29.9,-0.49,96,170,2024-10-18 15:02:07,52.0,0.77,40.0,DI water,60,40,90,90,15:15:19,75.1,31.8,0.29,1.27,0.52,348.25,304.95,273.44,274.42,353.93,1.08,-1914.09,-1676.1,-237.99
15:02:13,18/10/2024,75.3,74.9,75.0,75.5,74.8,32.6,32.3,32.4,29.9,-0.49,96,170,2024-10-18 15:02:13,51.9,0.77,39.9,DI water,60,40,90,90,15:15:19,75.1,31.8,0.29,1.27,0.52,348.25,304.95,273.44,274.42,353.93,1.08,-1914.09,-1676.1,-237.99
15:02:14,18/10/2024,75.4,75.0,75.0,75.6,74.9,32.6,32.3,32.4,29.9,-0.49,96,170,2024-10-18 15:02:14,51.9,0.77,40.0,DI water,60,40,90,90,15:15:19,75.18,31.8,0.3,1.27,0.52,348.33,304.95,273.45,274.42,353.93,1.08,-1914.53,-1676.1,-238.43
15:02:15,18/10/2024,75.4,75.0,75.0,75.6,74.9,32.6,32.3,32.4,29.9,-0.48,96,170,2024-10-18 15:02:15,51.9,0.77,39.9,DI water,60,40,90,90,15:15:19,75.18,31.8,0.3,1.27,0.53,348.33,304.95,273.45,274.42,353.93,1.08,-1859.68,-1628.08,-231.6
15:02:19,18/10/2024,75.4,75.0,75.0,75.6,74.9,32.6,32.3,32.4,29.9,-0.48,97,170,2024-10-18 15:02:19,51.9,0.77,39.8,DI water,60,40,90,90,15:15:19,75.18,31.8,0.3,1.27,0.53,348.33,304.95,273.45,274.42,353.93,1.08,-1859.68,-1628.08,-231.6
15:02:20,18/10/2024,75.4,75.0,75.0,75.6,74.9,32.6,32.3,32.4,29.9,-0.48,97,170,2024-10-18 15:02:20,51.9,0.77,39.8,DI water,60,40,90,90,15:15:19,75.18,31.8,0.3,1.27,0.53,348.33,304.95,273.45,274.42,353.93,1.08,-1859.68,-1628.08,-231.6
15:02:23,18/10/2024,75.5,75.1,75.1,75.7,74.9,32.6,32.4,32.5,29.9,-0.48,97,170,2024-10-18 15:02:23,51.9,0.77,39.9,DI water,60,40,90,90,15:15:19,75.26,31.85,0.33,1.3,0.53,348.41,305.0,273.48,274.45,353.93,1.09,-1860.1,-1628.34,-231.76
15:02:24,18/10/2024,75.5,75.1,75.1,75.7,74.9,32.6,32.4,32.5,29.9,-0.48,97,170,2024-10-18 15:02:24,51.9,0.77,39.9,DI water,60,40,90,90,15:15:19,75.26,31.85,0.33,1.3,0.53,348.41,305.0,273.48,274.45,353.93,1.09,-1860.1,-1628.34,-231.76
15:02:31,18/10/2024,75.5,75.1,75.2,75.7,75.0,32.6,32.3,32.5,29.9,-0.48,97,170,2024-10-18 15:02:31,51.9,0.77,39.8,DI water,60,40,90,90,15:15:19,75.3,31.83,0.29,1.29,0.53,348.45,304.97,273.44,274.44,353.93,1.09,-1860.32,-1628.21,-232.11
15:02:36,18/10/2024,75.6,75.1,75.2,75.8,75.0,32.6,32.3,32.5,29.9,-0.48,97,170,2024-10-18 15:02:36,51.8,0.77,39.8,DI water,60,40,90,90,15:15:19,75.34,31.83,0.34,1.29,0.53,348.49,304.97,273.49,274.44,353.93,1.09,-1860.53,-1628.21,-232.32
15:02:37,18/10/2024,75.6,75.1,75.2,75.8,75.0,32.6,32.3,32.5,29.9,-0.48,97,170,2024-10-18 15:02:37,51.8,0.77,39.8,DI water,60,40,90,90,15:15:19,75.34,31.83,0.34,1.29,0.53,348.49,304.97,273.49,274.44,353.93,1.09,-1860.53,-1628.21,-232.32
15:02:39,18/10/2024,75.6,75.1,75.2,75.8,75.0,32.6,32.3,32.5,29.9,-0.48,97,170,2024-10-18 15:02:39,51.8,0.77,39.8,DI water,60,40,90,90,15:15:19,75.34,31.83,0.34,1.29,0.53,348.49,304.97,273.49,274.44,353.93,1.09,-1860.53,-1628.21,-232.32
15:02:40,18/10/2024,75.6,75.1,75.2,75.8,75.0,32.6,32.3,32.5,29.9,-0.48,97,170,2024-10-18 15:02:40,51.8,0.76,39.8,DI water,60,40,90,90,15:15:19,75.34,31.83,0.34,1.29,0.53,348.49,304.97,273.49,274.44,353.93,1.09,-1860.53,-1628.21,-232.32
15:02:44,18/10/2024,75.6,75.1,75.2,75.8,75.0,32.6,32.3,32.5,29.9,-0.48,97,170,2024-10-18 15:02:44,51.8,0.76,39.7,DI water,60,40,90,90,15:15:19,75.34,31.83,0.34,1.29,0.53,348.49,304.97,273.49,274.44,353.93,1.09,-1860.53,-1628.21,-232.32
15:02:46,18/10/2024,75.7,75.2,75.3,75.8,75.1,32.6,32.3,32.5,29.9,-0.48,97,170,2024-10-18 15:02:46,51.8,0.76,39.7,DI water,60,40,90,90,15:15:19,75.42,31.83,0.31,1.29,0.53,348.57,304.97,273.46,274.44,353.93,1.09,-1860.96,-1628.21,-232.75
15:02:48,18/10/2024,75.7,75.2,75.3,75.8,75.1,32.6,32.3,32.5,29.9,-0.47,97,170,2024-10-18 15:02:48,51.8,0.76,39.7,DI water,60,40,90,90,15:15:19,75.42,31.83,0.31,1.29,0.54,348.57,304.97,273.46,274.44,353.93,1.09,-1807.09,-1581.08,-226.01
15:02:49,18/10/2024,75.7,75.2,75.3,75.8,75.1,32.6,32.3,32.5,29.9,-0.47,97,170,2024-10-18 15:02:49,51.8,0.76,39.7,DI water,60,40,90,90,15:15:19,75.42,31.83,0.31,1.29,0.54,348.57,304.97,273.46,274.44,353.93,1.09,-1807.09,-1581.08,-226.01
15:02:50,18/10/2024,75.7,75.2,75.3,75.8,75.1,32.6,32.3,32.5,29.9,-0.47,97,170,2024-10-18 15:02:50,51.8,0.76,39.7,DI water,60,40,90,90,15:15:19,75.42,31.83,0.31,1.29,0.54,348.57,304.97,273.46,274.44,353.93,1.09,-1807.09,-1581.08,-226.01
15:02:51,18/10/2024,75.7,75.3,75.3,75.8,75.1,32.6,32.3,32.5,29.9,-0.47,97,170,2024-10-18 15:02:51,51.8,0.76,39.7,DI water,60,40,90,90,15:15:19,75.44,31.83,0.3,1.29,0.54,348.59,304.97,273.45,274.44,353.93,1.09,-1807.19,-1581.08,-226.11
15:02:53,18/10/2024,75.7,75.3,75.3,75.9,75.2,32.5,32.3,32.5,29.9,-0.48,97,170,2024-10-18 15:02:53,51.8,0.76,39.7,DI water,60,40,90,90,15:15:19,75.48,31.8,0.3,1.27,0.53,348.63,304.95,273.45,274.42,353.93,1.09,-1861.28,-1628.08,-233.2
15:02:56,18/10/2024,75.7,75.3,75.3,75.9,75.2,32.5,32.3,32.5,29.9,-0.48,97,170,2024-10-18 15:02:56,51.8,0.76,39.7,DI water,60,40,90,90,15:15:19,75.48,31.8,0.3,1.27,0.53,348.63,304.95,273.45,274.42,353.93,1.09,-1861.28,-1628.08,-233.2
15:02:57,18/10/2024,75.7,75.3,75.3,75.9,75.2,32.5,32.3,32.5,29.9,-0.48,97,170,2024-10-18 15:02:57,51.8,0.76,39.7,DI water,60,40,90,90,15:15:19,75.48,31.8,0.3,1.27,0.53,348.63,304.95,273.45,274.42,353.93,1.09,-1861.28,-1628.08,-233.2
15:02:59,18/10/2024,75.8,75.3,75.4,75.9,75.2,32.5,32.3,32.5,29.9,-0.48,97,170,2024-10-18 15:02:59,51.8,0.76,39.8,DI water,60,40,90,90,15:15:19,75.52,31.8,0.31,1.27,0.53,348.67,304.95,273.46,274.42,353.93,1.09,-1861.49,-1628.08,-233.41
15:03:00,18/10/2024,75.8,75.3,75.4,75.9,75.2,32.5,32.3,32.5,29.9,-0.48,97,170,2024-10-18 15:03:00,51.8,0.77,39.8,DI water,60,40,90,90,15:15:19,75.52,31.8,0.31,1.27,0.53,348.67,304.95,273.46,274.42,353.93,1.09,-1861.49,-1628.08,-233.41
15:03:01,18/10/2024,75.8,75.3,75.4,75.9,75.2,32.5,32.3,32.5,29.9,-0.48,97,170,2024-10-18 15:03:01,51.8,0.77,39.8,DI water,60,40,90,90,15:15:19,75.52,31.8,0.31,1.27,0.53,348.67,304.95,273.46,274.42,353.93,1.09,-1861.49,-1628.08,-233.41
15:03:06,18/10/2024,75.8,75.4,75.4,76.0,75.3,32.5,32.3,32.5,29.9,-0.48,97,170,2024-10-18 15:03:06,51.8,0.76,39.8,DI water,60,40,90,90,15:15:19,75.58,31.8,0.3,1.27,0.53,348.73,304.95,273.45,274.42,353.93,1.09,-1861.81,-1628.08,-233.73
15:03:08,18/10/2024,75.8,75.4,75.4,76.0,75.3,32.5,32.3,32.5,29.8,-0.48,97,170,2024-10-18 15:03:08,51.8,0.77,39.8,DI water,60,40,90,90,15:15:19,75.58,31.78,0.3,1.32,0.53,348.73,304.92,273.45,274.47,353.93,1.1,-1861.81,-1627.94,-233.87
15:03:09,18/10/2024,75.8,75.4,75.4,76.0,75.3,32.5,32.3,32.5,29.8,-0.48,97,170,2024-10-18 15:03:09,51.8,0.76,39.7,DI water,60,40,90,90,15:15:19,75.58,31.78,0.3,1.32,0.53,348.73,304.92,273.45,274.47,353.93,1.1,-1861.81,-1627.94,-233.87
15:03:10,18/10/2024,75.8,75.4,75.4,76.0,75.3,32.5,32.3,32.5,29.8,-0.48,97,170,2024-10-18 15:03:10,51.8,0.76,39.7,DI water,60,40,90,90,15:15:19,75.58,31.78,0.3,1.32,0.53,348.73,304.92,273.45,274.47,353.93,1.1,-1861.81,-1627.94,-233.87
15:03:12,18/10/2024,75.8,75.4,75.4,76.0,75.3,32.5,32.3,32.5,29.8,-0.48,97,170,2024-10-18 15:03:12,51.8,0.76,39.7,DI water,60,40,90,90,15:15:19,75.58,31.78,0.3,1.32,0.53,348.73,304.92,273.45,274.47,353.93,1.1,-1861.81,-1627.94,-233.87
15:03:14,18/10/2024,75.8,75.4,75.4,76.0,75.3,32.5,32.3,32.5,29.8,-0.48,97,170,2024-10-18 15:03:14,51.8,0.76,39.7,DI water,60,40,90,90,15:15:19,75.58,31.78,0.3,1.32,0.53,348.73,304.92,273.45,274.47,353.93,1.1,-1861.81,-1627.94,-233.87
15:03:15,18/10/2024,75.8,75.4,75.4,76.0,75.3,32.5,32.3,32.5,29.8,-0.48,97,170,2024-10-18 15:03:15,51.8,0.76,39.7,DI water,60,40,90,90,15:15:19,75.58,31.78,0.3,1.32,0.53,348.73,304.92,273.45,274.47,353.93,1.1,-1861.81,-1627.94,-233.87
15:03:17,18/10/2024,75.8,75.4,75.4,76.0,75.3,32.5,32.3,32.5,29.8,-0.48,97,170,2024-10-18 15:03:17,51.8,0.77,39.7,DI water,60,40,90,90,15:15:19,75.58,31.78,0.3,1.32,0.53,348.73,304.92,273.45,274.47,353.93,1.1,-1861.81,-1627.94,-233.87
15:03:18,18/10/2024,75.9,75.5,75.5,76.1,75.3,32.5,32.3,32.5,29.8,-0.48,97,170,2024-10-18 15:03:18,51.8,0.76,39.7,DI water,60,40,90,90,15:15:19,75.66,31.78,0.33,1.32,0.53,348.81,304.92,273.48,274.47,353.93,1.1,-1862.24,-1627.94,-234.29
15:03:19,18/10/2024,75.9,75.5,75.5,76.1,75.4,32.5,32.3,32.5,29.8,-0.48,97,170,2024-10-18 15:03:19,51.8,0.76,39.8,DI water,60,40,90,90,15:15:19,75.68,31.78,0.3,1.32,0.53,348.83,304.92,273.45,274.47,353.93,1.1,-1862.35,-1627.94,-234.4
15:03:23,18/10/2024,75.9,75.5,75.5,76.1,75.4,32.5,32.3,32.5,29.8,-0.48,97,170,2024-10-18 15:03:23,51.8,0.76,39.8,DI water,60,40,90,90,15:15:19,75.68,31.78,0.3,1.32,0.53,348.83,304.92,273.45,274.47,353.93,1.1,-1862.35,-1627.94,-234.4
15:03:26,18/10/2024,76.0,75.5,75.5,76.2,75.4,32.5,32.3,32.5,29.9,-0.48,97,170,2024-10-18 15:03:26,51.8,0.76,39.7,DI water,60,40,90,90,15:15:19,75.72,31.8,0.36,1.27,0.53,348.87,304.95,273.51,274.42,353.93,1.1,-1862.56,-1628.08,-234.48
15:03:27,18/10/2024,76.0,75.5,75.5,76.2,75.4,32.5,32.3,32.5,29.9,-0.48,97,170,2024-10-18 15:03:27,51.8,0.76,39.7,DI water,60,40,90,90,15:15:19,75.72,31.8,0.36,1.27,0.53,348.87,304.95,273.51,274.42,353.93,1.1,-1862.56,-1628.08,-234.48
15:03:29,18/10/2024,76.0,75.5,75.5,76.2,75.4,32.5,32.3,32.5,29.9,-0.48,97,170,2024-10-18 15:03:29,51.8,0.76,39.7,DI water,60,40,90,90,15:15:19,75.72,31.8,0.36,1.27,0.53,348.87,304.95,273.51,274.42,353.93,1.1,-1862.56,-1628.08,-234.48
15:03:34,18/10/2024,76.0,75.6,75.6,76.2,75.6,32.5,32.3,32.5,29.9,-0.48,97,170,2024-10-18 15:03:34,51.8,0.76,39.7,DI water,60,40,90,90,15:15:19,75.8,31.8,0.28,1.27,0.53,348.95,304.95,273.43,274.42,353.93,1.1,-1862.99,-1628.08,-234.91
15:03:35,18/10/2024,76.0,75.6,75.6,76.2,75.6,32.6,32.3,32.5,29.8,-0.48,97,170,2024-10-18 15:03:35,51.8,0.76,39.8,DI water,60,40,90,90,15:15:19,75.8,31.8,0.28,1.34,0.53,348.95,304.95,273.43,274.49,353.93,1.1,-1862.99,-1628.08,-234.91
15:03:39,18/10/2024,76.0,75.6,75.6,76.2,75.6,32.6,32.3,32.5,29.8,-0.48,97,170,2024-10-18 15:03:39,51.8,0.76,39.8,DI water,60,40,90,90,15:15:19,75.8,31.8,0.28,1.34,0.53,348.95,304.95,273.43,274.49,353.93,1.1,-1862.99,-1628.08,-234.91
15:03:39,18/10/2024,76.0,75.6,75.6,76.2,75.6,32.6,32.3,32.5,29.8,-0.48,97,170,2024-10-18 15:03:39,51.8,0.76,39.7,DI water,60,40,90,90,15:15:19,75.8,31.8,0.28,1.34,0.53,348.95,304.95,273.43,274.49,353.93,1.1,-1862.99,-1628.08,-234.91
15:03:44,18/10/2024,76.1,75.6,75.7,76.3,75.6,32.6,32.3,32.5,29.8,-0.47,97,170,2024-10-18 15:03:44,51.8,0.77,39.8,DI water,60,40,90,90,15:15:19,75.86,31.8,0.32,1.34,0.54,349.01,304.95,273.47,274.49,353.93,1.1,-1809.37,-1580.95,-228.42
15:03:48,18/10/2024,76.1,75.7,75.8,76.4,75.7,32.6,32.3,32.5,29.8,-0.47,97,170,2024-10-18 15:03:48,51.8,0.77,39.8,DI water,60,40,90,90,15:15:19,75.94,31.8,0.3,1.34,0.54,349.09,304.95,273.45,274.49,353.93,1.1,-1809.79,-1580.95,-228.83
15:03:49,18/10/2024,76.1,75.7,75.8,76.4,75.7,32.6,32.3,32.5,29.8,-0.47,97,170,2024-10-18 15:03:49,51.8,0.77,39.8,DI water,60,40,90,90,15:15:19,75.94,31.8,0.3,1.34,0.54,349.09,304.95,273.45,274.49,353.93,1.1,-1809.79,-1580.95,-228.83
15:03:50,18/10/2024,76.1,75.7,75.8,76.4,75.7,32.6,32.3,32.5,29.8,-0.48,97,170,2024-10-18 15:03:50,51.8,0.76,39.7,DI water,60,40,90,90,15:15:19,75.94,31.8,0.3,1.34,0.53,349.09,304.95,273.45,274.49,353.93,1.1,-1863.73,-1628.08,-235.66
15:03:52,18/10/2024,76.1,75.7,75.8,76.4,75.7,32.6,32.3,32.5,29.8,-0.48,97,170,2024-10-18 15:03:52,51.8,0.76,39.7,DI water,60,40,90,90,15:15:19,75.94,31.8,0.3,1.34,0.53,349.09,304.95,273.45,274.49,353.93,1.1,-1863.73,-1628.08,-235.66
15:03:53,18/10/2024,76.1,75.7,75.8,76.4,75.7,32.6,32.3,32.5,29.8,-0.48,97,170,2024-10-18 15:03:53,51.8,0.76,39.8,DI water,60,40,90,90,15:15:19,75.94,31.8,0.3,1.34,0.53,349.09,304.95,273.45,274.49,353.93,1.1,-1863.73,-1628.08,-235.66
15:03:57,18/10/2024,76.2,75.8,75.9,76.5,75.8,32.6,32.3,32.5,29.8,-0.48,97,170,2024-10-18 15:03:57,51.8,0.76,39.8,DI water,60,40,90,90,15:15:19,76.04,31.8,0.3,1.34,0.53,349.19,304.95,273.45,274.49,353.93,1.11,-1864.27,-1628.08,-236.19
15:03:57,18/10/2024,76.2,75.8,75.9,76.5,75.8,32.6,32.3,32.5,29.8,-0.48,97,170,2024-10-18 15:03:57,51.8,0.76,39.7,DI water,60,40,90,90,15:15:19,76.04,31.8,0.3,1.34,0.53,349.19,304.95,273.45,274.49,353.93,1.11,-1864.27,-1628.08,-236.19
15:03:58,18/10/2024,76.2,75.8,75.9,76.5,75.8,32.6,32.3,32.5,29.8,-0.48,97,170,2024-10-18 15:03:58,51.8,0.76,39.7,DI water,60,40,90,90,15:15:19,76.04,31.8,0.3,1.34,0.53,349.19,304.95,273.45,274.49,353.93,1.11,-1864.27,-1628.08,-236.19
15:04:00,18/10/2024,76.2,75.8,75.9,76.5,75.8,32.6,32.3,32.5,29.8,-0.48,97,170,2024-10-18 15:04:00,51.8,0.77,39.7,DI water,60,40,90,90,15:15:19,76.04,31.8,0.3,1.34,0.53,349.19,304.95,273.45,274.49,353.93,1.11,-1864.27,-1628.08,-236.19
15:04:02,18/10/2024,76.2,75.8,75.9,76.5,75.8,32.6,32.3,32.5,29.8,-0.48,97,170,2024-10-18 15:04:02,51.8,0.77,39.7,DI water,60,40,90,90,15:15:19,76.04,31.8,0.3,1.34,0.53,349.19,304.95,273.45,274.49,353.93,1.11,-1864.27,-1628.08,-236.19
15:04:05,18/10/2024,76.3,75.8,75.9,76.6,75.8,32.6,32.3,32.5,29.8,-0.48,97,170,2024-10-18 15:04:05,51.8,0.76,39.7,DI water,60,40,90,90,15:15:19,76.08,31.8,0.36,1.34,0.53,349.23,304.95,273.51,274.49,353.93,1.11,-1864.48,-1628.08,-236.4
15:04:06,18/10/2024,76.3,75.8,75.9,76.6,75.8,32.6,32.3,32.5,29.8,-0.48,97,170,2024-10-18 15:04:06,51.8,0.76,39.7,DI water,60,40,90,90,15:15:19,76.08,31.8,0.36,1.34,0.53,349.23,304.95,273.51,274.49,353.93,1.11,-1864.48,-1628.08,-236.4
15:04:12,18/10/2024,76.3,75.9,76.0,76.6,75.8,32.6,32.3,32.5,29.8,-0.48,97,170,2024-10-18 15:04:12,51.8,0.77,39.8,DI water,60,40,90,90,15:15:19,76.12,31.8,0.33,1.34,0.53,349.27,304.95,273.48,274.49,353.93,1.11,-1864.7,-1628.08,-236.62
15:04:13,18/10/2024,76.3,75.9,76.0,76.6,75.8,32.6,32.3,32.5,30.0,-0.48,98,170,2024-10-18 15:04:13,51.8,0.77,39.8,DI water,60,40,90,90,15:15:19,76.12,31.85,0.33,1.24,0.53,349.27,305.0,273.48,274.39,353.93,1.11,-1864.7,-1628.34,-236.35
15:04:16,18/10/2024,76.3,75.9,76.0,76.6,75.8,32.6,32.3,32.5,30.0,-0.48,98,170,2024-10-18 15:04:16,51.8,0.77,39.8,DI water,60,40,90,90,15:15:19,76.12,31.85,0.33,1.24,0.53,349.27,305.0,273.48,274.39,353.93,1.11,-1864.7,-1628.34,-236.35
15:04:20,18/10/2024,76.3,75.9,76.0,76.6,75.8,32.6,32.3,32.5,30.0,-0.48,98,170,2024-10-18 15:04:20,51.8,0.76,39.7,DI water,60,40,90,90,15:15:19,76.12,31.85,0.33,1.24,0.53,349.27,305.0,273.48,274.39,353.93,1.11,-1864.7,-1628.34,-236.35
15:04:20,18/10/2024,76.3,75.9,76.0,76.6,75.8,32.6,32.3,32.5,30.0,-0.48,98,170,2024-10-18 15:04:20,51.8,0.77,39.7,DI water,60,40,90,90,15:15:19,76.12,31.85,0.33,1.24,0.53,349.27,305.0,273.48,274.39,353.93,1.11,-1864.7,-1628.34,-236.35
15:04:24,18/10/2024,76.4,76.0,76.1,76.7,75.9,32.6,32.3,32.5,30.0,-0.48,98,170,2024-10-18 15:04:24,51.8,0.76,39.7,DI water,60,40,90,90,15:15:19,76.22,31.85,0.33,1.24,0.53,349.37,305.0,273.48,274.39,353.93,1.11,-1865.23,-1628.34,-236.88
15:04:26,18/10/2024,76.4,76.0,76.1,76.7,75.9,32.6,32.3,32.5,30.0,-0.48,98,170,2024-10-18 15:04:26,51.8,0.76,39.8,DI water,60,40,90,90,15:15:19,76.22,31.85,0.33,1.24,0.53,349.37,305.0,273.48,274.39,353.93,1.11,-1865.23,-1628.34,-236.88
15:04:28,18/10/2024,76.5,76.0,76.1,76.7,76.0,32.6,32.3,32.5,30.0,-0.48,98,170,2024-10-18 15:04:28,51.8,0.76,39.8,DI water,60,40,90,90,15:15:19,76.26,31.85,0.32,1.24,0.53,349.41,305.0,273.47,274.39,353.93,1.11,-1865.44,-1628.34,-237.1
15:04:29,18/10/2024,76.5,76.0,76.1,76.7,76.0,32.6,32.3,32.5,30.0,-0.47,98,170,2024-10-18 15:04:29,51.8,0.77,39.8,DI water,60,40,90,90,15:15:19,76.26,31.85,0.32,1.24,0.54,349.41,305.0,273.47,274.39,353.93,1.11,-1811.44,-1581.21,-230.23
15:04:30,18/10/2024,76.5,76.0,76.1,76.7,76.0,32.6,32.3,32.5,30.0,-0.47,98,170,2024-10-18 15:04:30,51.8,0.77,39.8,DI water,60,40,90,90,15:15:19,76.26,31.85,0.32,1.24,0.54,349.41,305.0,273.47,274.39,353.93,1.11,-1811.44,-1581.21,-230.23
15:04:33,18/10/2024,76.5,76.0,76.1,76.7,76.0,32.6,32.3,32.5,30.0,-0.47,98,170,2024-10-18 15:04:33,51.8,0.77,39.8,DI water,60,40,90,90,15:15:19,76.26,31.85,0.32,1.24,0.54,349.41,305.0,273.47,274.39,353.93,1.11,-1811.44,-1581.21,-230.23
15:04:39,18/10/2024,76.5,76.2,76.2,76.8,76.0,32.6,32.3,32.5,30.0,-0.47,98,170,2024-10-18 15:04:39,51.8,0.77,39.8,DI water,60,40,90,90,15:15:19,76.34,31.85,0.31,1.24,0.54,349.49,305.0,273.46,274.39,353.93,1.11,-1811.86,-1581.21,-230.65
15:04:40,18/10/2024,76.5,76.2,76.2,76.8,76.0,32.6,32.3,32.5,30.0,-0.47,98,170,2024-10-18 15:04:40,51.8,0.77,39.8,DI water,60,40,90,90,15:15:19,76.34,31.85,0.31,1.24,0.54,349.49,305.0,273.46,274.39,353.93,1.11,-1811.86,-1581.21,-230.65
15:04:41,18/10/2024,76.5,76.2,76.2,76.8,76.0,32.6,32.3,32.5,30.0,-0.47,98,170,2024-10-18 15:04:41,51.8,0.77,39.8,DI water,60,40,90,90,15:15:19,76.34,31.85,0.31,1.24,0.54,349.49,305.0,273.46,274.39,353.93,1.11,-1811.86,-1581.21,-230.65
15:04:45,18/10/2024,76.5,76.2,76.2,76.8,76.0,32.6,32.3,32.5,30.0,-0.47,98,170,2024-10-18 15:04:45,51.8,0.77,39.8,DI water,60,40,90,90,15:15:19,76.34,31.85,0.31,1.24,0.54,349.49,305.0,273.46,274.39,353.93,1.11,-1811.86,-1581.21,-230.65
15:04:47,18/10/2024,76.6,76.2,76.2,76.8,76.0,32.6,32.3,32.5,30.0,-0.47,98,170,2024-10-18 15:04:47,51.8,0.77,39.8,DI water,60,40,90,90,15:15:19,76.36,31.85,0.33,1.24,0.54,349.51,305.0,273.48,274.39,353.93,1.11,-1811.96,-1581.21,-230.75
15:04:48,18/10/2024,76.6,76.2,76.2,76.8,76.1,32.6,32.4,32.5,30.0,-0.47,98,170,2024-10-18 15:04:48,51.8,0.77,39.8,DI water,60,40,90,90,15:15:19,76.38,31.88,0.3,1.25,0.54,349.53,305.02,273.45,274.4,353.93,1.11,-1812.07,-1581.34,-230.73
15:04:49,18/10/2024,76.6,76.2,76.2,76.8,76.1,32.6,32.4,32.5,30.0,-0.47,98,170,2024-10-18 15:04:49,51.8,0.77,39.8,DI water,60,40,90,90,15:15:19,76.38,31.88,0.3,1.25,0.54,349.53,305.02,273.45,274.4,353.93,1.11,-1812.07,-1581.34,-230.73
15:04:50,18/10/2024,76.6,76.2,76.2,76.8,76.1,32.6,32.4,32.5,30.0,-0.47,98,170,2024-10-18 15:04:50,51.9,0.77,39.8,DI water,60,40,90,90,15:15:19,76.38,31.88,0.3,1.25,0.54,349.53,305.02,273.45,274.4,353.93,1.11,-1812.07,-1581.34,-230.73
15:04:52,18/10/2024,76.6,76.3,76.3,76.9,76.1,32.6,32.4,32.5,30.0,-0.47,98,170,2024-10-18 15:04:52,51.8,0.76,39.8,DI water,60,40,90,90,15:15:19,76.44,31.88,0.31,1.25,0.54,349.59,305.02,273.46,274.4,353.93,1.11,-1812.38,-1581.34,-231.04
15:04:57,18/10/2024,76.6,76.3,76.3,76.9,76.1,32.6,32.4,32.5,30.0,-0.48,98,170,2024-10-18 15:04:57,51.8,0.76,39.7,DI water,60,40,90,90,15:15:19,76.44,31.88,0.31,1.25,0.53,349.59,305.02,273.46,274.4,353.93,1.11,-1866.4,-1628.48,-237.93
15:05:01,18/10/2024,76.6,76.3,76.3,76.9,76.1,32.6,32.4,32.5,30.0,-0.48,98,170,2024-10-18 15:05:01,51.8,0.76,39.7,DI water,60,40,90,90,15:15:19,76.44,31.88,0.31,1.25,0.53,349.59,305.02,273.46,274.4,353.93,1.11,-1866.4,-1628.48,-237.93
15:05:04,18/10/2024,76.7,76.4,76.4,76.9,76.2,32.6,32.4,32.5,30.0,-0.48,98,170,2024-10-18 15:05:04,51.8,0.76,39.7,DI water,60,40,90,90,15:15:19,76.52,31.88,0.28,1.25,0.53,349.67,305.02,273.43,274.4,353.93,1.12,-1866.83,-1628.48,-238.35
15:05:05,18/10/2024,76.7,76.4,76.4,76.9,76.2,32.6,32.4,32.5,30.0,-0.47,98,170,2024-10-18 15:05:05,51.8,0.76,39.7,DI water,60,40,90,90,15:15:19,76.52,31.88,0.28,1.25,0.54,349.67,305.02,273.43,274.4,353.93,1.12,-1812.79,-1581.34,-231.45
15:05:08,18/10/2024,76.7,76.4,76.4,76.9,76.2,32.6,32.4,32.5,30.0,-0.47,98,170,2024-10-18 15:05:08,51.9,0.77,39.8,DI water,60,40,90,90,15:15:19,76.52,31.88,0.28,1.25,0.54,349.67,305.02,273.43,274.4,353.93,1.12,-1812.79,-1581.34,-231.45
15:05:09,18/10/2024,76.8,76.4,76.4,76.9,76.3,32.6,32.4,32.5,30.0,-0.47,98,170,2024-10-18 15:05:09,51.9,0.77,39.8,DI water,60,40,90,90,15:15:19,76.56,31.88,0.27,1.25,0.54,349.71,305.02,273.42,274.4,353.93,1.12,-1813.0,-1581.34,-231.66
15:05:11,18/10/2024,76.8,76.4,76.4,76.9,76.3,32.6,32.4,32.5,30.0,-0.47,98,170,2024-10-18 15:05:11,51.8,0.77,39.8,DI water,60,40,90,90,15:15:19,76.56,31.88,0.27,1.25,0.54,349.71,305.02,273.42,274.4,353.93,1.12,-1813.0,-1581.34,-231.66
15:05:11,18/10/2024,76.8,76.4,76.4,76.9,76.3,32.6,32.4,32.5,30.0,-0.47,99,170,2024-10-18 15:05:11,51.8,0.77,39.8,DI water,60,40,90,90,15:15:19,76.56,31.88,0.27,1.25,0.54,349.71,305.02,273.42,274.4,353.93,1.12,-1813.0,-1581.34,-231.66
15:05:12,18/10/2024,76.8,76.4,76.4,76.9,76.3,32.6,32.4,32.5,30.0,-0.47,99,170,2024-10-18 15:05:12,51.9,0.77,39.8,DI water,60,40,90,90,15:15:19,76.56,31.88,0.27,1.25,0.54,349.71,305.02,273.42,274.4,353.93,1.12,-1813.0,-1581.34,-231.66
15:05:14,18/10/2024,76.8,76.4,76.4,76.9,76.3,32.6,32.4,32.5,30.0,-0.47,99,170,2024-10-18 15:05:14,51.8,0.77,39.8,DI water,60,40,90,90,15:15:19,76.56,31.88,0.27,1.25,0.54,349.71,305.02,273.42,274.4,353.93,1.12,-1813.0,-1581.34,-231.66
15:05:17,18/10/2024,76.8,76.5,76.4,77.0,76.3,32.6,32.4,32.5,30.0,-0.47,99,170,2024-10-18 15:05:17,51.8,0.76,39.7,DI water,60,40,90,90,15:15:19,76.6,31.88,0.29,1.25,0.54,349.75,305.02,273.44,274.4,353.93,1.12,-1813.21,-1581.34,-231.87
15:05:19,18/10/2024,76.8,76.5,76.4,77.0,76.3,32.6,32.4,32.5,30.0,-0.47,99,170,2024-10-18 15:05:19,51.9,0.77,39.8,DI water,60,40,90,90,15:15:19,76.6,31.88,0.29,1.25,0.54,349.75,305.02,273.44,274.4,353.93,1.12,-1813.21,-1581.34,-231.87
15:05:22,18/10/2024,76.8,76.5,76.4,77.0,76.3,32.6,32.4,32.5,30.0,-0.47,99,170,2024-10-18 15:05:22,51.9,0.77,39.8,DI water,60,40,90,90,15:15:19,76.6,31.88,0.29,1.25,0.54,349.75,305.02,273.44,274.4,353.93,1.12,-1813.21,-1581.34,-231.87
15:05:23,18/10/2024,76.9,76.5,76.5,77.0,76.3,32.6,32.4,32.5,30.0,-0.47,99,170,2024-10-18 15:05:23,51.8,0.77,39.8,DI water,60,40,90,90,15:15:19,76.64,31.88,0.3,1.25,0.54,349.79,305.02,273.45,274.4,353.93,1.12,-1813.41,-1581.34,-232.08
15:05:25,18/10/2024,76.9,76.5,76.5,77.0,76.3,32.6,32.3,32.5,30.0,-0.47,99,170,2024-10-18 15:05:25,51.8,0.76,39.8,DI water,60,40,90,90,15:15:19,76.64,31.85,0.3,1.24,0.54,349.79,305.0,273.45,274.39,353.93,1.12,-1813.41,-1581.21,-232.2
15:05:26,18/10/2024,76.9,76.5,76.5,77.0,76.3,32.6,32.3,32.5,30.0,-0.47,99,170,2024-10-18 15:05:26,51.8,0.77,39.8,DI water,60,40,90,90,15:15:19,76.64,31.85,0.3,1.24,0.54,349.79,305.0,273.45,274.39,353.93,1.12,-1813.41,-1581.21,-232.2
15:05:28,18/10/2024,76.9,76.5,76.5,77.0,76.3,32.6,32.3,32.5,30.0,-0.47,99,170,2024-10-18 15:05:28,51.8,0.77,39.8,DI water,60,40,90,90,15:15:19,76.64,31.85,0.3,1.24,0.54,349.79,305.0,273.45,274.39,353.93,1.12,-1813.41,-1581.21,-232.2
15:05:33,18/10/2024,77.0,76.5,76.5,77.1,76.4,32.6,32.3,32.5,30.0,-0.47,99,170,2024-10-18 15:05:33,51.8,0.77,39.8,DI water,60,40,90,90,15:15:19,76.7,31.85,0.32,1.24,0.54,349.85,305.0,273.47,274.39,353.93,1.12,-1813.73,-1581.21,-232.52
15:05:34,18/10/2024,77.0,76.5,76.5,77.1,76.4,32.6,32.4,32.5,30.0,-0.47,99,170,2024-10-18 15:05:34,51.8,0.77,39.8,DI water,60,40,90,90,15:15:19,76.7,31.88,0.32,1.25,0.54,349.85,305.02,273.47,274.4,353.93,1.12,-1813.73,-1581.34,-232.39
15:05:35,18/10/2024,77.0,76.5,76.5,77.1,76.4,32.6,32.4,32.5,30.0,-0.47,99,170,2024-10-18 15:05:35,51.8,0.77,39.8,DI water,60,40,90,90,15:15:19,76.7,31.88,0.32,1.25,0.54,349.85,305.02,273.47,274.4,353.93,1.12,-1813.73,-1581.34,-232.39
15:05:36,18/10/2024,77.0,76.5,76.5,77.1,76.4,32.6,32.4,32.5,30.0,-0.47,99,170,2024-10-18 15:05:36,51.8,0.77,39.8,DI water,60,40,90,90,15:15:19,76.7,31.88,0.32,1.25,0.54,349.85,305.02,273.47,274.4,353.93,1.12,-1813.73,-1581.34,-232.39
15:05:38,18/10/2024,77.0,76.5,76.5,77.1,76.4,32.6,32.4,32.5,30.0,-0.47,99,170,2024-10-18 15:05:38,51.8,0.77,39.8,DI water,60,40,90,90,15:15:19,76.7,31.88,0.32,1.25,0.54,349.85,305.02,273.47,274.4,353.93,1.12,-1813.73,-1581.34,-232.39
15:05:41,18/10/2024,77.0,76.6,76.7,77.2,76.4,32.6,32.3,32.5,30.0,-0.47,99,170,2024-10-18 15:05:41,51.8,0.76,39.7,DI water,60,40,90,90,15:15:19,76.78,31.85,0.32,1.24,0.54,349.93,305.0,273.47,274.39,353.93,1.12,-1814.14,-1581.21,-232.93
15:05:42,18/10/2024,77.0,76.6,76.7,77.2,76.4,32.6,32.3,32.5,30.0,-0.47,99,170,2024-10-18 15:05:42,51.8,0.76,39.7,DI water,60,40,90,90,15:15:19,76.78,31.85,0.32,1.24,0.54,349.93,305.0,273.47,274.39,353.93,1.12,-1814.14,-1581.21,-232.93
15:05:43,18/10/2024,77.0,76.6,76.7,77.2,76.4,32.6,32.3,32.5,30.0,-0.47,99,170,2024-10-18 15:05:43,51.8,0.76,39.8,DI water,60,40,90,90,15:15:19,76.78,31.85,0.32,1.24,0.54,349.93,305.0,273.47,274.39,353.93,1.12,-1814.14,-1581.21,-232.93
15:05:44,18/10/2024,77.0,76.6,76.7,77.2,76.4,32.6,32.3,32.5,30.0,-0.47,99,170,2024-10-18 15:05:44,51.8,0.76,39.7,DI water,60,40,90,90,15:15:19,76.78,31.85,0.32,1.24,0.54,349.93,305.0,273.47,274.39,353.93,1.12,-1814.14,-1581.21,-232.93
15:05:46,18/10/2024,77.0,76.6,76.7,77.2,76.4,32.6,32.3,32.5,30.0,-0.47,99,170,2024-10-18 15:05:46,51.8,0.76,39.7,DI water,60,40,90,90,15:15:19,76.78,31.85,0.32,1.24,0.54,349.93,305.0,273.47,274.39,353.93,1.12,-1814.14,-1581.21,-232.93
15:05:47,18/10/2024,77.0,76.6,76.7,77.3,76.4,32.6,32.3,32.5,30.0,-0.47,99,170,2024-10-18 15:05:47,51.8,0.76,39.7,DI water,60,40,90,90,15:15:19,76.8,31.85,0.35,1.24,0.54,349.95,305.0,273.5,274.39,353.93,1.12,-1814.24,-1581.21,-233.03
15:05:49,18/10/2024,77.0,76.6,76.7,77.3,76.5,32.6,32.4,32.5,30.0,-0.48,99,170,2024-10-18 15:05:49,51.8,0.76,39.7,DI water,60,40,90,90,15:15:19,76.82,31.88,0.33,1.25,0.53,349.97,305.02,273.48,274.4,353.93,1.12,-1868.43,-1628.48,-239.95
15:05:50,18/10/2024,77.0,76.6,76.7,77.3,76.5,32.6,32.4,32.5,30.0,-0.48,99,170,2024-10-18 15:05:50,51.8,0.76,39.7,DI water,60,40,90,90,15:15:19,76.82,31.88,0.33,1.25,0.53,349.97,305.02,273.48,274.4,353.93,1.12,-1868.43,-1628.48,-239.95
15:05:51,18/10/2024,77.0,76.6,76.7,77.3,76.5,32.6,32.4,32.5,30.0,-0.48,99,170,2024-10-18 15:05:51,51.8,0.76,39.7,DI water,60,40,90,90,15:15:19,76.82,31.88,0.33,1.25,0.53,349.97,305.02,273.48,274.4,353.93,1.12,-1868.43,-1628.48,-239.95
15:05:55,18/10/2024,77.1,76.7,76.8,77.3,76.5,32.6,32.3,32.5,30.0,-0.47,99,170,2024-10-18 15:05:55,51.8,0.76,39.7,DI water,60,40,90,90,15:15:19,76.88,31.85,0.32,1.24,0.54,350.03,305.0,273.47,274.39,353.93,1.13,-1814.66,-1581.21,-233.45
15:05:56,18/10/2024,77.1,76.7,76.8,77.3,76.5,32.6,32.3,32.5,30.0,-0.47,99,170,2024-10-18 15:05:56,51.8,0.76,39.7,DI water,60,40,90,90,15:15:19,76.88,31.85,0.32,1.24,0.54,350.03,305.0,273.47,274.39,353.93,1.13,-1814.66,-1581.21,-233.45
15:05:59,18/10/2024,77.1,76.7,76.8,77.3,76.5,32.6,32.3,32.5,30.0,-0.47,99,170,2024-10-18 15:05:59,51.8,0.76,39.7,DI water,60,40,90,90,15:15:19,76.88,31.85,0.32,1.24,0.54,350.03,305.0,273.47,274.39,353.93,1.13,-1814.66,-1581.21,-233.45
15:06:01,18/10/2024,77.1,76.7,76.8,77.4,76.6,32.6,32.3,32.5,30.0,-0.47,99,170,2024-10-18 15:06:01,51.7,0.76,39.7,DI water,60,40,90,90,15:15:19,76.92,31.85,0.33,1.24,0.54,350.07,305.0,273.48,274.39,353.93,1.13,-1814.87,-1581.21,-233.66
15:06:03,18/10/2024,77.1,76.7,76.8,77.4,76.6,32.6,32.3,32.5,29.9,-0.48,99,170,2024-10-18 15:06:03,51.8,0.76,39.7,DI water,60,40,90,90,15:15:19,76.92,31.83,0.33,1.29,0.53,350.07,304.97,273.48,274.44,353.93,1.13,-1868.97,-1628.21,-240.75
15:06:05,18/10/2024,77.1,76.7,76.8,77.4,76.6,32.6,32.3,32.5,29.9,-0.48,99,170,2024-10-18 15:06:05,51.8,0.76,39.7,DI water,60,40,90,90,15:15:19,76.92,31.83,0.33,1.29,0.53,350.07,304.97,273.48,274.44,353.93,1.13,-1868.97,-1628.21,-240.75
15:06:06,18/10/2024,77.2,76.8,76.8,77.4,76.6,32.6,32.3,32.5,29.9,-0.48,99,170,2024-10-18 15:06:06,51.8,0.76,39.7,DI water,60,40,90,90,15:15:19,76.96,31.83,0.33,1.29,0.53,350.11,304.97,273.48,274.44,353.93,1.13,-1869.18,-1628.21,-240.97
15:06:09,18/10/2024,77.2,76.8,76.9,77.4,76.6,32.6,32.3,32.5,30.0,-0.47,99,170,2024-10-18 15:06:09,51.8,0.76,39.7,DI water,60,40,90,90,15:15:19,76.98,31.85,0.32,1.24,0.54,350.13,305.0,273.47,274.39,353.93,1.13,-1815.18,-1581.21,-233.97
15:06:10,18/10/2024,77.2,76.8,76.9,77.4,76.6,32.6,32.3,32.5,30.0,-0.47,99,170,2024-10-18 15:06:10,51.8,0.76,39.7,DI water,60,40,90,90,15:15:19,76.98,31.85,0.32,1.24,0.54,350.13,305.0,273.47,274.39,353.93,1.13,-1815.18,-1581.21,-233.97
15:06:11,18/10/2024,77.2,76.8,76.9,77.4,76.6,32.6,32.3,32.5,30.0,-0.47,99,170,2024-10-18 15:06:11,51.8,0.76,39.7,DI water,60,40,90,90,15:15:19,76.98,31.85,0.32,1.24,0.54,350.13,305.0,273.47,274.39,353.93,1.13,-1815.18,-1581.21,-233.97
15:06:14,18/10/2024,77.2,76.8,76.9,77.4,76.6,32.6,32.3,32.5,30.0,-0.47,99,170,2024-10-18 15:06:14,51.8,0.76,39.7,DI water,60,40,90,90,15:15:19,76.98,31.85,0.32,1.24,0.54,350.13,305.0,273.47,274.39,353.93,1.13,-1815.18,-1581.21,-233.97
15:06:15,18/10/2024,77.2,76.8,76.9,77.4,76.6,32.6,32.3,32.5,30.0,-0.47,99,170,2024-10-18 15:06:15,51.8,0.76,39.7,DI water,60,40,90,90,15:15:19,76.98,31.85,0.32,1.24,0.54,350.13,305.0,273.47,274.39,353.93,1.13,-1815.18,-1581.21,-233.97
15:06:16,18/10/2024,77.2,76.8,76.9,77.5,76.6,32.6,32.3,32.5,30.0,-0.47,99,170,2024-10-18 15:06:16,51.8,0.76,39.7,DI water,60,40,90,90,15:15:19,77.0,31.85,0.35,1.24,0.54,350.15,305.0,273.5,274.39,353.93,1.13,-1815.28,-1581.21,-234.07
15:06:18,18/10/2024,77.2,76.8,76.9,77.5,76.7,32.6,32.3,32.5,30.0,-0.47,99,170,2024-10-18 15:06:18,51.8,0.76,39.7,DI water,60,40,90,90,15:15:19,77.02,31.85,0.33,1.24,0.54,350.17,305.0,273.48,274.39,353.93,1.13,-1815.38,-1581.21,-234.17
15:06:19,18/10/2024,77.2,76.8,76.9,77.5,76.7,32.6,32.3,32.5,30.0,-0.47,99,170,2024-10-18 15:06:19,51.8,0.76,39.7,DI water,60,40,90,90,15:15:19,77.02,31.85,0.33,1.24,0.54,350.17,305.0,273.48,274.39,353.93,1.13,-1815.38,-1581.21,-234.17
15:06:21,18/10/2024,77.2,76.8,76.9,77.5,76.7,32.6,32.3,32.5,30.0,-0.47,99,170,2024-10-18 15:06:21,51.8,0.76,39.8,DI water,60,40,90,90,15:15:19,77.02,31.85,0.33,1.24,0.54,350.17,305.0,273.48,274.39,353.93,1.13,-1815.38,-1581.21,-234.17
15:06:23,18/10/2024,77.2,76.8,76.9,77.5,76.7,32.6,32.3,32.5,30.0,-0.47,99,170,2024-10-18 15:06:23,51.8,0.76,39.8,DI water,60,40,90,90,15:15:19,77.02,31.85,0.33,1.24,0.54,350.17,305.0,273.48,274.39,353.93,1.13,-1815.38,-1581.21,-234.17
15:06:24,18/10/2024,77.2,76.8,76.9,77.5,76.7,32.5,32.3,32.5,30.0,-0.47,99,170,2024-10-18 15:06:24,51.8,0.76,39.7,DI water,60,40,90,90,15:15:19,77.02,31.82,0.33,1.22,0.54,350.17,304.97,273.48,274.37,353.93,1.13,-1815.38,-1581.08,-234.3
15:06:25,18/10/2024,77.2,76.8,76.9,77.5,76.7,32.5,32.3,32.5,30.0,-0.47,99,170,2024-10-18 15:06:25,51.8,0.77,39.8,DI water,60,40,90,90,15:15:19,77.02,31.82,0.33,1.22,0.54,350.17,304.97,273.48,274.37,353.93,1.13,-1815.38,-1581.08,-234.3
15:06:28,18/10/2024,77.2,76.8,76.9,77.5,76.7,32.5,32.3,32.5,30.0,-0.47,99,170,2024-10-18 15:06:28,51.8,0.76,39.7,DI water,60,40,90,90,15:15:19,77.02,31.82,0.33,1.22,0.54,350.17,304.97,273.48,274.37,353.93,1.13,-1815.38,-1581.08,-234.3
15:06:29,18/10/2024,77.2,76.8,76.9,77.5,76.7,32.5,32.3,32.5,30.0,-0.47,99,170,2024-10-18 15:06:29,51.8,0.76,39.7,DI water,60,40,90,90,15:15:19,77.02,31.82,0.33,1.22,0.54,350.17,304.97,273.48,274.37,353.93,1.13,-1815.38,-1581.08,-234.3
15:06:31,18/10/2024,77.3,76.9,77.0,77.6,76.8,32.5,32.3,32.5,30.0,-0.47,99,170,2024-10-18 15:06:31,51.8,0.76,39.7,DI water,60,40,90,90,15:15:19,77.12,31.82,0.33,1.22,0.54,350.27,304.97,273.48,274.37,353.93,1.13,-1815.9,-1581.08,-234.82
15:06:32,18/10/2024,77.3,76.9,77.0,77.6,76.8,32.5,32.3,32.5,30.0,-0.47,99,170,2024-10-18 15:06:32,51.8,0.76,39.7,DI water,60,40,90,90,15:15:19,77.12,31.82,0.33,1.22,0.54,350.27,304.97,273.48,274.37,353.93,1.13,-1815.9,-1581.08,-234.82
15:06:33,18/10/2024,77.3,76.9,77.0,77.6,76.8,32.5,32.3,32.5,30.0,-0.47,99,170,2024-10-18 15:06:33,51.8,0.76,39.8,DI water,60,40,90,90,15:15:19,77.12,31.82,0.33,1.22,0.54,350.27,304.97,273.48,274.37,353.93,1.13,-1815.9,-1581.08,-234.82
15:06:34,18/10/2024,77.3,76.9,77.0,77.6,76.8,32.5,32.3,32.5,30.0,-0.47,99,170,2024-10-18 15:06:34,51.8,0.76,39.8,DI water,60,40,90,90,15:15:19,77.12,31.82,0.33,1.22,0.54,350.27,304.97,273.48,274.37,353.93,1.13,-1815.9,-1581.08,-234.82
15:06:39,18/10/2024,77.3,76.9,77.0,77.6,76.8,32.5,32.3,32.5,30.0,-0.47,99,170,2024-10-18 15:06:39,51.8,0.76,39.7,DI water,60,40,90,90,15:15:19,77.12,31.82,0.33,1.22,0.54,350.27,304.97,273.48,274.37,353.93,1.13,-1815.9,-1581.08,-234.82
15:06:40,18/10/2024,77.4,77.0,77.0,77.6,76.9,32.5,32.3,32.5,30.0,-0.47,99,170,2024-10-18 15:06:40,51.8,0.76,39.7,DI water,60,40,90,90,15:15:19,77.18,31.82,0.3,1.22,0.54,350.33,304.97,273.45,274.37,353.93,1.13,-1816.21,-1581.08,-235.13
15:06:43,18/10/2024,77.4,77.0,77.0,77.6,76.9,32.5,32.3,32.5,30.0,-0.47,99,170,2024-10-18 15:06:43,51.8,0.76,39.7,DI water,60,40,90,90,15:15:19,77.18,31.82,0.3,1.22,0.54,350.33,304.97,273.45,274.37,353.93,1.13,-1816.21,-1581.08,-235.13
15:06:44,18/10/2024,77.4,77.0,77.0,77.6,76.9,32.5,32.3,32.5,30.0,-0.47,99,170,2024-10-18 15:06:44,52.0,0.77,40.1,DI water,60,40,90,90,15:15:19,77.18,31.82,0.3,1.22,0.54,350.33,304.97,273.45,274.37,353.93,1.13,-1816.21,-1581.08,-235.13
15:06:45,18/10/2024,77.4,77.0,77.1,77.7,76.9,32.5,32.3,32.5,30.0,-0.47,99,170,2024-10-18 15:06:45,52.0,0.77,40.0,DI water,60,40,90,90,15:15:19,77.22,31.82,0.33,1.22,0.54,350.37,304.97,273.48,274.37,353.93,1.13,-1816.42,-1581.08,-235.34
15:06:48,18/10/2024,77.4,77.0,77.1,77.7,76.9,32.5,32.3,32.5,30.0,-0.47,99,170,2024-10-18 15:06:48,52.0,0.77,40.0,DI water,60,40,90,90,15:15:19,77.22,31.82,0.33,1.22,0.54,350.37,304.97,273.48,274.37,353.93,1.13,-1816.42,-1581.08,-235.34
15:06:49,18/10/2024,77.4,77.0,77.1,77.7,76.9,32.5,32.3,32.5,30.0,-0.47,99,170,2024-10-18 15:06:49,52.0,0.77,40.1,DI water,60,40,90,90,15:15:19,77.22,31.82,0.33,1.22,0.54,350.37,304.97,273.48,274.37,353.93,1.13,-1816.42,-1581.08,-235.34
15:06:52,18/10/2024,77.4,77.0,77.1,77.7,76.9,32.5,32.3,32.5,30.0,-0.47,99,170,2024-10-18 15:06:52,52.0,0.77,40.1,DI water,60,40,90,90,15:15:19,77.22,31.82,0.33,1.22,0.54,350.37,304.97,273.48,274.37,353.93,1.13,-1816.42,-1581.08,-235.34
15:06:54,18/10/2024,77.6,77.1,77.1,77.7,77.1,32.6,32.3,32.5,30.0,-0.47,99,170,2024-10-18 15:06:54,52.0,0.77,40.0,DI water,60,40,90,90,15:15:19,77.32,31.85,0.3,1.24,0.54,350.47,305.0,273.45,274.39,353.93,1.14,-1816.94,-1581.21,-235.73
15:06:56,18/10/2024,77.6,77.1,77.1,77.7,77.1,32.6,32.3,32.5,30.0,-0.47,99,170,2024-10-18 15:06:56,52.0,0.77,40.0,DI water,60,40,90,90,15:15:19,77.32,31.85,0.3,1.24,0.54,350.47,305.0,273.45,274.39,353.93,1.14,-1816.94,-1581.21,-235.73
15:06:59,18/10/2024,77.6,77.2,77.2,77.8,77.2,32.6,32.4,32.6,30.0,-0.47,99,170,2024-10-18 15:06:59,52.0,0.77,40.0,DI water,60,40,90,90,15:15:19,77.4,31.9,0.28,1.27,0.54,350.55,305.05,273.43,274.42,353.93,1.14,-1817.35,-1581.47,-235.89
15:07:02,18/10/2024,77.6,77.2,77.2,77.8,77.2,32.6,32.4,32.6,30.0,-0.47,99,170,2024-10-18 15:07:02,52.0,0.77,40.0,DI water,60,40,90,90,15:15:19,77.4,31.9,0.28,1.27,0.54,350.55,305.05,273.43,274.42,353.93,1.14,-1817.35,-1581.47,-235.89
15:07:03,18/10/2024,77.6,77.2,77.2,77.8,77.2,32.6,32.4,32.6,30.0,-0.47,99,170,2024-10-18 15:07:03,52.0,0.77,40.0,DI water,60,40,90,90,15:15:19,77.4,31.9,0.28,1.27,0.54,350.55,305.05,273.43,274.42,353.93,1.14,-1817.35,-1581.47,-235.89
15:07:05,18/10/2024,77.6,77.2,77.2,77.8,77.2,32.6,32.4,32.6,30.0,-0.47,99,170,2024-10-18 15:07:05,52.0,0.77,40.0,DI water,60,40,90,90,15:15:19,77.4,31.9,0.28,1.27,0.54,350.55,305.05,273.43,274.42,353.93,1.14,-1817.35,-1581.47,-235.89
15:07:07,18/10/2024,77.7,77.2,77.2,77.8,77.2,32.6,32.4,32.6,30.0,-0.47,99,170,2024-10-18 15:07:07,52.0,0.77,40.0,DI water,60,40,90,90,15:15:19,77.42,31.9,0.3,1.27,0.54,350.57,305.05,273.45,274.42,353.93,1.14,-1817.46,-1581.47,-235.99
15:07:09,18/10/2024,77.7,77.2,77.2,77.8,77.2,32.6,32.4,32.6,30.0,-0.47,99,170,2024-10-18 15:07:09,52.0,0.77,40.0,DI water,60,40,90,90,15:15:19,77.42,31.9,0.3,1.27,0.54,350.57,305.05,273.45,274.42,353.93,1.14,-1817.46,-1581.47,-235.99
15:07:12,18/10/2024,77.7,77.2,77.2,77.8,77.2,32.6,32.4,32.6,30.0,-0.47,99,170,2024-10-18 15:07:12,52.0,0.77,40.0,DI water,60,40,90,90,15:15:19,77.42,31.9,0.3,1.27,0.54,350.57,305.05,273.45,274.42,353.93,1.14,-1817.46,-1581.47,-235.99
15:07:14,18/10/2024,77.7,77.2,77.2,77.8,77.2,32.6,32.4,32.6,30.0,-0.47,99,170,2024-10-18 15:07:14,52.0,0.77,40.0,DI water,60,40,90,90,15:15:19,77.42,31.9,0.3,1.27,0.54,350.57,305.05,273.45,274.42,353.93,1.14,-1817.46,-1581.47,-235.99
15:07:15,18/10/2024,77.7,77.3,77.3,77.9,77.2,32.6,32.4,32.6,30.0,-0.47,99,170,2024-10-18 15:07:15,52.0,0.77,40.0,DI water,60,40,90,90,15:15:19,77.48,31.9,0.3,1.27,0.54,350.63,305.05,273.45,274.42,353.93,1.14,-1817.77,-1581.47,-236.3
15:07:17,18/10/2024,77.7,77.3,77.3,77.9,77.2,32.6,32.4,32.6,30.0,-0.47,99,170,2024-10-18 15:07:17,52.0,0.77,40.0,DI water,60,40,90,90,15:15:19,77.48,31.9,0.3,1.27,0.54,350.63,305.05,273.45,274.42,353.93,1.14,-1817.77,-1581.47,-236.3
15:07:18,18/10/2024,77.7,77.3,77.3,77.9,77.2,32.6,32.4,32.6,30.0,-0.47,99,170,2024-10-18 15:07:18,52.0,0.77,40.0,DI water,60,40,90,90,15:15:19,77.48,31.9,0.3,1.27,0.54,350.63,305.05,273.45,274.42,353.93,1.14,-1817.77,-1581.47,-236.3
15:07:21,18/10/2024,77.7,77.3,77.3,77.9,77.2,32.6,32.4,32.6,30.0,-0.47,99,170,2024-10-18 15:07:21,52.0,0.77,40.0,DI water,60,40,90,90,15:15:19,77.48,31.9,0.3,1.27,0.54,350.63,305.05,273.45,274.42,353.93,1.14,-1817.77,-1581.47,-236.3
15:07:22,18/10/2024,77.8,77.3,77.3,77.9,77.2,32.6,32.4,32.6,30.0,-0.47,99,170,2024-10-18 15:07:22,52.0,0.77,40.1,DI water,60,40,90,90,15:15:19,77.5,31.9,0.32,1.27,0.54,350.65,305.05,273.47,274.42,353.93,1.14,-1817.87,-1581.47,-236.4
15:07:24,18/10/2024,77.8,77.3,77.3,77.9,77.3,32.6,32.4,32.6,30.0,-0.47,99,170,2024-10-18 15:07:24,52.0,0.77,40.1,DI water,60,40,90,90,15:15:19,77.52,31.9,0.3,1.27,0.54,350.67,305.05,273.45,274.42,353.93,1.14,-1817.98,-1581.47,-236.51
15:07:26,18/10/2024,77.8,77.3,77.3,77.9,77.3,32.6,32.4,32.6,30.0,-0.47,100,170,2024-10-18 15:07:26,52.0,0.77,40.1,DI water,60,40,90,90,15:15:19,77.52,31.9,0.3,1.27,0.54,350.67,305.05,273.45,274.42,353.93,1.14,-1817.98,-1581.47,-236.51
15:07:28,18/10/2024,77.8,77.4,77.4,78.0,77.3,32.6,32.4,32.6,30.0,-0.47,100,170,2024-10-18 15:07:28,52.1,0.77,40.1,DI water,60,40,90,90,15:15:19,77.58,31.9,0.3,1.27,0.54,350.73,305.05,273.45,274.42,353.93,1.14,-1818.29,-1581.47,-236.82
15:07:29,18/10/2024,77.8,77.4,77.4,78.0,77.3,32.6,32.4,32.6,30.0,-0.47,100,170,2024-10-18 15:07:29,52.0,0.77,40.1,DI water,60,40,90,90,15:15:19,77.58,31.9,0.3,1.27,0.54,350.73,305.05,273.45,274.42,353.93,1.14,-1818.29,-1581.47,-236.82
15:07:33,18/10/2024,77.8,77.4,77.4,78.0,77.4,32.6,32.4,32.6,30.0,-0.47,100,170,2024-10-18 15:07:33,52.0,0.77,40.2,DI water,60,40,90,90,15:15:19,77.6,31.9,0.28,1.27,0.54,350.75,305.05,273.43,274.42,353.93,1.14,-1818.39,-1581.47,-236.92
15:07:37,18/10/2024,77.8,77.4,77.4,78.0,77.4,32.6,32.4,32.6,30.0,-0.47,100,170,2024-10-18 15:07:37,52.1,0.77,40.1,DI water,60,40,90,90,15:15:19,77.6,31.9,0.28,1.27,0.54,350.75,305.05,273.43,274.42,353.93,1.14,-1818.39,-1581.47,-236.92
15:07:40,18/10/2024,77.8,77.4,77.4,78.0,77.4,32.6,32.4,32.6,30.0,-0.47,100,170,2024-10-18 15:07:40,52.1,0.77,40.1,DI water,60,40,90,90,15:15:19,77.6,31.9,0.28,1.27,0.54,350.75,305.05,273.43,274.42,353.93,1.14,-1818.39,-1581.47,-236.92
15:07:41,18/10/2024,77.9,77.5,77.5,78.1,77.4,32.6,32.4,32.6,30.0,-0.47,100,170,2024-10-18 15:07:41,52.0,0.77,40.1,DI water,60,40,90,90,15:15:19,77.68,31.9,0.3,1.27,0.54,350.83,305.05,273.45,274.42,353.93,1.14,-1818.81,-1581.47,-237.34
15:07:43,18/10/2024,77.9,77.5,77.5,78.1,77.4,32.6,32.4,32.6,30.0,-0.47,100,170,2024-10-18 15:07:43,52.1,0.77,40.1,DI water,60,40,90,90,15:15:19,77.68,31.9,0.3,1.27,0.54,350.83,305.05,273.45,274.42,353.93,1.14,-1818.81,-1581.47,-237.34
15:07:49,18/10/2024,77.9,77.5,77.5,78.1,77.4,32.6,32.4,32.6,30.0,-0.47,100,170,2024-10-18 15:07:49,52.1,0.77,40.1,DI water,60,40,90,90,15:15:19,77.68,31.9,0.3,1.27,0.54,350.83,305.05,273.45,274.42,353.93,1.14,-1818.81,-1581.47,-237.34
15:07:50,18/10/2024,78.0,77.5,77.6,78.1,77.4,32.6,32.4,32.6,30.0,-0.47,100,170,2024-10-18 15:07:50,52.1,0.77,40.2,DI water,60,40,90,90,15:15:19,77.72,31.9,0.31,1.27,0.54,350.87,305.05,273.46,274.42,353.93,1.15,-1819.01,-1581.47,-237.54
15:07:52,18/10/2024,78.0,77.5,77.6,78.1,77.5,32.6,32.5,32.6,30.0,-0.46,100,170,2024-10-18 15:07:52,52.0,0.77,40.1,DI water,60,40,90,90,15:15:19,77.74,31.92,0.29,1.28,0.55,350.89,305.08,273.44,274.43,353.93,1.15,-1765.88,-1535.31,-230.57
15:07:54,18/10/2024,78.0,77.5,77.6,78.1,77.5,32.6,32.5,32.6,30.0,-0.46,100,170,2024-10-18 15:07:54,52.1,0.77,40.1,DI water,60,40,90,90,15:15:19,77.74,31.92,0.29,1.28,0.55,350.89,305.08,273.44,274.43,353.93,1.15,-1765.88,-1535.31,-230.57
15:07:58,18/10/2024,78.0,77.5,77.6,78.2,77.5,32.6,32.5,32.6,30.0,-0.46,100,170,2024-10-18 15:07:58,52.1,0.77,40.1,DI water,60,40,90,90,15:15:19,77.76,31.92,0.32,1.28,0.55,350.91,305.08,273.47,274.43,353.93,1.15,-1765.98,-1535.31,-230.67
15:07:58,18/10/2024,78.0,77.5,77.6,78.2,77.5,32.6,32.5,32.6,30.0,-0.46,100,170,2024-10-18 15:07:58,52.1,0.77,40.2,DI water,60,40,90,90,15:15:19,77.76,31.92,0.32,1.28,0.55,350.91,305.08,273.47,274.43,353.93,1.15,-1765.98,-1535.31,-230.67
15:08:02,18/10/2024,78.0,77.5,77.6,78.2,77.5,32.6,32.5,32.6,30.0,-0.47,100,170,2024-10-18 15:08:02,52.1,0.77,40.2,DI water,60,40,90,90,15:15:19,77.76,31.92,0.32,1.28,0.54,350.91,305.08,273.47,274.43,353.93,1.15,-1819.22,-1581.6,-237.62
15:08:03,18/10/2024,78.0,77.5,77.6,78.2,77.5,32.6,32.5,32.6,30.0,-0.47,100,170,2024-10-18 15:08:03,52.1,0.77,40.2,DI water,60,40,90,90,15:15:19,77.76,31.92,0.32,1.28,0.54,350.91,305.08,273.47,274.43,353.93,1.15,-1819.22,-1581.6,-237.62
15:08:05,18/10/2024,78.1,77.6,77.6,78.2,77.6,32.6,32.5,32.6,30.0,-0.47,100,170,2024-10-18 15:08:05,52.1,0.77,40.2,DI water,60,40,90,90,15:15:19,77.82,31.92,0.3,1.28,0.54,350.97,305.08,273.45,274.43,353.93,1.15,-1819.53,-1581.6,-237.93
15:08:06,18/10/2024,78.1,77.6,77.6,78.2,77.6,32.6,32.4,32.6,30.0,-0.47,100,170,2024-10-18 15:08:06,52.1,0.77,40.2,DI water,60,40,90,90,15:15:19,77.82,31.9,0.3,1.27,0.54,350.97,305.05,273.45,274.42,353.93,1.15,-1819.53,-1581.47,-238.06
15:08:07,18/10/2024,78.1,77.6,77.6,78.2,77.6,32.6,32.4,32.6,30.0,-0.46,100,170,2024-10-18 15:08:07,52.1,0.77,40.2,DI water,60,40,90,90,15:15:19,77.82,31.9,0.3,1.27,0.55,350.97,305.05,273.45,274.42,353.93,1.15,-1766.28,-1535.19,-231.1
15:08:08,18/10/2024,78.1,77.6,77.6,78.2,77.6,32.6,32.4,32.6,30.0,-0.46,100,170,2024-10-18 15:08:08,52.1,0.77,40.2,DI water,60,40,90,90,15:15:19,77.82,31.9,0.3,1.27,0.55,350.97,305.05,273.45,274.42,353.93,1.15,-1766.28,-1535.19,-231.1
15:08:10,18/10/2024,78.2,77.6,77.8,78.4,77.6,32.6,32.4,32.6,30.0,-0.46,100,170,2024-10-18 15:08:10,52.1,0.77,40.2,DI water,60,40,90,90,15:15:19,77.92,31.9,0.36,1.27,0.55,351.07,305.05,273.51,274.42,353.93,1.15,-1766.79,-1535.19,-231.6
15:08:11,18/10/2024,78.2,77.6,77.8,78.4,77.6,32.6,32.5,32.6,30.0,-0.47,100,170,2024-10-18 15:08:11,52.1,0.77,40.2,DI water,60,40,90,90,15:15:19,77.92,31.92,0.36,1.28,0.54,351.07,305.08,273.51,274.43,353.93,1.15,-1820.05,-1581.6,-238.45
15:08:14,18/10/2024,78.2,77.6,77.8,78.4,77.6,32.6,32.5,32.6,30.0,-0.47,101,170,2024-10-18 15:08:14,52.1,0.77,40.2,DI water,60,40,90,90,15:15:19,77.92,31.92,0.36,1.28,0.54,351.07,305.08,273.51,274.43,353.93,1.15,-1820.05,-1581.6,-238.45
15:08:17,18/10/2024,78.2,77.6,77.9,78.4,77.7,32.6,32.4,32.6,30.0,-0.47,101,170,2024-10-18 15:08:17,52.1,0.77,40.2,DI water,60,40,90,90,15:15:19,77.96,31.9,0.34,1.27,0.54,351.11,305.05,273.49,274.42,353.93,1.15,-1820.26,-1581.47,-238.79
15:08:18,18/10/2024,78.2,77.6,77.9,78.4,77.7,32.6,32.4,32.6,30.0,-0.47,101,170,2024-10-18 15:08:18,52.1,0.77,40.2,DI water,60,40,90,90,15:15:19,77.96,31.9,0.34,1.27,0.54,351.11,305.05,273.49,274.42,353.93,1.15,-1820.26,-1581.47,-238.79
15:08:22,18/10/2024,78.2,77.6,77.9,78.4,77.7,32.6,32.4,32.6,30.0,-0.47,101,170,2024-10-18 15:08:22,52.1,0.77,40.3,DI water,60,40,90,90,15:15:19,77.96,31.9,0.34,1.27,0.54,351.11,305.05,273.49,274.42,353.93,1.15,-1820.26,-1581.47,-238.79
15:08:23,18/10/2024,78.2,77.7,77.9,78.4,77.7,32.6,32.4,32.6,30.0,-0.47,101,170,2024-10-18 15:08:23,52.2,0.77,40.3,DI water,60,40,90,90,15:15:19,77.98,31.9,0.31,1.27,0.54,351.13,305.05,273.46,274.42,353.93,1.15,-1820.36,-1581.47,-238.89
15:08:25,18/10/2024,78.2,77.7,77.9,78.4,77.7,32.6,32.4,32.5,30.0,-0.47,101,170,2024-10-18 15:08:25,52.1,0.77,40.3,DI water,60,40,90,90,15:15:19,77.98,31.88,0.31,1.25,0.54,351.13,305.02,273.46,274.4,353.93,1.15,-1820.36,-1581.34,-239.02
15:08:26,18/10/2024,78.2,77.7,77.9,78.4,77.7,32.6,32.4,32.5,30.0,-0.47,101,170,2024-10-18 15:08:26,52.2,0.77,40.3,DI water,60,40,90,90,15:15:19,77.98,31.88,0.31,1.25,0.54,351.13,305.02,273.46,274.4,353.93,1.15,-1820.36,-1581.34,-239.02
15:08:34,18/10/2024,78.3,77.8,78.0,78.5,77.8,32.6,32.4,32.5,30.0,-0.47,101,170,2024-10-18 15:08:34,52.2,0.77,40.2,DI water,60,40,90,90,15:15:19,78.08,31.88,0.31,1.25,0.54,351.23,305.02,273.46,274.4,353.93,1.16,-1820.88,-1581.34,-239.54
15:08:35,18/10/2024,78.3,77.8,78.0,78.5,77.8,32.6,32.4,32.5,30.0,-0.47,101,170,2024-10-18 15:08:35,52.2,0.77,40.3,DI water,60,40,90,90,15:15:19,78.08,31.88,0.31,1.25,0.54,351.23,305.02,273.46,274.4,353.93,1.16,-1820.88,-1581.34,-239.54
15:08:39,18/10/2024,78.3,77.8,78.0,78.5,77.8,32.6,32.4,32.5,30.0,-0.46,101,170,2024-10-18 15:08:39,52.2,0.77,40.3,DI water,60,40,90,90,15:15:19,78.08,31.88,0.31,1.25,0.55,351.23,305.02,273.46,274.4,353.93,1.16,-1767.59,-1535.06,-232.53
15:08:40,18/10/2024,78.3,77.8,78.0,78.5,77.8,32.6,32.4,32.5,30.0,-0.46,101,170,2024-10-18 15:08:40,52.2,0.77,40.3,DI water,60,40,90,90,15:15:19,78.08,31.88,0.31,1.25,0.55,351.23,305.02,273.46,274.4,353.93,1.16,-1767.59,-1535.06,-232.53
15:08:41,18/10/2024,78.3,77.8,78.0,78.5,77.8,32.6,32.4,32.5,30.0,-0.46,101,170,2024-10-18 15:08:41,52.1,0.77,40.3,DI water,60,40,90,90,15:15:19,78.08,31.88,0.31,1.25,0.55,351.23,305.02,273.46,274.4,353.93,1.16,-1767.59,-1535.06,-232.53
15:08:43,18/10/2024,78.4,77.9,78.0,78.6,77.9,32.6,32.4,32.5,30.0,-0.46,101,170,2024-10-18 15:08:43,52.2,0.77,40.2,DI water,60,40,90,90,15:15:19,78.16,31.88,0.32,1.25,0.55,351.31,305.02,273.47,274.4,353.93,1.16,-1767.99,-1535.06,-232.93
15:08:44,18/10/2024,78.4,77.9,78.0,78.6,77.9,32.6,32.4,32.5,30.0,-0.46,101,170,2024-10-18 15:08:44,52.2,0.77,40.2,DI water,60,40,90,90,15:15:19,78.16,31.88,0.32,1.25,0.55,351.31,305.02,273.47,274.4,353.93,1.16,-1767.99,-1535.06,-232.93
15:08:51,18/10/2024,78.4,77.9,78.0,78.6,77.9,32.6,32.4,32.5,30.0,-0.46,101,170,2024-10-18 15:08:51,52.2,0.77,40.3,DI water,60,40,90,90,15:15:19,78.16,31.88,0.32,1.25,0.55,351.31,305.02,273.47,274.4,353.93,1.16,-1767.99,-1535.06,-232.93
15:08:52,18/10/2024,78.4,77.9,78.0,78.6,77.9,32.6,32.4,32.5,30.0,-0.46,101,170,2024-10-18 15:08:52,52.2,0.77,40.3,DI water,60,40,90,90,15:15:19,78.16,31.88,0.32,1.25,0.55,351.31,305.02,273.47,274.4,353.93,1.16,-1767.99,-1535.06,-232.93
15:08:53,18/10/2024,78.5,77.9,78.1,78.6,78.0,32.6,32.4,32.5,30.0,-0.46,101,170,2024-10-18 15:08:53,52.2,0.77,40.3,DI water,60,40,90,90,15:15:19,78.22,31.88,0.31,1.25,0.55,351.37,305.02,273.46,274.4,353.93,1.16,-1768.3,-1535.06,-233.23
15:08:54,18/10/2024,78.5,77.9,78.1,78.6,78.0,32.6,32.4,32.5,30.0,-0.46,101,170,2024-10-18 15:08:54,52.2,0.77,40.3,DI water,60,40,90,90,15:15:19,78.22,31.88,0.31,1.25,0.55,351.37,305.02,273.46,274.4,353.93,1.16,-1768.3,-1535.06,-233.23
15:08:57,18/10/2024,78.5,77.9,78.1,78.6,78.0,32.6,32.4,32.5,30.0,-0.46,101,170,2024-10-18 15:08:57,52.2,0.77,40.3,DI water,60,40,90,90,15:15:19,78.22,31.88,0.31,1.25,0.55,351.37,305.02,273.46,274.4,353.93,1.16,-1768.3,-1535.06,-233.23
15:08:59,18/10/2024,78.5,78.0,78.1,78.7,78.0,32.6,32.4,32.5,30.0,-0.46,101,170,2024-10-18 15:08:59,52.2,0.77,40.3,DI water,60,40,90,90,15:15:19,78.26,31.88,0.32,1.25,0.55,351.41,305.02,273.47,274.4,353.93,1.16,-1768.5,-1535.06,-233.44
15:09:00,18/10/2024,78.5,78.0,78.1,78.7,78.0,32.6,32.4,32.5,30.0,-0.46,101,170,2024-10-18 15:09:00,52.2,0.77,40.3,DI water,60,40,90,90,15:15:19,78.26,31.88,0.32,1.25,0.55,351.41,305.02,273.47,274.4,353.93,1.16,-1768.5,-1535.06,-233.44
15:09:01,18/10/2024,78.5,78.0,78.1,78.7,78.0,32.6,32.4,32.5,30.0,-0.46,101,170,2024-10-18 15:09:01,52.2,0.77,40.4,DI water,60,40,90,90,15:15:19,78.26,31.88,0.32,1.25,0.55,351.41,305.02,273.47,274.4,353.93,1.16,-1768.5,-1535.06,-233.44
15:09:03,18/10/2024,78.5,78.0,78.1,78.7,78.0,32.6,32.4,32.5,30.0,-0.46,101,170,2024-10-18 15:09:03,52.2,0.77,40.4,DI water,60,40,90,90,15:15:19,78.26,31.88,0.32,1.25,0.55,351.41,305.02,273.47,274.4,353.93,1.16,-1768.5,-1535.06,-233.44
15:09:04,18/10/2024,78.5,78.0,78.1,78.7,78.0,32.6,32.5,32.6,30.0,-0.46,101,170,2024-10-18 15:09:04,52.2,0.77,40.4,DI water,60,40,90,90,15:15:19,78.26,31.92,0.32,1.28,0.55,351.41,305.08,273.47,274.43,353.93,1.16,-1768.5,-1535.31,-233.18
15:09:06,18/10/2024,78.5,78.0,78.1,78.7,78.0,32.6,32.5,32.6,30.0,-0.46,101,170,2024-10-18 15:09:06,52.2,0.77,40.3,DI water,60,40,90,90,15:15:19,78.26,31.92,0.32,1.28,0.55,351.41,305.08,273.47,274.43,353.93,1.16,-1768.5,-1535.31,-233.18
15:09:07,18/10/2024,78.5,78.0,78.1,78.7,78.0,32.6,32.5,32.6,30.0,-0.46,101,170,2024-10-18 15:09:07,52.2,0.77,40.3,DI water,60,40,90,90,15:15:19,78.26,31.92,0.32,1.28,0.55,351.41,305.08,273.47,274.43,353.93,1.16,-1768.5,-1535.31,-233.18
15:09:09,18/10/2024,78.5,78.0,78.1,78.7,78.0,32.6,32.5,32.6,30.0,-0.46,101,170,2024-10-18 15:09:09,52.2,0.77,40.3,DI water,60,40,90,90,15:15:19,78.26,31.92,0.32,1.28,0.55,351.41,305.08,273.47,274.43,353.93,1.16,-1768.5,-1535.31,-233.18
15:09:12,18/10/2024,78.5,78.0,78.1,78.7,78.0,32.6,32.5,32.6,30.0,-0.46,101,170,2024-10-18 15:09:12,52.2,0.77,40.3,DI water,60,40,90,90,15:15:19,78.26,31.92,0.32,1.28,0.55,351.41,305.08,273.47,274.43,353.93,1.16,-1768.5,-1535.31,-233.18
15:09:13,18/10/2024,78.6,78.1,78.2,78.8,78.0,32.6,32.5,32.6,30.0,-0.46,101,170,2024-10-18 15:09:13,52.2,0.77,40.3,DI water,60,40,90,90,15:15:19,78.34,31.92,0.34,1.28,0.55,351.49,305.08,273.49,274.43,353.93,1.16,-1768.9,-1535.31,-233.59
15:09:14,18/10/2024,78.6,78.1,78.2,78.8,78.1,32.6,32.4,32.5,30.0,-0.46,101,170,2024-10-18 15:09:14,52.2,0.77,40.3,DI water,60,40,90,90,15:15:19,78.36,31.88,0.32,1.25,0.55,351.51,305.02,273.47,274.4,353.93,1.16,-1769.0,-1535.06,-233.94
15:09:15,18/10/2024,78.6,78.1,78.2,78.8,78.1,32.6,32.4,32.5,29.9,-0.46,101,170,2024-10-18 15:09:15,52.2,0.77,40.3,DI water,60,40,90,90,15:15:19,78.36,31.85,0.32,1.3,0.55,351.51,305.0,273.47,274.45,353.93,1.16,-1769.0,-1534.94,-234.07
15:09:17,18/10/2024,78.6,78.1,78.2,78.8,78.1,32.6,32.4,32.5,29.9,-0.46,101,170,2024-10-18 15:09:17,52.2,0.77,40.3,DI water,60,40,90,90,15:15:19,78.36,31.85,0.32,1.3,0.55,351.51,305.0,273.47,274.45,353.93,1.16,-1769.0,-1534.94,-234.07
15:09:19,18/10/2024,78.6,78.1,78.2,78.8,78.1,32.6,32.4,32.5,29.9,-0.46,101,170,2024-10-18 15:09:19,52.2,0.77,40.3,DI water,60,40,90,90,15:15:19,78.36,31.85,0.32,1.3,0.55,351.51,305.0,273.47,274.45,353.93,1.16,-1769.0,-1534.94,-234.07
15:09:20,18/10/2024,78.6,78.1,78.2,78.8,78.1,32.6,32.4,32.5,29.9,-0.46,101,170,2024-10-18 15:09:20,52.2,0.77,40.4,DI water,60,40,90,90,15:15:19,78.36,31.85,0.32,1.3,0.55,351.51,305.0,273.47,274.45,353.93,1.16,-1769.0,-1534.94,-234.07
15:09:22,18/10/2024,78.7,78.2,78.3,78.9,78.2,32.6,32.4,32.5,29.9,-0.46,101,170,2024-10-18 15:09:22,52.2,0.77,40.4,DI water,60,40,90,90,15:15:19,78.46,31.85,0.32,1.3,0.55,351.61,305.0,273.47,274.45,353.93,1.17,-1769.5,-1534.94,-234.57
15:09:23,18/10/2024,78.7,78.2,78.3,78.9,78.2,32.6,32.5,32.6,29.9,-0.46,101,170,2024-10-18 15:09:23,52.2,0.77,40.4,DI water,60,40,90,90,15:15:19,78.46,31.9,0.32,1.33,0.55,351.61,305.05,273.47,274.48,353.93,1.16,-1769.5,-1535.19,-234.32
15:09:25,18/10/2024,78.7,78.2,78.3,78.9,78.2,32.6,32.5,32.6,29.9,-0.46,101,170,2024-10-18 15:09:25,52.2,0.77,40.3,DI water,60,40,90,90,15:15:19,78.46,31.9,0.32,1.33,0.55,351.61,305.05,273.47,274.48,353.93,1.16,-1769.5,-1535.19,-234.32
15:09:27,18/10/2024,78.8,78.2,78.3,78.9,78.2,32.6,32.5,32.6,29.9,-0.46,101,170,2024-10-18 15:09:27,52.2,0.77,40.3,DI water,60,40,90,90,15:15:19,78.48,31.9,0.34,1.33,0.55,351.63,305.05,273.49,274.48,353.93,1.16,-1769.6,-1535.19,-234.42
15:09:28,18/10/2024,78.8,78.2,78.3,78.9,78.2,32.6,32.5,32.6,29.9,-0.46,101,170,2024-10-18 15:09:28,52.2,0.77,40.3,DI water,60,40,90,90,15:15:19,78.48,31.9,0.34,1.33,0.55,351.63,305.05,273.49,274.48,353.93,1.16,-1769.6,-1535.19,-234.42
15:09:31,18/10/2024,78.8,78.2,78.3,78.9,78.2,32.6,32.5,32.6,29.9,-0.46,101,170,2024-10-18 15:09:31,52.2,0.77,40.4,DI water,60,40,90,90,15:15:19,78.48,31.9,0.34,1.33,0.55,351.63,305.05,273.49,274.48,353.93,1.16,-1769.6,-1535.19,-234.42
15:09:32,18/10/2024,78.8,78.3,78.3,78.9,78.2,32.6,32.5,32.6,29.9,-0.46,101,170,2024-10-18 15:09:32,52.2,0.77,40.4,DI water,60,40,90,90,15:15:19,78.5,31.9,0.32,1.33,0.55,351.65,305.05,273.47,274.48,353.93,1.17,-1769.71,-1535.19,-234.52
15:09:33,18/10/2024,78.8,78.3,78.3,78.9,78.2,32.6,32.4,32.6,29.9,-0.46,101,170,2024-10-18 15:09:33,52.2,0.77,40.4,DI water,60,40,90,90,15:15:19,78.5,31.88,0.32,1.32,0.55,351.65,305.02,273.47,274.47,353.93,1.17,-1769.71,-1535.06,-234.64
15:09:35,18/10/2024,78.8,78.3,78.3,78.9,78.2,32.6,32.4,32.6,29.9,-0.46,101,170,2024-10-18 15:09:35,52.3,0.77,40.3,DI water,60,40,90,90,15:15:19,78.5,31.88,0.32,1.32,0.55,351.65,305.02,273.47,274.47,353.93,1.17,-1769.71,-1535.06,-234.64
15:09:37,18/10/2024,78.8,78.3,78.3,78.9,78.2,32.6,32.4,32.6,29.9,-0.46,101,170,2024-10-18 15:09:37,52.2,0.77,40.3,DI water,60,40,90,90,15:15:19,78.5,31.88,0.32,1.32,0.55,351.65,305.02,273.47,274.47,353.93,1.17,-1769.71,-1535.06,-234.64
15:09:39,18/10/2024,78.8,78.3,78.4,78.9,78.2,32.6,32.4,32.6,29.9,-0.46,101,170,2024-10-18 15:09:39,52.2,0.77,40.4,DI water,60,40,90,90,15:15:19,78.52,31.88,0.31,1.32,0.55,351.67,305.02,273.46,274.47,353.93,1.17,-1769.81,-1535.06,-234.74
15:09:41,18/10/2024,78.8,78.3,78.4,78.9,78.2,32.6,32.5,32.6,29.9,-0.46,101,170,2024-10-18 15:09:41,52.2,0.77,40.3,DI water,60,40,90,90,15:15:19,78.52,31.9,0.31,1.33,0.55,351.67,305.05,273.46,274.48,353.93,1.17,-1769.81,-1535.19,-234.62
15:09:44,18/10/2024,78.9,78.4,78.4,79.0,78.3,32.6,32.5,32.6,29.9,-0.46,101,170,2024-10-18 15:09:44,52.2,0.77,40.3,DI water,60,40,90,90,15:15:19,78.6,31.9,0.32,1.33,0.55,351.75,305.05,273.47,274.48,353.93,1.17,-1770.21,-1535.19,-235.02
15:09:46,18/10/2024,78.9,78.4,78.4,79.0,78.3,32.6,32.4,32.6,29.9,-0.46,101,170,2024-10-18 15:09:46,52.2,0.77,40.3,DI water,60,40,90,90,15:15:19,78.6,31.88,0.32,1.32,0.55,351.75,305.02,273.47,274.47,353.93,1.17,-1770.21,-1535.06,-235.15
15:09:49,18/10/2024,78.9,78.4,78.4,79.0,78.3,32.6,32.4,32.6,29.9,-0.46,101,170,2024-10-18 15:09:49,52.2,0.77,40.2,DI water,60,40,90,90,15:15:19,78.6,31.88,0.32,1.32,0.55,351.75,305.02,273.47,274.47,353.93,1.17,-1770.21,-1535.06,-235.15
15:09:51,18/10/2024,78.9,78.4,78.4,79.1,78.4,32.6,32.4,32.6,29.9,-0.46,101,170,2024-10-18 15:09:51,52.2,0.77,40.3,DI water,60,40,90,90,15:15:19,78.64,31.88,0.34,1.32,0.55,351.79,305.02,273.49,274.47,353.93,1.17,-1770.41,-1535.06,-235.35
15:09:54,18/10/2024,78.9,78.4,78.4,79.1,78.4,32.6,32.4,32.5,29.9,-0.46,101,170,2024-10-18 15:09:54,52.2,0.77,40.3,DI water,60,40,90,90,15:15:19,78.64,31.85,0.34,1.3,0.55,351.79,305.0,273.49,274.45,353.93,1.17,-1770.41,-1534.94,-235.47
15:09:55,18/10/2024,78.9,78.4,78.4,79.1,78.4,32.6,32.4,32.5,29.9,-0.46,101,170,2024-10-18 15:09:55,52.2,0.77,40.3,DI water,60,40,90,90,15:15:19,78.64,31.85,0.34,1.3,0.55,351.79,305.0,273.49,274.45,353.93,1.17,-1770.41,-1534.94,-235.47
15:09:58,18/10/2024,78.9,78.4,78.5,79.1,78.5,32.6,32.4,32.5,30.0,-0.46,101,170,2024-10-18 15:09:58,52.2,0.77,40.2,DI water,60,40,90,90,15:15:19,78.68,31.88,0.3,1.25,0.55,351.83,305.02,273.45,274.4,353.93,1.17,-1770.61,-1535.06,-235.55
15:09:59,18/10/2024,78.9,78.4,78.5,79.1,78.5,32.6,32.4,32.5,30.0,-0.46,101,170,2024-10-18 15:09:59,52.2,0.77,40.3,DI water,60,40,90,90,15:15:19,78.68,31.88,0.3,1.25,0.55,351.83,305.02,273.45,274.4,353.93,1.17,-1770.61,-1535.06,-235.55
15:10:02,18/10/2024,78.9,78.4,78.5,79.1,78.5,32.6,32.4,32.5,30.0,-0.46,101,170,2024-10-18 15:10:02,52.2,0.77,40.4,DI water,60,40,90,90,15:15:19,78.68,31.88,0.3,1.25,0.55,351.83,305.02,273.45,274.4,353.93,1.17,-1770.61,-1535.06,-235.55
15:10:04,18/10/2024,79.0,78.5,78.5,79.1,78.5,32.6,32.4,32.5,30.0,-0.46,101,170,2024-10-18 15:10:04,52.2,0.77,40.3,DI water,60,40,90,90,15:15:19,78.72,31.88,0.3,1.25,0.55,351.87,305.02,273.45,274.4,353.93,1.17,-1770.81,-1535.06,-235.75
15:10:05,18/10/2024,79.0,78.5,78.5,79.1,78.5,32.6,32.4,32.6,30.0,-0.46,101,170,2024-10-18 15:10:05,52.2,0.77,40.2,DI water,60,40,90,90,15:15:19,78.72,31.9,0.3,1.27,0.55,351.87,305.05,273.45,274.42,353.93,1.17,-1770.81,-1535.19,-235.63
15:10:07,18/10/2024,79.0,78.5,78.5,79.1,78.5,32.6,32.4,32.6,30.0,-0.46,101,170,2024-10-18 15:10:07,52.2,0.77,40.4,DI water,60,40,90,90,15:15:19,78.72,31.9,0.3,1.27,0.55,351.87,305.05,273.45,274.42,353.93,1.17,-1770.81,-1535.19,-235.63
15:10:09,18/10/2024,79.0,78.5,78.5,79.1,78.5,32.6,32.4,32.6,29.9,-0.46,101,170,2024-10-18 15:10:09,52.2,0.77,40.4,DI water,60,40,90,90,15:15:19,78.72,31.88,0.3,1.32,0.55,351.87,305.02,273.45,274.47,353.93,1.17,-1770.81,-1535.06,-235.75
15:10:09,18/10/2024,79.0,78.5,78.5,79.1,78.5,32.6,32.4,32.6,29.9,-0.46,101,170,2024-10-18 15:10:09,52.2,0.77,40.3,DI water,60,40,90,90,15:15:19,78.72,31.88,0.3,1.32,0.55,351.87,305.02,273.45,274.47,353.93,1.17,-1770.81,-1535.06,-235.75
15:10:10,18/10/2024,79.0,78.5,78.5,79.1,78.5,32.6,32.4,32.6,29.9,-0.46,101,170,2024-10-18 15:10:10,52.2,0.77,40.2,DI water,60,40,90,90,15:15:19,78.72,31.88,0.3,1.32,0.55,351.87,305.02,273.45,274.47,353.93,1.17,-1770.81,-1535.06,-235.75
15:10:13,18/10/2024,79.0,78.5,78.6,79.1,78.5,32.6,32.4,32.5,29.9,-0.46,101,170,2024-10-18 15:10:13,52.2,0.77,40.3,DI water,60,40,90,90,15:15:19,78.74,31.85,0.29,1.3,0.55,351.89,305.0,273.44,274.45,353.93,1.17,-1770.91,-1534.94,-235.98
15:10:14,18/10/2024,79.0,78.5,78.6,79.1,78.5,32.6,32.4,32.5,29.9,-0.46,101,170,2024-10-18 15:10:14,52.2,0.77,40.4,DI water,60,40,90,90,15:15:19,78.74,31.85,0.29,1.3,0.55,351.89,305.0,273.44,274.45,353.93,1.17,-1770.91,-1534.94,-235.98
15:10:16,18/10/2024,79.0,78.5,78.6,79.1,78.5,32.6,32.4,32.5,29.9,-0.46,101,170,2024-10-18 15:10:16,52.2,0.77,40.3,DI water,60,40,90,90,15:15:19,78.74,31.85,0.29,1.3,0.55,351.89,305.0,273.44,274.45,353.93,1.17,-1770.91,-1534.94,-235.98
15:10:19,18/10/2024,79.1,78.5,78.6,79.1,78.5,32.6,32.4,32.5,29.9,-0.46,101,170,2024-10-18 15:10:19,52.2,0.77,40.3,DI water,60,40,90,90,15:15:19,78.76,31.85,0.31,1.3,0.55,351.91,305.0,273.46,274.45,353.93,1.17,-1771.01,-1534.94,-236.08
15:10:20,18/10/2024,79.1,78.5,78.6,79.2,78.6,32.6,32.4,32.5,29.9,-0.46,101,170,2024-10-18 15:10:20,52.2,0.77,40.3,DI water,60,40,90,90,15:15:19,78.8,31.85,0.32,1.3,0.55,351.95,305.0,273.47,274.45,353.93,1.17,-1771.22,-1534.94,-236.28
15:10:21,18/10/2024,79.1,78.5,78.6,79.2,78.6,32.6,32.4,32.5,29.9,-0.47,101,170,2024-10-18 15:10:21,52.2,0.77,40.3,DI water,60,40,90,90,15:15:19,78.8,31.85,0.32,1.3,0.54,351.95,305.0,273.47,274.45,353.93,1.17,-1824.61,-1581.21,-243.4
15:10:24,18/10/2024,79.1,78.5,78.6,79.2,78.6,32.6,32.4,32.5,29.9,-0.47,101,170,2024-10-18 15:10:24,52.2,0.77,40.3,DI water,60,40,90,90,15:15:19,78.8,31.85,0.32,1.3,0.54,351.95,305.0,273.47,274.45,353.93,1.17,-1824.61,-1581.21,-243.4
15:10:25,18/10/2024,79.1,78.5,78.6,79.2,78.6,32.6,32.4,32.5,29.9,-0.47,101,170,2024-10-18 15:10:25,52.2,0.77,40.3,DI water,60,40,90,90,15:15:19,78.8,31.85,0.32,1.3,0.54,351.95,305.0,273.47,274.45,353.93,1.17,-1824.61,-1581.21,-243.4
15:10:27,18/10/2024,79.1,78.5,78.6,79.2,78.6,32.6,32.4,32.5,29.9,-0.47,101,170,2024-10-18 15:10:27,52.2,0.77,40.3,DI water,60,40,90,90,15:15:19,78.8,31.85,0.32,1.3,0.54,351.95,305.0,273.47,274.45,353.93,1.17,-1824.61,-1581.21,-243.4
15:10:28,18/10/2024,79.2,78.6,78.7,79.3,78.7,32.6,32.4,32.5,29.9,-0.47,101,170,2024-10-18 15:10:28,52.2,0.77,40.3,DI water,60,40,90,90,15:15:19,78.9,31.85,0.32,1.3,0.54,352.05,305.0,273.47,274.45,353.93,1.18,-1825.13,-1581.21,-243.92
15:10:30,18/10/2024,79.2,78.6,78.7,79.3,78.7,32.6,32.4,32.6,29.9,-0.46,101,170,2024-10-18 15:10:30,52.2,0.77,40.3,DI water,60,40,90,90,15:15:19,78.9,31.88,0.32,1.32,0.55,352.05,305.02,273.47,274.47,353.93,1.18,-1771.72,-1535.06,-236.66
15:10:31,18/10/2024,79.2,78.6,78.7,79.3,78.7,32.6,32.4,32.6,29.9,-0.46,101,170,2024-10-18 15:10:31,52.2,0.77,40.3,DI water,60,40,90,90,15:15:19,78.9,31.88,0.32,1.32,0.55,352.05,305.02,273.47,274.47,353.93,1.18,-1771.72,-1535.06,-236.66
15:10:34,18/10/2024,79.2,78.7,78.7,79.3,78.7,32.6,32.4,32.6,29.9,-0.46,101,170,2024-10-18 15:10:34,52.2,0.77,40.3,DI water,60,40,90,90,15:15:19,78.92,31.88,0.3,1.32,0.55,352.07,305.02,273.45,274.47,353.93,1.18,-1771.82,-1535.06,-236.76
15:10:37,18/10/2024,79.2,78.7,78.7,79.3,78.7,32.6,32.4,32.6,30.0,-0.45,102,170,2024-10-18 15:10:37,52.2,0.77,40.3,DI water,60,40,90,90,15:15:19,78.92,31.9,0.3,1.27,0.56,352.07,305.05,273.45,274.42,353.93,1.18,-1719.36,-1489.73,-229.63
15:10:44,18/10/2024,79.2,78.7,78.9,79.5,78.7,32.6,32.4,32.6,30.0,-0.45,102,170,2024-10-18 15:10:44,52.2,0.77,40.3,DI water,60,40,90,90,15:15:19,79.0,31.9,0.35,1.27,0.56,352.15,305.05,273.5,274.42,353.93,1.18,-1719.75,-1489.73,-230.02
15:10:49,18/10/2024,79.3,78.7,79.0,79.5,78.8,32.6,32.4,32.6,30.0,-0.47,102,170,2024-10-18 15:10:49,52.2,0.77,40.3,DI water,60,40,90,90,15:15:19,79.06,31.9,0.34,1.27,0.54,352.21,305.05,273.49,274.42,353.93,1.18,-1825.96,-1581.47,-244.49
15:10:50,18/10/2024,79.3,78.7,79.0,79.5,78.8,32.6,32.4,32.6,30.0,-0.47,102,170,2024-10-18 15:10:50,52.2,0.77,40.3,DI water,60,40,90,90,15:15:19,79.06,31.9,0.34,1.27,0.54,352.21,305.05,273.49,274.42,353.93,1.18,-1825.96,-1581.47,-244.49
15:10:51,18/10/2024,79.3,78.7,79.0,79.5,78.8,32.6,32.4,32.6,30.0,-0.47,102,170,2024-10-18 15:10:51,52.2,0.77,40.3,DI water,60,40,90,90,15:15:19,79.06,31.9,0.34,1.27,0.54,352.21,305.05,273.49,274.42,353.93,1.18,-1825.96,-1581.47,-244.49
15:10:52,18/10/2024,79.3,78.7,79.0,79.6,78.8,32.6,32.4,32.6,30.0,-0.47,102,170,2024-10-18 15:10:52,52.2,0.77,40.3,DI water,60,40,90,90,15:15:19,79.08,31.9,0.37,1.27,0.54,352.23,305.05,273.52,274.42,353.93,1.18,-1826.06,-1581.47,-244.6
15:10:54,18/10/2024,79.3,78.7,79.0,79.6,78.8,32.6,32.4,32.6,30.0,-0.47,102,170,2024-10-18 15:10:54,52.2,0.77,40.2,DI water,60,40,90,90,15:15:19,79.08,31.9,0.37,1.27,0.54,352.23,305.05,273.52,274.42,353.93,1.18,-1826.06,-1581.47,-244.6
15:10:55,18/10/2024,79.3,78.7,79.0,79.6,78.8,32.6,32.4,32.6,30.0,-0.47,102,170,2024-10-18 15:10:55,52.2,0.77,40.3,DI water,60,40,90,90,15:15:19,79.08,31.9,0.37,1.27,0.54,352.23,305.05,273.52,274.42,353.93,1.18,-1826.06,-1581.47,-244.6
15:10:58,18/10/2024,79.3,78.7,79.0,79.6,78.8,32.6,32.4,32.6,30.0,-0.47,102,170,2024-10-18 15:10:58,52.2,0.77,40.3,DI water,60,40,90,90,15:15:19,79.08,31.9,0.37,1.27,0.54,352.23,305.05,273.52,274.42,353.93,1.18,-1826.06,-1581.47,-244.6
15:11:01,18/10/2024,79.4,78.8,79.1,79.6,78.9,32.6,32.4,32.6,30.0,-0.47,102,170,2024-10-18 15:11:01,52.1,0.77,40.2,DI water,60,40,90,90,15:15:19,79.16,31.9,0.34,1.27,0.54,352.31,305.05,273.49,274.42,353.93,1.18,-1826.48,-1581.47,-245.01
15:11:02,18/10/2024,79.4,78.8,79.1,79.6,78.9,32.6,32.4,32.6,30.0,-0.47,102,170,2024-10-18 15:11:02,52.1,0.77,40.2,DI water,60,40,90,90,15:15:19,79.16,31.9,0.34,1.27,0.54,352.31,305.05,273.49,274.42,353.93,1.18,-1826.48,-1581.47,-245.01
15:11:03,18/10/2024,79.4,78.8,79.1,79.6,78.9,32.6,32.4,32.6,30.0,-0.47,102,170,2024-10-18 15:11:03,52.1,0.77,40.2,DI water,60,40,90,90,15:15:19,79.16,31.9,0.34,1.27,0.54,352.31,305.05,273.49,274.42,353.93,1.18,-1826.48,-1581.47,-245.01
15:11:04,18/10/2024,79.4,78.8,79.1,79.6,78.9,32.6,32.4,32.6,30.0,-0.47,102,170,2024-10-18 15:11:04,52.1,0.77,40.2,DI water,60,40,90,90,15:15:19,79.16,31.9,0.34,1.27,0.54,352.31,305.05,273.49,274.42,353.93,1.18,-1826.48,-1581.47,-245.01
15:11:06,18/10/2024,79.4,78.8,79.1,79.6,78.9,32.6,32.4,32.6,30.0,-0.47,102,170,2024-10-18 15:11:06,52.1,0.77,40.1,DI water,60,40,90,90,15:15:19,79.16,31.9,0.34,1.27,0.54,352.31,305.05,273.49,274.42,353.93,1.18,-1826.48,-1581.47,-245.01
15:11:08,18/10/2024,79.4,78.9,79.1,79.6,78.9,32.6,32.4,32.6,30.0,-0.47,102,170,2024-10-18 15:11:08,52.1,0.77,40.1,DI water,60,40,90,90,15:15:19,79.18,31.9,0.31,1.27,0.54,352.33,305.05,273.46,274.42,353.93,1.18,-1826.58,-1581.47,-245.11
15:11:10,18/10/2024,79.4,78.9,79.1,79.6,78.9,32.6,32.4,32.6,30.0,-0.47,102,170,2024-10-18 15:11:10,52.1,0.77,40.2,DI water,60,40,90,90,15:15:19,79.18,31.9,0.31,1.27,0.54,352.33,305.05,273.46,274.42,353.93,1.18,-1826.58,-1581.47,-245.11
15:11:12,18/10/2024,79.4,78.9,79.1,79.6,78.9,32.6,32.4,32.6,30.0,-0.47,102,170,2024-10-18 15:11:12,52.1,0.77,40.1,DI water,60,40,90,90,15:15:19,79.18,31.9,0.31,1.27,0.54,352.33,305.05,273.46,274.42,353.93,1.18,-1826.58,-1581.47,-245.11
15:11:13,18/10/2024,79.4,78.9,79.1,79.6,78.9,32.6,32.4,32.6,30.0,-0.47,102,170,2024-10-18 15:11:13,52.1,0.77,40.2,DI water,60,40,90,90,15:15:19,79.18,31.9,0.31,1.27,0.54,352.33,305.05,273.46,274.42,353.93,1.18,-1826.58,-1581.47,-245.11
15:11:14,18/10/2024,79.4,78.9,79.1,79.7,78.9,32.6,32.4,32.6,30.0,-0.47,102,170,2024-10-18 15:11:14,52.1,0.77,40.2,DI water,60,40,90,90,15:15:19,79.2,31.9,0.35,1.27,0.54,352.35,305.05,273.5,274.42,353.93,1.18,-1826.69,-1581.47,-245.22
15:11:16,18/10/2024,79.4,78.9,79.1,79.7,78.9,32.6,32.4,32.6,30.0,-0.47,102,170,2024-10-18 15:11:16,52.1,0.77,40.1,DI water,60,40,90,90,15:15:19,79.2,31.9,0.35,1.27,0.54,352.35,305.05,273.5,274.42,353.93,1.18,-1826.69,-1581.47,-245.22
15:11:17,18/10/2024,79.4,78.9,79.1,79.7,78.9,32.6,32.4,32.6,30.0,-0.47,102,170,2024-10-18 15:11:17,52.1,0.77,40.1,DI water,60,40,90,90,15:15:19,79.2,31.9,0.35,1.27,0.54,352.35,305.05,273.5,274.42,353.93,1.18,-1826.69,-1581.47,-245.22
15:11:19,18/10/2024,79.4,78.9,79.1,79.7,78.9,32.6,32.4,32.6,30.0,-0.47,102,170,2024-10-18 15:11:19,52.1,0.77,40.2,DI water,60,40,90,90,15:15:19,79.2,31.9,0.35,1.27,0.54,352.35,305.05,273.5,274.42,353.93,1.18,-1826.69,-1581.47,-245.22
15:11:20,18/10/2024,79.4,79.0,79.1,79.7,79.0,32.6,32.4,32.6,30.0,-0.47,102,170,2024-10-18 15:11:20,52.2,0.77,40.3,DI water,60,40,90,90,15:15:19,79.24,31.9,0.3,1.27,0.54,352.39,305.05,273.45,274.42,353.93,1.18,-1826.89,-1581.47,-245.42
15:11:21,18/10/2024,79.4,79.0,79.1,79.7,79.0,32.6,32.4,32.5,30.0,-0.47,102,170,2024-10-18 15:11:21,52.1,0.77,40.2,DI water,60,40,90,90,15:15:19,79.24,31.88,0.3,1.25,0.54,352.39,305.02,273.45,274.4,353.93,1.18,-1826.89,-1581.34,-245.55
15:11:24,18/10/2024,79.4,79.0,79.1,79.7,79.0,32.6,32.4,32.5,30.0,-0.47,102,170,2024-10-18 15:11:24,52.1,0.77,40.2,DI water,60,40,90,90,15:15:19,79.24,31.88,0.3,1.25,0.54,352.39,305.02,273.45,274.4,353.93,1.18,-1826.89,-1581.34,-245.55
15:11:26,18/10/2024,79.5,79.0,79.2,79.8,79.0,32.6,32.4,32.5,30.0,-0.47,102,170,2024-10-18 15:11:26,52.1,0.77,40.1,DI water,60,40,90,90,15:15:19,79.3,31.88,0.35,1.25,0.54,352.45,305.02,273.5,274.4,353.93,1.19,-1827.21,-1581.34,-245.87
15:11:28,18/10/2024,79.5,79.0,79.2,79.8,79.0,32.6,32.4,32.5,30.0,-0.46,102,170,2024-10-18 15:11:28,52.1,0.77,40.2,DI water,60,40,90,90,15:15:19,79.3,31.88,0.35,1.25,0.55,352.45,305.02,273.5,274.4,353.93,1.19,-1773.73,-1535.06,-238.67
15:11:29,18/10/2024,79.5,79.0,79.2,79.8,79.0,32.6,32.4,32.5,30.0,-0.46,102,170,2024-10-18 15:11:29,52.1,0.77,40.3,DI water,60,40,90,90,15:15:19,79.3,31.88,0.35,1.25,0.55,352.45,305.02,273.5,274.4,353.93,1.19,-1773.73,-1535.06,-238.67
15:11:32,18/10/2024,79.5,79.0,79.2,79.8,79.0,32.6,32.4,32.5,30.0,-0.46,102,170,2024-10-18 15:11:32,52.1,0.77,40.2,DI water,60,40,90,90,15:15:19,79.3,31.88,0.35,1.25,0.55,352.45,305.02,273.5,274.4,353.93,1.19,-1773.73,-1535.06,-238.67
15:11:33,18/10/2024,79.5,79.0,79.2,79.8,79.0,32.6,32.4,32.5,30.0,-0.46,102,170,2024-10-18 15:11:33,52.1,0.77,40.2,DI water,60,40,90,90,15:15:19,79.3,31.88,0.35,1.25,0.55,352.45,305.02,273.5,274.4,353.93,1.19,-1773.73,-1535.06,-238.67
15:11:34,18/10/2024,79.6,79.1,79.2,79.8,79.1,32.6,32.4,32.5,30.0,-0.46,102,170,2024-10-18 15:11:34,52.1,0.77,40.2,DI water,60,40,90,90,15:15:19,79.36,31.88,0.32,1.25,0.55,352.51,305.02,273.47,274.4,353.93,1.19,-1774.03,-1535.06,-238.97
15:11:34,18/10/2024,79.6,79.1,79.2,79.8,79.1,32.6,32.4,32.5,30.0,-0.46,102,170,2024-10-18 15:11:34,52.2,0.77,40.2,DI water,60,40,90,90,15:15:19,79.36,31.88,0.32,1.25,0.55,352.51,305.02,273.47,274.4,353.93,1.19,-1774.03,-1535.06,-238.97
15:11:37,18/10/2024,79.6,79.1,79.2,79.8,79.1,32.6,32.4,32.5,30.0,-0.47,102,170,2024-10-18 15:11:37,52.1,0.77,40.2,DI water,60,40,90,90,15:15:19,79.36,31.88,0.32,1.25,0.54,352.51,305.02,273.47,274.4,353.93,1.19,-1827.52,-1581.34,-246.18
15:11:38,18/10/2024,79.6,79.1,79.2,79.8,79.1,32.6,32.4,32.5,30.0,-0.47,102,170,2024-10-18 15:11:38,52.1,0.77,40.2,DI water,60,40,90,90,15:15:19,79.36,31.88,0.32,1.25,0.54,352.51,305.02,273.47,274.4,353.93,1.19,-1827.52,-1581.34,-246.18
15:11:39,18/10/2024,79.6,79.1,79.2,79.8,79.1,32.6,32.4,32.5,30.0,-0.47,102,170,2024-10-18 15:11:39,52.1,0.77,40.2,DI water,60,40,90,90,15:15:19,79.36,31.88,0.32,1.25,0.54,352.51,305.02,273.47,274.4,353.93,1.19,-1827.52,-1581.34,-246.18
15:11:44,18/10/2024,79.7,79.2,79.3,79.9,79.1,32.6,32.4,32.5,30.0,-0.46,102,170,2024-10-18 15:11:44,52.1,0.77,40.2,DI water,60,40,90,90,15:15:19,79.44,31.88,0.34,1.25,0.55,352.59,305.02,273.49,274.4,353.93,1.19,-1774.44,-1535.06,-239.37
15:11:47,18/10/2024,79.7,79.2,79.3,79.9,79.1,32.6,32.4,32.5,30.0,-0.46,102,170,2024-10-18 15:11:47,52.1,0.77,40.2,DI water,60,40,90,90,15:15:19,79.44,31.88,0.34,1.25,0.55,352.59,305.02,273.49,274.4,353.93,1.19,-1774.44,-1535.06,-239.37
15:11:49,18/10/2024,79.7,79.2,79.3,79.9,79.2,32.6,32.5,32.5,30.0,-0.46,102,170,2024-10-18 15:11:49,52.1,0.77,40.2,DI water,60,40,90,90,15:15:19,79.46,31.9,0.32,1.27,0.55,352.61,305.05,273.47,274.42,353.93,1.19,-1774.54,-1535.19,-239.35
15:11:52,18/10/2024,79.7,79.2,79.3,79.9,79.2,32.6,32.5,32.6,30.0,-0.46,102,170,2024-10-18 15:11:52,52.1,0.77,40.1,DI water,60,40,90,90,15:15:19,79.46,31.92,0.32,1.28,0.55,352.61,305.08,273.47,274.43,353.93,1.19,-1774.54,-1535.31,-239.22
15:11:54,18/10/2024,79.7,79.2,79.3,79.9,79.2,32.6,32.5,32.6,30.0,-0.46,102,170,2024-10-18 15:11:54,52.1,0.77,40.2,DI water,60,40,90,90,15:15:19,79.46,31.92,0.32,1.28,0.55,352.61,305.08,273.47,274.43,353.93,1.19,-1774.54,-1535.31,-239.22
15:11:57,18/10/2024,79.7,79.2,79.3,79.9,79.2,32.6,32.5,32.6,30.0,-0.46,102,170,2024-10-18 15:11:57,52.1,0.77,40.2,DI water,60,40,90,90,15:15:19,79.46,31.92,0.32,1.28,0.55,352.61,305.08,273.47,274.43,353.93,1.19,-1774.54,-1535.31,-239.22
15:11:58,18/10/2024,79.8,79.3,79.3,80.0,79.2,32.6,32.5,32.6,30.0,-0.46,102,170,2024-10-18 15:11:58,52.1,0.77,40.2,DI water,60,40,90,90,15:15:19,79.52,31.92,0.36,1.28,0.55,352.67,305.08,273.51,274.43,353.93,1.19,-1774.84,-1535.31,-239.53
15:12:03,18/10/2024,79.8,79.3,79.3,80.0,79.2,32.6,32.5,32.7,30.0,-0.46,102,170,2024-10-18 15:12:03,52.1,0.77,40.1,DI water,60,40,90,90,15:15:19,79.52,31.95,0.36,1.3,0.55,352.67,305.1,273.51,274.45,353.93,1.19,-1774.84,-1535.44,-239.4
15:12:07,18/10/2024,79.9,79.3,79.3,80.0,79.2,32.6,32.5,32.7,30.0,-0.46,102,170,2024-10-18 15:12:07,52.1,0.77,40.2,DI water,60,40,90,90,15:15:19,79.54,31.95,0.38,1.3,0.55,352.69,305.1,273.53,274.45,353.93,1.19,-1774.94,-1535.44,-239.5
15:12:09,18/10/2024,79.9,79.3,79.4,80.1,79.3,32.6,32.5,32.6,30.0,-0.46,102,170,2024-10-18 15:12:09,52.1,0.77,40.2,DI water,60,40,90,90,15:15:19,79.6,31.92,0.37,1.28,0.55,352.75,305.08,273.52,274.43,353.93,1.19,-1775.24,-1535.31,-239.93
15:12:10,18/10/2024,79.9,79.3,79.4,80.1,79.3,32.6,32.5,32.6,30.0,-0.46,102,170,2024-10-18 15:12:10,52.1,0.77,40.1,DI water,60,40,90,90,15:15:19,79.6,31.92,0.37,1.28,0.55,352.75,305.08,273.52,274.43,353.93,1.19,-1775.24,-1535.31,-239.93
15:12:11,18/10/2024,79.9,79.3,79.4,80.1,79.3,32.6,32.5,32.6,30.0,-0.46,102,170,2024-10-18 15:12:11,52.1,0.77,40.1,DI water,60,40,90,90,15:15:19,79.6,31.92,0.37,1.28,0.55,352.75,305.08,273.52,274.43,353.93,1.19,-1775.24,-1535.31,-239.93
15:12:12,18/10/2024,79.9,79.3,79.4,80.1,79.3,32.6,32.5,32.6,30.0,-0.46,102,170,2024-10-18 15:12:12,52.1,0.77,40.1,DI water,60,40,90,90,15:15:19,79.6,31.92,0.37,1.28,0.55,352.75,305.08,273.52,274.43,353.93,1.19,-1775.24,-1535.31,-239.93
15:12:14,18/10/2024,79.9,79.3,79.4,80.1,79.3,32.6,32.5,32.6,30.0,-0.46,102,170,2024-10-18 15:12:14,52.1,0.77,40.2,DI water,60,40,90,90,15:15:19,79.6,31.92,0.37,1.28,0.55,352.75,305.08,273.52,274.43,353.93,1.19,-1775.24,-1535.31,-239.93
15:12:16,18/10/2024,79.9,79.4,79.5,80.1,79.4,32.6,32.5,32.7,30.0,-0.45,102,170,2024-10-18 15:12:16,52.1,0.77,40.2,DI water,60,40,90,90,15:15:19,79.66,31.95,0.32,1.3,0.56,352.81,305.1,273.47,274.45,353.93,1.19,-1722.97,-1489.98,-233.0
15:12:17,18/10/2024,79.9,79.4,79.5,80.1,79.4,32.6,32.5,32.7,30.0,-0.45,103,170,2024-10-18 15:12:17,52.1,0.77,40.2,DI water,60,40,90,90,15:15:19,79.66,31.95,0.32,1.3,0.56,352.81,305.1,273.47,274.45,353.93,1.19,-1722.97,-1489.98,-233.0
15:12:18,18/10/2024,79.9,79.4,79.5,80.1,79.4,32.6,32.5,32.7,30.0,-0.45,103,170,2024-10-18 15:12:18,52.1,0.77,40.2,DI water,60,40,90,90,15:15:19,79.66,31.95,0.32,1.3,0.56,352.81,305.1,273.47,274.45,353.93,1.19,-1722.97,-1489.98,-233.0
15:12:21,18/10/2024,79.9,79.4,79.5,80.1,79.4,32.6,32.5,32.7,30.0,-0.45,103,170,2024-10-18 15:12:21,52.1,0.77,40.1,DI water,60,40,90,90,15:15:19,79.66,31.95,0.32,1.3,0.56,352.81,305.1,273.47,274.45,353.93,1.19,-1722.97,-1489.98,-233.0
15:12:22,18/10/2024,79.9,79.4,79.5,80.2,79.4,32.6,32.5,32.7,30.0,-0.45,103,170,2024-10-18 15:12:22,52.0,0.77,40.0,DI water,60,40,90,90,15:15:19,79.68,31.95,0.36,1.3,0.56,352.83,305.1,273.51,274.45,353.93,1.19,-1723.07,-1489.98,-233.09
15:12:25,18/10/2024,79.9,79.4,79.5,80.2,79.4,32.6,32.5,32.7,30.0,-0.46,103,170,2024-10-18 15:12:25,52.0,0.77,40.1,DI water,60,40,90,90,15:15:19,79.68,31.95,0.36,1.3,0.55,352.83,305.1,273.51,274.45,353.93,1.19,-1775.64,-1535.44,-240.2
15:12:26,18/10/2024,79.9,79.4,79.5,80.2,79.4,32.6,32.5,32.7,30.0,-0.46,103,170,2024-10-18 15:12:26,52.0,0.77,40.0,DI water,60,40,90,90,15:15:19,79.68,31.95,0.36,1.3,0.55,352.83,305.1,273.51,274.45,353.93,1.19,-1775.64,-1535.44,-240.2
15:12:28,18/10/2024,79.9,79.4,79.5,80.2,79.4,32.6,32.5,32.7,30.0,-0.46,103,170,2024-10-18 15:12:28,52.0,0.77,40.0,DI water,60,40,90,90,15:15:19,79.68,31.95,0.36,1.3,0.55,352.83,305.1,273.51,274.45,353.93,1.19,-1775.64,-1535.44,-240.2
15:12:31,18/10/2024,80.0,79.5,79.6,80.3,79.5,32.7,32.5,32.7,30.0,-0.46,103,170,2024-10-18 15:12:31,52.1,0.77,40.1,DI water,60,40,90,90,15:15:19,79.78,31.98,0.36,1.32,0.55,352.93,305.12,273.51,274.47,353.93,1.2,-1776.15,-1535.56,-240.58
15:12:32,18/10/2024,80.0,79.5,79.6,80.3,79.5,32.7,32.5,32.7,30.0,-0.46,103,170,2024-10-18 15:12:32,52.0,0.77,40.1,DI water,60,40,90,90,15:15:19,79.78,31.98,0.36,1.32,0.55,352.93,305.12,273.51,274.47,353.93,1.2,-1776.15,-1535.56,-240.58
15:12:38,18/10/2024,80.0,79.5,79.6,80.3,79.5,32.7,32.5,32.7,30.0,-0.46,103,170,2024-10-18 15:12:38,52.0,0.77,40.0,DI water,60,40,90,90,15:15:19,79.78,31.98,0.36,1.32,0.55,352.93,305.12,273.51,274.47,353.93,1.2,-1776.15,-1535.56,-240.58
15:12:39,18/10/2024,80.0,79.5,79.7,80.4,79.6,32.7,32.5,32.7,30.0,-0.46,103,170,2024-10-18 15:12:39,52.0,0.77,40.0,DI water,60,40,90,90,15:15:19,79.84,31.98,0.36,1.32,0.55,352.99,305.12,273.51,274.47,353.93,1.2,-1776.45,-1535.56,-240.88
15:12:43,18/10/2024,80.0,79.5,79.7,80.4,79.6,32.7,32.5,32.6,30.0,-0.45,103,170,2024-10-18 15:12:43,52.0,0.77,40.0,DI water,60,40,90,90,15:15:19,79.84,31.95,0.36,1.3,0.56,352.99,305.1,273.51,274.45,353.93,1.2,-1723.85,-1489.98,-233.87
15:12:46,18/10/2024,80.0,79.5,79.7,80.4,79.6,32.7,32.5,32.6,30.0,-0.45,103,170,2024-10-18 15:12:46,52.0,0.77,40.0,DI water,60,40,90,90,15:15:19,79.84,31.95,0.36,1.3,0.56,352.99,305.1,273.51,274.45,353.93,1.2,-1723.85,-1489.98,-233.87
15:12:49,18/10/2024,80.1,79.6,79.8,80.5,79.7,32.7,32.5,32.7,30.0,-0.45,103,170,2024-10-18 15:12:49,52.1,0.77,40.1,DI water,60,40,90,90,15:15:19,79.94,31.98,0.36,1.32,0.56,353.09,305.12,273.51,274.47,353.93,1.2,-1724.34,-1490.1,-234.24
15:12:50,18/10/2024,80.1,79.6,79.8,80.5,79.7,32.7,32.5,32.7,30.0,-0.45,103,170,2024-10-18 15:12:50,52.0,0.77,40.1,DI water,60,40,90,90,15:15:19,79.94,31.98,0.36,1.32,0.56,353.09,305.12,273.51,274.47,353.93,1.2,-1724.34,-1490.1,-234.24
15:12:51,18/10/2024,80.1,79.6,79.8,80.5,79.7,32.7,32.5,32.7,30.0,-0.45,103,170,2024-10-18 15:12:51,52.0,0.77,40.1,DI water,60,40,90,90,15:15:19,79.94,31.98,0.36,1.32,0.56,353.09,305.12,273.51,274.47,353.93,1.2,-1724.34,-1490.1,-234.24
15:12:52,18/10/2024,80.1,79.6,79.8,80.5,79.7,32.7,32.5,32.7,30.0,-0.45,103,170,2024-10-18 15:12:52,52.0,0.77,40.0,DI water,60,40,90,90,15:15:19,79.94,31.98,0.36,1.32,0.56,353.09,305.12,273.51,274.47,353.93,1.2,-1724.34,-1490.1,-234.24
15:12:55,18/10/2024,80.2,79.6,79.8,80.5,79.7,32.7,32.5,32.7,30.0,-0.45,103,170,2024-10-18 15:12:55,52.1,0.77,40.1,DI water,60,40,90,90,15:15:19,79.96,31.98,0.38,1.32,0.56,353.11,305.12,273.53,274.47,353.93,1.2,-1724.44,-1490.1,-234.34
15:12:58,18/10/2024,80.2,79.6,79.8,80.5,79.7,32.7,32.5,32.7,30.0,-0.45,103,170,2024-10-18 15:12:58,52.1,0.77,40.1,DI water,60,40,90,90,15:15:19,79.96,31.98,0.38,1.32,0.56,353.11,305.12,273.53,274.47,353.93,1.2,-1724.44,-1490.1,-234.34
15:12:59,18/10/2024,80.2,79.6,79.8,80.5,79.7,32.7,32.5,32.7,30.0,-0.45,103,170,2024-10-18 15:12:59,52.0,0.77,40.1,DI water,60,40,90,90,15:15:19,79.96,31.98,0.38,1.32,0.56,353.11,305.12,273.53,274.47,353.93,1.2,-1724.44,-1490.1,-234.34
15:13:00,18/10/2024,80.2,79.7,79.8,80.6,79.7,32.7,32.5,32.7,30.0,-0.45,103,170,2024-10-18 15:13:00,52.1,0.77,40.1,DI water,60,40,90,90,15:15:19,80.0,31.98,0.39,1.32,0.56,353.15,305.12,273.54,274.47,353.93,1.2,-1724.63,-1490.1,-234.53
15:13:03,18/10/2024,80.2,79.7,79.8,80.6,79.7,32.7,32.5,32.7,30.1,-0.45,103,170,2024-10-18 15:13:03,52.0,0.77,40.1,DI water,60,40,90,90,15:15:19,80.0,32.0,0.39,1.27,0.56,353.15,305.15,273.54,274.42,353.93,1.2,-1724.63,-1490.22,-234.41
15:13:04,18/10/2024,80.2,79.7,79.8,80.6,79.7,32.7,32.5,32.7,30.1,-0.45,103,170,2024-10-18 15:13:04,52.0,0.77,40.1,DI water,60,40,90,90,15:15:19,80.0,32.0,0.39,1.27,0.56,353.15,305.15,273.54,274.42,353.93,1.2,-1724.63,-1490.22,-234.41
15:13:05,18/10/2024,80.2,79.7,79.8,80.6,79.7,32.7,32.5,32.7,30.1,-0.45,103,170,2024-10-18 15:13:05,52.0,0.77,40.1,DI water,60,40,90,90,15:15:19,80.0,32.0,0.39,1.27,0.56,353.15,305.15,273.54,274.42,353.93,1.2,-1724.63,-1490.22,-234.41
15:13:08,18/10/2024,80.2,79.7,79.9,80.6,79.8,32.7,32.5,32.7,30.1,-0.45,103,170,2024-10-18 15:13:08,52.0,0.77,40.0,DI water,60,40,90,90,15:15:19,80.04,32.0,0.36,1.27,0.56,353.19,305.15,273.51,274.42,353.93,1.2,-1724.83,-1490.22,-234.61
15:13:16,18/10/2024,80.2,79.7,79.9,80.6,79.8,32.7,32.5,32.7,30.1,-0.45,103,170,2024-10-18 15:13:16,52.1,0.77,40.1,DI water,60,40,90,90,15:15:19,80.04,32.0,0.36,1.27,0.56,353.19,305.15,273.51,274.42,353.93,1.2,-1724.83,-1490.22,-234.61
15:13:17,18/10/2024,80.2,79.7,79.9,80.6,79.8,32.7,32.5,32.7,30.1,-0.45,103,170,2024-10-18 15:13:17,52.0,0.77,40.1,DI water,60,40,90,90,15:15:19,80.04,32.0,0.36,1.27,0.56,353.19,305.15,273.51,274.42,353.93,1.2,-1724.83,-1490.22,-234.61
15:13:20,18/10/2024,80.3,79.8,80.0,80.7,79.9,32.7,32.5,32.7,30.0,-0.45,103,170,2024-10-18 15:13:20,52.1,0.77,40.1,DI water,60,40,90,90,15:15:19,80.14,31.98,0.36,1.32,0.56,353.29,305.12,273.51,274.47,353.93,1.2,-1725.32,-1490.1,-235.22
15:13:22,18/10/2024,80.3,79.8,80.0,80.7,79.9,32.7,32.5,32.7,30.0,-0.45,103,170,2024-10-18 15:13:22,52.0,0.77,40.0,DI water,60,40,90,90,15:15:19,80.14,31.98,0.36,1.32,0.56,353.29,305.12,273.51,274.47,353.93,1.2,-1725.32,-1490.1,-235.22
15:13:23,18/10/2024,80.3,79.8,80.0,80.7,79.9,32.7,32.5,32.7,30.0,-0.45,103,170,2024-10-18 15:13:23,52.0,0.77,40.1,DI water,60,40,90,90,15:15:19,80.14,31.98,0.36,1.32,0.56,353.29,305.12,273.51,274.47,353.93,1.2,-1725.32,-1490.1,-235.22
15:13:25,18/10/2024,80.3,79.8,80.0,80.7,79.9,32.7,32.5,32.7,30.0,-0.45,103,170,2024-10-18 15:13:25,52.0,0.77,40.1,DI water,60,40,90,90,15:15:19,80.14,31.98,0.36,1.32,0.56,353.29,305.12,273.51,274.47,353.93,1.2,-1725.32,-1490.1,-235.22
15:13:26,18/10/2024,80.5,79.9,80.1,80.8,79.9,32.7,32.5,32.7,30.0,-0.45,103,170,2024-10-18 15:13:26,52.0,0.77,40.1,DI water,60,40,90,90,15:15:19,80.24,31.98,0.4,1.32,0.56,353.39,305.12,273.55,274.47,353.93,1.21,-1725.81,-1490.1,-235.71
15:13:27,18/10/2024,80.5,79.9,80.1,80.8,79.9,32.7,32.5,32.6,30.0,-0.45,103,170,2024-10-18 15:13:27,52.0,0.77,40.0,DI water,60,40,90,90,15:15:19,80.24,31.95,0.4,1.3,0.56,353.39,305.1,273.55,274.45,353.93,1.21,-1725.81,-1489.98,-235.83
15:13:29,18/10/2024,80.5,79.9,80.1,80.8,79.9,32.7,32.5,32.6,30.0,-0.44,103,170,2024-10-18 15:13:29,52.0,0.77,40.1,DI water,60,40,90,90,15:15:19,80.24,31.95,0.4,1.3,0.57,353.39,305.1,273.55,274.45,353.93,1.21,-1674.08,-1445.32,-228.76
15:13:29,18/10/2024,80.5,79.9,80.1,80.8,79.9,32.7,32.5,32.6,30.0,-0.44,103,170,2024-10-18 15:13:29,52.0,0.77,40.0,DI water,60,40,90,90,15:15:19,80.24,31.95,0.4,1.3,0.57,353.39,305.1,273.55,274.45,353.93,1.21,-1674.08,-1445.32,-228.76
15:13:31,18/10/2024,80.5,80.0,80.1,80.8,80.0,32.7,32.5,32.6,30.0,-0.44,103,170,2024-10-18 15:13:31,52.0,0.77,40.1,DI water,60,40,90,90,15:15:19,80.28,31.95,0.36,1.3,0.57,353.43,305.1,273.51,274.45,353.93,1.21,-1674.27,-1445.32,-228.95
15:13:34,18/10/2024,80.5,80.0,80.1,80.8,80.0,32.7,32.5,32.6,30.1,-0.45,103,170,2024-10-18 15:13:34,52.0,0.77,40.0,DI water,60,40,90,90,15:15:19,80.28,31.98,0.36,1.25,0.56,353.43,305.12,273.51,274.4,353.93,1.21,-1726.0,-1490.1,-235.9
15:13:35,18/10/2024,80.5,80.0,80.1,80.8,80.0,32.7,32.5,32.6,30.1,-0.45,103,170,2024-10-18 15:13:35,52.0,0.77,40.0,DI water,60,40,90,90,15:15:19,80.28,31.98,0.36,1.25,0.56,353.43,305.12,273.51,274.4,353.93,1.21,-1726.0,-1490.1,-235.9
15:13:36,18/10/2024,80.5,80.0,80.1,80.8,80.0,32.7,32.5,32.6,30.1,-0.45,103,170,2024-10-18 15:13:36,52.0,0.77,40.0,DI water,60,40,90,90,15:15:19,80.28,31.98,0.36,1.25,0.56,353.43,305.12,273.51,274.4,353.93,1.21,-1726.0,-1490.1,-235.9
15:13:38,18/10/2024,80.6,80.1,80.1,80.8,80.0,32.7,32.5,32.6,30.1,-0.45,103,170,2024-10-18 15:13:38,52.0,0.77,40.0,DI water,60,40,90,90,15:15:19,80.32,31.98,0.36,1.25,0.56,353.47,305.12,273.51,274.4,353.93,1.21,-1726.2,-1490.1,-236.1
15:13:39,18/10/2024,80.6,80.1,80.1,80.8,80.0,32.7,32.5,32.6,30.1,-0.45,103,170,2024-10-18 15:13:39,52.0,0.77,40.0,DI water,60,40,90,90,15:15:19,80.32,31.98,0.36,1.25,0.56,353.47,305.12,273.51,274.4,353.93,1.21,-1726.2,-1490.1,-236.1
15:13:43,18/10/2024,80.6,80.1,80.2,80.7,80.0,32.7,32.5,32.6,30.1,-0.45,103,170,2024-10-18 15:13:43,52.0,0.77,40.0,DI water,60,40,90,90,15:15:19,80.32,31.98,0.31,1.25,0.56,353.47,305.12,273.46,274.4,353.93,1.21,-1726.2,-1490.1,-236.1
15:13:44,18/10/2024,80.6,80.1,80.2,80.7,80.0,32.7,32.5,32.6,30.1,-0.45,103,170,2024-10-18 15:13:44,52.0,0.77,40.0,DI water,60,40,90,90,15:15:19,80.32,31.98,0.31,1.25,0.56,353.47,305.12,273.46,274.4,353.93,1.21,-1726.2,-1490.1,-236.1
15:13:47,18/10/2024,80.6,80.1,80.2,80.7,80.0,32.7,32.5,32.6,30.1,-0.45,103,170,2024-10-18 15:13:47,52.0,0.77,40.0,DI water,60,40,90,90,15:15:19,80.32,31.98,0.31,1.25,0.56,353.47,305.12,273.46,274.4,353.93,1.21,-1726.2,-1490.1,-236.1
15:13:48,18/10/2024,80.6,80.1,80.2,80.7,80.0,32.7,32.5,32.6,30.1,-0.45,103,170,2024-10-18 15:13:48,52.0,0.77,40.0,DI water,60,40,90,90,15:15:19,80.32,31.98,0.31,1.25,0.56,353.47,305.12,273.46,274.4,353.93,1.21,-1726.2,-1490.1,-236.1
15:13:50,18/10/2024,80.6,80.1,80.2,80.7,80.0,32.7,32.5,32.6,30.1,-0.45,103,170,2024-10-18 15:13:50,52.0,0.77,40.0,DI water,60,40,90,90,15:15:19,80.32,31.98,0.31,1.25,0.56,353.47,305.12,273.46,274.4,353.93,1.21,-1726.2,-1490.1,-236.1
15:13:53,18/10/2024,80.7,80.2,80.2,79.1,80.0,32.6,32.5,32.6,30.0,-0.45,103,170,2024-10-18 15:13:53,52.0,0.77,39.9,DI water,60,40,90,90,15:15:19,80.04,31.92,0.59,1.28,0.56,353.19,305.08,273.74,274.43,353.93,1.2,-1724.83,-1489.86,-234.97
15:13:54,18/10/2024,80.7,80.2,80.2,79.1,80.0,32.6,32.5,32.6,30.0,-0.45,103,170,2024-10-18 15:13:54,52.0,0.77,40.0,DI water,60,40,90,90,15:15:19,80.04,31.92,0.59,1.28,0.56,353.19,305.08,273.74,274.43,353.93,1.2,-1724.83,-1489.86,-234.97
15:13:56,18/10/2024,80.7,80.2,80.2,79.7,79.9,32.6,32.5,32.6,30.0,-0.45,103,170,2024-10-18 15:13:56,51.9,0.77,39.9,DI water,60,40,90,90,15:15:19,80.14,31.92,0.38,1.28,0.56,353.29,305.08,273.53,274.43,353.93,1.21,-1725.32,-1489.86,-235.46
15:13:57,18/10/2024,80.7,80.2,80.2,79.7,79.9,32.6,32.5,32.6,30.0,-0.45,103,170,2024-10-18 15:13:57,52.0,0.77,39.9,DI water,60,40,90,90,15:15:19,80.14,31.92,0.38,1.28,0.56,353.29,305.08,273.53,274.43,353.93,1.21,-1725.32,-1489.86,-235.46
15:13:58,18/10/2024,80.7,80.2,80.2,79.7,79.9,32.6,32.5,32.6,30.0,-0.45,103,170,2024-10-18 15:13:58,52.0,0.77,39.9,DI water,60,40,90,90,15:15:19,80.14,31.92,0.38,1.28,0.56,353.29,305.08,273.53,274.43,353.93,1.21,-1725.32,-1489.86,-235.46
15:14:03,18/10/2024,80.7,80.2,80.2,79.7,79.9,32.6,32.5,32.6,30.0,-0.45,103,170,2024-10-18 15:14:03,51.9,0.77,39.9,DI water,60,40,90,90,15:15:19,80.14,31.92,0.38,1.28,0.56,353.29,305.08,273.53,274.43,353.93,1.21,-1725.32,-1489.86,-235.46
15:14:04,18/10/2024,80.7,80.2,80.2,79.7,79.9,32.6,32.5,32.6,30.0,-0.45,103,170,2024-10-18 15:14:04,52.0,0.77,39.9,DI water,60,40,90,90,15:15:19,80.14,31.92,0.38,1.28,0.56,353.29,305.08,273.53,274.43,353.93,1.21,-1725.32,-1489.86,-235.46
15:14:07,18/10/2024,80.7,80.2,80.2,80.6,79.9,32.7,32.5,32.6,30.1,-0.45,103,170,2024-10-18 15:14:07,52.0,0.77,40.0,DI water,60,40,90,90,15:15:19,80.32,31.98,0.33,1.25,0.56,353.47,305.12,273.48,274.4,353.93,1.21,-1726.2,-1490.1,-236.1
15:14:11,18/10/2024,80.7,80.2,80.2,80.6,79.9,32.7,32.5,32.6,30.1,-0.45,103,170,2024-10-18 15:14:11,52.0,0.77,40.0,DI water,60,40,90,90,15:15:19,80.32,31.98,0.33,1.25,0.56,353.47,305.12,273.48,274.4,353.93,1.21,-1726.2,-1490.1,-236.1
15:14:14,18/10/2024,80.8,80.2,80.2,80.6,79.9,32.7,32.5,32.6,30.1,-0.45,103,170,2024-10-18 15:14:14,52.0,0.77,40.0,DI water,60,40,90,90,15:15:19,80.34,31.98,0.36,1.25,0.56,353.49,305.12,273.51,274.4,353.93,1.21,-1726.3,-1490.1,-236.19
15:14:16,18/10/2024,80.8,80.2,80.2,80.8,79.9,32.6,32.5,32.6,30.1,-0.45,103,170,2024-10-18 15:14:16,52.0,0.77,40.0,DI water,60,40,90,90,15:15:19,80.38,31.95,0.4,1.23,0.56,353.53,305.1,273.55,274.38,353.93,1.21,-1726.49,-1489.98,-236.51
15:14:18,18/10/2024,80.8,80.2,80.2,80.8,79.9,32.6,32.5,32.6,30.1,-0.45,103,170,2024-10-18 15:14:18,52.0,0.77,40.0,DI water,60,40,90,90,15:15:19,80.38,31.95,0.4,1.23,0.56,353.53,305.1,273.55,274.38,353.93,1.21,-1726.49,-1489.98,-236.51
15:14:20,18/10/2024,80.8,80.2,80.2,80.8,79.9,32.6,32.5,32.6,30.1,-0.45,103,170,2024-10-18 15:14:20,52.0,0.77,39.9,DI water,60,40,90,90,15:15:19,80.38,31.95,0.4,1.23,0.56,353.53,305.1,273.55,274.38,353.93,1.21,-1726.49,-1489.98,-236.51
15:14:22,18/10/2024,80.8,80.3,80.3,80.9,79.9,32.6,32.5,32.6,30.1,-0.45,103,170,2024-10-18 15:14:22,52.0,0.77,39.9,DI water,60,40,90,90,15:15:19,80.44,31.95,0.41,1.23,0.56,353.59,305.1,273.56,274.38,353.93,1.21,-1726.78,-1489.98,-236.8
15:14:28,18/10/2024,80.8,80.3,80.3,80.9,80.0,32.6,32.5,32.6,30.2,-0.45,103,170,2024-10-18 15:14:28,52.0,0.77,40.0,DI water,60,40,90,90,15:15:19,80.46,31.98,0.38,1.18,0.56,353.61,305.12,273.53,274.33,353.93,1.21,-1726.88,-1490.1,-236.78
15:14:31,18/10/2024,80.8,80.3,80.3,80.9,80.0,32.6,32.5,32.6,30.2,-0.45,103,170,2024-10-18 15:14:31,52.0,0.77,40.0,DI water,60,40,90,90,15:15:19,80.46,31.98,0.38,1.18,0.56,353.61,305.12,273.53,274.33,353.93,1.21,-1726.88,-1490.1,-236.78
15:14:34,18/10/2024,80.8,80.3,80.3,81.0,80.1,32.6,32.5,32.6,30.2,-0.45,103,170,2024-10-18 15:14:34,52.0,0.77,39.9,DI water,60,40,90,90,15:15:19,80.5,31.98,0.38,1.18,0.56,353.65,305.12,273.53,274.33,353.93,1.21,-1727.08,-1490.1,-236.98
15:14:35,18/10/2024,80.8,80.3,80.3,81.0,80.1,32.6,32.5,32.6,30.2,-0.45,103,170,2024-10-18 15:14:35,52.0,0.77,39.9,DI water,60,40,90,90,15:15:19,80.5,31.98,0.38,1.18,0.56,353.65,305.12,273.53,274.33,353.93,1.21,-1727.08,-1490.1,-236.98
15:14:36,18/10/2024,80.8,80.3,80.3,81.0,80.1,32.6,32.5,32.6,30.2,-0.45,103,170,2024-10-18 15:14:36,52.0,0.77,39.9,DI water,60,40,90,90,15:15:19,80.5,31.98,0.38,1.18,0.56,353.65,305.12,273.53,274.33,353.93,1.21,-1727.08,-1490.1,-236.98
15:14:40,18/10/2024,80.8,80.3,80.3,81.0,80.1,32.6,32.5,32.6,30.2,-0.45,103,170,2024-10-18 15:14:40,52.0,0.77,39.9,DI water,60,40,90,90,15:15:19,80.5,31.98,0.38,1.18,0.56,353.65,305.12,273.53,274.33,353.93,1.21,-1727.08,-1490.1,-236.98
15:14:42,18/10/2024,80.9,80.4,80.4,81.1,80.3,32.8,32.5,32.6,30.2,-0.45,103,170,2024-10-18 15:14:42,51.9,0.77,39.9,DI water,60,40,90,90,15:15:19,80.62,32.02,0.36,1.22,0.56,353.77,305.17,273.51,274.37,353.93,1.21,-1727.66,-1490.35,-237.32
15:14:43,18/10/2024,80.9,80.4,80.4,81.1,80.3,32.8,32.5,32.6,30.2,-0.45,103,170,2024-10-18 15:14:43,52.0,0.77,40.0,DI water,60,40,90,90,15:15:19,80.62,32.02,0.36,1.22,0.56,353.77,305.17,273.51,274.37,353.93,1.21,-1727.66,-1490.35,-237.32
15:14:48,18/10/2024,80.9,80.4,80.4,81.1,80.3,32.8,32.5,32.6,30.2,-0.45,103,170,2024-10-18 15:14:48,52.0,0.77,39.9,DI water,60,40,90,90,15:15:19,80.62,32.02,0.36,1.22,0.56,353.77,305.17,273.51,274.37,353.93,1.21,-1727.66,-1490.35,-237.32
15:14:52,18/10/2024,80.9,80.4,80.5,81.2,80.4,32.8,32.5,32.6,30.2,-0.45,103,170,2024-10-18 15:14:52,51.9,0.77,39.9,DI water,60,40,90,90,15:15:19,80.68,32.02,0.36,1.22,0.56,353.83,305.17,273.51,274.37,353.93,1.22,-1727.96,-1490.35,-237.61
15:14:53,18/10/2024,80.9,80.4,80.5,81.2,80.4,32.8,32.5,32.6,30.2,-0.45,103,170,2024-10-18 15:14:53,52.0,0.77,40.0,DI water,60,40,90,90,15:15:19,80.68,32.02,0.36,1.22,0.56,353.83,305.17,273.51,274.37,353.93,1.22,-1727.96,-1490.35,-237.61
15:14:59,18/10/2024,80.9,80.4,80.5,81.2,80.4,32.8,32.5,32.6,30.2,-0.45,103,170,2024-10-18 15:14:59,52.0,0.77,40.0,DI water,60,40,90,90,15:15:19,80.68,32.02,0.36,1.22,0.56,353.83,305.17,273.51,274.37,353.93,1.22,-1727.96,-1490.35,-237.61
15:15:00,18/10/2024,80.9,80.4,80.5,81.2,80.4,32.8,32.5,32.6,30.2,-0.45,103,170,2024-10-18 15:15:00,52.0,0.77,39.9,DI water,60,40,90,90,15:15:19,80.68,32.02,0.36,1.22,0.56,353.83,305.17,273.51,274.37,353.93,1.22,-1727.96,-1490.35,-237.61
15:15:03,18/10/2024,80.9,80.5,80.6,81.2,80.4,32.8,32.5,32.6,30.2,-0.45,103,170,2024-10-18 15:15:03,52.0,0.77,40.0,DI water,60,40,90,90,15:15:19,80.72,32.02,0.33,1.22,0.56,353.87,305.17,273.48,274.37,353.93,1.22,-1728.15,-1490.35,-237.81
15:15:07,18/10/2024,80.9,80.5,80.6,81.2,80.4,32.8,32.5,32.6,30.2,-0.45,104,170,2024-10-18 15:15:07,52.0,0.77,40.0,DI water,60,40,90,90,15:15:19,80.72,32.02,0.33,1.22,0.56,353.87,305.17,273.48,274.37,353.93,1.22,-1728.15,-1490.35,-237.81
15:15:08,18/10/2024,81.0,80.5,80.6,81.3,80.4,32.8,32.5,32.6,30.2,-0.45,104,170,2024-10-18 15:15:08,52.0,0.77,40.0,DI water,60,40,90,90,15:15:19,80.76,32.02,0.38,1.22,0.56,353.91,305.17,273.53,274.37,353.93,1.22,-1728.35,-1490.35,-238.0
15:15:12,18/10/2024,81.0,80.5,80.6,81.3,80.4,32.8,32.5,32.6,30.2,-0.45,104,170,2024-10-18 15:15:12,52.0,0.77,40.0,DI water,60,40,90,90,15:15:19,80.76,32.02,0.38,1.22,0.56,353.91,305.17,273.53,274.37,353.93,1.22,-1728.35,-1490.35,-238.0
15:15:15,18/10/2024,81.0,80.5,80.6,81.3,80.4,32.8,32.5,32.6,30.2,-0.45,104,170,2024-10-18 15:15:15,52.0,0.77,40.0,DI water,60,40,90,90,15:15:19,80.76,32.02,0.38,1.22,0.56,353.91,305.17,273.53,274.37,353.93,1.22,-1728.35,-1490.35,-238.0
15:15:16,18/10/2024,81.0,80.5,80.6,81.3,80.4,32.8,32.5,32.6,30.2,-0.45,104,170,2024-10-18 15:15:16,52.0,0.77,40.0,DI water,60,40,90,90,15:15:19,80.76,32.02,0.38,1.22,0.56,353.91,305.17,273.53,274.37,353.93,1.22,-1728.35,-1490.35,-238.0
15:15:19,18/10/2024,81.1,80.5,80.6,81.3,80.4,32.8,32.5,32.6,30.2,-0.45,104,170,2024-10-18 15:15:19,52.0,0.77,40.0,DI water,60,40,90,90,15:15:19,80.78,32.02,0.4,1.22,0.56,353.93,305.17,273.55,274.37,353.93,1.22,-1728.44,-1490.35,-238.1
15:15:21,18/10/2024,81.1,80.6,80.6,81.3,80.5,32.8,32.5,32.6,30.2,-0.45,104,170,2024-10-18 15:15:21,52.0,0.77,40.0,DI water,60,40,90,90,15:15:19,80.82,32.02,0.36,1.22,0.56,353.97,305.17,273.51,274.37,353.93,1.22,-1728.64,-1490.35,-238.29
15:15:22,18/10/2024,81.1,80.6,80.6,81.3,80.5,32.8,32.5,32.6,30.2,-0.45,104,170,2024-10-18 15:15:22,52.0,0.77,40.0,DI water,60,40,90,90,15:15:19,80.82,32.02,0.36,1.22,0.56,353.97,305.17,273.51,274.37,353.93,1.22,-1728.64,-1490.35,-238.29
15:15:23,18/10/2024,81.1,80.6,80.6,81.3,80.5,32.8,32.5,32.6,30.2,-0.45,104,170,2024-10-18 15:15:23,52.0,0.77,40.0,DI water,60,40,90,90,15:15:19,80.82,32.02,0.36,1.22,0.56,353.97,305.17,273.51,274.37,353.93,1.22,-1728.64,-1490.35,-238.29
15:15:24,18/10/2024,81.1,80.6,80.6,81.3,80.5,32.8,32.5,32.6,30.2,-0.45,104,170,2024-10-18 15:15:24,52.0,0.77,40.0,DI water,60,40,90,90,15:15:19,80.82,32.02,0.36,1.22,0.56,353.97,305.17,273.51,274.37,353.93,1.22,-1728.64,-1490.35,-238.29
15:15:28,18/10/2024,81.1,80.6,80.6,81.3,80.5,32.8,32.5,32.6,30.2,-0.45,104,170,2024-10-18 15:15:28,52.0,0.77,40.0,DI water,60,40,90,90,15:15:19,80.82,32.02,0.36,1.22,0.56,353.97,305.17,273.51,274.37,353.93,1.22,-1728.64,-1490.35,-238.29
15:15:29,18/10/2024,81.1,80.7,80.7,81.4,80.6,32.8,32.5,32.6,30.2,-0.45,104,170,2024-10-18 15:15:29,52.0,0.77,40.0,DI water,60,40,90,90,15:15:19,80.9,32.02,0.34,1.22,0.56,354.05,305.17,273.49,274.37,353.93,1.22,-1729.03,-1490.35,-238.68
15:15:29,18/10/2024,81.1,80.7,80.7,81.4,80.6,32.8,32.5,32.6,30.2,-0.45,104,170,2024-10-18 15:15:29,52.0,0.77,39.9,DI water,60,40,90,90,15:15:19,80.9,32.02,0.34,1.22,0.56,354.05,305.17,273.49,274.37,353.93,1.22,-1729.03,-1490.35,-238.68
15:15:31,18/10/2024,81.1,80.7,80.7,81.4,80.6,32.8,32.4,32.6,30.2,-0.46,104,170,2024-10-18 15:15:31,52.0,0.77,39.9,DI water,60,40,90,90,15:15:19,80.9,32.0,0.34,1.21,0.55,354.05,305.15,273.49,274.36,353.93,1.22,-1781.78,-1535.69,-246.09
15:15:33,18/10/2024,81.1,80.7,80.7,81.4,80.6,32.8,32.4,32.6,30.2,-0.46,104,170,2024-10-18 15:15:33,52.0,0.77,40.0,DI water,60,40,90,90,15:15:19,80.9,32.0,0.34,1.21,0.55,354.05,305.15,273.49,274.36,353.93,1.22,-1781.78,-1535.69,-246.09
15:15:35,18/10/2024,81.1,80.7,80.8,81.5,80.6,32.7,32.4,32.6,30.2,-0.46,104,170,2024-10-18 15:15:35,52.0,0.77,40.0,DI water,60,40,90,90,15:15:19,80.94,31.98,0.36,1.19,0.55,354.09,305.12,273.51,274.34,353.93,1.22,-1781.98,-1535.56,-246.42
15:15:36,18/10/2024,81.1,80.7,80.8,81.5,80.6,32.7,32.4,32.6,30.2,-0.46,104,170,2024-10-18 15:15:36,52.0,0.77,40.0,DI water,60,40,90,90,15:15:19,80.94,31.98,0.36,1.19,0.55,354.09,305.12,273.51,274.34,353.93,1.22,-1781.98,-1535.56,-246.42
15:15:38,18/10/2024,81.1,80.7,80.8,81.5,80.6,32.7,32.4,32.6,30.2,-0.46,104,170,2024-10-18 15:15:38,52.0,0.77,40.0,DI water,60,40,90,90,15:15:19,80.94,31.98,0.36,1.19,0.55,354.09,305.12,273.51,274.34,353.93,1.22,-1781.98,-1535.56,-246.42
15:15:41,18/10/2024,81.1,80.7,80.8,81.5,80.6,32.7,32.4,32.6,30.2,-0.46,104,170,2024-10-18 15:15:41,52.0,0.77,39.9,DI water,60,40,90,90,15:15:19,80.94,31.98,0.36,1.19,0.55,354.09,305.12,273.51,274.34,353.93,1.22,-1781.98,-1535.56,-246.42
15:15:46,18/10/2024,81.1,80.7,80.8,81.5,80.6,32.7,32.4,32.6,30.2,-0.46,104,170,2024-10-18 15:15:46,52.0,0.77,40.0,DI water,60,40,90,90,15:15:19,80.94,31.98,0.36,1.19,0.55,354.09,305.12,273.51,274.34,353.93,1.22,-1781.98,-1535.56,-246.42
15:15:47,18/10/2024,81.2,80.7,80.8,81.5,80.6,32.7,32.4,32.6,30.2,-0.46,104,170,2024-10-18 15:15:47,52.0,0.77,39.9,DI water,60,40,90,90,15:15:19,80.96,31.98,0.38,1.19,0.55,354.11,305.12,273.53,274.34,353.93,1.22,-1782.09,-1535.56,-246.52
15:15:48,18/10/2024,81.2,80.7,80.8,81.5,80.7,32.7,32.4,32.6,30.2,-0.46,104,170,2024-10-18 15:15:48,52.0,0.77,40.0,DI water,60,40,90,90,15:15:19,80.98,31.98,0.36,1.19,0.55,354.13,305.12,273.51,274.34,353.93,1.23,-1782.19,-1535.56,-246.62
15:15:51,18/10/2024,81.2,80.7,80.8,81.5,80.7,32.7,32.4,32.6,30.2,-0.46,104,170,2024-10-18 15:15:51,52.0,0.77,40.0,DI water,60,40,90,90,15:15:19,80.98,31.98,0.36,1.19,0.55,354.13,305.12,273.51,274.34,353.93,1.23,-1782.19,-1535.56,-246.62
15:15:53,18/10/2024,81.2,80.7,80.8,81.5,80.7,32.7,32.4,32.6,30.2,-0.46,104,170,2024-10-18 15:15:53,52.0,0.77,39.9,DI water,60,40,90,90,15:15:19,80.98,31.98,0.36,1.19,0.55,354.13,305.12,273.51,274.34,353.93,1.23,-1782.19,-1535.56,-246.62
15:15:57,18/10/2024,81.2,80.7,80.8,81.5,80.7,32.7,32.4,32.6,30.2,-0.46,104,170,2024-10-18 15:15:57,52.0,0.77,40.0,DI water,60,40,90,90,15:15:19,80.98,31.98,0.36,1.19,0.55,354.13,305.12,273.51,274.34,353.93,1.23,-1782.19,-1535.56,-246.62
15:16:00,18/10/2024,81.3,80.8,80.9,81.6,80.8,32.7,32.5,32.8,30.2,-0.46,104,170,2024-10-18 15:16:00,52.0,0.77,40.0,DI water,60,40,90,90,15:15:19,81.08,32.05,0.36,1.24,0.55,354.23,305.2,273.51,274.39,353.93,1.23,-1782.69,-1535.94,-246.75
15:16:02,18/10/2024,81.3,80.8,80.9,81.6,80.8,32.7,32.5,32.8,30.2,-0.46,104,170,2024-10-18 15:16:02,52.0,0.77,40.0,DI water,60,40,90,90,15:15:19,81.08,32.05,0.36,1.24,0.55,354.23,305.2,273.51,274.39,353.93,1.23,-1782.69,-1535.94,-246.75
15:16:07,18/10/2024,81.3,80.9,80.9,81.7,80.8,32.7,32.4,32.8,30.2,-0.46,104,170,2024-10-18 15:16:07,52.0,0.77,40.0,DI water,60,40,90,90,15:15:19,81.12,32.02,0.38,1.23,0.55,354.27,305.17,273.53,274.38,353.93,1.23,-1782.89,-1535.82,-247.07
15:16:08,18/10/2024,81.3,80.9,80.9,81.7,80.8,32.7,32.4,32.6,30.2,-0.46,104,170,2024-10-18 15:16:08,52.0,0.77,40.0,DI water,60,40,90,90,15:15:19,81.12,31.98,0.38,1.19,0.55,354.27,305.12,273.53,274.34,353.93,1.23,-1782.89,-1535.56,-247.33
15:16:11,18/10/2024,81.3,80.9,80.9,81.7,80.8,32.7,32.4,32.6,30.2,-0.46,104,170,2024-10-18 15:16:11,52.0,0.77,40.0,DI water,60,40,90,90,15:15:19,81.12,31.98,0.38,1.19,0.55,354.27,305.12,273.53,274.34,353.93,1.23,-1782.89,-1535.56,-247.33
15:16:12,18/10/2024,81.3,80.9,81.0,81.7,80.9,32.7,32.4,32.6,30.2,-0.46,104,170,2024-10-18 15:16:12,52.0,0.77,40.0,DI water,60,40,90,90,15:15:19,81.16,31.98,0.34,1.19,0.55,354.31,305.12,273.49,274.34,353.93,1.23,-1783.09,-1535.56,-247.53
15:16:14,18/10/2024,81.3,80.9,81.0,81.7,80.9,32.7,32.5,32.8,30.2,-0.46,104,170,2024-10-18 15:16:14,52.0,0.77,40.0,DI water,60,40,90,90,15:15:19,81.16,32.05,0.34,1.24,0.55,354.31,305.2,273.49,274.39,353.93,1.23,-1783.09,-1535.94,-247.15
15:16:17,18/10/2024,81.3,80.9,81.0,81.7,80.9,32.7,32.5,32.8,30.2,-0.46,104,170,2024-10-18 15:16:17,52.2,0.77,40.3,DI water,60,40,90,90,15:15:19,81.16,32.05,0.34,1.24,0.55,354.31,305.2,273.49,274.39,353.93,1.23,-1783.09,-1535.94,-247.15
15:16:20,18/10/2024,81.5,81.0,81.0,81.7,80.9,32.7,32.5,32.8,30.1,-0.47,104,170,2024-10-18 15:16:20,52.1,0.77,40.1,DI water,60,40,90,90,15:15:19,81.22,32.02,0.36,1.29,0.54,354.37,305.17,273.51,274.44,353.93,1.23,-1837.16,-1582.12,-255.04
15:16:21,18/10/2024,81.5,81.0,81.0,81.7,80.9,32.7,32.5,32.8,30.1,-0.47,104,170,2024-10-18 15:16:21,52.1,0.77,40.1,DI water,60,40,90,90,15:15:19,81.22,32.02,0.36,1.29,0.54,354.37,305.17,273.51,274.44,353.93,1.23,-1837.16,-1582.12,-255.04
15:16:24,18/10/2024,81.5,81.0,81.0,81.7,80.9,32.7,32.5,32.8,30.1,-0.47,104,170,2024-10-18 15:16:24,52.1,0.77,40.1,DI water,60,40,90,90,15:15:19,81.22,32.02,0.36,1.29,0.54,354.37,305.17,273.51,274.44,353.93,1.23,-1837.16,-1582.12,-255.04
15:16:26,18/10/2024,81.5,81.0,81.1,81.8,80.9,32.7,32.5,32.8,30.1,-0.47,104,170,2024-10-18 15:16:26,52.1,0.77,40.0,DI water,60,40,90,90,15:15:19,81.26,32.02,0.38,1.29,0.54,354.41,305.17,273.53,274.44,353.93,1.23,-1837.37,-1582.12,-255.25
15:16:27,18/10/2024,81.5,81.0,81.1,81.8,80.9,32.7,32.5,32.7,30.2,-0.47,104,170,2024-10-18 15:16:27,52.1,0.77,40.1,DI water,60,40,90,90,15:15:19,81.26,32.02,0.38,1.22,0.54,354.41,305.17,273.53,274.37,353.93,1.23,-1837.37,-1582.12,-255.25
15:16:28,18/10/2024,81.5,81.0,81.1,81.8,80.9,32.7,32.5,32.7,30.2,-0.46,104,170,2024-10-18 15:16:28,52.1,0.77,40.2,DI water,60,40,90,90,15:15:19,81.26,32.02,0.38,1.22,0.55,354.41,305.17,273.53,274.37,353.93,1.23,-1783.6,-1535.82,-247.78
15:16:32,18/10/2024,81.5,81.0,81.1,81.8,80.9,32.7,32.5,32.7,30.2,-0.46,104,170,2024-10-18 15:16:32,52.1,0.77,40.2,DI water,60,40,90,90,15:15:19,81.26,32.02,0.38,1.22,0.55,354.41,305.17,273.53,274.37,353.93,1.23,-1783.6,-1535.82,-247.78
15:16:33,18/10/2024,81.5,81.0,81.1,81.8,80.9,32.7,32.5,32.7,30.2,-0.46,104,170,2024-10-18 15:16:33,52.1,0.77,40.2,DI water,60,40,90,90,15:15:19,81.26,32.02,0.38,1.22,0.55,354.41,305.17,273.53,274.37,353.93,1.23,-1783.6,-1535.82,-247.78
15:16:34,18/10/2024,81.6,81.1,81.1,81.8,81.0,32.8,32.5,32.7,30.2,-0.46,104,170,2024-10-18 15:16:34,52.1,0.77,40.2,DI water,60,40,90,90,15:15:19,81.32,32.05,0.36,1.24,0.55,354.47,305.2,273.51,274.39,353.93,1.23,-1783.9,-1535.94,-247.96
15:16:36,18/10/2024,81.6,81.1,81.1,81.8,81.0,32.8,32.6,32.8,30.2,-0.46,104,170,2024-10-18 15:16:36,52.1,0.77,40.2,DI water,60,40,90,90,15:15:19,81.32,32.1,0.36,1.27,0.55,354.47,305.25,273.51,274.42,353.93,1.23,-1783.9,-1536.19,-247.7
15:16:38,18/10/2024,81.6,81.2,81.1,81.8,81.0,32.8,32.6,32.8,30.2,-0.46,104,170,2024-10-18 15:16:38,52.1,0.77,40.2,DI water,60,40,90,90,15:15:19,81.34,32.1,0.34,1.27,0.55,354.49,305.25,273.49,274.42,353.93,1.23,-1784.0,-1536.19,-247.8
15:16:40,18/10/2024,81.6,81.2,81.1,81.8,81.0,32.8,32.6,32.8,30.2,-0.46,104,170,2024-10-18 15:16:40,52.1,0.77,40.2,DI water,60,40,90,90,15:15:19,81.34,32.1,0.34,1.27,0.55,354.49,305.25,273.49,274.42,353.93,1.23,-1784.0,-1536.19,-247.8
15:16:42,18/10/2024,81.6,81.2,81.1,81.8,81.0,32.8,32.6,32.8,30.2,-0.46,104,170,2024-10-18 15:16:42,52.1,0.77,40.2,DI water,60,40,90,90,15:15:19,81.34,32.1,0.34,1.27,0.55,354.49,305.25,273.49,274.42,353.93,1.23,-1784.0,-1536.19,-247.8
15:16:44,18/10/2024,81.6,81.2,81.1,81.8,81.0,32.8,32.6,32.8,30.2,-0.46,104,170,2024-10-18 15:16:44,52.1,0.77,40.2,DI water,60,40,90,90,15:15:19,81.34,32.1,0.34,1.27,0.55,354.49,305.25,273.49,274.42,353.93,1.23,-1784.0,-1536.19,-247.8
15:16:46,18/10/2024,81.6,81.2,81.2,81.9,81.1,32.8,32.6,32.8,30.2,-0.46,104,170,2024-10-18 15:16:46,52.1,0.77,40.2,DI water,60,40,90,90,15:15:19,81.4,32.1,0.34,1.27,0.55,354.55,305.25,273.49,274.42,353.93,1.23,-1784.3,-1536.19,-248.11
15:16:48,18/10/2024,81.6,81.2,81.2,81.9,81.1,32.8,32.6,32.8,30.2,-0.46,104,170,2024-10-18 15:16:48,52.0,0.77,40.0,DI water,60,40,90,90,15:15:19,81.4,32.1,0.34,1.27,0.55,354.55,305.25,273.49,274.42,353.93,1.23,-1784.3,-1536.19,-248.11
15:16:49,18/10/2024,81.6,81.2,81.2,81.9,81.1,32.8,32.6,32.8,30.2,-0.46,104,170,2024-10-18 15:16:49,52.0,0.77,40.0,DI water,60,40,90,90,15:15:19,81.4,32.1,0.34,1.27,0.55,354.55,305.25,273.49,274.42,353.93,1.23,-1784.3,-1536.19,-248.11
15:16:50,18/10/2024,81.6,81.2,81.2,81.9,81.1,32.8,32.6,32.8,30.2,-0.46,104,170,2024-10-18 15:16:50,52.0,0.77,40.0,DI water,60,40,90,90,15:15:19,81.4,32.1,0.34,1.27,0.55,354.55,305.25,273.49,274.42,353.93,1.23,-1784.3,-1536.19,-248.11
15:16:52,18/10/2024,81.6,81.2,81.2,82.0,81.1,32.8,32.6,32.8,30.2,-0.46,104,170,2024-10-18 15:16:52,52.0,0.77,40.0,DI water,60,40,90,90,15:15:19,81.42,32.1,0.38,1.27,0.55,354.57,305.25,273.53,274.42,353.93,1.23,-1784.4,-1536.19,-248.21
15:16:55,18/10/2024,81.6,81.2,81.2,82.0,81.1,32.8,32.6,32.8,30.2,-0.46,104,170,2024-10-18 15:16:55,52.1,0.77,40.1,DI water,60,40,90,90,15:15:19,81.42,32.1,0.38,1.27,0.55,354.57,305.25,273.53,274.42,353.93,1.23,-1784.4,-1536.19,-248.21
15:16:56,18/10/2024,81.6,81.2,81.2,82.0,81.1,32.8,32.6,32.8,30.2,-0.46,104,170,2024-10-18 15:16:56,52.0,0.77,40.1,DI water,60,40,90,90,15:15:19,81.42,32.1,0.38,1.27,0.55,354.57,305.25,273.53,274.42,353.93,1.23,-1784.4,-1536.19,-248.21
15:16:57,18/10/2024,81.7,81.2,81.3,82.0,81.1,32.8,32.6,32.8,30.2,-0.46,104,170,2024-10-18 15:16:57,52.0,0.77,40.0,DI water,60,40,90,90,15:15:19,81.46,32.1,0.38,1.27,0.55,354.61,305.25,273.53,274.42,353.93,1.23,-1784.6,-1536.19,-248.41
15:16:59,18/10/2024,81.7,81.2,81.3,82.0,81.1,32.7,32.5,32.8,30.1,-0.47,104,170,2024-10-18 15:16:59,52.0,0.77,39.9,DI water,60,40,90,90,15:15:19,81.46,32.02,0.38,1.29,0.54,354.61,305.17,273.53,274.44,353.93,1.24,-1838.4,-1582.12,-256.29
15:17:01,18/10/2024,81.7,81.2,81.3,82.0,81.1,32.7,32.5,32.8,30.1,-0.47,104,170,2024-10-18 15:17:01,52.0,0.77,39.9,DI water,60,40,90,90,15:15:19,81.46,32.02,0.38,1.29,0.54,354.61,305.17,273.53,274.44,353.93,1.24,-1838.4,-1582.12,-256.29
15:17:06,18/10/2024,81.7,81.2,81.3,82.0,81.2,32.7,32.5,32.8,30.1,-0.47,104,170,2024-10-18 15:17:06,52.0,0.77,40.0,DI water,60,40,90,90,15:15:19,81.48,32.02,0.36,1.29,0.54,354.63,305.17,273.51,274.44,353.93,1.24,-1838.51,-1582.12,-256.39
15:17:08,18/10/2024,81.7,81.2,81.3,82.0,81.2,32.7,32.5,32.8,30.2,-0.46,104,170,2024-10-18 15:17:08,52.0,0.77,40.0,DI water,60,40,90,90,15:15:19,81.48,32.05,0.36,1.24,0.55,354.63,305.2,273.51,274.39,353.93,1.24,-1784.7,-1535.94,-248.76
15:17:09,18/10/2024,81.7,81.2,81.3,82.0,81.2,32.7,32.5,32.8,30.2,-0.46,104,170,2024-10-18 15:17:09,52.0,0.77,40.0,DI water,60,40,90,90,15:15:19,81.48,32.05,0.36,1.24,0.55,354.63,305.2,273.51,274.39,353.93,1.24,-1784.7,-1535.94,-248.76
15:17:11,18/10/2024,81.7,81.2,81.3,82.0,81.2,32.7,32.5,32.8,30.2,-0.46,104,170,2024-10-18 15:17:11,52.0,0.77,40.0,DI water,60,40,90,90,15:15:19,81.48,32.05,0.36,1.24,0.55,354.63,305.2,273.51,274.39,353.93,1.24,-1784.7,-1535.94,-248.76
15:17:15,18/10/2024,81.8,81.3,81.3,82.1,81.2,32.7,32.5,32.8,30.2,-0.46,104,170,2024-10-18 15:17:15,52.0,0.77,40.0,DI water,60,40,90,90,15:15:19,81.54,32.05,0.39,1.24,0.55,354.69,305.2,273.54,274.39,353.93,1.24,-1785.0,-1535.94,-249.06
15:17:18,18/10/2024,81.8,81.3,81.3,82.1,81.2,32.7,32.5,32.8,30.1,-0.47,104,170,2024-10-18 15:17:18,52.0,0.77,40.0,DI water,60,40,90,90,15:15:19,81.54,32.02,0.39,1.29,0.54,354.69,305.17,273.54,274.44,353.93,1.24,-1838.82,-1582.12,-256.7
15:17:20,18/10/2024,81.8,81.3,81.3,82.1,81.2,32.7,32.5,32.8,30.1,-0.47,104,170,2024-10-18 15:17:20,52.0,0.77,39.9,DI water,60,40,90,90,15:15:19,81.54,32.02,0.39,1.29,0.54,354.69,305.17,273.54,274.44,353.93,1.24,-1838.82,-1582.12,-256.7
15:17:21,18/10/2024,81.8,81.4,81.4,82.1,81.3,32.7,32.5,32.8,30.1,-0.47,104,170,2024-10-18 15:17:21,52.0,0.77,39.9,DI water,60,40,90,90,15:15:19,81.6,32.02,0.34,1.29,0.54,354.75,305.17,273.49,274.44,353.93,1.24,-1839.13,-1582.12,-257.01
15:17:23,18/10/2024,81.8,81.4,81.4,82.1,81.3,32.7,32.5,32.8,30.1,-0.47,104,170,2024-10-18 15:17:23,52.0,0.77,39.9,DI water,60,40,90,90,15:15:19,81.6,32.02,0.34,1.29,0.54,354.75,305.17,273.49,274.44,353.93,1.24,-1839.13,-1582.12,-257.01
15:17:25,18/10/2024,81.8,81.4,81.4,82.1,81.3,32.7,32.5,32.8,30.1,-0.46,104,170,2024-10-18 15:17:25,52.0,0.77,39.9,DI water,60,40,90,90,15:15:19,81.6,32.02,0.34,1.29,0.55,354.75,305.17,273.49,274.44,353.93,1.24,-1785.31,-1535.82,-249.49
15:17:28,18/10/2024,81.8,81.4,81.4,82.1,81.3,32.7,32.5,32.8,30.1,-0.46,104,170,2024-10-18 15:17:28,52.0,0.77,40.0,DI water,60,40,90,90,15:15:19,81.6,32.02,0.34,1.29,0.55,354.75,305.17,273.49,274.44,353.93,1.24,-1785.31,-1535.82,-249.49
15:17:29,18/10/2024,81.8,81.4,81.4,82.1,81.3,32.7,32.5,32.8,30.1,-0.46,104,170,2024-10-18 15:17:29,52.0,0.77,40.0,DI water,60,40,90,90,15:15:19,81.6,32.02,0.34,1.29,0.55,354.75,305.17,273.49,274.44,353.93,1.24,-1785.31,-1535.82,-249.49
15:17:31,18/10/2024,81.8,81.4,81.4,82.1,81.3,32.7,32.5,32.8,30.1,-0.46,104,170,2024-10-18 15:17:31,52.0,0.77,39.9,DI water,60,40,90,90,15:15:19,81.6,32.02,0.34,1.29,0.55,354.75,305.17,273.49,274.44,353.93,1.24,-1785.31,-1535.82,-249.49
15:17:33,18/10/2024,81.8,81.4,81.4,82.2,81.4,32.7,32.5,32.8,30.1,-0.46,104,170,2024-10-18 15:17:33,52.0,0.77,40.0,DI water,60,40,90,90,15:15:19,81.64,32.02,0.36,1.29,0.55,354.79,305.17,273.51,274.44,353.93,1.24,-1785.51,-1535.82,-249.69
15:17:35,18/10/2024,81.8,81.4,81.4,82.2,81.4,32.8,32.5,32.8,30.2,-0.47,104,170,2024-10-18 15:17:35,52.0,0.77,39.9,DI water,60,40,90,90,15:15:19,81.64,32.07,0.36,1.26,0.54,354.79,305.22,273.51,274.41,353.93,1.24,-1839.34,-1582.38,-256.96
15:17:40,18/10/2024,81.8,81.4,81.4,82.2,81.4,32.8,32.5,32.8,30.2,-0.47,104,170,2024-10-18 15:17:40,52.0,0.77,39.9,DI water,60,40,90,90,15:15:19,81.64,32.07,0.36,1.26,0.54,354.79,305.22,273.51,274.41,353.93,1.24,-1839.34,-1582.38,-256.96
15:17:41,18/10/2024,81.9,81.4,81.5,82.2,81.3,32.8,32.5,32.8,30.2,-0.47,104,170,2024-10-18 15:17:41,52.0,0.77,40.0,DI water,60,40,90,90,15:15:19,81.66,32.07,0.38,1.26,0.54,354.81,305.22,273.53,274.41,353.93,1.24,-1839.44,-1582.38,-257.06
15:17:43,18/10/2024,81.9,81.4,81.5,82.2,81.3,32.7,32.5,32.7,30.1,-0.47,104,170,2024-10-18 15:17:43,52.0,0.77,39.9,DI water,60,40,90,90,15:15:19,81.66,32.0,0.38,1.27,0.54,354.81,305.15,273.53,274.42,353.93,1.24,-1839.44,-1581.99,-257.45
15:17:44,18/10/2024,81.9,81.4,81.5,82.2,81.3,32.7,32.5,32.7,30.1,-0.47,104,170,2024-10-18 15:17:44,52.0,0.77,39.9,DI water,60,40,90,90,15:15:19,81.66,32.0,0.38,1.27,0.54,354.81,305.15,273.53,274.42,353.93,1.24,-1839.44,-1581.99,-257.45
15:17:47,18/10/2024,81.9,81.4,81.5,82.2,81.4,32.7,32.5,32.7,30.1,-0.47,104,170,2024-10-18 15:17:47,52.0,0.77,39.9,DI water,60,40,90,90,15:15:19,81.68,32.0,0.36,1.27,0.54,354.83,305.15,273.51,274.42,353.93,1.24,-1839.54,-1581.99,-257.56
15:17:48,18/10/2024,81.9,81.4,81.5,82.2,81.4,32.7,32.5,32.7,30.1,-0.47,104,170,2024-10-18 15:17:48,52.0,0.77,39.9,DI water,60,40,90,90,15:15:19,81.68,32.0,0.36,1.27,0.54,354.83,305.15,273.51,274.42,353.93,1.24,-1839.54,-1581.99,-257.56
15:17:51,18/10/2024,81.9,81.4,81.5,82.2,81.4,32.7,32.5,32.7,30.1,-0.47,104,170,2024-10-18 15:17:51,52.0,0.77,40.1,DI water,60,40,90,90,15:15:19,81.68,32.0,0.36,1.27,0.54,354.83,305.15,273.51,274.42,353.93,1.24,-1839.54,-1581.99,-257.56
15:17:52,18/10/2024,82.0,81.5,81.5,82.2,81.4,32.7,32.5,32.7,30.1,-0.47,104,170,2024-10-18 15:17:52,52.0,0.77,40.0,DI water,60,40,90,90,15:15:19,81.72,32.0,0.36,1.27,0.54,354.87,305.15,273.51,274.42,353.93,1.24,-1839.75,-1581.99,-257.76
15:17:53,18/10/2024,82.0,81.5,81.5,82.2,81.4,32.7,32.5,32.7,30.2,-0.47,104,170,2024-10-18 15:17:53,52.0,0.77,40.0,DI water,60,40,90,90,15:15:19,81.72,32.02,0.36,1.22,0.54,354.87,305.17,273.51,274.37,353.93,1.24,-1839.75,-1582.12,-257.63
15:17:54,18/10/2024,82.0,81.5,81.5,82.2,81.4,32.7,32.5,32.7,30.2,-0.46,105,170,2024-10-18 15:17:54,52.0,0.77,40.0,DI water,60,40,90,90,15:15:19,81.72,32.02,0.36,1.22,0.55,354.87,305.17,273.51,274.37,353.93,1.24,-1785.91,-1535.82,-250.09
15:17:55,18/10/2024,82.0,81.5,81.5,82.2,81.4,32.7,32.5,32.7,30.2,-0.46,105,170,2024-10-18 15:17:55,52.0,0.77,40.0,DI water,60,40,90,90,15:15:19,81.72,32.02,0.36,1.22,0.55,354.87,305.17,273.51,274.37,353.93,1.24,-1785.91,-1535.82,-250.09
15:17:57,18/10/2024,82.0,81.5,81.5,82.2,81.4,32.7,32.5,32.7,30.2,-0.46,105,170,2024-10-18 15:17:57,51.9,0.77,39.9,DI water,60,40,90,90,15:15:19,81.72,32.02,0.36,1.22,0.55,354.87,305.17,273.51,274.37,353.93,1.24,-1785.91,-1535.82,-250.09
15:18:00,18/10/2024,82.0,81.5,81.5,82.2,81.4,32.7,32.5,32.7,30.1,-0.47,105,170,2024-10-18 15:18:00,51.9,0.77,39.9,DI water,60,40,90,90,15:15:19,81.72,32.0,0.36,1.27,0.54,354.87,305.15,273.51,274.42,353.93,1.24,-1839.75,-1581.99,-257.76
15:18:02,18/10/2024,82.0,81.5,81.5,82.2,81.4,32.7,32.5,32.7,30.1,-0.47,105,170,2024-10-18 15:18:02,52.0,0.77,39.9,DI water,60,40,90,90,15:15:19,81.72,32.0,0.36,1.27,0.54,354.87,305.15,273.51,274.42,353.93,1.24,-1839.75,-1581.99,-257.76
15:18:03,18/10/2024,82.0,81.5,81.5,82.2,81.4,32.7,32.5,32.7,30.1,-0.47,105,170,2024-10-18 15:18:03,51.9,0.77,39.9,DI water,60,40,90,90,15:15:19,81.72,32.0,0.36,1.27,0.54,354.87,305.15,273.51,274.42,353.93,1.24,-1839.75,-1581.99,-257.76
15:18:05,18/10/2024,82.0,81.5,81.5,82.2,81.4,32.7,32.5,32.7,30.1,-0.47,105,170,2024-10-18 15:18:05,51.9,0.77,39.9,DI water,60,40,90,90,15:15:19,81.72,32.0,0.36,1.27,0.54,354.87,305.15,273.51,274.42,353.93,1.24,-1839.75,-1581.99,-257.76
15:18:07,18/10/2024,82.0,81.5,81.5,82.3,81.6,32.8,32.5,32.7,30.1,-0.47,105,170,2024-10-18 15:18:07,52.0,0.77,39.9,DI water,60,40,90,90,15:15:19,81.78,32.02,0.36,1.29,0.54,354.93,305.17,273.51,274.44,353.93,1.24,-1840.06,-1582.12,-257.94
15:18:08,18/10/2024,82.0,81.5,81.5,82.3,81.6,32.8,32.5,32.7,30.1,-0.46,105,170,2024-10-18 15:18:08,52.0,0.77,39.9,DI water,60,40,90,90,15:15:19,81.78,32.02,0.36,1.29,0.55,354.93,305.17,273.51,274.44,353.93,1.24,-1786.21,-1535.82,-250.4
15:18:10,18/10/2024,82.0,81.5,81.5,82.3,81.6,32.8,32.5,32.7,30.1,-0.46,105,170,2024-10-18 15:18:10,52.0,0.77,40.0,DI water,60,40,90,90,15:15:19,81.78,32.02,0.36,1.29,0.55,354.93,305.17,273.51,274.44,353.93,1.24,-1786.21,-1535.82,-250.4
15:18:12,18/10/2024,82.1,81.5,81.6,82.3,81.6,32.8,32.5,32.7,30.1,-0.48,105,170,2024-10-18 15:18:12,52.0,0.77,40.0,DI water,60,40,90,90,15:15:19,81.82,32.02,0.36,1.29,0.53,354.97,305.17,273.51,274.44,353.93,1.24,-1895.13,-1629.28,-265.85
15:18:14,18/10/2024,82.1,81.5,81.6,82.3,81.6,32.8,32.5,32.7,30.1,-0.48,105,170,2024-10-18 15:18:14,52.0,0.77,40.0,DI water,60,40,90,90,15:15:19,81.82,32.02,0.36,1.29,0.53,354.97,305.17,273.51,274.44,353.93,1.24,-1895.13,-1629.28,-265.85
15:18:18,18/10/2024,82.1,81.5,81.6,82.3,81.6,32.8,32.5,32.7,30.1,-0.48,105,170,2024-10-18 15:18:18,52.0,0.77,40.0,DI water,60,40,90,90,15:15:19,81.82,32.02,0.36,1.29,0.53,354.97,305.17,273.51,274.44,353.93,1.24,-1895.13,-1629.28,-265.85
15:18:19,18/10/2024,82.1,81.6,81.7,82.4,81.6,32.8,32.5,32.7,30.1,-0.48,105,170,2024-10-18 15:18:19,52.0,0.77,40.0,DI water,60,40,90,90,15:15:19,81.88,32.02,0.36,1.29,0.53,355.03,305.17,273.51,274.44,353.93,1.25,-1895.45,-1629.28,-266.17
15:18:22,18/10/2024,82.1,81.6,81.7,82.4,81.6,32.8,32.5,32.7,30.0,-0.47,105,170,2024-10-18 15:18:22,52.0,0.77,40.0,DI water,60,40,90,90,15:15:19,81.88,32.0,0.36,1.34,0.54,355.03,305.15,273.51,274.49,353.93,1.25,-1840.58,-1581.99,-258.59
15:18:23,18/10/2024,82.1,81.6,81.7,82.4,81.6,32.8,32.5,32.7,30.0,-0.47,105,170,2024-10-18 15:18:23,52.0,0.77,40.0,DI water,60,40,90,90,15:15:19,81.88,32.0,0.36,1.34,0.54,355.03,305.15,273.51,274.49,353.93,1.25,-1840.58,-1581.99,-258.59
15:18:28,18/10/2024,82.1,81.6,81.7,82.4,81.6,32.8,32.5,32.7,30.0,-0.47,105,170,2024-10-18 15:18:28,52.0,0.77,40.0,DI water,60,40,90,90,15:15:19,81.88,32.0,0.36,1.34,0.54,355.03,305.15,273.51,274.49,353.93,1.25,-1840.58,-1581.99,-258.59
15:18:29,18/10/2024,82.2,81.6,81.7,82.4,81.6,32.8,32.5,32.7,30.0,-0.47,105,170,2024-10-18 15:18:29,52.0,0.77,40.0,DI water,60,40,90,90,15:15:19,81.9,32.0,0.37,1.34,0.54,355.05,305.15,273.52,274.49,353.93,1.25,-1840.68,-1581.99,-258.7
15:18:30,18/10/2024,82.2,81.6,81.7,82.4,81.6,32.7,32.5,32.7,30.1,-0.47,105,170,2024-10-18 15:18:30,52.0,0.77,40.0,DI water,60,40,90,90,15:15:19,81.9,32.0,0.37,1.27,0.54,355.05,305.15,273.52,274.42,353.93,1.25,-1840.68,-1581.99,-258.7
15:18:33,18/10/2024,82.2,81.6,81.7,82.4,81.6,32.7,32.5,32.7,30.1,-0.47,105,170,2024-10-18 15:18:33,52.0,0.77,40.0,DI water,60,40,90,90,15:15:19,81.9,32.0,0.37,1.27,0.54,355.05,305.15,273.52,274.42,353.93,1.25,-1840.68,-1581.99,-258.7
15:18:35,18/10/2024,82.2,81.6,81.7,82.4,81.6,32.7,32.5,32.7,30.1,-0.47,105,170,2024-10-18 15:18:35,52.0,0.77,40.0,DI water,60,40,90,90,15:15:19,81.9,32.0,0.37,1.27,0.54,355.05,305.15,273.52,274.42,353.93,1.25,-1840.68,-1581.99,-258.7
15:18:36,18/10/2024,82.2,81.6,81.7,82.4,81.6,32.7,32.5,32.7,30.1,-0.47,105,170,2024-10-18 15:18:36,52.0,0.77,39.9,DI water,60,40,90,90,15:15:19,81.9,32.0,0.37,1.27,0.54,355.05,305.15,273.52,274.42,353.93,1.25,-1840.68,-1581.99,-258.7
15:18:37,18/10/2024,82.2,81.6,81.8,82.5,81.6,32.7,32.5,32.7,30.1,-0.47,105,170,2024-10-18 15:18:37,51.8,0.76,39.7,DI water,60,40,90,90,15:15:19,81.94,32.0,0.4,1.27,0.54,355.09,305.15,273.55,274.42,353.93,1.25,-1840.89,-1581.99,-258.9
15:18:39,18/10/2024,82.2,81.6,81.8,82.5,81.6,32.7,32.5,32.7,30.1,-0.47,105,170,2024-10-18 15:18:39,51.8,0.76,39.7,DI water,60,40,90,90,15:15:19,81.94,32.0,0.4,1.27,0.54,355.09,305.15,273.55,274.42,353.93,1.25,-1840.89,-1581.99,-258.9
15:18:42,18/10/2024,82.2,81.6,81.8,82.5,81.6,32.7,32.5,32.7,30.1,-0.46,105,170,2024-10-18 15:18:42,51.8,0.76,39.6,DI water,60,40,90,90,15:15:19,81.94,32.0,0.4,1.27,0.55,355.09,305.15,273.55,274.42,353.93,1.25,-1787.02,-1535.69,-251.33
15:18:46,18/10/2024,82.2,81.6,81.8,82.5,81.6,32.7,32.5,32.7,30.1,-0.46,105,170,2024-10-18 15:18:46,51.7,0.76,39.6,DI water,60,40,90,90,15:15:19,81.94,32.0,0.4,1.27,0.55,355.09,305.15,273.55,274.42,353.93,1.25,-1787.02,-1535.69,-251.33
15:18:47,18/10/2024,82.2,81.6,81.8,82.5,81.6,32.7,32.5,32.7,30.1,-0.46,105,170,2024-10-18 15:18:47,51.7,0.76,39.6,DI water,60,40,90,90,15:15:19,81.94,32.0,0.4,1.27,0.55,355.09,305.15,273.55,274.42,353.93,1.25,-1787.02,-1535.69,-251.33
15:18:49,18/10/2024,82.3,81.7,81.9,82.5,81.7,32.7,32.5,32.7,30.1,-0.46,105,170,2024-10-18 15:18:49,51.7,0.76,39.6,DI water,60,40,90,90,15:15:19,82.02,32.0,0.36,1.27,0.55,355.17,305.15,273.51,274.42,353.93,1.25,-1787.42,-1535.69,-251.73
15:18:51,18/10/2024,82.3,81.7,81.9,82.5,81.7,32.7,32.5,32.7,30.1,-0.46,105,170,2024-10-18 15:18:51,51.7,0.76,39.6,DI water,60,40,90,90,15:15:19,82.02,32.0,0.36,1.27,0.55,355.17,305.15,273.51,274.42,353.93,1.25,-1787.42,-1535.69,-251.73
15:18:54,18/10/2024,82.3,81.7,81.9,82.5,81.7,32.7,32.5,32.7,30.1,-0.46,105,170,2024-10-18 15:18:54,51.7,0.76,39.6,DI water,60,40,90,90,15:15:19,82.02,32.0,0.36,1.27,0.55,355.17,305.15,273.51,274.42,353.93,1.25,-1787.42,-1535.69,-251.73
15:18:56,18/10/2024,82.3,81.7,81.9,82.5,81.7,32.7,32.5,32.7,30.1,-0.46,105,170,2024-10-18 15:18:56,51.7,0.76,39.6,DI water,60,40,90,90,15:15:19,82.02,32.0,0.36,1.27,0.55,355.17,305.15,273.51,274.42,353.93,1.25,-1787.42,-1535.69,-251.73
15:18:58,18/10/2024,82.3,81.7,81.9,82.6,81.8,32.7,32.5,32.7,30.1,-0.46,105,170,2024-10-18 15:18:58,51.7,0.76,39.6,DI water,60,40,90,90,15:15:19,82.06,32.0,0.38,1.27,0.55,355.21,305.15,273.53,274.42,353.93,1.25,-1787.62,-1535.69,-251.93
15:18:59,18/10/2024,82.3,81.7,81.9,82.6,81.8,32.7,32.5,32.7,30.1,-0.47,106,170,2024-10-18 15:18:59,51.7,0.76,39.5,DI water,60,40,90,90,15:15:19,82.06,32.0,0.38,1.27,0.54,355.21,305.15,273.53,274.42,353.93,1.25,-1841.51,-1581.99,-259.53
15:19:00,18/10/2024,82.3,81.7,81.9,82.6,81.8,32.7,32.5,32.7,30.1,-0.47,106,170,2024-10-18 15:19:00,51.7,0.76,39.6,DI water,60,40,90,90,15:15:19,82.06,32.0,0.38,1.27,0.54,355.21,305.15,273.53,274.42,353.93,1.25,-1841.51,-1581.99,-259.53
15:19:08,18/10/2024,82.3,81.7,81.9,82.6,81.8,32.7,32.5,32.7,30.1,-0.47,106,170,2024-10-18 15:19:08,51.7,0.76,39.5,DI water,60,40,90,90,15:15:19,82.06,32.0,0.38,1.27,0.54,355.21,305.15,273.53,274.42,353.93,1.25,-1841.51,-1581.99,-259.53
15:19:09,18/10/2024,82.3,81.8,82.0,82.7,81.8,32.7,32.5,32.7,30.1,-0.47,106,170,2024-10-18 15:19:09,51.7,0.76,39.5,DI water,60,40,90,90,15:15:19,82.12,32.0,0.38,1.27,0.54,355.27,305.15,273.53,274.42,353.93,1.25,-1841.82,-1581.99,-259.84
15:19:13,18/10/2024,82.3,81.8,82.0,82.7,81.8,32.7,32.5,32.7,30.1,-0.47,106,170,2024-10-18 15:19:13,51.7,0.76,39.5,DI water,60,40,90,90,15:15:19,82.12,32.0,0.38,1.27,0.54,355.27,305.15,273.53,274.42,353.93,1.25,-1841.82,-1581.99,-259.84
15:19:16,18/10/2024,82.4,81.8,82.0,82.7,81.8,32.7,32.5,32.7,30.1,-0.47,106,170,2024-10-18 15:19:16,51.7,0.76,39.5,DI water,60,40,90,90,15:15:19,82.14,32.0,0.4,1.27,0.54,355.29,305.15,273.55,274.42,353.93,1.25,-1841.93,-1581.99,-259.94
15:19:17,18/10/2024,82.4,81.8,82.0,82.7,81.8,32.7,32.5,32.7,30.0,-0.47,106,170,2024-10-18 15:19:17,51.7,0.76,39.5,DI water,60,40,90,90,15:15:19,82.14,31.98,0.4,1.32,0.54,355.29,305.12,273.55,274.47,353.93,1.25,-1841.93,-1581.86,-260.07
15:19:19,18/10/2024,82.4,81.8,82.0,82.7,81.8,32.7,32.5,32.7,30.0,-0.47,106,170,2024-10-18 15:19:19,51.7,0.76,39.6,DI water,60,40,90,90,15:15:19,82.14,31.98,0.4,1.32,0.54,355.29,305.12,273.55,274.47,353.93,1.25,-1841.93,-1581.86,-260.07
15:19:20,18/10/2024,82.4,81.8,82.0,82.7,81.8,32.7,32.5,32.7,30.0,-0.47,106,170,2024-10-18 15:19:20,51.7,0.76,39.6,DI water,60,40,90,90,15:15:19,82.14,31.98,0.4,1.32,0.54,355.29,305.12,273.55,274.47,353.93,1.25,-1841.93,-1581.86,-260.07
15:19:21,18/10/2024,82.4,81.8,82.0,82.7,81.8,32.7,32.5,32.7,30.0,-0.47,106,170,2024-10-18 15:19:21,51.7,0.76,39.5,DI water,60,40,90,90,15:15:19,82.14,31.98,0.4,1.32,0.54,355.29,305.12,273.55,274.47,353.93,1.25,-1841.93,-1581.86,-260.07
15:19:24,18/10/2024,82.4,81.8,82.0,82.7,81.9,32.7,32.5,32.7,30.1,-0.47,106,170,2024-10-18 15:19:24,51.7,0.76,39.6,DI water,60,40,90,90,15:15:19,82.16,32.0,0.38,1.27,0.54,355.31,305.15,273.53,274.42,353.93,1.25,-1842.03,-1581.99,-260.04
15:19:24,18/10/2024,82.4,81.8,82.0,82.7,81.9,32.7,32.5,32.7,30.1,-0.47,106,170,2024-10-18 15:19:24,51.7,0.76,39.5,DI water,60,40,90,90,15:15:19,82.16,32.0,0.38,1.27,0.54,355.31,305.15,273.53,274.42,353.93,1.25,-1842.03,-1581.99,-260.04
15:19:26,18/10/2024,82.4,81.8,82.0,82.7,81.9,32.7,32.5,32.7,30.1,-0.47,106,170,2024-10-18 15:19:26,51.7,0.76,39.5,DI water,60,40,90,90,15:15:19,82.16,32.0,0.38,1.27,0.54,355.31,305.15,273.53,274.42,353.93,1.25,-1842.03,-1581.99,-260.04
15:19:29,18/10/2024,82.5,81.8,82.0,82.7,81.9,32.7,32.5,32.7,30.1,-0.47,106,170,2024-10-18 15:19:29,51.7,0.76,39.5,DI water,60,40,90,90,15:15:19,82.18,32.0,0.4,1.27,0.54,355.33,305.15,273.55,274.42,353.93,1.25,-1842.14,-1581.99,-260.15
15:19:30,18/10/2024,82.5,81.9,82.0,82.7,81.9,32.7,32.5,32.7,30.1,-0.47,106,170,2024-10-18 15:19:30,51.7,0.76,39.5,DI water,60,40,90,90,15:15:19,82.2,32.0,0.37,1.27,0.54,355.35,305.15,273.52,274.42,353.93,1.25,-1842.24,-1581.99,-260.25
15:19:31,18/10/2024,82.5,81.9,82.0,82.7,81.9,32.7,32.5,32.7,30.1,-0.47,106,170,2024-10-18 15:19:31,51.7,0.76,39.5,DI water,60,40,90,90,15:15:19,82.2,32.0,0.37,1.27,0.54,355.35,305.15,273.52,274.42,353.93,1.25,-1842.24,-1581.99,-260.25
15:19:32,18/10/2024,82.5,81.9,82.0,82.7,81.9,32.7,32.5,32.7,30.1,-0.47,106,170,2024-10-18 15:19:32,51.7,0.76,39.5,DI water,60,40,90,90,15:15:19,82.2,32.0,0.37,1.27,0.54,355.35,305.15,273.52,274.42,353.93,1.25,-1842.24,-1581.99,-260.25
15:19:35,18/10/2024,82.5,81.9,82.0,82.7,81.9,32.7,32.5,32.7,30.1,-0.47,106,170,2024-10-18 15:19:35,51.7,0.76,39.6,DI water,60,40,90,90,15:15:19,82.2,32.0,0.37,1.27,0.54,355.35,305.15,273.52,274.42,353.93,1.25,-1842.24,-1581.99,-260.25
15:19:38,18/10/2024,82.5,81.9,82.1,82.8,82.0,32.7,32.5,32.7,30.1,-0.47,106,170,2024-10-18 15:19:38,51.7,0.76,39.5,DI water,60,40,90,90,15:15:19,82.26,32.0,0.38,1.27,0.54,355.41,305.15,273.53,274.42,353.93,1.26,-1842.55,-1581.99,-260.56
15:19:39,18/10/2024,82.5,81.9,82.1,82.8,82.0,32.7,32.5,32.7,30.1,-0.47,106,170,2024-10-18 15:19:39,51.7,0.76,39.5,DI water,60,40,90,90,15:15:19,82.26,32.0,0.38,1.27,0.54,355.41,305.15,273.53,274.42,353.93,1.26,-1842.55,-1581.99,-260.56
15:19:44,18/10/2024,82.5,81.9,82.1,82.8,82.0,32.7,32.5,32.7,30.1,-0.47,106,170,2024-10-18 15:19:44,51.7,0.76,39.5,DI water,60,40,90,90,15:15:19,82.26,32.0,0.38,1.27,0.54,355.41,305.15,273.53,274.42,353.93,1.26,-1842.55,-1581.99,-260.56
15:19:46,18/10/2024,82.5,82.0,82.1,82.8,82.0,32.7,32.5,32.7,30.1,-0.47,106,170,2024-10-18 15:19:46,51.7,0.76,39.5,DI water,60,40,90,90,15:15:19,82.28,32.0,0.36,1.27,0.54,355.43,305.15,273.51,274.42,353.93,1.26,-1842.65,-1581.99,-260.67
15:19:47,18/10/2024,82.5,82.0,82.1,82.8,82.0,32.7,32.5,32.7,30.1,-0.47,106,170,2024-10-18 15:19:47,51.7,0.76,39.6,DI water,60,40,90,90,15:15:19,82.28,32.0,0.36,1.27,0.54,355.43,305.15,273.51,274.42,353.93,1.26,-1842.65,-1581.99,-260.67
15:19:50,18/10/2024,82.5,82.0,82.1,82.8,82.0,32.7,32.5,32.7,30.1,-0.47,106,170,2024-10-18 15:19:50,51.4,0.76,39.6,DI water,60,40,90,90,15:15:19,82.28,32.0,0.36,1.27,0.54,355.43,305.15,273.51,274.42,353.93,1.26,-1842.65,-1581.99,-260.67
15:19:51,18/10/2024,82.5,82.0,82.1,82.8,82.0,32.7,32.5,32.7,30.1,-0.47,106,170,2024-10-18 15:19:51,51.8,0.76,39.7,DI water,60,40,90,90,15:15:19,82.28,32.0,0.36,1.27,0.54,355.43,305.15,273.51,274.42,353.93,1.26,-1842.65,-1581.99,-260.67
15:19:54,18/10/2024,82.5,82.0,82.2,82.8,82.0,32.7,32.5,32.7,30.1,-0.47,106,170,2024-10-18 15:19:54,51.8,0.76,39.6,DI water,60,40,90,90,15:15:19,82.3,32.0,0.35,1.27,0.54,355.45,305.15,273.5,274.42,353.93,1.26,-1842.76,-1581.99,-260.77
15:19:55,18/10/2024,82.5,82.0,82.2,82.8,82.0,32.7,32.5,32.7,30.1,-0.47,106,170,2024-10-18 15:19:55,51.8,0.76,39.6,DI water,60,40,90,90,15:15:19,82.3,32.0,0.35,1.27,0.54,355.45,305.15,273.5,274.42,353.93,1.26,-1842.76,-1581.99,-260.77
15:19:56,18/10/2024,82.5,82.0,82.2,82.8,82.0,32.7,32.5,32.7,30.1,-0.47,106,170,2024-10-18 15:19:56,51.8,0.76,39.7,DI water,60,40,90,90,15:15:19,82.3,32.0,0.35,1.27,0.54,355.45,305.15,273.5,274.42,353.93,1.26,-1842.76,-1581.99,-260.77
15:19:59,18/10/2024,82.5,82.0,82.2,82.8,82.0,32.7,32.5,32.7,30.1,-0.47,106,170,2024-10-18 15:19:59,51.8,0.76,39.8,DI water,60,40,90,90,15:15:19,82.3,32.0,0.35,1.27,0.54,355.45,305.15,273.5,274.42,353.93,1.26,-1842.76,-1581.99,-260.77
15:20:01,18/10/2024,82.5,82.0,82.2,82.8,82.0,32.7,32.5,32.7,30.1,-0.47,106,170,2024-10-18 15:20:01,51.8,0.76,39.7,DI water,60,40,90,90,15:15:19,82.3,32.0,0.35,1.27,0.54,355.45,305.15,273.5,274.42,353.93,1.26,-1842.76,-1581.99,-260.77
15:20:04,18/10/2024,82.6,82.1,82.2,82.9,82.1,32.7,32.5,32.7,30.1,-0.46,106,170,2024-10-18 15:20:04,51.8,0.76,39.8,DI water,60,40,90,90,15:15:19,82.38,32.0,0.36,1.27,0.55,355.53,305.15,273.51,274.42,353.93,1.26,-1789.23,-1535.69,-253.54
15:20:05,18/10/2024,82.6,82.1,82.2,82.9,82.1,32.7,32.5,32.7,30.1,-0.46,106,170,2024-10-18 15:20:05,51.9,0.76,39.8,DI water,60,40,90,90,15:15:19,82.38,32.0,0.36,1.27,0.55,355.53,305.15,273.51,274.42,353.93,1.26,-1789.23,-1535.69,-253.54
15:20:09,18/10/2024,82.6,82.1,82.2,82.9,82.1,32.7,32.5,32.7,30.1,-0.46,106,170,2024-10-18 15:20:09,51.8,0.76,39.7,DI water,60,40,90,90,15:15:19,82.38,32.0,0.36,1.27,0.55,355.53,305.15,273.51,274.42,353.93,1.26,-1789.23,-1535.69,-253.54
15:20:11,18/10/2024,82.6,82.1,82.2,82.9,82.1,32.7,32.5,32.7,30.1,-0.46,106,170,2024-10-18 15:20:11,51.8,0.76,39.7,DI water,60,40,90,90,15:15:19,82.38,32.0,0.36,1.27,0.55,355.53,305.15,273.51,274.42,353.93,1.26,-1789.23,-1535.69,-253.54
15:20:12,18/10/2024,82.6,82.1,82.2,82.9,82.2,32.7,32.5,32.7,30.1,-0.46,106,170,2024-10-18 15:20:12,51.8,0.76,39.7,DI water,60,40,90,90,15:15:19,82.4,32.0,0.34,1.27,0.55,355.55,305.15,273.49,274.42,353.93,1.26,-1789.33,-1535.69,-253.64
15:20:14,18/10/2024,82.6,82.1,82.2,82.9,82.2,32.7,32.5,32.7,30.0,-0.46,106,170,2024-10-18 15:20:14,51.8,0.76,39.7,DI water,60,40,90,90,15:15:19,82.4,31.98,0.34,1.32,0.55,355.55,305.12,273.49,274.47,353.93,1.26,-1789.33,-1535.56,-253.77
15:20:16,18/10/2024,82.6,82.1,82.2,82.9,82.2,32.7,32.5,32.7,30.0,-0.46,106,170,2024-10-18 15:20:16,51.8,0.76,39.7,DI water,60,40,90,90,15:15:19,82.4,31.98,0.34,1.32,0.55,355.55,305.12,273.49,274.47,353.93,1.26,-1789.33,-1535.56,-253.77
15:20:19,18/10/2024,82.7,82.1,82.3,82.9,82.2,32.7,32.5,32.7,30.0,-0.46,106,170,2024-10-18 15:20:19,51.8,0.76,39.7,DI water,60,40,90,90,15:15:19,82.44,31.98,0.34,1.32,0.55,355.59,305.12,273.49,274.47,353.93,1.26,-1789.53,-1535.56,-253.97
15:20:20,18/10/2024,82.7,82.1,82.3,82.9,82.2,32.7,32.5,32.7,30.0,-0.46,106,170,2024-10-18 15:20:20,51.8,0.76,39.7,DI water,60,40,90,90,15:15:19,82.44,31.98,0.34,1.32,0.55,355.59,305.12,273.49,274.47,353.93,1.26,-1789.53,-1535.56,-253.97
15:20:22,18/10/2024,82.7,82.1,82.3,82.9,82.2,32.7,32.5,32.7,30.0,-0.46,106,170,2024-10-18 15:20:22,51.8,0.76,39.7,DI water,60,40,90,90,15:15:19,82.44,31.98,0.34,1.32,0.55,355.59,305.12,273.49,274.47,353.93,1.26,-1789.53,-1535.56,-253.97
15:20:24,18/10/2024,82.7,82.1,82.3,82.9,82.2,32.7,32.5,32.7,30.0,-0.46,106,170,2024-10-18 15:20:24,51.8,0.76,39.7,DI water,60,40,90,90,15:15:19,82.44,31.98,0.34,1.32,0.55,355.59,305.12,273.49,274.47,353.93,1.26,-1789.53,-1535.56,-253.97
15:20:28,18/10/2024,82.7,82.2,82.3,82.9,82.2,32.7,32.5,32.7,30.0,-0.46,106,170,2024-10-18 15:20:28,51.8,0.76,39.7,DI water,60,40,90,90,15:15:19,82.46,31.98,0.32,1.32,0.55,355.61,305.12,273.47,274.47,353.93,1.26,-1789.63,-1535.56,-254.07
15:20:29,18/10/2024,82.7,82.2,82.3,82.9,82.2,32.7,32.5,32.7,30.0,-0.47,106,170,2024-10-18 15:20:29,51.8,0.76,39.7,DI water,60,40,90,90,15:15:19,82.46,31.98,0.32,1.32,0.54,355.61,305.12,273.47,274.47,353.93,1.26,-1843.59,-1581.86,-261.73
15:20:30,18/10/2024,82.7,82.2,82.3,82.9,82.2,32.7,32.5,32.7,30.0,-0.47,106,170,2024-10-18 15:20:30,51.8,0.76,39.6,DI water,60,40,90,90,15:15:19,82.46,31.98,0.32,1.32,0.54,355.61,305.12,273.47,274.47,353.93,1.26,-1843.59,-1581.86,-261.73
15:20:31,18/10/2024,82.7,82.2,82.3,82.9,82.2,32.7,32.5,32.7,30.0,-0.47,106,170,2024-10-18 15:20:31,51.8,0.76,39.6,DI water,60,40,90,90,15:15:19,82.46,31.98,0.32,1.32,0.54,355.61,305.12,273.47,274.47,353.93,1.26,-1843.59,-1581.86,-261.73
15:20:34,18/10/2024,82.7,82.2,82.3,82.9,82.2,32.7,32.5,32.7,30.0,-0.47,106,170,2024-10-18 15:20:34,51.8,0.76,39.7,DI water,60,40,90,90,15:15:19,82.46,31.98,0.32,1.32,0.54,355.61,305.12,273.47,274.47,353.93,1.26,-1843.59,-1581.86,-261.73
15:20:36,18/10/2024,82.7,82.2,82.4,83.0,82.3,32.7,32.5,32.7,30.0,-0.47,106,170,2024-10-18 15:20:36,51.8,0.76,39.6,DI water,60,40,90,90,15:15:19,82.52,31.98,0.33,1.32,0.54,355.67,305.12,273.48,274.47,353.93,1.26,-1843.9,-1581.86,-262.04
15:20:38,18/10/2024,82.7,82.2,82.4,83.0,82.3,32.7,32.5,32.7,30.0,-0.47,106,170,2024-10-18 15:20:38,51.7,0.76,39.5,DI water,60,40,90,90,15:15:19,82.52,31.98,0.33,1.32,0.54,355.67,305.12,273.48,274.47,353.93,1.26,-1843.9,-1581.86,-262.04
15:20:46,18/10/2024,82.8,82.3,82.4,83.0,82.3,32.7,32.5,32.7,30.0,-0.47,106,170,2024-10-18 15:20:46,51.7,0.76,39.6,DI water,60,40,90,90,15:15:19,82.56,31.98,0.32,1.32,0.54,355.71,305.12,273.47,274.47,353.93,1.26,-1844.11,-1581.86,-262.25
15:20:47,18/10/2024,82.8,82.3,82.4,83.0,82.3,32.7,32.5,32.6,30.0,-0.46,106,170,2024-10-18 15:20:47,51.7,0.76,39.6,DI water,60,40,90,90,15:15:19,82.56,31.95,0.32,1.3,0.55,355.71,305.1,273.47,274.45,353.93,1.27,-1790.14,-1535.44,-254.7
15:20:51,18/10/2024,82.8,82.3,82.4,83.0,82.3,32.7,32.5,32.6,30.0,-0.46,106,170,2024-10-18 15:20:51,51.8,0.76,39.6,DI water,60,40,90,90,15:15:19,82.56,31.95,0.32,1.3,0.55,355.71,305.1,273.47,274.45,353.93,1.27,-1790.14,-1535.44,-254.7
15:20:52,18/10/2024,82.8,82.3,82.4,83.0,82.3,32.7,32.5,32.6,30.0,-0.46,106,170,2024-10-18 15:20:52,51.7,0.76,39.6,DI water,60,40,90,90,15:15:19,82.56,31.95,0.32,1.3,0.55,355.71,305.1,273.47,274.45,353.93,1.27,-1790.14,-1535.44,-254.7
15:20:53,18/10/2024,82.8,82.3,82.4,83.1,82.4,32.7,32.5,32.6,30.0,-0.46,106,170,2024-10-18 15:20:53,51.8,0.76,39.6,DI water,60,40,90,90,15:15:19,82.6,31.95,0.34,1.3,0.55,355.75,305.1,273.49,274.45,353.93,1.27,-1790.34,-1535.44,-254.9
15:20:56,18/10/2024,82.8,82.3,82.4,83.1,82.4,32.7,32.5,32.7,30.1,-0.47,106,170,2024-10-18 15:20:56,51.8,0.76,39.6,DI water,60,40,90,90,15:15:19,82.6,32.0,0.34,1.27,0.54,355.75,305.15,273.49,274.42,353.93,1.27,-1844.31,-1581.99,-262.33
15:20:58,18/10/2024,82.8,82.3,82.4,83.1,82.4,32.7,32.5,32.7,30.1,-0.47,106,170,2024-10-18 15:20:58,51.8,0.76,39.6,DI water,60,40,90,90,15:15:19,82.6,32.0,0.34,1.27,0.54,355.75,305.15,273.49,274.42,353.93,1.27,-1844.31,-1581.99,-262.33
15:21:00,18/10/2024,82.8,82.3,82.4,83.1,82.4,32.7,32.5,32.7,30.1,-0.47,106,170,2024-10-18 15:21:00,51.8,0.76,39.6,DI water,60,40,90,90,15:15:19,82.6,32.0,0.34,1.27,0.54,355.75,305.15,273.49,274.42,353.93,1.27,-1844.31,-1581.99,-262.33
15:21:01,18/10/2024,82.9,82.3,82.5,83.1,82.4,32.7,32.5,32.7,30.1,-0.47,106,170,2024-10-18 15:21:01,51.8,0.76,39.6,DI water,60,40,90,90,15:15:19,82.64,32.0,0.34,1.27,0.54,355.79,305.15,273.49,274.42,353.93,1.27,-1844.52,-1581.99,-262.53
15:21:02,18/10/2024,82.9,82.3,82.5,83.1,82.4,32.7,32.5,32.6,30.1,-0.47,106,170,2024-10-18 15:21:02,51.8,0.76,39.6,DI water,60,40,90,90,15:15:19,82.64,31.98,0.34,1.25,0.54,355.79,305.12,273.49,274.4,353.93,1.27,-1844.52,-1581.86,-262.66
15:21:05,18/10/2024,82.9,82.3,82.5,83.1,82.4,32.7,32.5,32.6,30.1,-0.48,106,170,2024-10-18 15:21:05,51.8,0.76,39.7,DI water,60,40,90,90,15:15:19,82.64,31.98,0.34,1.25,0.53,355.79,305.12,273.49,274.4,353.93,1.27,-1899.5,-1629.01,-270.49
15:21:07,18/10/2024,82.9,82.3,82.5,83.1,82.4,32.7,32.5,32.6,30.1,-0.48,106,170,2024-10-18 15:21:07,51.8,0.76,39.6,DI water,60,40,90,90,15:15:19,82.64,31.98,0.34,1.25,0.53,355.79,305.12,273.49,274.4,353.93,1.27,-1899.5,-1629.01,-270.49
15:21:08,18/10/2024,82.9,82.3,82.5,83.1,82.4,32.7,32.5,32.6,30.1,-0.48,106,170,2024-10-18 15:21:08,51.8,0.76,39.7,DI water,60,40,90,90,15:15:19,82.64,31.98,0.34,1.25,0.53,355.79,305.12,273.49,274.4,353.93,1.27,-1899.5,-1629.01,-270.49
15:21:10,18/10/2024,82.9,82.3,82.5,83.1,82.4,32.7,32.5,32.6,30.0,-0.45,106,170,2024-10-18 15:21:10,51.8,0.76,39.6,DI water,60,40,90,90,15:15:19,82.64,31.95,0.34,1.3,0.56,355.79,305.1,273.49,274.45,353.93,1.27,-1737.53,-1489.98,-247.55
15:21:12,18/10/2024,82.9,82.3,82.5,83.1,82.4,32.7,32.5,32.6,30.0,-0.45,106,170,2024-10-18 15:21:12,51.8,0.76,39.6,DI water,60,40,90,90,15:15:19,82.64,31.95,0.34,1.3,0.56,355.79,305.1,273.49,274.45,353.93,1.27,-1737.53,-1489.98,-247.55
15:21:14,18/10/2024,83.0,82.4,82.5,82.9,82.4,32.7,32.5,32.6,30.0,-0.45,106,170,2024-10-18 15:21:14,51.8,0.76,39.6,DI water,60,40,90,90,15:15:19,82.64,31.95,0.29,1.3,0.56,355.79,305.1,273.44,274.45,353.93,1.27,-1737.53,-1489.98,-247.55
15:21:16,18/10/2024,83.0,82.4,82.5,82.9,82.4,32.7,32.5,32.7,30.1,-0.45,106,170,2024-10-18 15:21:16,51.8,0.76,39.6,DI water,60,40,90,90,15:15:19,82.64,32.0,0.29,1.27,0.56,355.79,305.15,273.44,274.42,353.93,1.27,-1737.53,-1490.22,-247.3
15:21:18,18/10/2024,83.0,82.4,82.5,76.4,79.3,32.7,32.5,32.7,30.1,-0.45,106,170,2024-10-18 15:21:18,51.7,0.76,39.6,DI water,60,40,90,90,15:15:19,80.72,32.0,2.82,1.27,0.56,353.87,305.15,275.97,274.42,353.93,1.22,-1728.15,-1490.22,-237.93
15:21:19,18/10/2024,83.0,82.4,82.5,76.4,79.3,32.7,32.5,32.7,30.3,-0.44,106,170,2024-10-18 15:21:19,51.8,0.76,39.6,DI water,60,40,90,90,15:15:19,80.72,32.05,2.82,1.17,0.57,353.87,305.2,275.97,274.32,353.93,1.22,-1676.35,-1445.79,-230.56
15:21:20,18/10/2024,83.0,82.4,82.5,76.4,79.3,32.7,32.5,32.7,30.3,-0.44,106,170,2024-10-18 15:21:20,51.7,0.76,39.6,DI water,60,40,90,90,15:15:19,80.72,32.05,2.82,1.17,0.57,353.87,305.2,275.97,274.32,353.93,1.22,-1676.35,-1445.79,-230.56
15:21:21,18/10/2024,83.0,82.4,82.5,76.4,79.3,32.7,32.5,32.7,30.3,-0.44,106,170,2024-10-18 15:21:21,51.8,0.76,39.6,DI water,60,40,90,90,15:15:19,80.72,32.05,2.82,1.17,0.57,353.87,305.2,275.97,274.32,353.93,1.22,-1676.35,-1445.79,-230.56
15:21:24,18/10/2024,83.0,82.4,82.5,76.4,79.3,32.7,32.5,32.7,30.3,-0.44,106,170,2024-10-18 15:21:24,51.8,0.76,39.6,DI water,60,40,90,90,15:15:19,80.72,32.05,2.82,1.17,0.57,353.87,305.2,275.97,274.32,353.93,1.22,-1676.35,-1445.79,-230.56
15:21:25,18/10/2024,83.0,82.4,82.5,76.4,79.3,32.7,32.5,32.7,30.3,-0.44,106,170,2024-10-18 15:21:25,51.8,0.76,39.7,DI water,60,40,90,90,15:15:19,80.72,32.05,2.82,1.17,0.57,353.87,305.2,275.97,274.32,353.93,1.22,-1676.35,-1445.79,-230.56
15:21:28,18/10/2024,83.0,82.4,82.4,81.4,81.6,32.7,32.5,32.7,31.9,-0.44,106,170,2024-10-18 15:21:28,51.8,0.76,39.7,DI water,60,40,90,90,15:15:19,82.16,32.45,0.65,0.38,0.57,355.31,305.6,273.8,273.53,353.93,1.24,-1683.17,-1447.69,-235.49
15:21:32,18/10/2024,83.0,82.4,82.4,81.4,81.6,32.7,32.5,32.7,31.9,-0.44,106,170,2024-10-18 15:21:32,51.8,0.76,39.7,DI water,60,40,90,90,15:15:19,82.16,32.45,0.65,0.38,0.57,355.31,305.6,273.8,273.53,353.93,1.24,-1683.17,-1447.69,-235.49
15:21:33,18/10/2024,83.0,82.4,82.4,81.4,81.6,32.7,32.5,32.7,31.9,-0.44,106,170,2024-10-18 15:21:33,51.8,0.76,39.7,DI water,60,40,90,90,15:15:19,82.16,32.45,0.65,0.38,0.57,355.31,305.6,273.8,273.53,353.93,1.24,-1683.17,-1447.69,-235.49
15:21:34,18/10/2024,83.0,82.4,82.4,81.4,81.6,32.7,32.5,32.7,31.9,-0.44,106,170,2024-10-18 15:21:34,51.8,0.76,39.7,DI water,60,40,90,90,15:15:19,82.16,32.45,0.65,0.38,0.57,355.31,305.6,273.8,273.53,353.93,1.24,-1683.17,-1447.69,-235.49
15:21:37,18/10/2024,83.0,82.4,82.4,82.7,82.0,32.7,32.5,32.7,31.6,-0.44,106,170,2024-10-18 15:21:37,51.8,0.76,39.7,DI water,60,40,90,90,15:15:19,82.5,32.38,0.37,0.53,0.57,355.65,305.52,273.52,273.68,353.93,1.25,-1684.78,-1447.33,-237.45
15:21:38,18/10/2024,83.0,82.4,82.4,82.7,82.0,32.7,32.5,32.7,31.6,-0.44,106,170,2024-10-18 15:21:38,51.8,0.76,39.7,DI water,60,40,90,90,15:15:19,82.5,32.38,0.37,0.53,0.57,355.65,305.52,273.52,273.68,353.93,1.25,-1684.78,-1447.33,-237.45
15:21:41,18/10/2024,83.0,82.4,82.4,82.7,82.0,32.7,32.5,32.7,31.6,-0.44,106,170,2024-10-18 15:21:41,51.8,0.76,39.6,DI water,60,40,90,90,15:15:19,82.5,32.38,0.37,0.53,0.57,355.65,305.52,273.52,273.68,353.93,1.25,-1684.78,-1447.33,-237.45
15:21:42,18/10/2024,83.0,82.4,82.4,82.7,82.0,32.7,32.5,32.7,31.6,-0.44,106,170,2024-10-18 15:21:42,51.8,0.76,39.7,DI water,60,40,90,90,15:15:19,82.5,32.38,0.37,0.53,0.57,355.65,305.52,273.52,273.68,353.93,1.25,-1684.78,-1447.33,-237.45
15:21:44,18/10/2024,83.0,82.4,82.4,82.9,82.1,32.6,32.5,32.7,31.5,-0.44,106,170,2024-10-18 15:21:44,51.8,0.76,39.7,DI water,60,40,90,90,15:15:19,82.56,32.33,0.38,0.56,0.57,355.71,305.47,273.53,273.71,353.93,1.26,-1685.07,-1447.1,-237.97
15:21:44,18/10/2024,83.0,82.4,82.4,82.9,82.1,32.6,32.5,32.7,31.5,-0.44,106,170,2024-10-18 15:21:44,51.8,0.76,39.7,DI water,60,40,90,90,15:15:19,82.56,32.33,0.38,0.56,0.57,355.71,305.47,273.53,273.71,353.93,1.26,-1685.07,-1447.1,-237.97
15:21:45,18/10/2024,83.0,82.4,82.4,82.9,82.1,32.6,32.5,32.7,31.5,-0.44,106,170,2024-10-18 15:21:45,51.8,0.76,39.7,DI water,60,40,90,90,15:15:19,82.56,32.33,0.38,0.56,0.57,355.71,305.47,273.53,273.71,353.93,1.26,-1685.07,-1447.1,-237.97
15:21:48,18/10/2024,83.0,82.4,82.4,82.9,82.1,32.6,32.5,32.7,31.5,-0.44,106,170,2024-10-18 15:21:48,51.8,0.76,39.6,DI water,60,40,90,90,15:15:19,82.56,32.33,0.38,0.56,0.57,355.71,305.47,273.53,273.71,353.93,1.26,-1685.07,-1447.1,-237.97
15:21:50,18/10/2024,83.0,82.4,82.4,82.9,82.1,32.6,32.5,32.7,31.5,-0.44,106,170,2024-10-18 15:21:50,51.6,0.76,39.4,DI water,60,40,90,90,15:15:19,82.56,32.33,0.38,0.56,0.57,355.71,305.47,273.53,273.71,353.93,1.26,-1685.07,-1447.1,-237.97
15:21:54,18/10/2024,83.1,82.4,82.4,82.9,82.2,32.7,32.5,32.7,31.4,-0.44,106,170,2024-10-18 15:21:54,51.8,0.76,39.6,DI water,60,40,90,90,15:15:19,82.6,32.33,0.38,0.62,0.57,355.75,305.47,273.53,273.77,353.93,1.26,-1685.26,-1447.1,-238.16
15:21:58,18/10/2024,83.1,82.4,82.4,82.9,82.2,32.7,32.5,32.7,31.4,-0.44,106,170,2024-10-18 15:21:58,51.8,0.76,39.7,DI water,60,40,90,90,15:15:19,82.6,32.33,0.38,0.62,0.57,355.75,305.47,273.53,273.77,353.93,1.26,-1685.26,-1447.1,-238.16
15:22:01,18/10/2024,83.1,82.5,82.5,83.0,82.3,32.7,32.5,32.7,31.3,-0.44,106,170,2024-10-18 15:22:01,51.9,0.76,39.8,DI water,60,40,90,90,15:15:19,82.68,32.3,0.35,0.67,0.57,355.83,305.45,273.5,273.82,353.93,1.26,-1685.64,-1446.98,-238.66
15:22:02,18/10/2024,83.1,82.5,82.5,83.0,82.3,32.7,32.5,32.7,31.3,-0.44,106,170,2024-10-18 15:22:02,51.8,0.76,39.7,DI water,60,40,90,90,15:15:19,82.68,32.3,0.35,0.67,0.57,355.83,305.45,273.5,273.82,353.93,1.26,-1685.64,-1446.98,-238.66
15:22:02,18/10/2024,83.1,82.5,82.5,83.0,82.3,32.7,32.5,32.7,31.3,-0.44,106,170,2024-10-18 15:22:02,51.8,0.76,39.8,DI water,60,40,90,90,15:15:19,82.68,32.3,0.35,0.67,0.57,355.83,305.45,273.5,273.82,353.93,1.26,-1685.64,-1446.98,-238.66
15:22:04,18/10/2024,83.1,82.5,82.5,83.0,82.3,32.7,32.5,32.7,31.3,-0.44,106,170,2024-10-18 15:22:04,51.8,0.76,39.7,DI water,60,40,90,90,15:15:19,82.68,32.3,0.35,0.67,0.57,355.83,305.45,273.5,273.82,353.93,1.26,-1685.64,-1446.98,-238.66
15:22:05,18/10/2024,83.1,82.4,82.5,83.0,82.3,32.7,32.5,32.7,31.3,-0.44,106,170,2024-10-18 15:22:05,51.9,0.76,39.7,DI water,60,40,90,90,15:15:19,82.66,32.3,0.36,0.67,0.57,355.81,305.45,273.51,273.82,353.93,1.26,-1685.54,-1446.98,-238.57
15:22:07,18/10/2024,83.1,82.4,82.5,83.0,82.3,32.7,32.5,32.7,31.3,-0.44,106,170,2024-10-18 15:22:07,51.8,0.76,39.7,DI water,60,40,90,90,15:15:19,82.66,32.3,0.36,0.67,0.57,355.81,305.45,273.51,273.82,353.93,1.26,-1685.54,-1446.98,-238.57
15:22:13,18/10/2024,83.1,82.4,82.5,83.0,82.3,32.7,32.5,32.7,31.3,-0.44,106,170,2024-10-18 15:22:13,51.9,0.76,39.8,DI water,60,40,90,90,15:15:19,82.66,32.3,0.36,0.67,0.57,355.81,305.45,273.51,273.82,353.93,1.26,-1685.54,-1446.98,-238.57
15:22:14,18/10/2024,83.1,82.4,82.5,83.0,82.3,32.7,32.5,32.7,31.3,-0.44,106,170,2024-10-18 15:22:14,51.8,0.76,39.8,DI water,60,40,90,90,15:15:19,82.66,32.3,0.36,0.67,0.57,355.81,305.45,273.51,273.82,353.93,1.26,-1685.54,-1446.98,-238.57
15:22:15,18/10/2024,83.2,82.5,82.6,83.1,82.4,32.7,32.5,32.7,31.3,-0.44,106,170,2024-10-18 15:22:15,51.9,0.76,39.8,DI water,60,40,90,90,15:15:19,82.76,32.3,0.36,0.67,0.57,355.91,305.45,273.51,273.82,353.93,1.26,-1686.02,-1446.98,-239.04
15:22:17,18/10/2024,83.2,82.5,82.6,83.1,82.4,32.7,32.5,32.7,31.3,-0.44,106,170,2024-10-18 15:22:17,51.8,0.76,39.7,DI water,60,40,90,90,15:15:19,82.76,32.3,0.36,0.67,0.57,355.91,305.45,273.51,273.82,353.93,1.26,-1686.02,-1446.98,-239.04
15:22:19,18/10/2024,83.2,82.5,82.6,83.1,82.4,32.7,32.5,32.7,31.3,-0.44,106,170,2024-10-18 15:22:19,51.8,0.76,39.7,DI water,60,40,90,90,15:15:19,82.76,32.3,0.36,0.67,0.57,355.91,305.45,273.51,273.82,353.93,1.26,-1686.02,-1446.98,-239.04
15:22:21,18/10/2024,83.2,82.5,82.6,83.1,82.4,32.7,32.5,32.7,31.3,-0.44,106,170,2024-10-18 15:22:21,51.8,0.76,39.7,DI water,60,40,90,90,15:15:19,82.76,32.3,0.36,0.67,0.57,355.91,305.45,273.51,273.82,353.93,1.26,-1686.02,-1446.98,-239.04
15:22:22,18/10/2024,83.2,82.5,82.6,83.1,82.4,32.7,32.5,32.7,31.3,-0.44,106,170,2024-10-18 15:22:22,51.8,0.76,39.6,DI water,60,40,90,90,15:15:19,82.76,32.3,0.36,0.67,0.57,355.91,305.45,273.51,273.82,353.93,1.26,-1686.02,-1446.98,-239.04
15:22:26,18/10/2024,83.2,82.5,82.6,83.1,82.4,32.7,32.6,32.8,31.2,-0.44,106,170,2024-10-18 15:22:26,51.8,0.76,39.7,DI water,60,40,90,90,15:15:19,82.76,32.33,0.36,0.75,0.57,355.91,305.47,273.51,273.9,353.93,1.26,-1686.02,-1447.1,-238.92
15:22:28,18/10/2024,83.2,82.5,82.6,83.1,82.4,32.7,32.6,32.8,31.2,-0.44,106,170,2024-10-18 15:22:28,51.8,0.76,39.7,DI water,60,40,90,90,15:15:19,82.76,32.33,0.36,0.75,0.57,355.91,305.47,273.51,273.9,353.93,1.26,-1686.02,-1447.1,-238.92
15:22:29,18/10/2024,83.2,82.5,82.6,83.1,82.4,32.7,32.6,32.8,31.2,-0.44,106,170,2024-10-18 15:22:29,51.8,0.76,39.6,DI water,60,40,90,90,15:15:19,82.76,32.33,0.36,0.75,0.57,355.91,305.47,273.51,273.9,353.93,1.26,-1686.02,-1447.1,-238.92
15:22:32,18/10/2024,83.2,82.5,82.7,83.2,82.5,32.7,32.5,32.7,31.2,-0.45,106,170,2024-10-18 15:22:32,51.8,0.76,39.7,DI water,60,40,90,90,15:15:19,82.82,32.28,0.36,0.72,0.56,355.97,305.42,273.51,273.87,353.93,1.26,-1738.41,-1491.57,-246.84
15:22:34,18/10/2024,83.2,82.5,82.7,83.2,82.5,32.7,32.5,32.7,31.2,-0.45,106,170,2024-10-18 15:22:34,51.8,0.76,39.7,DI water,60,40,90,90,15:15:19,82.82,32.28,0.36,0.72,0.56,355.97,305.42,273.51,273.87,353.93,1.26,-1738.41,-1491.57,-246.84
15:22:36,18/10/2024,83.2,82.5,82.7,83.2,82.5,32.7,32.5,32.7,31.2,-0.45,106,170,2024-10-18 15:22:36,51.8,0.76,39.6,DI water,60,40,90,90,15:15:19,82.82,32.28,0.36,0.72,0.56,355.97,305.42,273.51,273.87,353.93,1.26,-1738.41,-1491.57,-246.84
15:22:44,18/10/2024,83.2,82.6,82.7,83.2,82.5,32.7,32.5,32.7,31.2,-0.45,106,170,2024-10-18 15:22:44,51.8,0.76,39.6,DI water,60,40,90,90,15:15:19,82.84,32.28,0.34,0.72,0.56,355.99,305.42,273.49,273.87,353.93,1.26,-1738.5,-1491.57,-246.94
15:22:45,18/10/2024,83.2,82.6,82.7,83.2,82.5,32.7,32.6,32.8,31.1,-0.45,106,170,2024-10-18 15:22:45,51.8,0.76,39.7,DI water,60,40,90,90,15:15:19,82.84,32.3,0.34,0.8,0.56,355.99,305.45,273.49,273.95,353.93,1.26,-1738.5,-1491.69,-246.82
15:22:46,18/10/2024,83.2,82.6,82.7,83.2,82.5,32.7,32.6,32.8,31.1,-0.44,106,170,2024-10-18 15:22:46,51.8,0.76,39.6,DI water,60,40,90,90,15:15:19,82.84,32.3,0.34,0.8,0.57,355.99,305.45,273.49,273.95,353.93,1.26,-1686.4,-1446.98,-239.42
15:22:51,18/10/2024,83.2,82.6,82.7,83.2,82.5,32.7,32.6,32.8,31.1,-0.44,106,170,2024-10-18 15:22:51,51.8,0.76,39.7,DI water,60,40,90,90,15:15:19,82.84,32.3,0.34,0.8,0.57,355.99,305.45,273.49,273.95,353.93,1.26,-1686.4,-1446.98,-239.42
15:22:55,18/10/2024,83.2,82.6,82.7,83.2,82.5,32.7,32.6,32.8,31.1,-0.44,106,170,2024-10-18 15:22:55,51.8,0.76,39.7,DI water,60,40,90,90,15:15:19,82.84,32.3,0.34,0.8,0.57,355.99,305.45,273.49,273.95,353.93,1.26,-1686.4,-1446.98,-239.42
15:22:57,18/10/2024,83.3,82.6,82.9,83.4,82.6,32.7,32.6,32.8,31.1,-0.44,106,170,2024-10-18 15:22:57,51.8,0.76,39.7,DI water,60,40,90,90,15:15:19,82.96,32.3,0.38,0.8,0.57,356.11,305.45,273.53,273.95,353.93,1.27,-1686.96,-1446.98,-239.99
15:22:59,18/10/2024,83.3,82.6,82.9,83.4,82.6,32.7,32.6,32.8,31.1,-0.45,106,170,2024-10-18 15:22:59,51.8,0.76,39.7,DI water,60,40,90,90,15:15:19,82.96,32.3,0.38,0.8,0.56,356.11,305.45,273.53,273.95,353.93,1.27,-1739.09,-1491.69,-247.4
15:22:59,18/10/2024,83.3,82.6,82.9,83.4,82.6,32.7,32.6,32.8,31.1,-0.45,106,170,2024-10-18 15:22:59,51.8,0.76,39.6,DI water,60,40,90,90,15:15:19,82.96,32.3,0.38,0.8,0.56,356.11,305.45,273.53,273.95,353.93,1.27,-1739.09,-1491.69,-247.4
15:23:02,18/10/2024,83.3,82.7,82.9,83.4,82.6,32.7,32.6,32.8,31.1,-0.45,106,170,2024-10-18 15:23:02,51.8,0.76,39.6,DI water,60,40,90,90,15:15:19,82.98,32.3,0.36,0.8,0.56,356.13,305.45,273.51,273.95,353.93,1.27,-1739.19,-1491.69,-247.5
13:12:16,21/10/2024,28.5,29.2,28.7,28.7,28.9,29.2,28.9,29.0,28.1,-0.69,34,170,2024-10-21 13:12:16,63.2,0.94,59.6,DI water,60,60,90,90,13:39:41,28.8,28.8,0.26,0.48,0.32,301.95,301.95,273.41,273.63,0.0,0.0,-2869.45,-2869.45,0.0
13:12:17,21/10/2024,28.5,29.2,28.7,28.7,28.9,29.2,28.9,29.0,28.1,-0.69,34,170,2024-10-21 13:12:17,63.2,0.94,59.7,DI water,60,60,90,90,13:39:41,28.8,28.8,0.26,0.48,0.32,301.95,301.95,273.41,273.63,0.0,0.0,-2869.45,-2869.45,0.0
13:12:18,21/10/2024,28.5,29.2,28.7,28.7,28.9,29.2,28.9,29.0,28.1,-0.69,34,170,2024-10-21 13:12:18,63.2,0.94,59.7,DI water,60,60,90,90,13:39:41,28.8,28.8,0.26,0.48,0.32,301.95,301.95,273.41,273.63,0.0,0.0,-2869.45,-2869.45,0.0
13:12:21,21/10/2024,28.7,29.4,28.8,28.9,29.1,29.3,28.9,29.1,28.1,-0.69,34,170,2024-10-21 13:12:21,63.2,0.94,59.8,DI water,60,60,90,90,13:39:41,28.98,28.85,0.28,0.53,0.32,302.13,302.0,273.43,273.68,0.0,0.0,-2871.16,-2869.92,-1.24
13:12:21,21/10/2024,28.7,29.4,28.8,28.9,29.1,29.3,28.9,29.1,28.1,-0.69,34,170,2024-10-21 13:12:21,63.2,0.94,59.7,DI water,60,60,90,90,13:39:41,28.98,28.85,0.28,0.53,0.32,302.13,302.0,273.43,273.68,0.0,0.0,-2871.16,-2869.92,-1.24
13:12:22,21/10/2024,28.8,29.4,28.8,28.9,29.1,29.3,28.9,29.1,28.1,-0.69,34,170,2024-10-21 13:12:22,63.2,0.94,59.8,DI water,60,60,90,90,13:39:41,29.0,28.85,0.25,0.53,0.32,302.15,302.0,273.4,273.68,0.0,0.0,-2871.35,-2869.92,-1.43
13:12:24,21/10/2024,28.8,29.5,29.0,29.1,29.1,29.3,28.9,29.0,28.1,-0.69,34,170,2024-10-21 13:12:24,63.3,0.94,59.7,DI water,60,60,90,90,13:39:41,29.1,28.83,0.25,0.51,0.32,302.25,301.97,273.4,273.66,0.0,0.0,-2872.3,-2869.69,-2.61
13:12:26,21/10/2024,28.8,29.5,29.0,29.1,29.1,29.3,28.9,29.0,28.1,-0.67,34,170,2024-10-21 13:12:26,63.2,0.94,59.7,DI water,60,60,90,90,13:39:41,29.1,28.83,0.25,0.51,0.34,302.25,301.97,273.4,273.66,0.0,0.0,-2721.33,-2718.85,-2.48
13:12:30,21/10/2024,28.8,29.5,29.0,29.1,29.1,29.3,28.9,29.0,28.1,-0.67,34,170,2024-10-21 13:12:30,63.2,0.94,59.7,DI water,60,60,90,90,13:39:41,29.1,28.83,0.25,0.51,0.34,302.25,301.97,273.4,273.66,0.0,0.0,-2721.33,-2718.85,-2.48
13:12:33,21/10/2024,29.0,29.7,29.2,29.3,29.3,29.3,29.0,29.2,28.1,-0.67,34,170,2024-10-21 13:12:33,63.2,0.94,59.7,DI water,60,60,90,90,13:39:41,29.3,28.9,0.25,0.55,0.34,302.45,302.05,273.4,273.7,0.0,0.01,-2723.13,-2719.53,-3.6
13:12:34,21/10/2024,29.0,29.7,29.2,29.3,29.3,29.3,29.0,29.2,28.1,-0.67,35,170,2024-10-21 13:12:34,63.2,0.94,59.7,DI water,60,60,90,90,13:39:41,29.3,28.9,0.25,0.55,0.34,302.45,302.05,273.4,273.7,0.0,0.01,-2723.13,-2719.53,-3.6
13:12:35,21/10/2024,29.3,30.0,29.2,29.3,29.3,29.3,29.0,29.2,28.1,-0.67,35,170,2024-10-21 13:12:35,63.2,0.94,59.7,DI water,60,60,90,90,13:39:41,29.42,28.9,0.33,0.55,0.34,302.57,302.05,273.48,273.7,0.0,0.01,-2724.21,-2719.53,-4.68
13:12:39,21/10/2024,29.3,30.0,29.4,29.4,29.4,29.3,29.0,29.1,28.1,-0.67,36,170,2024-10-21 13:12:39,63.2,0.94,59.7,DI water,60,60,90,90,13:39:41,29.5,28.88,0.28,0.53,0.34,302.65,302.02,273.43,273.68,0.0,0.01,-2724.93,-2719.3,-5.63
13:12:41,21/10/2024,29.4,30.1,29.6,29.6,29.5,29.3,29.0,29.1,28.1,-0.67,36,170,2024-10-21 13:12:41,63.3,0.94,59.7,DI water,60,60,90,90,13:39:41,29.64,28.88,0.27,0.53,0.34,302.79,302.02,273.42,273.68,0.0,0.01,-2726.19,-2719.3,-6.89
13:12:42,21/10/2024,29.4,30.1,29.6,29.6,29.5,29.3,29.0,29.1,28.1,-0.66,36,170,2024-10-21 13:12:42,63.2,0.94,59.7,DI water,60,60,90,90,13:39:41,29.64,28.88,0.27,0.53,0.35,302.79,302.02,273.42,273.68,0.0,0.01,-2653.85,-2647.14,-6.7
13:12:44,21/10/2024,29.4,30.1,29.6,29.6,29.5,29.3,29.0,29.1,28.1,-0.66,36,170,2024-10-21 13:12:44,63.2,0.94,59.7,DI water,60,60,90,90,13:39:41,29.64,28.88,0.27,0.53,0.35,302.79,302.02,273.42,273.68,0.0,0.01,-2653.85,-2647.14,-6.7
13:12:45,21/10/2024,29.4,30.1,29.6,29.6,29.5,29.3,29.0,29.1,28.1,-0.66,36,170,2024-10-21 13:12:45,63.2,0.94,59.7,DI water,60,60,90,90,13:39:41,29.64,28.88,0.27,0.53,0.35,302.79,302.02,273.42,273.68,0.0,0.01,-2653.85,-2647.14,-6.7
13:12:47,21/10/2024,29.6,30.3,29.8,29.8,29.7,29.3,29.0,29.1,28.1,-0.66,36,170,2024-10-21 13:12:47,63.2,0.94,59.7,DI water,60,60,90,90,13:39:41,29.84,28.88,0.27,0.53,0.35,302.99,302.02,273.42,273.68,0.0,0.02,-2655.6,-2647.14,-8.46
13:12:48,21/10/2024,29.6,30.3,29.8,29.8,29.7,29.3,29.1,29.2,28.0,-0.66,36,170,2024-10-21 13:12:48,63.2,0.94,59.7,DI water,60,60,90,90,13:39:41,29.84,28.9,0.27,0.61,0.35,302.99,302.05,273.42,273.76,0.0,0.02,-2655.6,-2647.36,-8.24
13:12:51,21/10/2024,29.6,30.3,29.8,29.8,29.7,29.3,29.1,29.2,28.0,-0.67,36,170,2024-10-21 13:12:51,63.2,0.94,59.6,DI water,60,60,90,90,13:39:41,29.84,28.9,0.27,0.61,0.34,302.99,302.05,273.42,273.76,0.0,0.02,-2727.99,-2719.53,-8.46
13:12:52,21/10/2024,29.6,30.3,29.8,29.8,29.7,29.3,29.1,29.2,28.0,-0.67,36,170,2024-10-21 13:12:52,63.2,0.94,59.6,DI water,60,60,90,90,13:39:41,29.84,28.9,0.27,0.61,0.34,302.99,302.05,273.42,273.76,0.0,0.02,-2727.99,-2719.53,-8.46
13:12:53,21/10/2024,29.9,30.6,30.1,30.1,30.0,29.3,29.1,29.2,28.0,-0.67,36,170,2024-10-21 13:12:53,63.2,0.94,59.6,DI water,60,60,90,90,13:39:41,30.14,28.9,0.27,0.61,0.34,303.29,302.05,273.42,273.76,0.0,0.02,-2730.69,-2719.53,-11.16
13:12:54,21/10/2024,29.9,30.6,30.1,30.1,30.0,29.4,29.1,29.2,28.1,-0.67,36,170,2024-10-21 13:12:54,63.2,0.94,59.7,DI water,60,60,90,90,13:39:41,30.14,28.95,0.27,0.58,0.34,303.29,302.1,273.42,273.73,0.0,0.02,-2730.69,-2719.98,-10.71
13:12:58,21/10/2024,29.9,30.6,30.1,30.1,30.0,29.4,29.1,29.2,28.1,-0.66,37,170,2024-10-21 13:12:58,63.2,0.94,59.6,DI water,60,60,90,90,13:39:41,30.14,28.95,0.27,0.58,0.35,303.29,302.1,273.42,273.73,0.0,0.02,-2658.23,-2647.8,-10.43
13:13:01,21/10/2024,29.9,30.6,30.1,30.1,30.0,29.4,29.1,29.2,28.1,-0.66,37,170,2024-10-21 13:13:01,63.2,0.94,59.6,DI water,60,60,90,90,13:39:41,30.14,28.95,0.27,0.58,0.35,303.29,302.1,273.42,273.73,0.0,0.02,-2658.23,-2647.8,-10.43
13:13:03,21/10/2024,29.9,30.6,30.1,30.1,30.0,29.4,29.1,29.2,28.1,-0.66,37,170,2024-10-21 13:13:03,63.2,0.94,59.6,DI water,60,60,90,90,13:39:41,30.14,28.95,0.27,0.58,0.35,303.29,302.1,273.42,273.73,0.0,0.02,-2658.23,-2647.8,-10.43
13:13:05,21/10/2024,30.3,31.0,30.4,30.4,30.3,29.4,29.1,29.2,28.1,-0.66,37,170,2024-10-21 13:13:05,63.2,0.94,59.7,DI water,60,60,90,90,13:39:41,30.48,28.95,0.29,0.58,0.35,303.63,302.1,273.44,273.73,0.0,0.03,-2661.21,-2647.8,-13.41
13:13:06,21/10/2024,30.3,31.0,30.4,30.4,30.3,29.4,29.1,29.2,28.1,-0.66,37,170,2024-10-21 13:13:06,63.2,0.94,59.7,DI water,60,60,90,90,13:39:41,30.48,28.95,0.29,0.58,0.35,303.63,302.1,273.44,273.73,0.0,0.03,-2661.21,-2647.8,-13.41
13:13:08,21/10/2024,30.3,31.0,30.4,30.4,30.3,29.4,29.1,29.2,28.1,-0.65,38,170,2024-10-21 13:13:08,63.2,0.94,59.6,DI water,60,60,90,90,13:39:41,30.48,28.95,0.29,0.58,0.36,303.63,302.1,273.44,273.73,0.0,0.03,-2590.69,-2577.64,-13.05
13:13:09,21/10/2024,30.3,31.0,30.4,30.4,30.3,29.4,29.1,29.2,28.1,-0.65,38,170,2024-10-21 13:13:09,63.2,0.94,59.6,DI water,60,60,90,90,13:39:41,30.48,28.95,0.29,0.58,0.36,303.63,302.1,273.44,273.73,0.0,0.03,-2590.69,-2577.64,-13.05
13:13:12,21/10/2024,30.7,31.3,30.7,30.7,30.6,29.5,29.1,29.2,28.2,-0.65,38,170,2024-10-21 13:13:12,63.2,0.94,59.7,DI water,60,60,90,90,13:39:41,30.8,29.0,0.28,0.56,0.36,303.95,302.15,273.43,273.71,0.0,0.03,-2593.42,-2578.06,-15.36
13:13:15,21/10/2024,30.7,31.3,30.7,30.7,30.6,29.5,29.1,29.2,28.2,-0.65,38,170,2024-10-21 13:13:15,63.2,0.94,59.6,DI water,60,60,90,90,13:39:41,30.8,29.0,0.28,0.56,0.36,303.95,302.15,273.43,273.71,0.0,0.03,-2593.42,-2578.06,-15.36
13:13:16,21/10/2024,30.7,31.3,30.7,30.7,30.6,29.5,29.1,29.2,28.2,-0.65,38,170,2024-10-21 13:13:16,63.2,0.94,59.6,DI water,60,60,90,90,13:39:41,30.8,29.0,0.28,0.56,0.36,303.95,302.15,273.43,273.71,0.0,0.03,-2593.42,-2578.06,-15.36
13:13:17,21/10/2024,30.7,31.3,30.7,30.7,30.6,29.5,29.1,29.2,28.2,-0.65,38,170,2024-10-21 13:13:17,63.2,0.94,59.6,DI water,60,60,90,90,13:39:41,30.8,29.0,0.28,0.56,0.36,303.95,302.15,273.43,273.71,0.0,0.03,-2593.42,-2578.06,-15.36
13:13:19,21/10/2024,30.9,31.5,31.0,31.0,30.8,29.4,29.2,29.2,28.2,-0.65,38,170,2024-10-21 13:13:19,63.2,0.94,59.6,DI water,60,60,90,90,13:39:41,31.04,29.0,0.27,0.54,0.36,304.19,302.15,273.42,273.69,0.0,0.03,-2595.47,-2578.06,-17.41
13:13:24,21/10/2024,30.9,31.5,31.0,31.0,30.8,29.4,29.2,29.3,28.2,-0.64,38,170,2024-10-21 13:13:24,63.2,0.94,59.5,DI water,60,60,90,90,13:39:41,31.04,29.02,0.27,0.56,0.37,304.19,302.17,273.42,273.71,0.0,0.03,-2526.74,-2510.0,-16.74
13:13:30,21/10/2024,31.4,32.1,31.5,31.4,31.2,29.5,29.2,29.3,28.2,-0.64,38,170,2024-10-21 13:13:30,63.2,0.94,59.6,DI water,60,60,90,90,13:39:41,31.52,29.05,0.34,0.58,0.37,304.67,302.2,273.49,273.73,0.0,0.04,-2530.73,-2510.21,-20.52
13:13:33,21/10/2024,31.4,32.1,31.5,31.4,31.2,29.5,29.2,29.3,28.2,-0.64,40,170,2024-10-21 13:13:33,63.2,0.94,59.6,DI water,60,60,90,90,13:39:41,31.52,29.05,0.34,0.58,0.37,304.67,302.2,273.49,273.73,0.0,0.04,-2530.73,-2510.21,-20.52
13:13:37,21/10/2024,31.7,32.3,31.7,31.7,31.5,29.5,29.2,29.3,28.2,-0.64,40,170,2024-10-21 13:13:37,63.2,0.94,59.7,DI water,60,60,90,90,13:39:41,31.78,29.05,0.3,0.58,0.37,304.93,302.2,273.45,273.73,0.0,0.05,-2532.89,-2510.21,-22.68
13:13:38,21/10/2024,31.7,32.3,31.7,31.7,31.5,29.5,29.2,29.4,28.2,-0.63,40,170,2024-10-21 13:13:38,63.2,0.94,59.6,DI water,60,60,90,90,13:39:41,31.78,29.08,0.3,0.6,0.38,304.93,302.22,273.45,273.75,0.0,0.05,-2465.82,-2443.94,-21.87
13:13:39,21/10/2024,31.7,32.3,31.7,31.7,31.5,29.5,29.2,29.4,28.2,-0.63,40,170,2024-10-21 13:13:39,63.2,0.94,59.6,DI water,60,60,90,90,13:39:41,31.78,29.08,0.3,0.6,0.38,304.93,302.22,273.45,273.75,0.0,0.05,-2465.82,-2443.94,-21.87
13:13:44,21/10/2024,32.1,32.7,31.9,31.9,31.8,29.5,29.2,29.4,28.2,-0.63,40,170,2024-10-21 13:13:44,63.2,0.94,59.6,DI water,60,60,90,90,13:39:41,32.08,29.08,0.36,0.6,0.38,305.23,302.22,273.51,273.75,0.0,0.05,-2468.24,-2443.94,-24.3
13:13:45,21/10/2024,32.1,32.7,31.9,31.9,31.8,29.6,29.2,29.4,28.2,-0.64,40,170,2024-10-21 13:13:45,63.2,0.94,59.6,DI water,60,60,90,90,13:39:41,32.08,29.1,0.36,0.62,0.37,305.23,302.25,273.51,273.77,0.0,0.05,-2535.38,-2510.63,-24.75
13:13:47,21/10/2024,32.2,32.7,31.9,31.9,31.8,29.6,29.2,29.4,28.2,-0.64,40,170,2024-10-21 13:13:47,63.2,0.94,59.6,DI water,60,60,90,90,13:39:41,32.1,29.1,0.37,0.62,0.37,305.25,302.25,273.52,273.77,0.0,0.05,-2535.55,-2510.63,-24.92
13:13:48,21/10/2024,32.2,32.8,32.2,32.2,31.9,29.6,29.2,29.4,28.2,-0.64,40,170,2024-10-21 13:13:48,63.2,0.94,59.6,DI water,60,60,90,90,13:39:41,32.26,29.1,0.33,0.62,0.37,305.41,302.25,273.48,273.77,0.0,0.05,-2536.88,-2510.63,-26.25
13:13:50,21/10/2024,32.2,32.8,32.2,32.2,31.9,29.6,29.2,29.4,28.3,-0.63,41,170,2024-10-21 13:13:50,63.2,0.94,59.6,DI water,60,60,90,90,13:39:41,32.26,29.12,0.33,0.57,0.38,305.41,302.27,273.48,273.72,0.0,0.05,-2469.7,-2444.35,-25.35
13:13:51,21/10/2024,32.2,32.8,32.2,32.2,31.9,29.6,29.2,29.4,28.3,-0.63,41,170,2024-10-21 13:13:51,63.2,0.94,59.6,DI water,60,60,90,90,13:39:41,32.26,29.12,0.33,0.57,0.38,305.41,302.27,273.48,273.72,0.0,0.05,-2469.7,-2444.35,-25.35
13:13:53,21/10/2024,32.2,32.8,32.2,32.2,31.9,29.6,29.2,29.4,28.3,-0.63,41,170,2024-10-21 13:13:53,63.3,0.94,59.7,DI water,60,60,90,90,13:39:41,32.26,29.12,0.33,0.57,0.38,305.41,302.27,273.48,273.72,0.0,0.05,-2469.7,-2444.35,-25.35
13:13:57,21/10/2024,32.2,32.8,32.2,32.2,31.9,29.6,29.2,29.4,28.3,-0.63,41,170,2024-10-21 13:13:57,63.3,0.94,59.7,DI water,60,60,90,90,13:39:41,32.26,29.12,0.33,0.57,0.38,305.41,302.27,273.48,273.72,0.0,0.05,-2469.7,-2444.35,-25.35
13:14:00,21/10/2024,32.7,33.3,32.6,32.5,32.4,29.6,29.2,29.4,28.3,-0.63,41,170,2024-10-21 13:14:00,63.2,0.94,59.6,DI water,60,60,90,90,13:39:41,32.7,29.12,0.35,0.57,0.38,305.85,302.27,273.5,273.72,0.0,0.06,-2473.26,-2444.35,-28.91
13:14:02,21/10/2024,32.7,33.3,32.6,32.5,32.4,29.6,29.3,29.4,28.3,-0.62,42,170,2024-10-21 13:14:02,63.3,0.94,59.7,DI water,60,60,90,90,13:39:41,32.7,29.15,0.35,0.58,0.39,305.85,302.3,273.5,273.73,0.0,0.06,-2407.72,-2379.77,-27.95
13:14:05,21/10/2024,32.7,33.3,32.6,32.5,32.4,29.6,29.3,29.4,28.3,-0.62,42,170,2024-10-21 13:14:05,63.3,0.94,59.7,DI water,60,60,90,90,13:39:41,32.7,29.15,0.35,0.58,0.39,305.85,302.3,273.5,273.73,0.0,0.06,-2407.72,-2379.77,-27.95
13:14:06,21/10/2024,32.7,33.3,32.6,32.5,32.4,29.6,29.3,29.4,28.3,-0.62,42,170,2024-10-21 13:14:06,63.3,0.94,59.7,DI water,60,60,90,90,13:39:41,32.7,29.15,0.35,0.58,0.39,305.85,302.3,273.5,273.73,0.0,0.06,-2407.72,-2379.77,-27.95
13:14:08,21/10/2024,33.0,33.6,33.0,32.9,32.7,29.6,29.3,29.4,28.3,-0.62,42,170,2024-10-21 13:14:08,63.2,0.94,59.6,DI water,60,60,90,90,13:39:41,33.04,29.15,0.34,0.58,0.39,306.19,302.3,273.49,273.73,0.0,0.06,-2410.39,-2379.77,-30.62
13:14:09,21/10/2024,33.0,33.6,33.0,32.9,32.7,29.6,29.3,29.4,28.4,-0.62,42,170,2024-10-21 13:14:09,63.2,0.94,59.6,DI water,60,60,90,90,13:39:41,33.04,29.18,0.34,0.53,0.39,306.19,302.32,273.49,273.68,0.0,0.06,-2410.39,-2379.97,-30.43
13:14:11,21/10/2024,33.0,33.6,33.0,32.9,32.7,29.6,29.3,29.4,28.4,-0.62,42,170,2024-10-21 13:14:11,63.2,0.94,59.6,DI water,60,60,90,90,13:39:41,33.04,29.18,0.34,0.53,0.39,306.19,302.32,273.49,273.68,0.0,0.06,-2410.39,-2379.97,-30.43
13:14:12,21/10/2024,33.2,33.8,33.1,33.1,32.8,29.6,29.3,29.4,28.4,-0.62,42,170,2024-10-21 13:14:12,63.2,0.94,59.5,DI water,60,60,90,90,13:39:41,33.2,29.18,0.37,0.53,0.39,306.35,302.32,273.52,273.68,0.0,0.07,-2411.65,-2379.97,-31.69
13:14:14,21/10/2024,33.2,33.8,33.1,33.1,32.8,29.6,29.4,29.5,28.3,-0.62,42,170,2024-10-21 13:14:14,63.2,0.94,59.5,DI water,60,60,90,90,13:39:41,33.2,29.2,0.37,0.61,0.39,306.35,302.35,273.52,273.76,0.0,0.07,-2411.65,-2380.16,-31.49
13:14:17,21/10/2024,33.2,33.8,33.1,33.1,32.8,29.6,29.4,29.5,28.3,-0.62,42,170,2024-10-21 13:14:17,63.2,0.94,59.5,DI water,60,60,90,90,13:39:41,33.2,29.2,0.37,0.61,0.39,306.35,302.35,273.52,273.76,0.0,0.07,-2411.65,-2380.16,-31.49
13:14:18,21/10/2024,33.2,33.8,33.1,33.1,32.8,29.6,29.4,29.5,28.3,-0.62,42,170,2024-10-21 13:14:18,63.2,0.94,59.6,DI water,60,60,90,90,13:39:41,33.2,29.2,0.37,0.61,0.39,306.35,302.35,273.52,273.76,0.0,0.07,-2411.65,-2380.16,-31.49
13:14:20,21/10/2024,33.6,34.1,33.5,33.4,32.5,29.6,29.4,29.5,28.3,-0.62,42,170,2024-10-21 13:14:20,63.2,0.94,59.5,DI water,60,60,90,90,13:39:41,33.42,29.2,0.58,0.61,0.39,306.57,302.35,273.73,273.76,0.0,0.07,-2413.38,-2380.16,-33.22
13:14:21,21/10/2024,33.6,34.1,33.5,33.4,32.5,29.7,29.4,29.5,28.3,-0.62,42,170,2024-10-21 13:14:21,63.2,0.94,59.5,DI water,60,60,90,90,13:39:41,33.42,29.22,0.58,0.63,0.39,306.57,302.38,273.73,273.78,0.0,0.07,-2413.38,-2380.36,-33.02
13:14:22,21/10/2024,33.6,34.1,33.5,33.4,32.5,29.7,29.4,29.5,28.3,-0.61,43,170,2024-10-21 13:14:22,63.2,0.94,59.5,DI water,60,60,90,90,13:39:41,33.42,29.22,0.58,0.63,0.4,306.57,302.38,273.73,273.78,0.0,0.07,-2349.34,-2317.19,-32.15
13:14:24,21/10/2024,33.6,34.1,33.5,33.4,32.5,29.7,29.4,29.5,28.3,-0.61,43,170,2024-10-21 13:14:24,63.2,0.94,59.6,DI water,60,60,90,90,13:39:41,33.42,29.22,0.58,0.63,0.4,306.57,302.38,273.73,273.78,0.0,0.07,-2349.34,-2317.19,-32.15
13:14:26,21/10/2024,33.8,34.3,33.7,33.6,33.1,29.6,29.4,29.5,28.3,-0.61,43,170,2024-10-21 13:14:26,63.2,0.94,59.5,DI water,60,60,90,90,13:39:41,33.7,29.2,0.43,0.61,0.4,306.85,302.35,273.58,273.76,0.0,0.08,-2351.48,-2317.0,-34.48
13:14:27,21/10/2024,33.8,34.3,33.7,33.6,33.1,29.6,29.4,29.6,28.3,-0.62,43,170,2024-10-21 13:14:27,63.2,0.94,59.5,DI water,60,60,90,90,13:39:41,33.7,29.22,0.43,0.62,0.39,306.85,302.38,273.58,273.77,0.0,0.07,-2415.59,-2380.36,-35.23
13:14:28,21/10/2024,33.8,34.3,33.7,33.6,33.1,29.6,29.4,29.6,28.3,-0.62,43,170,2024-10-21 13:14:28,63.2,0.94,59.5,DI water,60,60,90,90,13:39:41,33.7,29.22,0.43,0.62,0.39,306.85,302.38,273.58,273.77,0.0,0.07,-2415.59,-2380.36,-35.23
13:14:29,21/10/2024,33.8,34.3,33.7,33.6,33.1,29.6,29.4,29.6,28.3,-0.62,43,170,2024-10-21 13:14:29,63.2,0.94,59.5,DI water,60,60,90,90,13:39:41,33.7,29.22,0.43,0.62,0.39,306.85,302.38,273.58,273.77,0.0,0.07,-2415.59,-2380.36,-35.23
13:14:32,21/10/2024,34.1,34.7,33.9,33.9,33.4,29.7,29.5,29.6,28.3,-0.62,43,170,2024-10-21 13:14:32,63.2,0.94,59.4,DI water,60,60,90,90,13:39:41,34.0,29.28,0.47,0.66,0.39,307.15,302.42,273.62,273.81,0.0,0.08,-2417.95,-2380.75,-37.2
13:14:33,21/10/2024,34.1,34.7,33.9,33.9,33.4,29.7,29.5,29.7,28.4,-0.61,43,170,2024-10-21 13:14:33,63.2,0.94,59.5,DI water,60,60,90,90,13:39:41,34.0,29.33,0.47,0.62,0.4,307.15,302.47,273.62,273.77,0.0,0.08,-2353.78,-2317.96,-35.83
13:14:37,21/10/2024,34.1,34.7,33.9,33.9,33.4,29.7,29.5,29.7,28.4,-0.61,43,170,2024-10-21 13:14:37,63.2,0.94,59.5,DI water,60,60,90,90,13:39:41,34.0,29.33,0.47,0.62,0.4,307.15,302.47,273.62,273.77,0.0,0.08,-2353.78,-2317.96,-35.83
13:14:38,21/10/2024,34.1,34.7,33.9,33.9,33.4,29.7,29.5,29.7,28.4,-0.61,43,170,2024-10-21 13:14:38,63.2,0.94,59.4,DI water,60,60,90,90,13:39:41,34.0,29.33,0.47,0.62,0.4,307.15,302.47,273.62,273.77,0.0,0.08,-2353.78,-2317.96,-35.83
13:14:39,21/10/2024,34.1,34.7,33.9,33.9,33.4,29.7,29.5,29.7,28.4,-0.61,43,170,2024-10-21 13:14:39,63.2,0.94,59.4,DI water,60,60,90,90,13:39:41,34.0,29.33,0.47,0.62,0.4,307.15,302.47,273.62,273.77,0.0,0.08,-2353.78,-2317.96,-35.83
13:14:42,21/10/2024,34.5,35.0,34.3,34.3,34.0,29.8,29.4,29.7,28.4,-0.6,43,170,2024-10-21 13:14:42,63.2,0.94,59.5,DI water,60,60,90,90,13:39:41,34.42,29.33,0.37,0.64,0.41,307.57,302.47,273.52,273.79,0.0,0.08,-2294.32,-2256.32,-38.01
13:14:43,21/10/2024,34.5,35.0,34.3,34.3,34.0,29.8,29.4,29.7,28.4,-0.6,44,170,2024-10-21 13:14:43,63.2,0.94,59.5,DI water,60,60,90,90,13:39:41,34.42,29.33,0.37,0.64,0.41,307.57,302.47,273.52,273.79,0.0,0.08,-2294.32,-2256.32,-38.01
13:14:45,21/10/2024,34.5,35.0,34.3,34.3,34.0,29.8,29.4,29.7,28.4,-0.6,44,170,2024-10-21 13:14:45,63.1,0.94,59.4,DI water,60,60,90,90,13:39:41,34.42,29.33,0.37,0.64,0.41,307.57,302.47,273.52,273.79,0.0,0.08,-2294.32,-2256.32,-38.01
13:14:53,21/10/2024,35.0,35.5,34.9,34.8,34.4,29.8,29.4,29.7,28.4,-0.6,44,170,2024-10-21 13:14:53,63.2,0.94,59.4,DI water,60,60,90,90,13:39:41,34.92,29.33,0.4,0.64,0.41,308.07,302.47,273.55,273.79,0.0,0.09,-2298.05,-2256.32,-41.74
13:14:55,21/10/2024,35.0,35.5,34.9,34.8,34.4,29.7,29.5,29.7,28.3,-0.6,45,170,2024-10-21 13:14:55,63.2,0.94,59.5,DI water,60,60,90,90,13:39:41,34.92,29.3,0.4,0.67,0.41,308.07,302.45,273.55,273.82,0.0,0.09,-2298.05,-2256.13,-41.92
13:14:56,21/10/2024,35.0,35.5,34.9,34.8,34.4,29.7,29.5,29.7,28.3,-0.6,45,170,2024-10-21 13:14:56,63.2,0.94,59.4,DI water,60,60,90,90,13:39:41,34.92,29.3,0.4,0.67,0.41,308.07,302.45,273.55,273.82,0.0,0.09,-2298.05,-2256.13,-41.92
13:15:00,21/10/2024,35.0,35.5,34.9,34.8,34.4,29.7,29.5,29.7,28.3,-0.6,45,170,2024-10-21 13:15:00,63.1,0.94,59.5,DI water,60,60,90,90,13:39:41,34.92,29.3,0.4,0.67,0.41,308.07,302.45,273.55,273.82,0.0,0.09,-2298.05,-2256.13,-41.92
13:15:02,21/10/2024,35.3,35.8,35.2,35.1,34.8,29.8,29.5,29.7,28.4,-0.59,45,170,2024-10-21 13:15:02,63.1,0.94,59.4,DI water,60,60,90,90,13:39:41,35.24,29.35,0.36,0.65,0.42,308.39,302.5,273.51,273.8,0.0,0.1,-2239.1,-2196.33,-42.76
13:15:03,21/10/2024,35.3,35.8,35.2,35.1,34.8,29.8,29.5,29.7,28.4,-0.59,45,170,2024-10-21 13:15:03,63.1,0.94,59.4,DI water,60,60,90,90,13:39:41,35.24,29.35,0.36,0.65,0.42,308.39,302.5,273.51,273.8,0.0,0.1,-2239.1,-2196.33,-42.76
13:15:05,21/10/2024,35.3,35.8,35.2,35.1,34.8,29.8,29.5,29.7,28.4,-0.59,45,170,2024-10-21 13:15:05,63.1,0.94,59.3,DI water,60,60,90,90,13:39:41,35.24,29.35,0.36,0.65,0.42,308.39,302.5,273.51,273.8,0.0,0.1,-2239.1,-2196.33,-42.76
13:15:06,21/10/2024,35.3,35.8,35.2,35.1,34.8,29.8,29.5,29.7,28.4,-0.59,45,170,2024-10-21 13:15:06,63.1,0.94,59.3,DI water,60,60,90,90,13:39:41,35.24,29.35,0.36,0.65,0.42,308.39,302.5,273.51,273.8,0.0,0.1,-2239.1,-2196.33,-42.76
13:15:08,21/10/2024,35.7,36.2,35.5,35.4,35.1,29.8,29.5,29.7,28.4,-0.59,45,170,2024-10-21 13:15:08,63.1,0.94,59.3,DI water,60,60,90,90,13:39:41,35.58,29.35,0.41,0.65,0.42,308.73,302.5,273.56,273.8,0.0,0.1,-2241.57,-2196.33,-45.23
13:15:11,21/10/2024,35.7,36.2,35.5,35.4,35.1,29.8,29.5,29.7,28.4,-0.6,45,170,2024-10-21 13:15:11,63.1,0.94,59.4,DI water,60,60,90,90,13:39:41,35.58,29.35,0.41,0.65,0.41,308.73,302.5,273.56,273.8,0.0,0.1,-2302.98,-2256.5,-46.47
13:15:12,21/10/2024,35.7,36.2,35.5,35.4,35.1,29.8,29.5,29.7,28.4,-0.6,45,170,2024-10-21 13:15:12,63.1,0.94,59.4,DI water,60,60,90,90,13:39:41,35.58,29.35,0.41,0.65,0.41,308.73,302.5,273.56,273.8,0.0,0.1,-2302.98,-2256.5,-46.47
13:15:13,21/10/2024,35.9,36.3,35.7,35.7,35.2,29.8,29.5,29.7,28.4,-0.6,45,170,2024-10-21 13:15:13,63.1,0.94,59.4,DI water,60,60,90,90,13:39:41,35.76,29.35,0.4,0.65,0.41,308.91,302.5,273.55,273.8,0.0,0.11,-2304.32,-2256.5,-47.82
13:15:16,21/10/2024,35.9,36.3,35.7,35.7,35.2,29.8,29.5,29.8,28.4,-0.58,45,170,2024-10-21 13:15:16,63.1,0.94,59.4,DI water,60,60,90,90,13:39:41,35.76,29.38,0.4,0.67,0.43,308.91,302.52,273.55,273.82,0.0,0.11,-2182.87,-2137.75,-45.12
13:15:17,21/10/2024,35.9,36.3,35.7,35.7,35.2,29.8,29.5,29.8,28.4,-0.58,45,170,2024-10-21 13:15:17,63.1,0.94,59.4,DI water,60,60,90,90,13:39:41,35.76,29.38,0.4,0.67,0.43,308.91,302.52,273.55,273.82,0.0,0.11,-2182.87,-2137.75,-45.12
13:15:19,21/10/2024,35.9,36.3,35.7,35.7,35.2,29.8,29.5,29.8,28.4,-0.58,45,170,2024-10-21 13:15:19,63.1,0.94,59.3,DI water,60,60,90,90,13:39:41,35.76,29.38,0.4,0.67,0.43,308.91,302.52,273.55,273.82,0.0,0.11,-2182.87,-2137.75,-45.12
13:15:21,21/10/2024,36.2,36.6,35.9,35.9,35.6,29.8,29.5,29.8,28.4,-0.58,45,170,2024-10-21 13:15:21,63.1,0.94,59.3,DI water,60,60,90,90,13:39:41,36.04,29.38,0.38,0.67,0.43,309.19,302.52,273.53,273.82,0.0,0.11,-2184.84,-2137.75,-47.1
13:15:23,21/10/2024,36.2,36.6,35.9,35.9,35.6,29.9,29.5,29.8,28.4,-0.59,46,170,2024-10-21 13:15:23,63.1,0.94,59.3,DI water,60,60,90,90,13:39:41,36.04,29.4,0.38,0.69,0.42,309.19,302.55,273.53,273.84,0.0,0.11,-2244.91,-2196.7,-48.21
13:15:25,21/10/2024,36.4,36.9,35.9,35.9,35.6,29.9,29.5,29.8,28.4,-0.59,46,170,2024-10-21 13:15:25,63.1,0.94,59.3,DI water,60,60,90,90,13:39:41,36.14,29.4,0.51,0.69,0.42,309.29,302.55,273.66,273.84,0.0,0.11,-2245.63,-2196.7,-48.94
13:15:26,21/10/2024,36.4,36.9,36.2,36.2,35.8,29.9,29.5,29.8,28.4,-0.59,46,170,2024-10-21 13:15:26,63.1,0.94,59.4,DI water,60,60,90,90,13:39:41,36.3,29.4,0.4,0.69,0.42,309.45,302.55,273.55,273.84,0.0,0.12,-2246.8,-2196.7,-50.1
13:15:29,21/10/2024,36.4,36.9,36.2,36.2,35.8,29.9,29.5,29.7,28.4,-0.59,47,170,2024-10-21 13:15:29,63.1,0.94,59.3,DI water,60,60,90,90,13:39:41,36.3,29.38,0.4,0.67,0.42,309.45,302.52,273.55,273.82,0.0,0.12,-2246.8,-2196.52,-50.28
13:15:36,21/10/2024,36.9,37.3,36.6,36.6,36.3,29.9,29.6,29.7,28.4,-0.59,47,170,2024-10-21 13:15:36,63.1,0.94,59.2,DI water,60,60,90,90,13:39:41,36.74,29.4,0.38,0.68,0.42,309.89,302.55,273.53,273.83,0.0,0.12,-2249.99,-2196.7,-53.29
13:15:38,21/10/2024,36.9,37.3,36.6,36.6,36.3,29.9,29.6,29.8,28.5,-0.58,47,170,2024-10-21 13:15:38,63.1,0.94,59.3,DI water,60,60,90,90,13:39:41,36.74,29.45,0.38,0.65,0.43,309.89,302.6,273.53,273.8,0.0,0.12,-2189.79,-2138.28,-51.51
13:15:39,21/10/2024,36.9,37.3,36.6,36.6,36.3,29.9,29.6,29.8,28.5,-0.58,47,170,2024-10-21 13:15:39,63.1,0.94,59.3,DI water,60,60,90,90,13:39:41,36.74,29.45,0.38,0.65,0.43,309.89,302.6,273.53,273.8,0.0,0.12,-2189.79,-2138.28,-51.51
13:15:43,21/10/2024,37.2,37.6,37.0,37.0,36.6,29.9,29.6,29.8,28.5,-0.58,47,170,2024-10-21 13:15:43,63.1,0.94,59.3,DI water,60,60,90,90,13:39:41,37.08,29.45,0.36,0.65,0.43,310.23,302.6,273.51,273.8,0.0,0.13,-2192.19,-2138.28,-53.92
13:15:44,21/10/2024,37.2,37.6,37.0,37.0,36.6,29.9,29.6,29.8,28.5,-0.58,47,170,2024-10-21 13:15:44,63.1,0.94,59.3,DI water,60,60,90,90,13:39:41,37.08,29.45,0.36,0.65,0.43,310.23,302.6,273.51,273.8,0.0,0.13,-2192.19,-2138.28,-53.92
13:15:45,21/10/2024,37.2,37.6,37.0,37.0,36.6,29.9,29.6,29.8,28.5,-0.58,47,170,2024-10-21 13:15:45,63.1,0.94,59.3,DI water,60,60,90,90,13:39:41,37.08,29.45,0.36,0.65,0.43,310.23,302.6,273.51,273.8,0.0,0.13,-2192.19,-2138.28,-53.92
13:15:46,21/10/2024,37.2,37.6,37.0,37.0,36.6,29.9,29.6,29.8,28.5,-0.58,47,170,2024-10-21 13:15:46,63.1,0.94,59.3,DI water,60,60,90,90,13:39:41,37.08,29.45,0.36,0.65,0.43,310.23,302.6,273.51,273.8,0.0,0.13,-2192.19,-2138.28,-53.92
13:15:48,21/10/2024,37.2,37.6,37.0,37.0,36.6,29.9,29.6,29.8,28.5,-0.58,47,170,2024-10-21 13:15:48,63.1,0.94,59.3,DI water,60,60,90,90,13:39:41,37.08,29.45,0.36,0.65,0.43,310.23,302.6,273.51,273.8,0.0,0.13,-2192.19,-2138.28,-53.92
13:15:50,21/10/2024,37.2,37.6,37.0,37.0,36.6,29.9,29.6,29.8,28.5,-0.58,47,170,2024-10-21 13:15:50,63.1,0.94,59.3,DI water,60,60,90,90,13:39:41,37.08,29.45,0.36,0.65,0.43,310.23,302.6,273.51,273.8,0.0,0.13,-2192.19,-2138.28,-53.92
13:15:52,21/10/2024,37.5,37.9,37.3,37.3,36.9,29.9,29.6,29.8,28.5,-0.57,47,170,2024-10-21 13:15:52,63.1,0.94,59.3,DI water,60,60,90,90,13:39:41,37.38,29.45,0.36,0.65,0.44,310.53,302.6,273.51,273.8,0.0,0.13,-2135.37,-2080.84,-54.53
13:15:52,21/10/2024,37.5,37.9,37.3,37.3,36.9,29.9,29.6,29.8,28.5,-0.57,47,170,2024-10-21 13:15:52,63.1,0.94,59.4,DI water,60,60,90,90,13:39:41,37.38,29.45,0.36,0.65,0.44,310.53,302.6,273.51,273.8,0.0,0.13,-2135.37,-2080.84,-54.53
13:15:55,21/10/2024,37.5,37.9,37.3,37.3,36.9,29.9,29.6,29.8,28.5,-0.57,48,170,2024-10-21 13:15:55,63.1,0.94,59.3,DI water,60,60,90,90,13:39:41,37.38,29.45,0.36,0.65,0.44,310.53,302.6,273.51,273.8,0.0,0.13,-2135.37,-2080.84,-54.53
13:15:56,21/10/2024,37.5,37.9,37.3,37.3,36.9,29.9,29.6,29.8,28.5,-0.57,48,170,2024-10-21 13:15:56,63.1,0.94,59.2,DI water,60,60,90,90,13:39:41,37.38,29.45,0.36,0.65,0.44,310.53,302.6,273.51,273.8,0.0,0.13,-2135.37,-2080.84,-54.53
13:15:56,21/10/2024,37.5,37.9,37.3,37.3,36.9,29.9,29.6,29.8,28.5,-0.57,48,170,2024-10-21 13:15:56,63.1,0.94,59.2,DI water,60,60,90,90,13:39:41,37.38,29.45,0.36,0.65,0.44,310.53,302.6,273.51,273.8,0.0,0.13,-2135.37,-2080.84,-54.53
13:15:59,21/10/2024,37.7,38.1,37.6,37.6,37.2,30.0,29.6,29.8,28.5,-0.57,48,170,2024-10-21 13:15:59,63.1,0.94,59.2,DI water,60,60,90,90,13:39:41,37.64,29.48,0.32,0.67,0.44,310.79,302.62,273.47,273.82,0.0,0.14,-2137.15,-2081.01,-56.15
13:16:01,21/10/2024,37.7,38.1,37.6,37.6,37.2,30.0,29.6,29.8,28.4,-0.57,49,170,2024-10-21 13:16:01,63.1,0.94,59.3,DI water,60,60,90,90,13:39:41,37.64,29.45,0.32,0.72,0.44,310.79,302.6,273.47,273.87,0.0,0.14,-2137.15,-2080.84,-56.32
13:16:02,21/10/2024,37.7,38.1,37.6,37.6,37.2,30.0,29.6,29.8,28.4,-0.57,49,170,2024-10-21 13:16:02,63.1,0.94,59.3,DI water,60,60,90,90,13:39:41,37.64,29.45,0.32,0.72,0.44,310.79,302.6,273.47,273.87,0.0,0.14,-2137.15,-2080.84,-56.32
13:16:05,21/10/2024,38.0,38.5,37.8,37.8,37.4,30.0,29.8,29.9,28.4,-0.57,49,170,2024-10-21 13:16:05,63.1,0.94,59.4,DI water,60,60,90,90,13:39:41,37.9,29.52,0.4,0.75,0.44,311.05,302.67,273.55,273.9,0.0,0.14,-2138.94,-2081.35,-57.59
13:16:07,21/10/2024,38.0,38.5,37.8,37.8,37.4,30.0,29.8,29.9,28.5,-0.56,49,170,2024-10-21 13:16:07,63.1,0.94,59.4,DI water,60,60,90,90,13:39:41,37.9,29.55,0.4,0.7,0.45,311.05,302.7,273.55,273.85,0.0,0.14,-2081.22,-2025.35,-55.87
13:16:08,21/10/2024,38.0,38.5,37.8,37.8,37.4,30.0,29.8,29.9,28.5,-0.56,49,170,2024-10-21 13:16:08,63.1,0.94,59.4,DI water,60,60,90,90,13:39:41,37.9,29.55,0.4,0.7,0.45,311.05,302.7,273.55,273.85,0.0,0.14,-2081.22,-2025.35,-55.87
13:16:13,21/10/2024,38.4,38.8,38.2,38.2,37.7,29.9,29.8,29.9,28.5,-0.56,49,170,2024-10-21 13:16:13,63.1,0.94,59.3,DI water,60,60,90,90,13:39:41,38.26,29.52,0.4,0.68,0.45,311.41,302.67,273.55,273.83,0.0,0.15,-2083.62,-2025.18,-58.45
13:16:14,21/10/2024,38.4,38.8,38.2,38.2,37.7,29.9,29.7,29.9,28.5,-0.56,49,170,2024-10-21 13:16:14,63.1,0.94,59.3,DI water,60,60,90,90,13:39:41,38.26,29.5,0.4,0.67,0.45,311.41,302.65,273.55,273.82,0.0,0.15,-2083.62,-2025.01,-58.61
13:16:18,21/10/2024,38.4,38.8,38.2,38.2,37.7,29.9,29.7,29.9,28.5,-0.56,49,170,2024-10-21 13:16:18,63.1,0.94,59.4,DI water,60,60,90,90,13:39:41,38.26,29.5,0.4,0.67,0.45,311.41,302.65,273.55,273.82,0.0,0.15,-2083.62,-2025.01,-58.61
13:16:19,21/10/2024,38.7,39.1,38.4,38.4,37.9,29.9,29.7,29.9,28.5,-0.56,49,170,2024-10-21 13:16:19,63.2,0.94,59.4,DI water,60,60,90,90,13:39:41,38.5,29.5,0.44,0.67,0.45,311.65,302.65,273.59,273.82,0.0,0.15,-2085.23,-2025.01,-60.22
13:16:21,21/10/2024,38.7,39.1,38.4,38.4,37.9,29.9,29.7,29.9,28.5,-0.56,49,170,2024-10-21 13:16:21,63.1,0.94,59.4,DI water,60,60,90,90,13:39:41,38.5,29.5,0.44,0.67,0.45,311.65,302.65,273.59,273.82,0.0,0.15,-2085.23,-2025.01,-60.22
13:16:23,21/10/2024,38.7,39.1,38.4,38.4,37.9,29.9,29.7,29.9,28.5,-0.56,50,170,2024-10-21 13:16:23,63.2,0.94,59.4,DI water,60,60,90,90,13:39:41,38.5,29.5,0.44,0.67,0.45,311.65,302.65,273.59,273.82,0.0,0.15,-2085.23,-2025.01,-60.22
13:16:25,21/10/2024,38.7,39.1,38.4,38.4,37.9,29.9,29.7,29.9,28.5,-0.56,50,170,2024-10-21 13:16:25,63.2,0.94,59.5,DI water,60,60,90,90,13:39:41,38.5,29.5,0.44,0.67,0.45,311.65,302.65,273.59,273.82,0.0,0.15,-2085.23,-2025.01,-60.22
13:16:26,21/10/2024,38.7,39.1,38.4,38.4,37.9,29.9,29.7,29.9,28.5,-0.56,50,170,2024-10-21 13:16:26,63.2,0.94,59.5,DI water,60,60,90,90,13:39:41,38.5,29.5,0.44,0.67,0.45,311.65,302.65,273.59,273.82,0.0,0.15,-2085.23,-2025.01,-60.22
13:16:28,21/10/2024,39.0,39.4,38.7,38.7,38.4,29.9,29.7,29.9,28.5,-0.56,50,170,2024-10-21 13:16:28,63.2,0.94,59.4,DI water,60,60,90,90,13:39:41,38.84,29.5,0.38,0.67,0.45,311.99,302.65,273.53,273.82,0.0,0.16,-2087.51,-2025.01,-62.49
13:16:30,21/10/2024,39.0,39.4,38.7,38.7,38.4,30.0,29.8,30.0,28.5,-0.56,50,170,2024-10-21 13:16:30,63.2,0.94,59.4,DI water,60,60,90,90,13:39:41,38.84,29.58,0.38,0.72,0.45,311.99,302.72,273.53,273.87,0.0,0.15,-2087.51,-2025.51,-61.99
13:16:36,21/10/2024,39.4,39.4,38.7,38.7,38.4,30.0,29.8,30.0,28.5,-0.56,50,170,2024-10-21 13:16:36,63.2,0.94,59.4,DI water,60,60,90,90,13:39:41,38.92,29.58,0.45,0.72,0.45,312.07,302.72,273.6,273.87,0.0,0.16,-2088.04,-2025.51,-62.53
13:16:37,21/10/2024,39.4,39.8,39.2,39.1,38.7,30.0,29.8,30.0,28.5,-0.56,50,170,2024-10-21 13:16:37,63.2,0.94,59.5,DI water,60,60,90,90,13:39:41,39.24,29.58,0.4,0.72,0.45,312.39,302.72,273.55,273.87,0.0,0.16,-2090.18,-2025.51,-64.67
13:16:38,21/10/2024,39.4,39.8,39.2,39.1,38.7,30.0,29.8,29.9,28.6,-0.55,51,170,2024-10-21 13:16:38,63.3,0.94,59.6,DI water,60,60,90,90,13:39:41,39.24,29.57,0.4,0.66,0.46,312.39,302.72,273.55,273.81,0.0,0.16,-2033.47,-1970.56,-62.91
13:16:41,21/10/2024,39.4,39.8,39.2,39.1,38.7,30.0,29.8,29.9,28.6,-0.55,51,170,2024-10-21 13:16:41,63.3,0.94,59.7,DI water,60,60,90,90,13:39:41,39.24,29.57,0.4,0.66,0.46,312.39,302.72,273.55,273.81,0.0,0.16,-2033.47,-1970.56,-62.91
13:16:42,21/10/2024,39.4,39.8,39.2,39.1,38.7,30.0,29.8,29.9,28.6,-0.55,51,170,2024-10-21 13:16:42,63.3,0.94,59.7,DI water,60,60,90,90,13:39:41,39.24,29.57,0.4,0.66,0.46,312.39,302.72,273.55,273.81,0.0,0.16,-2033.47,-1970.56,-62.91
13:16:43,21/10/2024,39.4,39.8,39.2,39.1,38.7,30.0,29.8,29.9,28.6,-0.55,51,170,2024-10-21 13:16:43,63.3,0.94,59.7,DI water,60,60,90,90,13:39:41,39.24,29.57,0.4,0.66,0.46,312.39,302.72,273.55,273.81,0.0,0.16,-2033.47,-1970.56,-62.91
13:16:46,21/10/2024,39.7,40.0,39.4,39.4,38.9,29.9,29.7,29.9,28.6,-0.56,51,170,2024-10-21 13:16:46,63.3,0.94,59.7,DI water,60,60,90,90,13:39:41,39.48,29.52,0.41,0.62,0.45,312.63,302.67,273.56,273.77,0.0,0.17,-2091.79,-2025.18,-66.61
13:16:47,21/10/2024,39.7,40.0,39.4,39.4,38.9,29.9,29.7,29.9,28.6,-0.56,51,170,2024-10-21 13:16:47,63.3,0.94,59.7,DI water,60,60,90,90,13:39:41,39.48,29.52,0.41,0.62,0.45,312.63,302.67,273.56,273.77,0.0,0.17,-2091.79,-2025.18,-66.61
13:16:53,21/10/2024,40.0,40.3,39.8,39.8,39.3,30.1,29.7,29.9,28.6,-0.56,51,170,2024-10-21 13:16:53,63.3,0.94,59.6,DI water,60,60,90,90,13:39:41,39.84,29.57,0.36,0.67,0.45,312.99,302.72,273.51,273.82,0.0,0.17,-2094.2,-2025.51,-68.68
13:16:55,21/10/2024,40.0,40.3,39.8,39.8,39.3,30.1,29.8,30.0,28.6,-0.55,52,170,2024-10-21 13:16:55,63.3,0.94,59.6,DI water,60,60,90,90,13:39:41,39.84,29.62,0.36,0.69,0.46,312.99,302.77,273.51,273.84,0.0,0.17,-2037.38,-1970.88,-66.49
13:16:56,21/10/2024,40.0,40.3,39.8,39.8,39.3,30.1,29.8,30.0,28.6,-0.55,52,170,2024-10-21 13:16:56,63.3,0.94,59.6,DI water,60,60,90,90,13:39:41,39.84,29.62,0.36,0.69,0.46,312.99,302.77,273.51,273.84,0.0,0.17,-2037.38,-1970.88,-66.49
13:16:58,21/10/2024,40.3,40.6,39.8,39.8,39.3,30.1,29.8,30.0,28.6,-0.55,52,170,2024-10-21 13:16:58,63.3,0.94,59.6,DI water,60,60,90,90,13:39:41,39.96,29.62,0.5,0.69,0.46,313.11,302.77,273.65,273.84,0.0,0.17,-2038.16,-1970.88,-67.27
13:16:59,21/10/2024,40.3,40.6,40.0,40.0,39.5,30.1,29.8,30.0,28.6,-0.55,52,170,2024-10-21 13:16:59,63.3,0.94,59.6,DI water,60,60,90,90,13:39:41,40.08,29.62,0.41,0.69,0.46,313.23,302.77,273.56,273.84,0.0,0.17,-2038.94,-1970.88,-68.06
13:17:00,21/10/2024,40.3,40.6,40.0,40.0,39.5,30.1,29.8,30.0,28.6,-0.54,52,170,2024-10-21 13:17:00,63.3,0.94,59.6,DI water,60,60,90,90,13:39:41,40.08,29.62,0.41,0.69,0.47,313.23,302.77,273.56,273.84,0.0,0.17,-1983.29,-1917.09,-66.2
13:17:01,21/10/2024,40.3,40.6,40.0,40.0,39.5,30.1,29.8,30.0,28.6,-0.54,52,170,2024-10-21 13:17:01,63.3,0.94,59.6,DI water,60,60,90,90,13:39:41,40.08,29.62,0.41,0.69,0.47,313.23,302.77,273.56,273.84,0.0,0.17,-1983.29,-1917.09,-66.2
13:17:03,21/10/2024,40.3,40.6,40.0,40.0,39.5,30.1,29.8,30.0,28.6,-0.54,52,170,2024-10-21 13:17:03,63.3,0.94,59.5,DI water,60,60,90,90,13:39:41,40.08,29.62,0.41,0.69,0.47,313.23,302.77,273.56,273.84,0.0,0.17,-1983.29,-1917.09,-66.2
13:17:04,21/10/2024,40.3,40.6,40.0,40.0,39.5,30.1,29.8,30.0,28.6,-0.54,52,170,2024-10-21 13:17:04,63.3,0.94,59.6,DI water,60,60,90,90,13:39:41,40.08,29.62,0.41,0.69,0.47,313.23,302.77,273.56,273.84,0.0,0.17,-1983.29,-1917.09,-66.2
13:17:06,21/10/2024,40.3,40.6,40.0,40.0,39.5,30.1,29.8,30.0,28.6,-0.54,52,170,2024-10-21 13:17:06,63.3,0.94,59.6,DI water,60,60,90,90,13:39:41,40.08,29.62,0.41,0.69,0.47,313.23,302.77,273.56,273.84,0.0,0.17,-1983.29,-1917.09,-66.2
13:17:08,21/10/2024,40.6,40.9,40.4,40.4,40.0,30.1,29.8,30.0,28.6,-0.54,52,170,2024-10-21 13:17:08,63.3,0.94,59.7,DI water,60,60,90,90,13:39:41,40.46,29.62,0.33,0.69,0.47,313.61,302.77,273.48,273.84,0.0,0.18,-1985.7,-1917.09,-68.6
13:17:09,21/10/2024,40.6,40.9,40.4,40.4,40.0,30.1,29.9,30.1,28.6,-0.56,52,170,2024-10-21 13:17:09,63.3,0.94,59.7,DI water,60,60,90,90,13:39:41,40.46,29.67,0.33,0.72,0.45,313.61,302.82,273.48,273.87,0.0,0.18,-2098.34,-2026.18,-72.16
13:17:11,21/10/2024,40.9,40.9,40.4,40.4,40.0,30.1,29.9,30.1,28.6,-0.56,52,170,2024-10-21 13:17:11,63.3,0.94,59.6,DI water,60,60,90,90,13:39:41,40.52,29.67,0.38,0.72,0.45,313.67,302.82,273.53,273.87,0.0,0.18,-2098.75,-2026.18,-72.56
13:17:12,21/10/2024,40.9,41.2,40.6,40.6,40.1,30.1,29.9,30.1,28.6,-0.56,52,170,2024-10-21 13:17:12,63.3,0.94,59.7,DI water,60,60,90,90,13:39:41,40.68,29.67,0.41,0.72,0.45,313.83,302.82,273.56,273.87,0.0,0.18,-2099.82,-2026.18,-73.63
13:17:15,21/10/2024,40.9,41.2,40.6,40.6,40.1,30.1,29.9,30.1,28.6,-0.56,52,170,2024-10-21 13:17:15,63.3,0.94,59.6,DI water,60,60,90,90,13:39:41,40.68,29.67,0.41,0.72,0.45,313.83,302.82,273.56,273.87,0.0,0.18,-2099.82,-2026.18,-73.63
13:17:20,21/10/2024,41.2,41.4,40.8,40.8,40.4,30.1,29.9,30.1,28.6,-0.56,52,170,2024-10-21 13:17:20,63.3,0.94,59.6,DI water,60,60,90,90,13:39:41,40.92,29.67,0.39,0.72,0.45,314.07,302.82,273.54,273.87,0.0,0.19,-2101.42,-2026.18,-75.24
13:17:21,21/10/2024,41.2,41.4,40.8,40.8,40.4,30.1,29.8,30.1,28.6,-0.54,52,170,2024-10-21 13:17:21,63.3,0.94,59.6,DI water,60,60,90,90,13:39:41,40.92,29.65,0.39,0.71,0.47,314.07,302.8,273.54,273.86,0.0,0.19,-1988.61,-1917.25,-71.36
13:17:22,21/10/2024,41.2,41.4,40.8,40.8,40.4,30.1,29.8,30.1,28.6,-0.54,53,170,2024-10-21 13:17:22,63.3,0.94,59.6,DI water,60,60,90,90,13:39:41,40.92,29.65,0.39,0.71,0.47,314.07,302.8,273.54,273.86,0.0,0.19,-1988.61,-1917.25,-71.36
13:17:27,21/10/2024,41.2,41.4,40.8,40.8,40.4,30.1,29.8,30.1,28.6,-0.54,53,170,2024-10-21 13:17:27,63.3,0.94,59.6,DI water,60,60,90,90,13:39:41,40.92,29.65,0.39,0.71,0.47,314.07,302.8,273.54,273.86,0.0,0.19,-1988.61,-1917.25,-71.36
13:17:29,21/10/2024,41.5,41.7,41.3,41.3,40.8,30.1,29.8,30.1,28.6,-0.54,53,170,2024-10-21 13:17:29,63.3,0.94,59.6,DI water,60,60,90,90,13:39:41,41.32,29.65,0.33,0.71,0.47,314.47,302.8,273.48,273.86,0.0,0.19,-1991.14,-1917.25,-73.89
13:17:31,21/10/2024,41.5,41.7,41.3,41.3,40.8,30.2,29.9,30.1,28.6,-0.56,54,170,2024-10-21 13:17:31,63.3,0.94,59.6,DI water,60,60,90,90,13:39:41,41.32,29.7,0.33,0.74,0.45,314.47,302.85,273.48,273.89,0.0,0.19,-2104.1,-2026.35,-77.75
13:17:38,21/10/2024,41.8,42.1,41.6,41.6,41.1,30.2,29.9,30.1,28.6,-0.56,54,170,2024-10-21 13:17:38,63.3,0.94,59.6,DI water,60,60,90,90,13:39:41,41.64,29.7,0.36,0.74,0.45,314.79,302.85,273.51,273.89,0.0,0.2,-2106.24,-2026.35,-79.89
13:17:39,21/10/2024,41.8,42.1,41.6,41.6,41.1,30.2,29.9,30.1,28.5,-0.54,54,170,2024-10-21 13:17:39,63.3,0.94,59.6,DI water,60,60,90,90,13:39:41,41.64,29.67,0.36,0.79,0.47,314.79,302.82,273.51,273.94,0.0,0.2,-1993.17,-1917.41,-75.76
13:17:40,21/10/2024,41.8,42.1,41.6,41.6,41.1,30.2,29.9,30.1,28.5,-0.54,54,170,2024-10-21 13:17:40,63.3,0.94,59.7,DI water,60,60,90,90,13:39:41,41.64,29.67,0.36,0.79,0.47,314.79,302.82,273.51,273.94,0.0,0.2,-1993.17,-1917.41,-75.76
13:17:43,21/10/2024,41.8,42.1,41.6,41.6,41.1,30.2,29.9,30.1,28.5,-0.54,54,170,2024-10-21 13:17:43,63.3,0.94,59.6,DI water,60,60,90,90,13:39:41,41.64,29.67,0.36,0.79,0.47,314.79,302.82,273.51,273.94,0.0,0.2,-1993.17,-1917.41,-75.76
13:17:45,21/10/2024,42.1,42.3,41.9,41.9,41.1,30.2,29.9,30.1,28.5,-0.54,54,170,2024-10-21 13:17:45,63.3,0.94,59.6,DI water,60,60,90,90,13:39:41,41.86,29.67,0.46,0.79,0.47,315.01,302.82,273.61,273.94,0.0,0.2,-1994.56,-1917.41,-77.15
13:17:46,21/10/2024,42.1,42.3,41.9,41.9,41.4,30.2,30.0,30.1,28.5,-0.54,54,170,2024-10-21 13:17:46,63.3,0.94,59.6,DI water,60,60,90,90,13:39:41,41.92,29.7,0.33,0.8,0.47,315.07,302.85,273.48,273.95,0.0,0.2,-1994.94,-1917.57,-77.37
13:17:47,21/10/2024,42.1,42.3,41.9,41.9,41.4,30.2,30.0,30.1,28.6,-0.53,54,170,2024-10-21 13:17:47,63.3,0.94,59.6,DI water,60,60,90,90,13:39:41,41.92,29.72,0.33,0.75,0.48,315.07,302.88,273.48,273.9,0.0,0.2,-1940.14,-1865.05,-75.09
13:17:52,21/10/2024,42.1,42.3,41.9,41.9,41.4,30.2,30.0,30.1,28.6,-0.53,54,170,2024-10-21 13:17:52,63.3,0.94,59.6,DI water,60,60,90,90,13:39:41,41.92,29.72,0.33,0.75,0.48,315.07,302.88,273.48,273.9,0.0,0.2,-1940.14,-1865.05,-75.09
13:17:55,21/10/2024,42.6,42.3,41.9,41.9,41.4,30.2,30.0,30.1,28.6,-0.53,54,170,2024-10-21 13:17:55,63.3,0.94,59.6,DI water,60,60,90,90,13:39:41,42.02,29.72,0.45,0.75,0.48,315.17,302.88,273.6,273.9,0.0,0.2,-1940.76,-1865.05,-75.71
13:17:56,21/10/2024,42.6,42.8,42.3,42.3,41.9,30.2,30.0,30.1,28.6,-0.53,54,170,2024-10-21 13:17:56,63.2,0.94,59.5,DI water,60,60,90,90,13:39:41,42.38,29.72,0.34,0.75,0.48,315.53,302.88,273.49,273.9,0.0,0.21,-1942.97,-1865.05,-77.93
13:17:58,21/10/2024,42.6,42.8,42.3,42.3,41.9,30.2,30.0,30.1,28.6,-0.53,54,170,2024-10-21 13:17:58,63.2,0.94,59.4,DI water,60,60,90,90,13:39:41,42.38,29.72,0.34,0.75,0.48,315.53,302.88,273.49,273.9,0.0,0.21,-1942.97,-1865.05,-77.93
13:18:02,21/10/2024,42.6,42.8,42.3,42.3,41.9,30.2,30.0,30.1,28.6,-0.53,55,170,2024-10-21 13:18:02,63.3,0.94,59.5,DI water,60,60,90,90,13:39:41,42.38,29.72,0.34,0.75,0.48,315.53,302.88,273.49,273.9,0.0,0.21,-1942.97,-1865.05,-77.93
13:18:03,21/10/2024,42.6,42.8,42.3,42.3,41.9,30.2,30.0,30.1,28.6,-0.53,55,170,2024-10-21 13:18:03,63.2,0.94,59.5,DI water,60,60,90,90,13:39:41,42.38,29.72,0.34,0.75,0.48,315.53,302.88,273.49,273.9,0.0,0.21,-1942.97,-1865.05,-77.93
13:18:04,21/10/2024,42.9,43.1,42.5,42.5,42.1,30.2,30.0,30.1,28.6,-0.53,55,170,2024-10-21 13:18:04,63.3,0.94,59.6,DI water,60,60,90,90,13:39:41,42.62,29.72,0.39,0.75,0.48,315.77,302.88,273.54,273.9,0.0,0.21,-1944.45,-1865.05,-79.4
13:18:05,21/10/2024,42.9,43.1,42.5,42.5,42.1,30.2,30.1,30.2,28.6,-0.53,55,170,2024-10-21 13:18:05,63.3,0.94,59.6,DI water,60,60,90,90,13:39:41,42.62,29.78,0.39,0.78,0.48,315.77,302.92,273.54,273.93,0.0,0.21,-1944.45,-1865.35,-79.1
13:18:08,21/10/2024,42.9,43.1,42.5,42.5,42.1,30.2,30.1,30.2,28.6,-0.53,56,170,2024-10-21 13:18:08,63.3,0.94,59.5,DI water,60,60,90,90,13:39:41,42.62,29.78,0.39,0.78,0.48,315.77,302.92,273.54,273.93,0.0,0.21,-1944.45,-1865.35,-79.1
13:18:09,21/10/2024,42.9,43.1,42.5,42.5,42.1,30.2,30.1,30.2,28.6,-0.53,56,170,2024-10-21 13:18:09,63.3,0.94,59.5,DI water,60,60,90,90,13:39:41,42.62,29.78,0.39,0.78,0.48,315.77,302.92,273.54,273.93,0.0,0.21,-1944.45,-1865.35,-79.1
13:18:10,21/10/2024,42.9,43.1,42.5,42.5,42.1,30.2,30.1,30.2,28.6,-0.53,56,170,2024-10-21 13:18:10,63.3,0.94,59.5,DI water,60,60,90,90,13:39:41,42.62,29.78,0.39,0.78,0.48,315.77,302.92,273.54,273.93,0.0,0.21,-1944.45,-1865.35,-79.1
13:18:12,21/10/2024,43.2,43.4,42.9,42.9,42.4,30.2,30.1,30.2,28.6,-0.53,56,170,2024-10-21 13:18:12,63.2,0.94,59.5,DI water,60,60,90,90,13:39:41,42.96,29.78,0.38,0.78,0.48,316.11,302.92,273.53,273.93,0.0,0.22,-1946.54,-1865.35,-81.19
13:18:14,21/10/2024,43.2,43.4,42.9,42.9,42.4,30.2,30.1,30.2,28.6,-0.53,56,170,2024-10-21 13:18:14,63.2,0.94,59.6,DI water,60,60,90,90,13:39:41,42.96,29.78,0.38,0.78,0.48,316.11,302.92,273.53,273.93,0.0,0.22,-1946.54,-1865.35,-81.19
13:18:17,21/10/2024,43.2,43.4,42.9,42.9,42.4,30.2,30.1,30.2,28.6,-0.53,56,170,2024-10-21 13:18:17,63.2,0.94,59.4,DI water,60,60,90,90,13:39:41,42.96,29.78,0.38,0.78,0.48,316.11,302.92,273.53,273.93,0.0,0.22,-1946.54,-1865.35,-81.19
13:18:21,21/10/2024,43.6,43.4,42.9,42.9,42.4,30.2,30.1,30.2,28.6,-0.53,56,170,2024-10-21 13:18:21,63.2,0.94,59.5,DI water,60,60,90,90,13:39:41,43.04,29.78,0.47,0.78,0.48,316.19,302.92,273.62,273.93,0.0,0.22,-1947.04,-1865.35,-81.68
13:18:22,21/10/2024,43.6,43.8,43.2,43.3,42.9,30.2,30.1,30.2,28.6,-0.53,56,170,2024-10-21 13:18:22,63.2,0.94,59.5,DI water,60,60,90,90,13:39:41,43.36,29.78,0.35,0.78,0.48,316.51,302.92,273.5,273.93,0.0,0.23,-1949.01,-1865.35,-83.65
13:18:23,21/10/2024,43.6,43.8,43.2,43.3,42.9,30.3,30.0,30.2,28.7,-0.53,56,170,2024-10-21 13:18:23,63.2,0.94,59.5,DI water,60,60,90,90,13:39:41,43.36,29.8,0.35,0.74,0.48,316.51,302.95,273.5,273.89,0.0,0.23,-1949.01,-1865.51,-83.5
13:18:24,21/10/2024,43.6,43.8,43.2,43.3,42.9,30.3,30.0,30.2,28.7,-0.53,56,170,2024-10-21 13:18:24,63.2,0.94,59.4,DI water,60,60,90,90,13:39:41,43.36,29.8,0.35,0.74,0.48,316.51,302.95,273.5,273.89,0.0,0.23,-1949.01,-1865.51,-83.5
13:18:26,21/10/2024,43.7,43.8,43.2,43.3,42.9,30.3,30.0,30.2,28.7,-0.53,56,170,2024-10-21 13:18:26,63.3,0.94,59.5,DI water,60,60,90,90,13:39:41,43.38,29.8,0.37,0.74,0.48,316.53,302.95,273.52,273.89,0.0,0.23,-1949.13,-1865.51,-83.62
13:18:27,21/10/2024,43.7,43.9,43.5,43.6,43.0,30.3,30.0,30.2,28.7,-0.53,56,170,2024-10-21 13:18:27,63.2,0.94,59.5,DI water,60,60,90,90,13:39:41,43.54,29.8,0.34,0.74,0.48,316.69,302.95,273.49,273.89,0.0,0.23,-1950.12,-1865.51,-84.61
13:18:29,21/10/2024,43.7,43.9,43.5,43.6,43.0,30.3,30.0,30.2,28.7,-0.53,57,170,2024-10-21 13:18:29,63.2,0.94,59.6,DI water,60,60,90,90,13:39:41,43.54,29.8,0.34,0.74,0.48,316.69,302.95,273.49,273.89,0.0,0.23,-1950.12,-1865.51,-84.61
13:18:30,21/10/2024,43.7,43.9,43.5,43.6,43.0,30.3,30.0,30.2,28.7,-0.53,57,170,2024-10-21 13:18:30,63.3,0.94,59.6,DI water,60,60,90,90,13:39:41,43.54,29.8,0.34,0.74,0.48,316.69,302.95,273.49,273.89,0.0,0.23,-1950.12,-1865.51,-84.61
13:18:36,21/10/2024,43.7,43.9,43.5,43.6,43.0,30.3,30.0,30.2,28.7,-0.53,57,170,2024-10-21 13:18:36,63.2,0.94,59.5,DI water,60,60,90,90,13:39:41,43.54,29.8,0.34,0.74,0.48,316.69,302.95,273.49,273.89,0.0,0.23,-1950.12,-1865.51,-84.61
13:18:38,21/10/2024,44.2,44.4,43.8,43.9,43.4,30.3,30.0,30.2,28.7,-0.53,57,170,2024-10-21 13:18:38,63.3,0.94,59.5,DI water,60,60,90,90,13:39:41,43.94,29.8,0.38,0.74,0.48,317.09,302.95,273.53,273.89,0.0,0.24,-1952.58,-1865.51,-87.07
13:18:39,21/10/2024,44.2,44.4,43.8,43.9,43.4,30.3,30.1,30.2,28.6,-0.53,57,170,2024-10-21 13:18:39,63.3,0.94,59.5,DI water,60,60,90,90,13:39:41,43.94,29.8,0.38,0.8,0.48,317.09,302.95,273.53,273.95,0.0,0.24,-1952.58,-1865.51,-87.07
13:18:41,21/10/2024,44.2,44.4,43.8,43.9,43.4,30.3,30.1,30.2,28.6,-0.53,58,170,2024-10-21 13:18:41,63.3,0.94,59.6,DI water,60,60,90,90,13:39:41,43.94,29.8,0.38,0.8,0.48,317.09,302.95,273.53,273.95,0.0,0.24,-1952.58,-1865.51,-87.07
13:18:43,21/10/2024,44.2,44.4,43.8,43.9,43.4,30.3,30.1,30.2,28.6,-0.53,58,170,2024-10-21 13:18:43,63.3,0.94,59.7,DI water,60,60,90,90,13:39:41,43.94,29.8,0.38,0.8,0.48,317.09,302.95,273.53,273.95,0.0,0.24,-1952.58,-1865.51,-87.07
13:18:44,21/10/2024,44.2,44.4,43.8,43.9,43.4,30.3,30.1,30.2,28.6,-0.53,58,170,2024-10-21 13:18:44,63.3,0.94,59.6,DI water,60,60,90,90,13:39:41,43.94,29.8,0.38,0.8,0.48,317.09,302.95,273.53,273.95,0.0,0.24,-1952.58,-1865.51,-87.07
13:18:47,21/10/2024,44.4,44.6,44.2,44.2,43.7,30.3,30.1,30.2,28.6,-0.53,58,170,2024-10-21 13:18:47,63.3,0.94,59.6,DI water,60,60,90,90,13:39:41,44.22,29.8,0.33,0.8,0.48,317.37,302.95,273.48,273.95,0.0,0.24,-1954.3,-1865.51,-88.8
13:18:50,21/10/2024,44.4,44.6,44.2,44.2,43.7,30.3,30.1,30.2,28.7,-0.51,58,170,2024-10-21 13:18:50,63.3,0.94,59.6,DI water,60,60,90,90,13:39:41,44.22,29.83,0.33,0.75,0.5,317.37,302.97,273.48,273.9,0.0,0.24,-1847.24,-1763.46,-83.79
13:18:51,21/10/2024,44.8,45.0,44.4,44.4,43.9,30.3,30.1,30.2,28.7,-0.51,58,170,2024-10-21 13:18:51,63.3,0.94,59.6,DI water,60,60,90,90,13:39:41,44.5,29.83,0.42,0.75,0.5,317.65,302.97,273.57,273.9,0.0,0.24,-1848.87,-1763.46,-85.42
13:18:53,21/10/2024,44.8,45.0,44.4,44.4,43.9,30.3,30.1,30.2,28.7,-0.53,58,170,2024-10-21 13:18:53,63.3,0.94,59.6,DI water,60,60,90,90,13:39:41,44.5,29.83,0.42,0.75,0.48,317.65,302.97,273.57,273.9,0.0,0.24,-1956.03,-1865.66,-90.37
13:18:59,21/10/2024,44.9,45.1,44.6,44.7,44.3,30.4,30.1,30.3,28.7,-0.53,58,170,2024-10-21 13:18:59,63.3,0.94,59.5,DI water,60,60,90,90,13:39:41,44.72,29.88,0.3,0.79,0.48,317.87,303.02,273.45,273.94,0.0,0.25,-1957.38,-1865.97,-91.41
13:19:02,21/10/2024,44.9,45.1,44.6,44.7,44.3,30.4,30.1,30.3,28.7,-0.53,58,170,2024-10-21 13:19:02,63.3,0.94,59.6,DI water,60,60,90,90,13:39:41,44.72,29.88,0.3,0.79,0.48,317.87,303.02,273.45,273.94,0.0,0.25,-1957.38,-1865.97,-91.41
13:19:03,21/10/2024,44.9,45.1,44.6,44.7,44.3,30.4,30.1,30.3,28.7,-0.53,58,170,2024-10-21 13:19:03,63.3,0.94,59.6,DI water,60,60,90,90,13:39:41,44.72,29.88,0.3,0.79,0.48,317.87,303.02,273.45,273.94,0.0,0.25,-1957.38,-1865.97,-91.41
13:19:05,21/10/2024,45.1,45.4,44.9,44.9,44.4,30.4,30.1,30.3,28.7,-0.53,58,170,2024-10-21 13:19:05,63.3,0.94,59.6,DI water,60,60,90,90,13:39:41,44.94,29.88,0.36,0.79,0.48,318.09,303.02,273.51,273.94,0.0,0.25,-1958.74,-1865.97,-92.77
13:19:06,21/10/2024,45.1,45.4,44.9,44.9,44.4,30.4,30.1,30.3,28.7,-0.52,58,170,2024-10-21 13:19:06,63.3,0.94,59.7,DI water,60,60,90,90,13:39:41,44.94,29.88,0.36,0.79,0.49,318.09,303.02,273.51,273.94,0.0,0.25,-1904.54,-1814.34,-90.2
13:19:07,21/10/2024,45.1,45.4,44.9,44.9,44.4,30.4,30.1,30.3,28.7,-0.52,59,170,2024-10-21 13:19:07,63.3,0.94,59.6,DI water,60,60,90,90,13:39:41,44.94,29.88,0.36,0.79,0.49,318.09,303.02,273.51,273.94,0.0,0.25,-1904.54,-1814.34,-90.2
13:19:09,21/10/2024,45.1,45.4,44.9,44.9,44.4,30.4,30.1,30.3,28.7,-0.52,59,170,2024-10-21 13:19:09,63.3,0.94,59.5,DI water,60,60,90,90,13:39:41,44.94,29.88,0.36,0.79,0.49,318.09,303.02,273.51,273.94,0.0,0.25,-1904.54,-1814.34,-90.2
13:19:12,21/10/2024,45.5,45.4,44.9,44.9,44.4,30.4,30.1,30.3,28.7,-0.52,59,170,2024-10-21 13:19:12,63.3,0.94,59.5,DI water,60,60,90,90,13:39:41,45.02,29.88,0.44,0.79,0.49,318.17,303.02,273.59,273.94,0.0,0.25,-1905.02,-1814.34,-90.68
13:19:15,21/10/2024,45.5,45.7,45.2,45.3,44.8,30.4,30.1,30.2,28.8,-0.52,59,170,2024-10-21 13:19:15,63.3,0.94,59.5,DI water,60,60,90,90,13:39:41,45.3,29.88,0.34,0.73,0.49,318.45,303.02,273.49,273.88,0.0,0.26,-1906.7,-1814.34,-92.36
13:19:16,21/10/2024,45.5,45.7,45.2,45.3,44.8,30.4,30.1,30.2,28.8,-0.51,59,170,2024-10-21 13:19:16,63.3,0.94,59.5,DI water,60,60,90,90,13:39:41,45.3,29.88,0.34,0.73,0.5,318.45,303.02,273.49,273.88,0.0,0.26,-1853.53,-1763.75,-89.78
13:19:20,21/10/2024,45.8,45.9,45.5,45.6,45.1,30.4,30.1,30.2,28.8,-0.51,59,170,2024-10-21 13:19:20,63.3,0.94,59.5,DI water,60,60,90,90,13:39:41,45.58,29.88,0.31,0.73,0.5,318.73,303.02,273.46,273.88,0.0,0.26,-1855.16,-1763.75,-91.41
13:19:22,21/10/2024,45.8,45.9,45.5,45.6,45.1,30.5,30.2,30.4,28.8,-0.52,59,170,2024-10-21 13:19:22,63.3,0.94,59.4,DI water,60,60,90,90,13:39:41,45.58,29.98,0.31,0.79,0.49,318.73,303.12,273.46,273.94,0.0,0.26,-1908.37,-1814.94,-93.43
13:19:25,21/10/2024,45.8,45.9,45.5,45.6,45.1,30.5,30.2,30.4,28.8,-0.52,60,170,2024-10-21 13:19:25,63.3,0.94,59.5,DI water,60,60,90,90,13:39:41,45.58,29.98,0.31,0.79,0.49,318.73,303.12,273.46,273.94,0.0,0.26,-1908.37,-1814.94,-93.43
13:19:29,21/10/2024,46.1,45.9,45.5,45.6,45.1,30.5,30.2,30.4,28.8,-0.52,60,170,2024-10-21 13:19:29,63.3,0.94,59.7,DI water,60,60,90,90,13:39:41,45.64,29.98,0.38,0.79,0.49,318.79,303.12,273.53,273.94,0.0,0.26,-1908.73,-1814.94,-93.79
13:19:30,21/10/2024,46.1,46.2,45.8,45.9,45.1,30.5,30.2,30.4,28.8,-0.52,60,170,2024-10-21 13:19:30,63.2,0.94,59.5,DI water,60,60,90,90,13:39:41,45.82,29.98,0.43,0.79,0.49,318.97,303.12,273.58,273.94,0.0,0.26,-1909.81,-1814.94,-94.87
13:19:31,21/10/2024,46.1,46.2,45.8,45.9,45.4,30.5,30.2,30.4,28.8,-0.52,60,170,2024-10-21 13:19:31,63.2,0.94,59.5,DI water,60,60,90,90,13:39:41,45.88,29.98,0.31,0.79,0.49,319.03,303.12,273.46,273.94,0.0,0.27,-1910.17,-1814.94,-95.23
13:19:33,21/10/2024,46.1,46.2,45.8,45.9,45.4,30.5,30.2,30.4,28.8,-0.5,60,170,2024-10-21 13:19:33,63.2,0.94,59.5,DI water,60,60,90,90,13:39:41,45.88,29.98,0.31,0.79,0.51,319.03,303.12,273.46,273.94,0.0,0.27,-1804.69,-1714.72,-89.97
13:19:34,21/10/2024,46.1,46.2,45.8,45.9,45.4,30.5,30.2,30.4,28.8,-0.5,60,170,2024-10-21 13:19:34,63.2,0.94,59.4,DI water,60,60,90,90,13:39:41,45.88,29.98,0.31,0.79,0.51,319.03,303.12,273.46,273.94,0.0,0.27,-1804.69,-1714.72,-89.97
13:19:36,21/10/2024,46.4,46.5,46.1,46.1,45.6,30.4,30.2,30.4,28.8,-0.5,60,170,2024-10-21 13:19:36,63.2,0.94,59.4,DI water,60,60,90,90,13:39:41,46.14,29.95,0.35,0.77,0.51,319.29,303.1,273.5,273.92,0.0,0.27,-1806.16,-1714.58,-91.58
13:19:36,21/10/2024,46.4,46.5,46.1,46.1,45.6,30.4,30.2,30.4,28.8,-0.5,60,170,2024-10-21 13:19:36,63.2,0.94,59.3,DI water,60,60,90,90,13:39:41,46.14,29.95,0.35,0.77,0.51,319.29,303.1,273.5,273.92,0.0,0.27,-1806.16,-1714.58,-91.58
13:19:37,21/10/2024,46.4,46.5,46.1,46.1,45.6,30.4,30.2,30.3,28.8,-0.51,60,170,2024-10-21 13:19:37,63.2,0.94,59.4,DI water,60,60,90,90,13:39:41,46.14,29.92,0.35,0.75,0.5,319.29,303.08,273.5,273.9,0.0,0.27,-1858.42,-1764.04,-94.38
13:19:38,21/10/2024,46.4,46.5,46.1,46.1,45.6,30.4,30.2,30.3,28.8,-0.51,60,170,2024-10-21 13:19:38,63.2,0.94,59.5,DI water,60,60,90,90,13:39:41,46.14,29.92,0.35,0.75,0.5,319.29,303.08,273.5,273.9,0.0,0.27,-1858.42,-1764.04,-94.38
13:19:41,21/10/2024,46.4,46.5,46.1,46.1,45.6,30.4,30.2,30.3,28.8,-0.51,60,170,2024-10-21 13:19:41,63.2,0.94,59.5,DI water,60,60,90,90,13:39:41,46.14,29.92,0.35,0.75,0.5,319.29,303.08,273.5,273.9,0.0,0.27,-1858.42,-1764.04,-94.38
13:19:43,21/10/2024,46.4,46.5,46.1,46.1,45.6,30.4,30.2,30.3,28.8,-0.51,60,170,2024-10-21 13:19:43,63.2,0.94,59.4,DI water,60,60,90,90,13:39:41,46.14,29.92,0.35,0.75,0.5,319.29,303.08,273.5,273.9,0.0,0.27,-1858.42,-1764.04,-94.38
13:19:45,21/10/2024,46.4,46.5,46.1,46.1,45.6,30.4,30.2,30.3,28.8,-0.51,60,170,2024-10-21 13:19:45,63.2,0.94,59.3,DI water,60,60,90,90,13:39:41,46.14,29.92,0.35,0.75,0.5,319.29,303.08,273.5,273.9,0.0,0.27,-1858.42,-1764.04,-94.38
13:19:47,21/10/2024,46.7,46.9,46.4,46.5,46.0,30.5,30.2,30.3,28.8,-0.51,60,170,2024-10-21 13:19:47,63.2,0.94,59.3,DI water,60,60,90,90,13:39:41,46.5,29.95,0.34,0.78,0.5,319.65,303.1,273.49,273.93,0.0,0.28,-1860.52,-1764.19,-96.33
13:19:48,21/10/2024,46.7,46.9,46.4,46.5,46.0,30.5,30.2,30.4,28.9,-0.51,61,170,2024-10-21 13:19:48,63.2,0.94,59.3,DI water,60,60,90,90,13:39:41,46.5,30.0,0.34,0.74,0.5,319.65,303.15,273.49,273.89,0.0,0.28,-1860.52,-1764.48,-96.04
13:19:50,21/10/2024,46.7,46.9,46.4,46.5,46.0,30.5,30.2,30.4,28.9,-0.51,61,170,2024-10-21 13:19:50,63.2,0.94,59.3,DI water,60,60,90,90,13:39:41,46.5,30.0,0.34,0.74,0.5,319.65,303.15,273.49,273.89,0.0,0.28,-1860.52,-1764.48,-96.04
13:19:51,21/10/2024,46.7,46.9,46.4,46.5,46.0,30.5,30.2,30.4,28.9,-0.51,61,170,2024-10-21 13:19:51,63.2,0.94,59.3,DI water,60,60,90,90,13:39:41,46.5,30.0,0.34,0.74,0.5,319.65,303.15,273.49,273.89,0.0,0.28,-1860.52,-1764.48,-96.04
13:19:52,21/10/2024,46.9,47.0,46.6,46.7,46.0,30.5,30.2,30.4,28.9,-0.51,61,170,2024-10-21 13:19:52,63.2,0.94,59.2,DI water,60,60,90,90,13:39:41,46.64,30.0,0.39,0.74,0.5,319.79,303.15,273.54,273.89,0.0,0.28,-1861.33,-1764.48,-96.85
13:19:53,21/10/2024,46.9,47.0,46.6,46.7,46.2,30.5,30.2,30.4,28.9,-0.51,61,170,2024-10-21 13:19:53,63.2,0.94,59.3,DI water,60,60,90,90,13:39:41,46.68,30.0,0.31,0.74,0.5,319.83,303.15,273.46,273.89,0.0,0.28,-1861.56,-1764.48,-97.09
13:19:55,21/10/2024,46.9,47.0,46.6,46.7,46.2,30.5,30.2,30.4,28.9,-0.51,61,170,2024-10-21 13:19:55,63.2,0.94,59.3,DI water,60,60,90,90,13:39:41,46.68,30.0,0.31,0.74,0.5,319.83,303.15,273.46,273.89,0.0,0.28,-1861.56,-1764.48,-97.09
13:19:56,21/10/2024,46.9,47.0,46.6,46.7,46.2,30.5,30.2,30.4,28.9,-0.51,61,170,2024-10-21 13:19:56,63.2,0.94,59.4,DI water,60,60,90,90,13:39:41,46.68,30.0,0.31,0.74,0.5,319.83,303.15,273.46,273.89,0.0,0.28,-1861.56,-1764.48,-97.09
13:19:59,21/10/2024,47.2,47.3,46.8,46.9,46.4,30.5,30.2,30.4,28.9,-0.51,61,170,2024-10-21 13:19:59,63.2,0.94,59.3,DI water,60,60,90,90,13:39:41,46.92,30.0,0.36,0.74,0.5,320.07,303.15,273.51,273.89,0.0,0.28,-1862.96,-1764.48,-98.48
13:20:01,21/10/2024,47.2,47.3,46.8,46.9,46.4,30.5,30.2,30.4,28.9,-0.51,61,170,2024-10-21 13:20:01,63.2,0.94,59.3,DI water,60,60,90,90,13:39:41,46.92,30.0,0.36,0.74,0.5,320.07,303.15,273.51,273.89,0.0,0.28,-1862.96,-1764.48,-98.48
13:20:06,21/10/2024,47.2,47.3,46.8,46.9,46.4,30.5,30.2,30.4,28.9,-0.51,61,170,2024-10-21 13:20:06,63.1,0.94,59.3,DI water,60,60,90,90,13:39:41,46.92,30.0,0.36,0.74,0.5,320.07,303.15,273.51,273.89,0.0,0.28,-1862.96,-1764.48,-98.48
13:20:07,21/10/2024,47.5,47.6,47.2,47.3,46.8,30.6,30.3,30.4,28.9,-0.51,61,170,2024-10-21 13:20:07,63.2,0.94,59.2,DI water,60,60,90,90,13:39:41,47.28,30.05,0.31,0.78,0.5,320.43,303.2,273.46,273.93,0.0,0.29,-1865.06,-1764.77,-100.29
13:20:10,21/10/2024,47.5,47.6,47.2,47.3,46.8,30.6,30.3,30.4,28.9,-0.51,62,170,2024-10-21 13:20:10,63.1,0.94,59.3,DI water,60,60,90,90,13:39:41,47.28,30.05,0.31,0.78,0.5,320.43,303.2,273.46,273.93,0.0,0.29,-1865.06,-1764.77,-100.29
13:20:11,21/10/2024,47.5,47.6,47.2,47.3,46.8,30.6,30.3,30.4,28.9,-0.51,62,170,2024-10-21 13:20:11,63.1,0.94,59.3,DI water,60,60,90,90,13:39:41,47.28,30.05,0.31,0.78,0.5,320.43,303.2,273.46,273.93,0.0,0.29,-1865.06,-1764.77,-100.29
13:20:12,21/10/2024,47.5,47.6,47.2,47.3,46.8,30.6,30.3,30.4,28.9,-0.51,62,170,2024-10-21 13:20:12,63.1,0.94,59.3,DI water,60,60,90,90,13:39:41,47.28,30.05,0.31,0.78,0.5,320.43,303.2,273.46,273.93,0.0,0.29,-1865.06,-1764.77,-100.29
13:20:14,21/10/2024,47.8,47.9,47.4,47.5,47.0,30.6,30.3,30.4,28.9,-0.51,62,170,2024-10-21 13:20:14,63.1,0.94,59.2,DI water,60,60,90,90,13:39:41,47.52,30.05,0.36,0.78,0.5,320.67,303.2,273.51,273.93,0.0,0.29,-1866.45,-1764.77,-101.68
13:20:16,21/10/2024,47.8,47.9,47.4,47.5,47.0,30.6,30.3,30.4,28.8,-0.5,62,170,2024-10-21 13:20:16,63.1,0.94,59.2,DI water,60,60,90,90,13:39:41,47.52,30.02,0.36,0.83,0.51,320.67,303.17,273.51,273.98,0.0,0.29,-1813.97,-1715.0,-98.97
13:20:17,21/10/2024,47.8,47.9,47.4,47.5,47.0,30.6,30.3,30.4,28.8,-0.5,62,170,2024-10-21 13:20:17,63.1,0.94,59.2,DI water,60,60,90,90,13:39:41,47.52,30.02,0.36,0.83,0.51,320.67,303.17,273.51,273.98,0.0,0.29,-1813.97,-1715.0,-98.97
13:20:18,21/10/2024,47.8,47.9,47.4,47.5,47.0,30.6,30.3,30.4,28.8,-0.5,62,170,2024-10-21 13:20:18,63.1,0.94,59.2,DI water,60,60,90,90,13:39:41,47.52,30.02,0.36,0.83,0.51,320.67,303.17,273.51,273.98,0.0,0.29,-1813.97,-1715.0,-98.97
13:20:23,21/10/2024,48.0,48.1,47.6,47.7,47.3,30.5,30.3,30.4,28.8,-0.51,63,170,2024-10-21 13:20:23,63.1,0.94,59.2,DI water,60,60,90,90,13:39:41,47.74,30.0,0.32,0.8,0.5,320.89,303.15,273.47,273.95,0.0,0.3,-1867.73,-1764.48,-103.26
13:20:24,21/10/2024,48.0,48.1,47.6,47.7,47.3,30.5,30.3,30.4,28.8,-0.51,63,170,2024-10-21 13:20:24,63.1,0.94,59.2,DI water,60,60,90,90,13:39:41,47.74,30.0,0.32,0.8,0.5,320.89,303.15,273.47,273.95,0.0,0.3,-1867.73,-1764.48,-103.26
13:20:26,21/10/2024,48.2,48.3,47.9,47.7,47.3,30.5,30.3,30.4,28.8,-0.51,63,170,2024-10-21 13:20:26,63.1,0.94,59.3,DI water,60,60,90,90,13:39:41,47.88,30.0,0.4,0.8,0.5,321.03,303.15,273.55,273.95,0.0,0.3,-1868.55,-1764.48,-104.07
13:20:28,21/10/2024,48.2,48.3,47.9,48.0,47.5,30.6,30.4,30.5,28.8,-0.5,63,170,2024-10-21 13:20:28,63.1,0.94,59.2,DI water,60,60,90,90,13:39:41,47.98,30.08,0.31,0.85,0.51,321.13,303.22,273.46,274.0,0.0,0.3,-1816.57,-1715.29,-101.29
13:20:29,21/10/2024,48.2,48.3,47.9,48.0,47.5,30.6,30.4,30.5,28.8,-0.5,63,170,2024-10-21 13:20:29,63.1,0.94,59.1,DI water,60,60,90,90,13:39:41,47.98,30.08,0.31,0.85,0.51,321.13,303.22,273.46,274.0,0.0,0.3,-1816.57,-1715.29,-101.29
13:20:33,21/10/2024,48.2,48.3,47.9,48.0,47.5,30.6,30.4,30.5,28.8,-0.5,63,170,2024-10-21 13:20:33,63.1,0.94,59.2,DI water,60,60,90,90,13:39:41,47.98,30.08,0.31,0.85,0.51,321.13,303.22,273.46,274.0,0.0,0.3,-1816.57,-1715.29,-101.29
13:20:35,21/10/2024,48.2,48.3,47.9,48.0,47.5,30.6,30.4,30.5,28.8,-0.5,63,170,2024-10-21 13:20:35,63.1,0.94,59.1,DI water,60,60,90,90,13:39:41,47.98,30.08,0.31,0.85,0.51,321.13,303.22,273.46,274.0,0.0,0.3,-1816.57,-1715.29,-101.29
13:20:36,21/10/2024,48.2,48.3,47.9,48.0,47.5,30.6,30.4,30.5,28.8,-0.5,63,170,2024-10-21 13:20:36,63.1,0.94,59.0,DI water,60,60,90,90,13:39:41,47.98,30.08,0.31,0.85,0.51,321.13,303.22,273.46,274.0,0.0,0.3,-1816.57,-1715.29,-101.29
13:20:37,21/10/2024,48.6,48.7,48.2,48.4,47.5,30.6,30.4,30.5,28.8,-0.5,63,170,2024-10-21 13:20:37,63.1,0.94,59.2,DI water,60,60,90,90,13:39:41,48.28,30.08,0.48,0.85,0.51,321.43,303.22,273.63,274.0,0.0,0.3,-1818.27,-1715.29,-102.98
13:20:38,21/10/2024,48.6,48.7,48.2,48.4,47.9,30.6,30.4,30.5,28.8,-0.5,63,170,2024-10-21 13:20:38,63.1,0.94,59.2,DI water,60,60,90,90,13:39:41,48.36,30.08,0.32,0.85,0.51,321.51,303.22,273.47,274.0,0.0,0.3,-1818.72,-1715.29,-103.43
13:20:40,21/10/2024,48.6,48.7,48.2,48.4,47.9,30.6,30.4,30.5,28.9,-0.5,63,170,2024-10-21 13:20:40,63.1,0.94,59.2,DI water,60,60,90,90,13:39:41,48.36,30.1,0.32,0.8,0.51,321.51,303.25,273.47,273.95,0.0,0.3,-1818.72,-1715.43,-103.29
13:20:42,21/10/2024,48.6,48.7,48.2,48.4,47.9,30.6,30.4,30.5,28.9,-0.5,63,170,2024-10-21 13:20:42,63.1,0.94,59.1,DI water,60,60,90,90,13:39:41,48.36,30.1,0.32,0.8,0.51,321.51,303.25,273.47,273.95,0.0,0.3,-1818.72,-1715.43,-103.29
13:20:46,21/10/2024,48.9,49.0,48.6,48.7,48.1,30.6,30.4,30.5,28.9,-0.5,63,170,2024-10-21 13:20:46,63.1,0.94,59.3,DI water,60,60,90,90,13:39:41,48.66,30.1,0.35,0.8,0.51,321.81,303.25,273.5,273.95,0.0,0.31,-1820.42,-1715.43,-104.99
13:20:47,21/10/2024,48.9,49.0,48.6,48.7,48.1,30.6,30.4,30.5,28.9,-0.5,63,170,2024-10-21 13:20:47,63.1,0.94,59.2,DI water,60,60,90,90,13:39:41,48.66,30.1,0.35,0.8,0.51,321.81,303.25,273.5,273.95,0.0,0.31,-1820.42,-1715.43,-104.99
13:20:50,21/10/2024,48.9,49.0,48.6,48.7,48.1,30.6,30.4,30.5,28.9,-0.5,64,170,2024-10-21 13:20:50,63.1,0.94,59.2,DI water,60,60,90,90,13:39:41,48.66,30.1,0.35,0.8,0.51,321.81,303.25,273.5,273.95,0.0,0.31,-1820.42,-1715.43,-104.99
13:20:52,21/10/2024,48.9,49.0,48.6,48.7,48.1,30.6,30.4,30.5,28.9,-0.5,64,170,2024-10-21 13:20:52,63.1,0.94,59.3,DI water,60,60,90,90,13:39:41,48.66,30.1,0.35,0.8,0.51,321.81,303.25,273.5,273.95,0.0,0.31,-1820.42,-1715.43,-104.99
13:20:54,21/10/2024,48.9,49.0,48.6,48.7,48.1,30.6,30.4,30.5,28.9,-0.5,64,170,2024-10-21 13:20:54,63.1,0.94,59.1,DI water,60,60,90,90,13:39:41,48.66,30.1,0.35,0.8,0.51,321.81,303.25,273.5,273.95,0.0,0.31,-1820.42,-1715.43,-104.99
13:20:56,21/10/2024,49.3,49.4,48.9,49.1,48.5,30.6,30.4,30.5,28.9,-0.5,64,170,2024-10-21 13:20:56,63.1,0.94,59.2,DI water,60,60,90,90,13:39:41,49.04,30.1,0.36,0.8,0.51,322.19,303.25,273.51,273.95,0.0,0.32,-1822.57,-1715.43,-107.14
13:20:57,21/10/2024,49.3,49.4,48.9,49.1,48.5,30.7,30.4,30.6,28.8,-0.5,64,170,2024-10-21 13:20:57,63.1,0.94,59.3,DI water,60,60,90,90,13:39:41,49.04,30.12,0.36,0.89,0.51,322.19,303.27,273.51,274.04,0.0,0.32,-1822.57,-1715.57,-107.0
13:20:59,21/10/2024,49.3,49.4,48.9,49.1,48.5,30.7,30.4,30.6,28.8,-0.49,64,170,2024-10-21 13:20:59,63.2,0.94,59.3,DI water,60,60,90,90,13:39:41,49.04,30.12,0.36,0.89,0.52,322.19,303.27,273.51,274.04,0.0,0.32,-1770.85,-1666.89,-103.96
13:21:03,21/10/2024,49.3,49.4,48.9,49.1,48.5,30.7,30.4,30.6,28.8,-0.49,64,170,2024-10-21 13:21:03,63.2,0.94,59.3,DI water,60,60,90,90,13:39:41,49.04,30.12,0.36,0.89,0.52,322.19,303.27,273.51,274.04,0.0,0.32,-1770.85,-1666.89,-103.96
13:21:05,21/10/2024,49.6,49.7,49.1,49.3,48.8,30.7,30.4,30.6,28.8,-0.49,64,170,2024-10-21 13:21:05,63.2,0.94,59.3,DI water,60,60,90,90,13:39:41,49.3,30.12,0.37,0.89,0.52,322.45,303.27,273.52,274.04,0.0,0.32,-1772.28,-1666.89,-105.39
13:21:07,21/10/2024,49.6,49.7,49.1,49.3,48.8,30.6,30.4,30.5,28.8,-0.5,65,170,2024-10-21 13:21:07,63.2,0.94,59.2,DI water,60,60,90,90,13:39:41,49.3,30.08,0.37,0.85,0.51,322.45,303.22,273.52,274.0,0.0,0.32,-1824.04,-1715.29,-108.75
13:21:08,21/10/2024,49.6,49.7,49.1,49.3,48.8,30.6,30.4,30.5,28.8,-0.5,65,170,2024-10-21 13:21:08,63.2,0.94,59.2,DI water,60,60,90,90,13:39:41,49.3,30.08,0.37,0.85,0.51,322.45,303.22,273.52,274.0,0.0,0.32,-1824.04,-1715.29,-108.75
13:21:10,21/10/2024,49.6,49.7,49.1,49.3,48.8,30.6,30.4,30.5,28.8,-0.5,65,170,2024-10-21 13:21:10,63.2,0.94,59.5,DI water,60,60,90,90,13:39:41,49.3,30.08,0.37,0.85,0.51,322.45,303.22,273.52,274.0,0.0,0.32,-1824.04,-1715.29,-108.75
13:21:11,21/10/2024,49.8,49.8,49.4,49.6,48.8,30.6,30.4,30.5,28.8,-0.5,65,170,2024-10-21 13:21:11,63.2,0.94,59.4,DI water,60,60,90,90,13:39:41,49.48,30.08,0.41,0.85,0.51,322.63,303.22,273.56,274.0,0.0,0.32,-1825.06,-1715.29,-109.77
13:21:12,21/10/2024,49.8,49.8,49.4,49.6,49.0,30.6,30.4,30.6,28.8,-0.5,65,170,2024-10-21 13:21:12,63.2,0.94,59.3,DI water,60,60,90,90,13:39:41,49.52,30.1,0.33,0.87,0.51,322.67,303.25,273.48,274.02,0.0,0.32,-1825.28,-1715.43,-109.86
13:21:13,21/10/2024,49.8,49.8,49.4,49.6,49.0,30.6,30.4,30.6,28.8,-0.5,65,170,2024-10-21 13:21:13,63.2,0.94,59.3,DI water,60,60,90,90,13:39:41,49.52,30.1,0.33,0.87,0.51,322.67,303.25,273.48,274.02,0.0,0.32,-1825.28,-1715.43,-109.86
13:21:16,21/10/2024,49.8,49.8,49.4,49.6,49.0,30.6,30.4,30.6,28.8,-0.5,65,170,2024-10-21 13:21:16,63.2,0.94,59.3,DI water,60,60,90,90,13:39:41,49.52,30.1,0.33,0.87,0.51,322.67,303.25,273.48,274.02,0.0,0.32,-1825.28,-1715.43,-109.86
13:21:17,21/10/2024,50.0,50.1,49.6,49.8,49.2,30.6,30.4,30.6,28.8,-0.5,65,170,2024-10-21 13:21:17,63.2,0.94,59.4,DI water,60,60,90,90,13:39:41,49.74,30.1,0.36,0.87,0.51,322.89,303.25,273.51,274.02,0.0,0.33,-1826.53,-1715.43,-111.1
13:21:18,21/10/2024,50.0,50.1,49.6,49.8,49.2,30.6,30.4,30.6,28.8,-0.5,65,170,2024-10-21 13:21:18,63.2,0.94,59.4,DI water,60,60,90,90,13:39:41,49.74,30.1,0.36,0.87,0.51,322.89,303.25,273.51,274.02,0.0,0.33,-1826.53,-1715.43,-111.1
13:21:21,21/10/2024,50.0,50.1,49.6,49.8,49.2,30.6,30.4,30.6,28.8,-0.49,65,170,2024-10-21 13:21:21,63.2,0.94,59.2,DI water,60,60,90,90,13:39:41,49.74,30.1,0.36,0.87,0.52,322.89,303.25,273.51,274.02,0.0,0.33,-1774.7,-1666.75,-107.95
13:21:23,21/10/2024,50.0,50.1,49.6,49.8,49.2,30.6,30.4,30.6,28.8,-0.49,65,170,2024-10-21 13:21:23,63.1,0.94,59.2,DI water,60,60,90,90,13:39:41,49.74,30.1,0.36,0.87,0.52,322.89,303.25,273.51,274.02,0.0,0.33,-1774.7,-1666.75,-107.95
13:21:26,21/10/2024,50.4,50.4,50.0,50.2,49.6,30.7,30.4,30.6,28.8,-0.49,65,170,2024-10-21 13:21:26,63.1,0.94,59.2,DI water,60,60,90,90,13:39:41,50.12,30.12,0.33,0.89,0.52,323.27,303.27,273.48,274.04,0.0,0.33,-1776.79,-1666.89,-109.9
13:21:27,21/10/2024,50.4,50.4,50.0,50.2,49.6,30.7,30.4,30.6,28.9,-0.5,65,170,2024-10-21 13:21:27,63.1,0.94,59.2,DI water,60,60,90,90,13:39:41,50.12,30.15,0.33,0.84,0.51,323.27,303.3,273.48,273.99,0.0,0.33,-1828.68,-1715.71,-112.97
13:21:29,21/10/2024,50.4,50.4,50.0,50.2,49.6,30.7,30.4,30.6,28.9,-0.5,65,170,2024-10-21 13:21:29,63.1,0.94,59.2,DI water,60,60,90,90,13:39:41,50.12,30.15,0.33,0.84,0.51,323.27,303.3,273.48,273.99,0.0,0.33,-1828.68,-1715.71,-112.97
13:21:31,21/10/2024,50.4,50.4,50.0,50.2,49.6,30.7,30.4,30.6,28.9,-0.5,65,170,2024-10-21 13:21:31,63.1,0.94,59.2,DI water,60,60,90,90,13:39:41,50.12,30.15,0.33,0.84,0.51,323.27,303.3,273.48,273.99,0.0,0.33,-1828.68,-1715.71,-112.97
13:21:32,21/10/2024,50.5,50.6,50.2,50.3,49.8,30.7,30.4,30.6,28.9,-0.5,65,170,2024-10-21 13:21:32,63.1,0.94,59.3,DI water,60,60,90,90,13:39:41,50.28,30.15,0.31,0.84,0.51,323.43,303.3,273.46,273.99,0.0,0.34,-1829.58,-1715.71,-113.87
13:21:35,21/10/2024,50.5,50.6,50.2,50.3,49.8,30.7,30.4,30.6,28.9,-0.49,66,170,2024-10-21 13:21:35,63.1,0.94,59.2,DI water,60,60,90,90,13:39:41,50.28,30.15,0.31,0.84,0.52,323.43,303.3,273.46,273.99,0.0,0.34,-1777.67,-1667.03,-110.64
13:21:39,21/10/2024,50.5,50.6,50.2,50.3,49.8,30.7,30.4,30.6,28.9,-0.49,66,170,2024-10-21 13:21:39,63.1,0.94,59.3,DI water,60,60,90,90,13:39:41,50.28,30.15,0.31,0.84,0.52,323.43,303.3,273.46,273.99,0.0,0.34,-1777.67,-1667.03,-110.64
13:21:41,21/10/2024,50.5,50.6,50.2,50.3,49.8,30.7,30.4,30.6,28.9,-0.49,66,170,2024-10-21 13:21:41,63.1,0.94,59.3,DI water,60,60,90,90,13:39:41,50.28,30.15,0.31,0.84,0.52,323.43,303.3,273.46,273.99,0.0,0.34,-1777.67,-1667.03,-110.64
13:21:42,21/10/2024,50.9,50.9,50.5,50.6,50.1,30.7,30.4,30.6,28.9,-0.49,66,170,2024-10-21 13:21:42,63.1,0.94,59.2,DI water,60,60,90,90,13:39:41,50.6,30.15,0.33,0.84,0.52,323.75,303.3,273.48,273.99,0.0,0.34,-1779.43,-1667.03,-112.4
13:21:43,21/10/2024,50.9,50.9,50.5,50.6,50.1,30.7,30.5,30.7,28.9,-0.49,66,170,2024-10-21 13:21:43,63.1,0.94,59.1,DI water,60,60,90,90,13:39:41,50.6,30.2,0.33,0.87,0.52,323.75,303.35,273.48,274.02,0.0,0.34,-1779.43,-1667.3,-112.12
13:21:47,21/10/2024,50.9,50.9,50.5,50.6,50.1,30.7,30.5,30.7,28.9,-0.49,67,170,2024-10-21 13:21:47,63.1,0.94,59.2,DI water,60,60,90,90,13:39:41,50.6,30.2,0.33,0.87,0.52,323.75,303.35,273.48,274.02,0.0,0.34,-1779.43,-1667.3,-112.12
13:21:49,21/10/2024,50.9,50.9,50.5,50.6,50.1,30.7,30.5,30.7,28.9,-0.49,67,170,2024-10-21 13:21:49,63.1,0.94,59.1,DI water,60,60,90,90,13:39:41,50.6,30.2,0.33,0.87,0.52,323.75,303.35,273.48,274.02,0.0,0.34,-1779.43,-1667.3,-112.12
13:21:50,21/10/2024,50.9,50.9,50.5,50.6,50.1,30.7,30.5,30.7,28.9,-0.49,67,170,2024-10-21 13:21:50,63.1,0.94,59.1,DI water,60,60,90,90,13:39:41,50.6,30.2,0.33,0.87,0.52,323.75,303.35,273.48,274.02,0.0,0.34,-1779.43,-1667.3,-112.12
13:21:51,21/10/2024,51.2,51.2,50.8,51.0,50.1,30.7,30.5,30.7,28.9,-0.49,67,170,2024-10-21 13:21:51,63.1,0.94,59.2,DI water,60,60,90,90,13:39:41,50.86,30.2,0.46,0.87,0.52,324.01,303.35,273.61,274.02,0.0,0.34,-1780.86,-1667.3,-113.55
13:21:53,21/10/2024,51.2,51.2,50.8,51.0,50.4,30.8,30.5,30.7,28.9,-0.49,67,170,2024-10-21 13:21:53,63.1,0.94,59.2,DI water,60,60,90,90,13:39:41,50.92,30.22,0.33,0.89,0.52,324.07,303.38,273.48,274.04,0.0,0.34,-1781.19,-1667.44,-113.75
13:21:54,21/10/2024,51.2,51.2,50.8,51.0,50.4,30.8,30.5,30.7,28.9,-0.49,67,170,2024-10-21 13:21:54,63.1,0.94,59.1,DI water,60,60,90,90,13:39:41,50.92,30.22,0.33,0.89,0.52,324.07,303.38,273.48,274.04,0.0,0.34,-1781.19,-1667.44,-113.75
13:21:55,21/10/2024,51.2,51.2,50.8,51.0,50.4,30.8,30.5,30.7,28.9,-0.49,67,170,2024-10-21 13:21:55,63.2,0.94,59.3,DI water,60,60,90,90,13:39:41,50.92,30.22,0.33,0.89,0.52,324.07,303.38,273.48,274.04,0.0,0.34,-1781.19,-1667.44,-113.75
13:21:58,21/10/2024,51.2,51.2,50.8,51.0,50.4,30.8,30.5,30.7,28.9,-0.49,67,170,2024-10-21 13:21:58,63.1,0.94,59.3,DI water,60,60,90,90,13:39:41,50.92,30.22,0.33,0.89,0.52,324.07,303.38,273.48,274.04,0.0,0.34,-1781.19,-1667.44,-113.75
13:21:59,21/10/2024,51.5,51.6,51.1,51.3,50.7,30.8,30.5,30.7,28.9,-0.49,67,170,2024-10-21 13:21:59,63.2,0.94,59.3,DI water,60,60,90,90,13:39:41,51.24,30.22,0.36,0.89,0.52,324.39,303.38,273.51,274.04,0.0,0.35,-1782.95,-1667.44,-115.5
13:22:00,21/10/2024,51.5,51.6,51.1,51.3,50.7,30.8,30.6,30.7,29.0,-0.49,67,170,2024-10-21 13:22:00,63.2,0.94,59.2,DI water,60,60,90,90,13:39:41,51.24,30.28,0.36,0.85,0.52,324.39,303.42,273.51,274.0,0.0,0.35,-1782.95,-1667.72,-115.23
13:22:04,21/10/2024,51.5,51.6,51.1,51.3,50.7,30.8,30.6,30.7,29.0,-0.49,67,170,2024-10-21 13:22:04,63.2,0.94,59.4,DI water,60,60,90,90,13:39:41,51.24,30.28,0.36,0.85,0.52,324.39,303.42,273.51,274.0,0.0,0.35,-1782.95,-1667.72,-115.23
13:22:05,21/10/2024,51.5,51.6,51.1,51.3,50.7,30.8,30.6,30.7,29.0,-0.49,67,170,2024-10-21 13:22:05,63.2,0.94,59.3,DI water,60,60,90,90,13:39:41,51.24,30.28,0.36,0.85,0.52,324.39,303.42,273.51,274.0,0.0,0.35,-1782.95,-1667.72,-115.23
13:22:07,21/10/2024,51.7,51.8,51.4,51.3,50.7,30.8,30.6,30.7,29.0,-0.49,67,170,2024-10-21 13:22:07,63.2,0.94,59.2,DI water,60,60,90,90,13:39:41,51.38,30.28,0.43,0.85,0.52,324.53,303.42,273.58,274.0,0.0,0.35,-1783.72,-1667.72,-116.0
13:22:08,21/10/2024,51.7,51.8,51.4,51.6,50.9,30.8,30.6,30.7,29.0,-0.49,67,170,2024-10-21 13:22:08,63.2,0.94,59.2,DI water,60,60,90,90,13:39:41,51.48,30.28,0.36,0.85,0.52,324.63,303.42,273.51,274.0,0.0,0.35,-1784.26,-1667.72,-116.55
13:22:09,21/10/2024,51.7,51.8,51.4,51.6,50.9,30.8,30.6,30.7,29.0,-0.49,67,170,2024-10-21 13:22:09,63.2,0.94,59.3,DI water,60,60,90,90,13:39:41,51.48,30.28,0.36,0.85,0.52,324.63,303.42,273.51,274.0,0.0,0.35,-1784.26,-1667.72,-116.55
13:22:12,21/10/2024,51.7,51.8,51.4,51.6,50.9,30.8,30.6,30.7,29.0,-0.49,67,170,2024-10-21 13:22:12,63.2,0.94,59.3,DI water,60,60,90,90,13:39:41,51.48,30.28,0.36,0.85,0.52,324.63,303.42,273.51,274.0,0.0,0.35,-1784.26,-1667.72,-116.55
13:22:16,21/10/2024,52.0,51.8,51.4,51.6,50.9,30.8,30.6,30.7,29.0,-0.49,67,170,2024-10-21 13:22:16,63.2,0.94,59.4,DI water,60,60,90,90,13:39:41,51.54,30.28,0.42,0.85,0.52,324.69,303.42,273.57,274.0,0.0,0.35,-1784.59,-1667.72,-116.88
13:22:18,21/10/2024,52.0,52.0,51.6,51.9,51.2,30.7,30.5,30.7,28.9,-0.49,67,170,2024-10-21 13:22:18,63.2,0.94,59.3,DI water,60,60,90,90,13:39:41,51.74,30.2,0.34,0.87,0.52,324.89,303.35,273.49,274.02,0.0,0.36,-1785.69,-1667.3,-118.39
13:22:19,21/10/2024,52.0,52.0,51.6,51.9,51.2,30.7,30.5,30.7,28.9,-0.49,68,170,2024-10-21 13:22:19,63.2,0.94,59.2,DI water,60,60,90,90,13:39:41,51.74,30.2,0.34,0.87,0.52,324.89,303.35,273.49,274.02,0.0,0.36,-1785.69,-1667.3,-118.39
13:22:20,21/10/2024,52.0,52.0,51.6,51.9,51.2,30.7,30.5,30.7,28.9,-0.49,68,170,2024-10-21 13:22:20,63.2,0.94,59.2,DI water,60,60,90,90,13:39:41,51.74,30.2,0.34,0.87,0.52,324.89,303.35,273.49,274.02,0.0,0.36,-1785.69,-1667.3,-118.39
13:22:23,21/10/2024,52.3,52.3,51.8,52.1,51.4,30.7,30.5,30.7,28.9,-0.49,68,170,2024-10-21 13:22:23,63.1,0.94,59.3,DI water,60,60,90,90,13:39:41,51.98,30.2,0.38,0.87,0.52,325.13,303.35,273.53,274.02,0.0,0.36,-1787.01,-1667.3,-119.71
13:22:24,21/10/2024,52.3,52.3,51.8,52.1,51.4,30.8,30.5,30.7,28.9,-0.49,68,170,2024-10-21 13:22:24,63.1,0.94,59.3,DI water,60,60,90,90,13:39:41,51.98,30.22,0.38,0.89,0.52,325.13,303.38,273.53,274.04,0.0,0.36,-1787.01,-1667.44,-119.57
13:22:29,21/10/2024,52.3,52.3,51.8,52.1,51.4,30.8,30.5,30.7,28.9,-0.49,68,170,2024-10-21 13:22:29,63.1,0.94,59.2,DI water,60,60,90,90,13:39:41,51.98,30.22,0.38,0.89,0.52,325.13,303.38,273.53,274.04,0.0,0.36,-1787.01,-1667.44,-119.57
13:22:30,21/10/2024,52.3,52.3,51.8,52.1,51.4,30.8,30.5,30.7,28.9,-0.49,68,170,2024-10-21 13:22:30,63.1,0.94,59.3,DI water,60,60,90,90,13:39:41,51.98,30.22,0.38,0.89,0.52,325.13,303.38,273.53,274.04,0.0,0.36,-1787.01,-1667.44,-119.57
13:22:31,21/10/2024,52.5,52.5,52.2,52.4,51.7,30.8,30.5,30.7,28.9,-0.49,68,170,2024-10-21 13:22:31,63.1,0.94,59.2,DI water,60,60,90,90,13:39:41,52.26,30.22,0.34,0.89,0.52,325.41,303.38,273.49,274.04,0.0,0.37,-1788.55,-1667.44,-121.11
13:22:33,21/10/2024,52.5,52.5,52.2,52.4,51.7,30.8,30.6,30.7,28.9,-0.49,68,170,2024-10-21 13:22:33,63.1,0.94,59.1,DI water,60,60,90,90,13:39:41,52.26,30.25,0.34,0.9,0.52,325.41,303.4,273.49,274.05,0.0,0.37,-1788.55,-1667.58,-120.97
13:22:38,21/10/2024,52.7,52.7,52.4,52.6,51.9,30.8,30.6,30.7,28.9,-0.49,69,170,2024-10-21 13:22:38,63.0,0.93,59.0,DI water,60,60,90,90,13:39:41,52.46,30.25,0.34,0.9,0.52,325.61,303.4,273.49,274.05,0.0,0.37,-1789.65,-1667.58,-122.07
13:22:40,21/10/2024,52.7,52.7,52.4,52.6,51.9,30.8,30.6,30.7,28.9,-0.48,69,170,2024-10-21 13:22:40,63.1,0.94,59.0,DI water,60,60,90,90,13:39:41,52.46,30.25,0.34,0.9,0.53,325.61,303.4,273.49,274.05,0.0,0.37,-1738.38,-1619.8,-118.58
13:22:42,21/10/2024,52.7,52.7,52.4,52.6,51.9,30.8,30.6,30.7,28.9,-0.48,69,170,2024-10-21 13:22:42,63.1,0.93,59.1,DI water,60,60,90,90,13:39:41,52.46,30.25,0.34,0.9,0.53,325.61,303.4,273.49,274.05,0.0,0.37,-1738.38,-1619.8,-118.58
13:22:45,21/10/2024,52.9,52.9,52.5,52.8,52.1,30.8,30.6,30.7,29.0,-0.48,69,170,2024-10-21 13:22:45,63.0,0.93,58.9,DI water,60,60,90,90,13:39:41,52.64,30.28,0.34,0.85,0.53,325.79,303.42,273.49,274.0,0.0,0.37,-1739.34,-1619.94,-119.4
13:22:49,21/10/2024,52.9,52.9,52.5,52.8,52.1,30.8,30.6,30.7,29.0,-0.48,69,170,2024-10-21 13:22:49,63.0,0.93,59.0,DI water,60,60,90,90,13:39:41,52.64,30.28,0.34,0.85,0.53,325.79,303.42,273.49,274.0,0.0,0.37,-1739.34,-1619.94,-119.4
13:22:50,21/10/2024,53.2,53.2,52.8,53.0,52.2,30.8,30.6,30.7,29.0,-0.48,69,170,2024-10-21 13:22:50,63.0,0.93,58.9,DI water,60,60,90,90,13:39:41,52.88,30.28,0.41,0.85,0.53,326.03,303.42,273.56,274.0,0.0,0.38,-1740.62,-1619.94,-120.68
13:22:51,21/10/2024,53.2,53.2,52.8,53.0,52.2,30.8,30.6,30.7,29.0,-0.48,69,170,2024-10-21 13:22:51,63.0,0.93,58.8,DI water,60,60,90,90,13:39:41,52.88,30.28,0.41,0.85,0.53,326.03,303.42,273.56,274.0,0.0,0.38,-1740.62,-1619.94,-120.68
13:22:54,21/10/2024,53.2,53.2,52.8,53.0,52.2,30.8,30.6,30.7,29.0,-0.48,69,170,2024-10-21 13:22:54,63.0,0.93,59.1,DI water,60,60,90,90,13:39:41,52.88,30.28,0.41,0.85,0.53,326.03,303.42,273.56,274.0,0.0,0.38,-1740.62,-1619.94,-120.68
13:22:55,21/10/2024,53.2,53.2,52.8,53.0,52.2,30.8,30.6,30.7,29.0,-0.48,69,170,2024-10-21 13:22:55,63.0,0.93,59.0,DI water,60,60,90,90,13:39:41,52.88,30.28,0.41,0.85,0.53,326.03,303.42,273.56,274.0,0.0,0.38,-1740.62,-1619.94,-120.68
13:22:56,21/10/2024,53.2,53.2,52.8,53.0,52.2,30.8,30.6,30.7,29.0,-0.48,69,170,2024-10-21 13:22:56,63.0,0.93,58.9,DI water,60,60,90,90,13:39:41,52.88,30.28,0.41,0.85,0.53,326.03,303.42,273.56,274.0,0.0,0.38,-1740.62,-1619.94,-120.68
13:22:57,21/10/2024,53.4,53.3,53.0,53.2,52.2,30.8,30.6,30.7,29.0,-0.48,69,170,2024-10-21 13:22:57,63.0,0.93,58.9,DI water,60,60,90,90,13:39:41,53.02,30.28,0.48,0.85,0.53,326.17,303.42,273.63,274.0,0.0,0.38,-1741.37,-1619.94,-121.43
13:22:59,21/10/2024,53.4,53.3,53.0,53.2,52.6,30.8,30.7,30.8,29.0,-0.48,69,170,2024-10-21 13:22:59,63.0,0.93,59.0,DI water,60,60,90,90,13:39:41,53.1,30.32,0.32,0.88,0.53,326.25,303.47,273.47,274.03,0.0,0.38,-1741.8,-1620.2,-121.59
13:23:01,21/10/2024,53.4,53.3,53.0,53.2,52.6,30.8,30.7,30.8,29.0,-0.48,70,170,2024-10-21 13:23:01,63.0,0.93,58.8,DI water,60,60,90,90,13:39:41,53.1,30.32,0.32,0.88,0.53,326.25,303.47,273.47,274.03,0.0,0.38,-1741.8,-1620.2,-121.59
13:23:01,21/10/2024,53.4,53.3,53.0,53.2,52.6,30.8,30.7,30.8,29.0,-0.48,70,170,2024-10-21 13:23:01,63.0,0.93,58.8,DI water,60,60,90,90,13:39:41,53.1,30.32,0.32,0.88,0.53,326.25,303.47,273.47,274.03,0.0,0.38,-1741.8,-1620.2,-121.59
13:23:03,21/10/2024,53.5,53.5,53.1,53.4,52.8,30.8,30.7,30.8,29.0,-0.48,70,170,2024-10-21 13:23:03,63.0,0.93,58.9,DI water,60,60,90,90,13:39:41,53.26,30.32,0.3,0.88,0.53,326.41,303.47,273.45,274.03,0.0,0.38,-1742.65,-1620.2,-122.45
13:23:05,21/10/2024,53.5,53.5,53.1,53.4,52.8,30.8,30.7,30.8,29.0,-0.49,70,170,2024-10-21 13:23:05,63.0,0.93,58.8,DI water,60,60,90,90,13:39:41,53.26,30.32,0.3,0.88,0.52,326.41,303.47,273.45,274.03,0.0,0.38,-1794.05,-1667.99,-126.06
13:23:07,21/10/2024,53.5,53.5,53.1,53.4,52.8,30.8,30.7,30.8,29.0,-0.49,70,170,2024-10-21 13:23:07,63.0,0.93,58.8,DI water,60,60,90,90,13:39:41,53.26,30.32,0.3,0.88,0.52,326.41,303.47,273.45,274.03,0.0,0.38,-1794.05,-1667.99,-126.06
13:23:08,21/10/2024,53.5,53.5,53.1,53.4,52.8,30.8,30.7,30.8,29.0,-0.49,70,170,2024-10-21 13:23:08,63.0,0.93,59.0,DI water,60,60,90,90,13:39:41,53.26,30.32,0.3,0.88,0.52,326.41,303.47,273.45,274.03,0.0,0.38,-1794.05,-1667.99,-126.06
13:23:09,21/10/2024,53.7,53.7,53.4,53.6,53.0,30.8,30.7,30.8,29.0,-0.49,70,170,2024-10-21 13:23:09,63.0,0.93,58.9,DI water,60,60,90,90,13:39:41,53.48,30.32,0.29,0.88,0.52,326.63,303.47,273.44,274.03,0.0,0.39,-1795.26,-1667.99,-127.27
13:23:10,21/10/2024,53.7,53.7,53.4,53.6,53.0,30.8,30.7,30.8,29.0,-0.49,70,170,2024-10-21 13:23:10,63.0,0.93,58.8,DI water,60,60,90,90,13:39:41,53.48,30.32,0.29,0.88,0.52,326.63,303.47,273.44,274.03,0.0,0.39,-1795.26,-1667.99,-127.27
13:23:12,21/10/2024,53.7,53.7,53.4,53.6,53.0,30.8,30.7,30.8,29.0,-0.49,70,170,2024-10-21 13:23:12,63.0,0.93,59.0,DI water,60,60,90,90,13:39:41,53.48,30.32,0.29,0.88,0.52,326.63,303.47,273.44,274.03,0.0,0.39,-1795.26,-1667.99,-127.27
13:23:14,21/10/2024,53.7,53.7,53.4,53.6,53.0,30.8,30.7,30.8,29.0,-0.49,70,170,2024-10-21 13:23:14,63.0,0.93,58.9,DI water,60,60,90,90,13:39:41,53.48,30.32,0.29,0.88,0.52,326.63,303.47,273.44,274.03,0.0,0.39,-1795.26,-1667.99,-127.27
13:23:21,21/10/2024,53.7,53.7,53.4,53.6,53.0,30.8,30.7,30.8,29.0,-0.49,70,170,2024-10-21 13:23:21,63.0,0.93,58.8,DI water,60,60,90,90,13:39:41,53.48,30.32,0.29,0.88,0.52,326.63,303.47,273.44,274.03,0.0,0.39,-1795.26,-1667.99,-127.27
13:23:22,21/10/2024,54.2,54.2,53.8,54.0,53.4,30.9,30.7,30.8,29.0,-0.49,70,170,2024-10-21 13:23:22,63.0,0.93,59.0,DI water,60,60,90,90,13:39:41,53.92,30.35,0.33,0.9,0.52,327.07,303.5,273.48,274.05,0.0,0.39,-1797.68,-1668.13,-129.55
13:23:24,21/10/2024,54.2,54.2,53.8,54.0,53.4,30.9,30.7,30.9,29.0,-0.48,71,170,2024-10-21 13:23:24,63.0,0.93,58.9,DI water,60,60,90,90,13:39:41,53.92,30.38,0.33,0.92,0.53,327.07,303.52,273.48,274.07,0.0,0.39,-1746.17,-1620.47,-125.7
13:23:28,21/10/2024,54.2,54.2,53.8,54.0,53.4,30.9,30.7,30.9,29.0,-0.48,71,170,2024-10-21 13:23:28,63.0,0.93,59.0,DI water,60,60,90,90,13:39:41,53.92,30.38,0.33,0.92,0.53,327.07,303.52,273.48,274.07,0.0,0.39,-1746.17,-1620.47,-125.7
13:23:30,21/10/2024,54.2,54.2,53.8,54.0,53.4,30.9,30.7,30.9,29.0,-0.48,71,170,2024-10-21 13:23:30,63.0,0.93,58.8,DI water,60,60,90,90,13:39:41,53.92,30.38,0.33,0.92,0.53,327.07,303.52,273.48,274.07,0.0,0.39,-1746.17,-1620.47,-125.7
13:23:31,21/10/2024,54.5,54.4,54.0,54.3,53.4,30.9,30.7,30.9,29.0,-0.48,71,170,2024-10-21 13:23:31,63.0,0.93,58.9,DI water,60,60,90,90,13:39:41,54.12,30.38,0.44,0.92,0.53,327.27,303.52,273.59,274.07,0.0,0.4,-1747.24,-1620.47,-126.77
13:23:35,21/10/2024,54.5,54.4,54.0,54.3,53.7,30.9,30.7,30.8,29.1,-0.48,71,170,2024-10-21 13:23:35,63.0,0.93,58.9,DI water,60,60,90,90,13:39:41,54.18,30.38,0.33,0.85,0.53,327.33,303.52,273.48,274.0,0.0,0.4,-1747.56,-1620.47,-127.09
13:23:38,21/10/2024,54.5,54.4,54.0,54.3,53.7,30.9,30.7,30.8,29.1,-0.48,71,170,2024-10-21 13:23:38,63.0,0.93,59.1,DI water,60,60,90,90,13:39:41,54.18,30.38,0.33,0.85,0.53,327.33,303.52,273.48,274.0,0.0,0.4,-1747.56,-1620.47,-127.09
13:23:39,21/10/2024,54.8,54.7,54.4,54.6,53.9,30.9,30.7,30.8,29.1,-0.48,71,170,2024-10-21 13:23:39,63.1,0.93,59.0,DI water,60,60,90,90,13:39:41,54.48,30.38,0.36,0.85,0.53,327.63,303.52,273.51,274.0,0.0,0.4,-1749.16,-1620.47,-128.69
13:23:42,21/10/2024,54.8,54.7,54.4,54.6,53.9,30.9,30.7,30.8,29.0,-0.48,72,170,2024-10-21 13:23:42,63.1,0.93,59.0,DI water,60,60,90,90,13:39:41,54.48,30.35,0.36,0.9,0.53,327.63,303.5,273.51,274.05,0.0,0.4,-1749.16,-1620.34,-128.83
13:23:45,21/10/2024,54.8,54.7,54.4,54.6,53.9,30.9,30.7,30.8,29.0,-0.48,72,170,2024-10-21 13:23:45,63.0,0.93,59.0,DI water,60,60,90,90,13:39:41,54.48,30.35,0.36,0.9,0.53,327.63,303.5,273.51,274.05,0.0,0.4,-1749.16,-1620.34,-128.83
13:23:46,21/10/2024,54.8,54.7,54.4,54.6,53.9,30.9,30.7,30.8,29.0,-0.48,72,170,2024-10-21 13:23:46,63.0,0.93,58.9,DI water,60,60,90,90,13:39:41,54.48,30.35,0.36,0.9,0.53,327.63,303.5,273.51,274.05,0.0,0.4,-1749.16,-1620.34,-128.83
13:23:49,21/10/2024,55.0,55.0,54.6,54.9,54.2,30.9,30.7,30.9,29.0,-0.47,72,170,2024-10-21 13:23:49,63.0,0.93,59.0,DI water,60,60,90,90,13:39:41,54.74,30.38,0.34,0.92,0.54,327.89,303.52,273.49,274.07,0.0,0.41,-1699.88,-1573.56,-126.32
13:23:49,21/10/2024,55.0,55.0,54.6,54.9,54.2,30.9,30.7,30.9,29.0,-0.47,72,170,2024-10-21 13:23:49,63.1,0.94,59.1,DI water,60,60,90,90,13:39:41,54.74,30.38,0.34,0.92,0.54,327.89,303.52,273.49,274.07,0.0,0.41,-1699.88,-1573.56,-126.32
13:23:52,21/10/2024,55.0,55.0,54.6,54.9,54.2,30.9,30.7,30.9,29.0,-0.47,72,170,2024-10-21 13:23:52,63.1,0.93,59.0,DI water,60,60,90,90,13:39:41,54.74,30.38,0.34,0.92,0.54,327.89,303.52,273.49,274.07,0.0,0.41,-1699.88,-1573.56,-126.32
13:23:53,21/10/2024,55.0,55.0,54.6,54.9,54.2,30.9,30.7,30.9,29.0,-0.47,72,170,2024-10-21 13:23:53,63.1,0.93,58.9,DI water,60,60,90,90,13:39:41,54.74,30.38,0.34,0.92,0.54,327.89,303.52,273.49,274.07,0.0,0.41,-1699.88,-1573.56,-126.32
13:23:53,21/10/2024,55.0,55.0,54.6,54.9,54.2,30.9,30.7,30.9,29.0,-0.47,72,170,2024-10-21 13:23:53,63.1,0.93,59.0,DI water,60,60,90,90,13:39:41,54.74,30.38,0.34,0.92,0.54,327.89,303.52,273.49,274.07,0.0,0.41,-1699.88,-1573.56,-126.32
13:23:56,21/10/2024,55.2,55.1,54.8,55.1,54.4,30.9,30.7,30.9,29.0,-0.47,72,170,2024-10-21 13:23:56,63.0,0.93,59.1,DI water,60,60,90,90,13:39:41,54.92,30.38,0.33,0.92,0.54,328.07,303.52,273.48,274.07,0.0,0.41,-1700.81,-1573.56,-127.25
13:23:59,21/10/2024,55.2,55.1,54.8,55.1,54.4,30.9,30.7,30.9,29.0,-0.48,72,170,2024-10-21 13:23:59,63.1,0.93,59.0,DI water,60,60,90,90,13:39:41,54.92,30.38,0.33,0.92,0.53,328.07,303.52,273.48,274.07,0.0,0.41,-1751.51,-1620.47,-131.04
13:24:00,21/10/2024,55.5,55.4,55.1,55.2,54.6,30.9,30.7,30.9,29.0,-0.48,72,170,2024-10-21 13:24:00,63.1,0.93,58.9,DI water,60,60,90,90,13:39:41,55.16,30.38,0.35,0.92,0.53,328.31,303.52,273.5,274.07,0.0,0.41,-1752.79,-1620.47,-132.32
13:24:03,21/10/2024,55.5,55.4,55.1,55.2,54.6,30.9,30.7,30.9,29.0,-0.48,72,170,2024-10-21 13:24:03,63.1,0.93,59.1,DI water,60,60,90,90,13:39:41,55.16,30.38,0.35,0.92,0.53,328.31,303.52,273.5,274.07,0.0,0.41,-1752.79,-1620.47,-132.32
13:24:04,21/10/2024,55.5,55.4,55.1,55.2,54.6,30.9,30.7,30.9,29.0,-0.48,72,170,2024-10-21 13:24:04,63.0,0.93,59.0,DI water,60,60,90,90,13:39:41,55.16,30.38,0.35,0.92,0.53,328.31,303.52,273.5,274.07,0.0,0.41,-1752.79,-1620.47,-132.32
13:24:09,21/10/2024,55.7,55.6,55.3,55.6,54.8,30.9,30.7,30.9,29.0,-0.48,72,170,2024-10-21 13:24:09,63.0,0.93,59.0,DI water,60,60,90,90,13:39:41,55.4,30.38,0.37,0.92,0.53,328.55,303.52,273.52,274.07,0.0,0.42,-1754.07,-1620.47,-133.6
13:24:10,21/10/2024,55.7,55.6,55.3,55.6,54.8,30.9,30.7,30.9,29.0,-0.48,72,170,2024-10-21 13:24:10,63.0,0.93,59.0,DI water,60,60,90,90,13:39:41,55.4,30.38,0.37,0.92,0.53,328.55,303.52,273.52,274.07,0.0,0.42,-1754.07,-1620.47,-133.6
13:24:12,21/10/2024,55.7,55.6,55.3,55.6,54.8,30.9,30.7,30.9,29.0,-0.48,73,170,2024-10-21 13:24:12,63.1,0.93,58.9,DI water,60,60,90,90,13:39:41,55.4,30.38,0.37,0.92,0.53,328.55,303.52,273.52,274.07,0.0,0.42,-1754.07,-1620.47,-133.6
13:24:14,21/10/2024,55.7,55.6,55.3,55.6,54.8,30.9,30.7,30.9,29.0,-0.48,73,170,2024-10-21 13:24:14,63.0,0.93,59.0,DI water,60,60,90,90,13:39:41,55.4,30.38,0.37,0.92,0.53,328.55,303.52,273.52,274.07,0.0,0.42,-1754.07,-1620.47,-133.6
13:24:17,21/10/2024,55.9,55.8,55.5,55.8,55.0,30.9,30.8,31.0,29.1,-0.48,73,170,2024-10-21 13:24:17,63.1,0.93,59.0,DI water,60,60,90,90,13:39:41,55.6,30.45,0.37,0.9,0.53,328.75,303.6,273.52,274.05,0.0,0.42,-1755.14,-1620.87,-134.27
13:24:22,21/10/2024,55.9,55.8,55.5,55.8,55.0,30.9,30.8,31.0,29.1,-0.48,73,170,2024-10-21 13:24:22,63.1,0.93,59.1,DI water,60,60,90,90,13:39:41,55.6,30.45,0.37,0.9,0.53,328.75,303.6,273.52,274.05,0.0,0.42,-1755.14,-1620.87,-134.27
13:24:24,21/10/2024,56.2,56.1,55.8,56.1,55.3,31.0,30.8,31.0,29.1,-0.48,73,170,2024-10-21 13:24:24,63.0,0.93,58.9,DI water,60,60,90,90,13:39:41,55.9,30.48,0.37,0.92,0.53,329.05,303.62,273.52,274.07,0.0,0.42,-1756.74,-1621.0,-135.74
13:24:26,21/10/2024,56.2,56.1,55.8,56.1,55.3,31.0,30.8,31.0,29.1,-0.48,74,170,2024-10-21 13:24:26,63.0,0.93,58.8,DI water,60,60,90,90,13:39:41,55.9,30.48,0.37,0.92,0.53,329.05,303.62,273.52,274.07,0.0,0.42,-1756.74,-1621.0,-135.74
13:24:27,21/10/2024,56.2,56.1,55.8,56.1,55.3,31.0,30.8,31.0,29.1,-0.48,74,170,2024-10-21 13:24:27,63.0,0.93,59.1,DI water,60,60,90,90,13:39:41,55.9,30.48,0.37,0.92,0.53,329.05,303.62,273.52,274.07,0.0,0.42,-1756.74,-1621.0,-135.74
13:24:28,21/10/2024,56.2,56.1,55.8,56.1,55.3,31.0,30.8,31.0,29.1,-0.48,74,170,2024-10-21 13:24:28,63.0,0.93,59.0,DI water,60,60,90,90,13:39:41,55.9,30.48,0.37,0.92,0.53,329.05,303.62,273.52,274.07,0.0,0.42,-1756.74,-1621.0,-135.74
13:24:30,21/10/2024,56.4,56.3,55.9,56.2,55.5,31.0,30.8,31.0,29.1,-0.48,74,170,2024-10-21 13:24:30,63.1,0.93,58.9,DI water,60,60,90,90,13:39:41,56.06,30.48,0.36,0.92,0.53,329.21,303.62,273.51,274.07,0.0,0.43,-1757.6,-1621.0,-136.59
13:24:31,21/10/2024,56.4,56.3,55.9,56.2,55.5,31.0,30.8,31.0,29.1,-0.47,74,170,2024-10-21 13:24:31,63.0,0.93,58.9,DI water,60,60,90,90,13:39:41,56.06,30.48,0.36,0.92,0.54,329.21,303.62,273.51,274.07,0.0,0.43,-1706.72,-1574.08,-132.64
13:24:34,21/10/2024,56.4,56.3,55.9,56.2,55.5,31.0,30.8,31.0,29.1,-0.47,74,170,2024-10-21 13:24:34,63.0,0.93,59.0,DI water,60,60,90,90,13:39:41,56.06,30.48,0.36,0.92,0.54,329.21,303.62,273.51,274.07,0.0,0.43,-1706.72,-1574.08,-132.64
13:24:35,21/10/2024,56.4,56.3,55.9,56.2,55.5,31.0,30.8,31.0,29.1,-0.47,74,170,2024-10-21 13:24:35,63.0,0.93,59.0,DI water,60,60,90,90,13:39:41,56.06,30.48,0.36,0.92,0.54,329.21,303.62,273.51,274.07,0.0,0.43,-1706.72,-1574.08,-132.64
13:24:36,21/10/2024,56.6,56.5,56.1,56.4,55.7,31.0,30.8,31.0,29.1,-0.47,74,170,2024-10-21 13:24:36,63.0,0.93,59.0,DI water,60,60,90,90,13:39:41,56.26,30.48,0.36,0.92,0.54,329.41,303.62,273.51,274.07,0.0,0.43,-1707.76,-1574.08,-133.68
13:24:36,21/10/2024,56.6,56.5,56.1,56.4,55.7,31.0,30.8,31.0,29.1,-0.47,74,170,2024-10-21 13:24:36,63.0,0.93,58.9,DI water,60,60,90,90,13:39:41,56.26,30.48,0.36,0.92,0.54,329.41,303.62,273.51,274.07,0.0,0.43,-1707.76,-1574.08,-133.68
13:24:41,21/10/2024,56.6,56.5,56.1,56.4,55.7,31.0,30.8,31.0,29.1,-0.47,74,170,2024-10-21 13:24:41,63.0,0.93,59.0,DI water,60,60,90,90,13:39:41,56.26,30.48,0.36,0.92,0.54,329.41,303.62,273.51,274.07,0.0,0.43,-1707.76,-1574.08,-133.68
13:24:42,21/10/2024,56.8,56.6,56.3,56.6,55.7,31.0,30.8,31.0,29.1,-0.47,74,170,2024-10-21 13:24:42,63.0,0.93,59.0,DI water,60,60,90,90,13:39:41,56.4,30.48,0.43,0.92,0.54,329.55,303.62,273.58,274.07,0.0,0.43,-1708.48,-1574.08,-134.4
13:24:43,21/10/2024,56.8,56.6,56.3,56.6,55.9,31.0,30.8,30.9,29.1,-0.47,74,170,2024-10-21 13:24:43,63.0,0.93,58.9,DI water,60,60,90,90,13:39:41,56.44,30.45,0.35,0.9,0.54,329.59,303.6,273.5,274.05,0.0,0.43,-1708.69,-1573.95,-134.74
13:24:45,21/10/2024,56.8,56.6,56.3,56.6,55.9,31.0,30.8,30.9,29.1,-0.48,74,170,2024-10-21 13:24:45,63.0,0.93,58.8,DI water,60,60,90,90,13:39:41,56.44,30.45,0.35,0.9,0.53,329.59,303.6,273.5,274.05,0.0,0.43,-1759.63,-1620.87,-138.76
13:24:46,21/10/2024,56.9,56.6,56.3,56.6,55.9,31.0,30.8,30.9,29.1,-0.48,74,170,2024-10-21 13:24:46,63.0,0.93,59.0,DI water,60,60,90,90,13:39:41,56.46,30.45,0.38,0.9,0.53,329.61,303.6,273.53,274.05,0.0,0.43,-1759.73,-1620.87,-138.86
13:24:47,21/10/2024,56.9,56.7,56.5,56.8,55.9,31.0,30.8,30.9,29.1,-0.48,74,170,2024-10-21 13:24:47,63.0,0.93,59.0,DI water,60,60,90,90,13:39:41,56.56,30.45,0.4,0.9,0.53,329.71,303.6,273.55,274.05,0.0,0.44,-1760.27,-1620.87,-139.4
13:24:50,21/10/2024,56.9,56.7,56.5,56.8,56.0,31.0,30.8,30.9,29.1,-0.47,74,170,2024-10-21 13:24:50,63.0,0.93,58.8,DI water,60,60,90,90,13:39:41,56.58,30.45,0.36,0.9,0.54,329.73,303.6,273.51,274.05,0.0,0.44,-1709.42,-1573.95,-135.47
13:24:52,21/10/2024,57.1,56.8,56.7,56.9,56.2,31.0,30.8,30.9,29.1,-0.47,74,170,2024-10-21 13:24:52,63.1,0.93,59.0,DI water,60,60,90,90,13:39:41,56.74,30.45,0.34,0.9,0.54,329.89,303.6,273.49,274.05,0.0,0.44,-1710.25,-1573.95,-136.3
13:24:53,21/10/2024,57.1,56.8,56.7,56.9,56.2,31.0,30.8,31.0,29.1,-0.46,74,170,2024-10-21 13:24:53,63.1,0.93,59.1,DI water,60,60,90,90,13:39:41,56.74,30.48,0.34,0.92,0.55,329.89,303.62,273.49,274.07,0.0,0.44,-1660.2,-1528.02,-132.18
13:24:54,21/10/2024,57.1,56.8,56.7,56.9,56.2,31.0,30.8,31.0,29.1,-0.46,74,170,2024-10-21 13:24:54,63.1,0.93,59.1,DI water,60,60,90,90,13:39:41,56.74,30.48,0.34,0.92,0.55,329.89,303.62,273.49,274.07,0.0,0.44,-1660.2,-1528.02,-132.18
13:24:58,21/10/2024,57.1,56.8,56.7,56.9,56.2,31.0,30.8,31.0,29.1,-0.46,74,170,2024-10-21 13:24:58,63.1,0.93,59.1,DI water,60,60,90,90,13:39:41,56.74,30.48,0.34,0.92,0.55,329.89,303.62,273.49,274.07,0.0,0.44,-1660.2,-1528.02,-132.18
13:24:59,21/10/2024,57.1,56.8,56.7,56.9,56.2,31.0,30.8,31.0,29.1,-0.46,74,170,2024-10-21 13:24:59,63.1,0.93,59.1,DI water,60,60,90,90,13:39:41,56.74,30.48,0.34,0.92,0.55,329.89,303.62,273.49,274.07,0.0,0.44,-1660.2,-1528.02,-132.18
13:25:00,21/10/2024,57.3,57.2,56.9,57.2,56.5,31.0,30.8,31.0,29.1,-0.46,74,170,2024-10-21 13:25:00,63.0,0.93,59.0,DI water,60,60,90,90,13:39:41,57.02,30.48,0.33,0.92,0.55,330.17,303.62,273.48,274.07,0.0,0.44,-1661.61,-1528.02,-133.59
13:25:02,21/10/2024,57.3,57.2,56.9,57.2,56.5,31.1,30.8,31.0,29.1,-0.46,74,170,2024-10-21 13:25:02,63.0,0.93,58.8,DI water,60,60,90,90,13:39:41,57.02,30.5,0.33,0.94,0.55,330.17,303.65,273.48,274.09,0.0,0.44,-1661.61,-1528.14,-133.46
13:25:04,21/10/2024,57.3,57.2,56.9,57.2,56.5,31.1,30.8,31.0,29.1,-0.47,74,170,2024-10-21 13:25:04,63.0,0.93,59.0,DI water,60,60,90,90,13:39:41,57.02,30.5,0.33,0.94,0.54,330.17,303.65,273.48,274.09,0.0,0.44,-1711.7,-1574.21,-137.49
13:25:07,21/10/2024,57.3,57.2,56.9,57.2,56.5,31.1,30.8,31.0,29.1,-0.47,74,170,2024-10-21 13:25:07,63.0,0.93,58.8,DI water,60,60,90,90,13:39:41,57.02,30.5,0.33,0.94,0.54,330.17,303.65,273.48,274.09,0.0,0.44,-1711.7,-1574.21,-137.49
13:25:08,21/10/2024,57.6,57.3,57.1,57.4,56.5,31.1,30.8,31.0,29.1,-0.47,74,170,2024-10-21 13:25:08,63.0,0.93,58.8,DI water,60,60,90,90,13:39:41,57.18,30.5,0.42,0.94,0.54,330.33,303.65,273.57,274.09,0.0,0.44,-1712.53,-1574.21,-138.32
13:25:10,21/10/2024,57.6,57.3,57.1,57.4,56.7,31.1,30.8,31.0,29.1,-0.48,75,170,2024-10-21 13:25:10,63.0,0.93,58.9,DI water,60,60,90,90,13:39:41,57.22,30.5,0.34,0.94,0.53,330.37,303.65,273.49,274.09,0.0,0.45,-1763.79,-1621.14,-142.65
13:25:12,21/10/2024,57.6,57.3,57.1,57.4,56.7,31.1,30.8,31.0,29.1,-0.48,75,170,2024-10-21 13:25:12,63.0,0.93,58.9,DI water,60,60,90,90,13:39:41,57.22,30.5,0.34,0.94,0.53,330.37,303.65,273.49,274.09,0.0,0.45,-1763.79,-1621.14,-142.65
13:25:13,21/10/2024,57.7,57.5,57.2,57.5,56.7,31.1,30.8,31.0,29.1,-0.48,75,170,2024-10-21 13:25:13,63.0,0.93,58.8,DI water,60,60,90,90,13:39:41,57.32,30.5,0.39,0.94,0.53,330.47,303.65,273.54,274.09,0.0,0.45,-1764.33,-1621.14,-143.19
13:25:15,21/10/2024,57.7,57.5,57.2,57.5,56.8,31.1,30.8,31.0,29.1,-0.47,75,170,2024-10-21 13:25:15,63.0,0.93,58.8,DI water,60,60,90,90,13:39:41,57.34,30.5,0.35,0.94,0.54,330.49,303.65,273.5,274.09,0.0,0.45,-1713.36,-1574.21,-139.15
13:25:16,21/10/2024,57.7,57.5,57.2,57.5,56.8,31.1,30.8,31.0,29.1,-0.47,75,170,2024-10-21 13:25:16,63.0,0.93,59.0,DI water,60,60,90,90,13:39:41,57.34,30.5,0.35,0.94,0.54,330.49,303.65,273.5,274.09,0.0,0.45,-1713.36,-1574.21,-139.15
13:25:19,21/10/2024,57.8,57.6,57.5,57.7,57.0,31.0,30.8,31.0,29.1,-0.47,75,170,2024-10-21 13:25:19,63.0,0.93,58.9,DI water,60,60,90,90,13:39:41,57.52,30.48,0.31,0.92,0.54,330.67,303.62,273.46,274.07,0.0,0.45,-1714.29,-1574.08,-140.21
13:25:20,21/10/2024,57.8,57.6,57.5,57.7,57.0,31.0,30.9,31.1,29.1,-0.47,75,170,2024-10-21 13:25:20,63.0,0.93,58.9,DI water,60,60,90,90,13:39:41,57.52,30.52,0.31,0.95,0.54,330.67,303.67,273.46,274.1,0.0,0.45,-1714.29,-1574.34,-139.95
13:25:22,21/10/2024,57.8,57.6,57.5,57.7,57.0,31.0,30.9,31.1,29.1,-0.47,76,170,2024-10-21 13:25:22,63.0,0.93,58.9,DI water,60,60,90,90,13:39:41,57.52,30.52,0.31,0.95,0.54,330.67,303.67,273.46,274.1,0.0,0.45,-1714.29,-1574.34,-139.95
13:25:24,21/10/2024,57.8,57.6,57.5,57.7,57.0,31.0,30.9,31.1,29.1,-0.47,76,170,2024-10-21 13:25:24,63.0,0.93,58.9,DI water,60,60,90,90,13:39:41,57.52,30.52,0.31,0.95,0.54,330.67,303.67,273.46,274.1,0.0,0.45,-1714.29,-1574.34,-139.95
13:25:26,21/10/2024,57.8,57.6,57.5,57.7,57.0,31.0,30.9,31.1,29.1,-0.47,76,170,2024-10-21 13:25:26,63.0,0.93,58.8,DI water,60,60,90,90,13:39:41,57.52,30.52,0.31,0.95,0.54,330.67,303.67,273.46,274.1,0.0,0.45,-1714.29,-1574.34,-139.95
13:25:28,21/10/2024,58.2,58.0,57.7,58.0,57.2,31.0,30.9,31.1,29.1,-0.47,76,170,2024-10-21 13:25:28,63.0,0.93,58.9,DI water,60,60,90,90,13:39:41,57.82,30.52,0.39,0.95,0.54,330.97,303.67,273.54,274.1,0.0,0.45,-1715.85,-1574.34,-141.51
13:25:30,21/10/2024,58.2,58.0,57.7,58.0,57.2,31.0,30.9,31.0,29.1,-0.47,76,170,2024-10-21 13:25:30,63.0,0.93,58.9,DI water,60,60,90,90,13:39:41,57.82,30.5,0.39,0.93,0.54,330.97,303.65,273.54,274.08,0.0,0.46,-1715.85,-1574.21,-141.63
13:25:32,21/10/2024,58.3,58.1,57.7,58.0,57.2,31.0,30.9,31.0,29.1,-0.47,76,170,2024-10-21 13:25:32,63.0,0.93,58.8,DI water,60,60,90,90,13:39:41,57.86,30.5,0.43,0.93,0.54,331.01,303.65,273.58,274.08,0.0,0.46,-1716.05,-1574.21,-141.84
13:25:34,21/10/2024,58.3,58.1,57.8,58.1,57.3,31.0,30.9,31.0,29.1,-0.47,76,170,2024-10-21 13:25:34,63.0,0.93,58.9,DI water,60,60,90,90,13:39:41,57.92,30.5,0.39,0.93,0.54,331.07,303.65,273.54,274.08,0.0,0.46,-1716.36,-1574.21,-142.15
13:25:34,21/10/2024,58.3,58.1,57.8,58.1,57.3,31.0,30.9,31.0,29.1,-0.47,76,170,2024-10-21 13:25:34,63.0,0.93,59.0,DI water,60,60,90,90,13:39:41,57.92,30.5,0.39,0.93,0.54,331.07,303.65,273.54,274.08,0.0,0.46,-1716.36,-1574.21,-142.15
13:25:39,21/10/2024,58.3,58.1,57.8,58.1,57.3,31.0,30.9,31.0,29.1,-0.47,76,170,2024-10-21 13:25:39,63.0,0.93,58.8,DI water,60,60,90,90,13:39:41,57.92,30.5,0.39,0.93,0.54,331.07,303.65,273.54,274.08,0.0,0.46,-1716.36,-1574.21,-142.15
13:25:40,21/10/2024,58.3,58.1,57.8,58.1,57.3,31.0,30.9,31.0,29.1,-0.47,76,170,2024-10-21 13:25:40,63.0,0.93,58.9,DI water,60,60,90,90,13:39:41,57.92,30.5,0.39,0.93,0.54,331.07,303.65,273.54,274.08,0.0,0.46,-1716.36,-1574.21,-142.15
13:25:42,21/10/2024,58.6,58.3,58.1,58.4,57.7,31.1,30.8,31.0,29.1,-0.47,76,170,2024-10-21 13:25:42,63.0,0.93,58.9,DI water,60,60,90,90,13:39:41,58.22,30.5,0.34,0.94,0.54,331.37,303.65,273.49,274.09,0.0,0.46,-1717.92,-1574.21,-143.71
13:25:43,21/10/2024,58.6,58.3,58.1,58.4,57.7,31.1,30.8,31.0,29.1,-0.47,76,170,2024-10-21 13:25:43,63.0,0.93,58.8,DI water,60,60,90,90,13:39:41,58.22,30.5,0.34,0.94,0.54,331.37,303.65,273.49,274.09,0.0,0.46,-1717.92,-1574.21,-143.71
13:25:45,21/10/2024,58.6,58.3,58.1,58.4,57.7,31.1,30.8,31.0,29.1,-0.47,76,170,2024-10-21 13:25:45,63.0,0.93,58.8,DI water,60,60,90,90,13:39:41,58.22,30.5,0.34,0.94,0.54,331.37,303.65,273.49,274.09,0.0,0.46,-1717.92,-1574.21,-143.71
13:25:48,21/10/2024,58.6,58.3,58.1,58.4,57.7,31.1,30.8,31.0,29.1,-0.47,76,170,2024-10-21 13:25:48,63.0,0.93,58.9,DI water,60,60,90,90,13:39:41,58.22,30.5,0.34,0.94,0.54,331.37,303.65,273.49,274.09,0.0,0.46,-1717.92,-1574.21,-143.71
13:25:50,21/10/2024,58.8,58.5,58.4,58.7,57.7,31.1,30.8,31.0,29.1,-0.47,76,170,2024-10-21 13:25:50,63.1,0.93,58.9,DI water,60,60,90,90,13:39:41,58.42,30.5,0.43,0.94,0.54,331.57,303.65,273.58,274.09,0.0,0.47,-1718.96,-1574.21,-144.75
13:25:51,21/10/2024,58.8,58.5,58.4,58.7,57.9,31.1,31.0,31.0,29.1,-0.47,76,170,2024-10-21 13:25:51,63.0,0.93,59.0,DI water,60,60,90,90,13:39:41,58.46,30.55,0.35,0.97,0.54,331.61,303.7,273.5,274.12,0.0,0.47,-1719.16,-1574.47,-144.69
13:25:52,21/10/2024,58.8,58.5,58.4,58.7,57.9,31.1,31.0,31.1,29.1,-0.46,76,170,2024-10-21 13:25:52,63.0,0.93,59.0,DI water,60,60,90,90,13:39:41,58.46,30.58,0.35,0.98,0.55,331.61,303.72,273.5,274.13,0.0,0.46,-1668.85,-1528.52,-140.33
13:25:53,21/10/2024,58.8,58.5,58.4,58.7,57.9,31.1,31.0,31.1,29.1,-0.46,77,170,2024-10-21 13:25:53,63.0,0.93,59.0,DI water,60,60,90,90,13:39:41,58.46,30.58,0.35,0.98,0.55,331.61,303.72,273.5,274.13,0.0,0.46,-1668.85,-1528.52,-140.33
13:25:55,21/10/2024,58.8,58.5,58.4,58.7,57.9,31.1,31.0,31.1,29.1,-0.46,77,170,2024-10-21 13:25:55,63.0,0.93,58.8,DI water,60,60,90,90,13:39:41,58.46,30.58,0.35,0.98,0.55,331.61,303.72,273.5,274.13,0.0,0.46,-1668.85,-1528.52,-140.33
13:25:56,21/10/2024,59.1,58.8,58.5,58.9,57.9,31.1,31.0,31.1,29.1,-0.46,77,170,2024-10-21 13:25:56,63.0,0.93,58.8,DI water,60,60,90,90,13:39:41,58.64,30.58,0.47,0.98,0.55,331.79,303.72,273.62,274.13,0.0,0.47,-1669.76,-1528.52,-141.24
13:25:57,21/10/2024,59.1,58.8,58.5,58.9,58.1,31.1,31.0,31.1,29.1,-0.46,77,170,2024-10-21 13:25:57,63.0,0.93,58.9,DI water,60,60,90,90,13:39:41,58.68,30.58,0.39,0.98,0.55,331.83,303.72,273.54,274.13,0.0,0.47,-1669.96,-1528.52,-141.44
13:25:58,21/10/2024,59.1,58.8,58.5,58.9,58.1,31.1,31.0,31.1,29.2,-0.46,77,170,2024-10-21 13:25:58,63.0,0.93,59.0,DI water,60,60,90,90,13:39:41,58.68,30.6,0.39,0.93,0.55,331.83,303.75,273.54,274.08,0.0,0.47,-1669.96,-1528.65,-141.31
13:26:04,21/10/2024,59.3,59.0,58.7,59.0,58.3,31.1,31.0,31.1,29.2,-0.46,77,170,2024-10-21 13:26:04,63.0,0.93,59.0,DI water,60,60,90,90,13:39:41,58.86,30.6,0.38,0.93,0.55,332.01,303.75,273.53,274.08,0.0,0.47,-1670.87,-1528.65,-142.22
13:26:05,21/10/2024,59.3,59.0,58.7,59.0,58.3,31.1,31.0,31.1,29.2,-0.46,77,170,2024-10-21 13:26:05,63.0,0.93,59.0,DI water,60,60,90,90,13:39:41,58.86,30.6,0.38,0.93,0.55,332.01,303.75,273.53,274.08,0.0,0.47,-1670.87,-1528.65,-142.22
13:26:07,21/10/2024,59.3,59.0,58.7,59.0,58.3,31.1,31.0,31.1,29.2,-0.45,77,170,2024-10-21 13:26:07,63.0,0.93,58.8,DI water,60,60,90,90,13:39:41,58.86,30.6,0.38,0.93,0.56,332.01,303.75,273.53,274.08,0.0,0.47,-1621.4,-1483.39,-138.01
13:26:10,21/10/2024,59.3,59.0,58.7,59.0,58.3,31.1,31.0,31.1,29.2,-0.45,77,170,2024-10-21 13:26:10,63.0,0.93,58.8,DI water,60,60,90,90,13:39:41,58.86,30.6,0.38,0.93,0.56,332.01,303.75,273.53,274.08,0.0,0.47,-1621.4,-1483.39,-138.01
13:26:11,21/10/2024,59.5,59.2,59.1,59.4,58.7,31.1,31.0,31.1,29.2,-0.45,77,170,2024-10-21 13:26:11,63.0,0.93,58.9,DI water,60,60,90,90,13:39:41,59.18,30.6,0.31,0.93,0.56,332.33,303.75,273.46,274.08,0.0,0.48,-1622.96,-1483.39,-139.57
13:26:13,21/10/2024,59.5,59.2,59.1,59.4,58.7,31.2,30.9,31.1,29.2,-0.45,77,170,2024-10-21 13:26:13,63.1,0.93,59.0,DI water,60,60,90,90,13:39:41,59.18,30.6,0.31,0.94,0.56,332.33,303.75,273.46,274.09,0.0,0.48,-1622.96,-1483.39,-139.57
13:26:15,21/10/2024,59.5,59.2,59.1,59.4,58.7,31.2,30.9,31.1,29.2,-0.47,77,170,2024-10-21 13:26:15,63.1,0.93,58.9,DI water,60,60,90,90,13:39:41,59.18,30.6,0.31,0.94,0.54,332.33,303.75,273.46,274.09,0.0,0.48,-1722.9,-1574.73,-148.17
13:26:16,21/10/2024,59.5,59.2,59.1,59.4,58.7,31.2,30.9,31.1,29.2,-0.47,77,170,2024-10-21 13:26:16,63.1,0.93,58.9,DI water,60,60,90,90,13:39:41,59.18,30.6,0.31,0.94,0.54,332.33,303.75,273.46,274.09,0.0,0.48,-1722.9,-1574.73,-148.17
13:26:20,21/10/2024,59.5,59.2,59.1,59.4,58.7,31.2,30.9,31.1,29.2,-0.47,77,170,2024-10-21 13:26:20,63.1,0.93,59.1,DI water,60,60,90,90,13:39:41,59.18,30.6,0.31,0.94,0.54,332.33,303.75,273.46,274.09,0.0,0.48,-1722.9,-1574.73,-148.17
13:26:21,21/10/2024,59.8,59.6,59.3,59.6,58.9,31.2,30.9,31.1,29.2,-0.47,77,170,2024-10-21 13:26:21,63.1,0.93,59.0,DI water,60,60,90,90,13:39:41,59.44,30.6,0.35,0.94,0.54,332.59,303.75,273.5,274.09,0.0,0.48,-1724.25,-1574.73,-149.52
13:26:24,21/10/2024,59.8,59.6,59.3,59.6,58.9,31.2,31.0,31.1,29.2,-0.46,78,170,2024-10-21 13:26:24,63.1,0.93,58.9,DI water,60,60,90,90,13:39:41,59.44,30.63,0.35,0.95,0.55,332.59,303.77,273.5,274.1,0.0,0.48,-1673.78,-1528.77,-145.01
13:26:25,21/10/2024,59.8,59.6,59.3,59.6,58.9,31.2,31.0,31.1,29.2,-0.46,78,170,2024-10-21 13:26:25,63.0,0.93,59.0,DI water,60,60,90,90,13:39:41,59.44,30.63,0.35,0.95,0.55,332.59,303.77,273.5,274.1,0.0,0.48,-1673.78,-1528.77,-145.01
13:26:26,21/10/2024,59.8,59.6,59.3,59.6,58.9,31.2,31.0,31.1,29.2,-0.46,78,170,2024-10-21 13:26:26,63.1,0.93,59.0,DI water,60,60,90,90,13:39:41,59.44,30.63,0.35,0.95,0.55,332.59,303.77,273.5,274.1,0.0,0.48,-1673.78,-1528.77,-145.01
13:26:28,21/10/2024,59.8,59.6,59.3,59.6,58.9,31.2,31.0,31.1,29.2,-0.46,78,170,2024-10-21 13:26:28,63.1,0.93,59.0,DI water,60,60,90,90,13:39:41,59.44,30.63,0.35,0.95,0.55,332.59,303.77,273.5,274.1,0.0,0.48,-1673.78,-1528.77,-145.01
13:26:30,21/10/2024,60.0,59.8,59.5,59.8,59.1,31.2,31.0,31.1,29.2,-0.46,78,170,2024-10-21 13:26:30,63.0,0.93,58.8,DI water,60,60,90,90,13:39:41,59.64,30.63,0.35,0.95,0.55,332.79,303.77,273.5,274.1,0.0,0.48,-1674.79,-1528.77,-146.02
13:26:32,21/10/2024,60.0,59.8,59.5,59.8,59.1,31.2,31.0,31.1,29.1,-0.46,78,170,2024-10-21 13:26:32,63.0,0.93,58.9,DI water,60,60,90,90,13:39:41,59.64,30.6,0.35,1.0,0.55,332.79,303.75,273.5,274.15,0.0,0.48,-1674.79,-1528.65,-146.15
13:26:33,21/10/2024,60.0,59.8,59.5,59.8,59.1,31.2,31.0,31.1,29.1,-0.46,78,170,2024-10-21 13:26:33,63.1,0.93,59.0,DI water,60,60,90,90,13:39:41,59.64,30.6,0.35,1.0,0.55,332.79,303.75,273.5,274.15,0.0,0.48,-1674.79,-1528.65,-146.15
13:26:34,21/10/2024,60.0,59.8,59.5,59.8,59.1,31.2,31.0,31.1,29.1,-0.46,78,170,2024-10-21 13:26:34,63.0,0.93,59.0,DI water,60,60,90,90,13:39:41,59.64,30.6,0.35,1.0,0.55,332.79,303.75,273.5,274.15,0.0,0.48,-1674.79,-1528.65,-146.15
13:26:36,21/10/2024,60.2,59.9,59.8,59.8,59.1,31.2,31.0,31.1,29.1,-0.46,78,170,2024-10-21 13:26:36,63.0,0.93,59.0,DI water,60,60,90,90,13:39:41,59.76,30.6,0.4,1.0,0.55,332.91,303.75,273.55,274.15,0.0,0.49,-1675.4,-1528.65,-146.75
13:26:38,21/10/2024,60.2,59.9,59.8,60.1,59.3,31.2,31.0,31.1,29.2,-0.46,78,170,2024-10-21 13:26:38,63.0,0.93,58.9,DI water,60,60,90,90,13:39:41,59.86,30.63,0.35,0.95,0.55,333.01,303.77,273.5,274.1,0.0,0.49,-1675.9,-1528.77,-147.13
13:26:39,21/10/2024,60.2,59.9,59.8,60.1,59.3,31.2,31.0,31.1,29.2,-0.46,78,170,2024-10-21 13:26:39,63.0,0.93,58.9,DI water,60,60,90,90,13:39:41,59.86,30.63,0.35,0.95,0.55,333.01,303.77,273.5,274.1,0.0,0.49,-1675.9,-1528.77,-147.13
13:26:42,21/10/2024,60.2,59.9,59.8,60.1,59.3,31.2,31.0,31.1,29.2,-0.46,78,170,2024-10-21 13:26:42,63.1,0.93,59.0,DI water,60,60,90,90,13:39:41,59.86,30.63,0.35,0.95,0.55,333.01,303.77,273.5,274.1,0.0,0.49,-1675.9,-1528.77,-147.13
13:26:44,21/10/2024,60.4,60.1,60.0,60.3,59.6,31.2,31.0,31.1,29.2,-0.46,78,170,2024-10-21 13:26:44,63.1,0.93,59.1,DI water,60,60,90,90,13:39:41,60.08,30.63,0.31,0.95,0.55,333.23,303.77,273.46,274.1,0.0,0.49,-1677.01,-1528.77,-148.23
13:26:45,21/10/2024,60.4,60.1,60.0,60.3,59.6,31.2,31.0,31.1,29.2,-0.46,78,170,2024-10-21 13:26:45,63.1,0.93,59.0,DI water,60,60,90,90,13:39:41,60.08,30.63,0.31,0.95,0.55,333.23,303.77,273.46,274.1,0.0,0.49,-1677.01,-1528.77,-148.23
13:26:46,21/10/2024,60.4,60.1,60.0,60.3,59.6,31.2,31.0,31.1,29.2,-0.46,79,170,2024-10-21 13:26:46,63.1,0.93,59.0,DI water,60,60,90,90,13:39:41,60.08,30.63,0.31,0.95,0.55,333.23,303.77,273.46,274.1,0.0,0.49,-1677.01,-1528.77,-148.23
13:26:48,21/10/2024,60.4,60.1,60.0,60.3,59.6,31.2,31.0,31.1,29.2,-0.46,79,170,2024-10-21 13:26:48,63.1,0.93,59.0,DI water,60,60,90,90,13:39:41,60.08,30.63,0.31,0.95,0.55,333.23,303.77,273.46,274.1,0.0,0.49,-1677.01,-1528.77,-148.23
13:26:50,21/10/2024,60.4,60.1,60.0,60.3,59.6,31.2,31.0,31.1,29.2,-0.46,79,170,2024-10-21 13:26:50,63.1,0.93,59.0,DI water,60,60,90,90,13:39:41,60.08,30.63,0.31,0.95,0.55,333.23,303.77,273.46,274.1,0.0,0.49,-1677.01,-1528.77,-148.23
13:26:51,21/10/2024,60.7,60.4,60.2,60.5,59.8,31.2,31.0,31.1,29.2,-0.46,79,170,2024-10-21 13:26:51,63.1,0.93,59.1,DI water,60,60,90,90,13:39:41,60.32,30.63,0.34,0.95,0.55,333.47,303.77,273.49,274.1,0.0,0.49,-1678.21,-1528.77,-149.44
13:26:53,21/10/2024,60.7,60.4,60.2,60.5,59.8,31.2,31.1,31.2,29.2,-0.46,79,170,2024-10-21 13:26:53,63.1,0.93,59.1,DI water,60,60,90,90,13:39:41,60.32,30.68,0.34,0.98,0.55,333.47,303.82,273.49,274.13,0.0,0.49,-1678.21,-1529.02,-149.19
13:26:55,21/10/2024,60.7,60.4,60.2,60.5,59.8,31.2,31.1,31.2,29.2,-0.46,79,170,2024-10-21 13:26:55,63.1,0.93,59.0,DI water,60,60,90,90,13:39:41,60.32,30.68,0.34,0.98,0.55,333.47,303.82,273.49,274.13,0.0,0.49,-1678.21,-1529.02,-149.19
13:26:56,21/10/2024,60.7,60.4,60.2,60.5,59.8,31.2,31.1,31.2,29.2,-0.46,79,170,2024-10-21 13:26:56,63.1,0.93,59.0,DI water,60,60,90,90,13:39:41,60.32,30.68,0.34,0.98,0.55,333.47,303.82,273.49,274.13,0.0,0.49,-1678.21,-1529.02,-149.19
13:26:57,21/10/2024,60.7,60.4,60.2,60.5,59.8,31.2,31.1,31.2,29.2,-0.46,79,170,2024-10-21 13:26:57,63.1,0.93,59.0,DI water,60,60,90,90,13:39:41,60.32,30.68,0.34,0.98,0.55,333.47,303.82,273.49,274.13,0.0,0.49,-1678.21,-1529.02,-149.19
13:26:58,21/10/2024,60.7,60.4,60.2,60.5,59.8,31.2,31.1,31.2,29.2,-0.46,79,170,2024-10-21 13:26:58,63.1,0.93,59.0,DI water,60,60,90,90,13:39:41,60.32,30.68,0.34,0.98,0.55,333.47,303.82,273.49,274.13,0.0,0.49,-1678.21,-1529.02,-149.19
13:27:00,21/10/2024,60.9,60.6,60.5,60.8,59.8,31.2,31.1,31.2,29.2,-0.46,79,170,2024-10-21 13:27:00,63.1,0.93,59.1,DI water,60,60,90,90,13:39:41,60.52,30.68,0.43,0.98,0.55,333.67,303.82,273.58,274.13,0.0,0.5,-1679.22,-1529.02,-150.2
13:27:01,21/10/2024,60.9,60.6,60.5,60.8,60.0,31.2,31.1,31.2,29.2,-0.46,79,170,2024-10-21 13:27:01,63.1,0.93,59.0,DI water,60,60,90,90,13:39:41,60.56,30.68,0.35,0.98,0.55,333.71,303.82,273.5,274.13,0.0,0.5,-1679.42,-1529.02,-150.4
13:27:06,21/10/2024,60.9,60.6,60.5,60.8,60.0,31.2,31.1,31.2,29.2,-0.47,79,170,2024-10-21 13:27:06,63.1,0.93,59.0,DI water,60,60,90,90,13:39:41,60.56,30.68,0.35,0.98,0.54,333.71,303.82,273.5,274.13,0.0,0.5,-1730.05,-1575.12,-154.93
13:27:07,21/10/2024,60.9,60.6,60.5,60.8,60.0,31.2,31.1,31.2,29.2,-0.47,79,170,2024-10-21 13:27:07,63.1,0.93,59.0,DI water,60,60,90,90,13:39:41,60.56,30.68,0.35,0.98,0.54,333.71,303.82,273.5,274.13,0.0,0.5,-1730.05,-1575.12,-154.93
13:27:10,21/10/2024,61.1,60.9,60.7,61.1,60.2,31.2,31.1,31.2,29.2,-0.46,79,170,2024-10-21 13:27:10,63.1,0.93,59.0,DI water,60,60,90,90,13:39:41,60.8,30.68,0.37,0.98,0.55,333.95,303.82,273.52,274.13,0.0,0.5,-1680.63,-1529.02,-151.61
13:27:12,21/10/2024,61.1,60.9,60.7,61.1,60.2,31.2,31.1,31.2,29.2,-0.46,79,170,2024-10-21 13:27:12,63.1,0.93,59.0,DI water,60,60,90,90,13:39:41,60.8,30.68,0.37,0.98,0.55,333.95,303.82,273.52,274.13,0.0,0.5,-1680.63,-1529.02,-151.61
13:27:13,21/10/2024,61.3,61.0,60.8,61.1,60.2,31.2,31.1,31.2,29.2,-0.46,79,170,2024-10-21 13:27:13,63.1,0.93,59.1,DI water,60,60,90,90,13:39:41,60.88,30.68,0.42,0.98,0.55,334.03,303.82,273.57,274.13,0.0,0.5,-1681.03,-1529.02,-152.01
13:27:15,21/10/2024,61.3,61.0,60.8,61.2,60.5,31.3,31.1,31.2,29.2,-0.45,80,170,2024-10-21 13:27:15,63.2,0.94,59.2,DI water,60,60,90,90,13:39:41,60.96,30.7,0.32,1.0,0.56,334.11,303.85,273.47,274.15,0.0,0.5,-1631.65,-1483.87,-147.78
13:27:16,21/10/2024,61.3,61.0,60.8,61.2,60.5,31.3,31.1,31.2,29.2,-0.45,80,170,2024-10-21 13:27:16,63.2,0.94,59.3,DI water,60,60,90,90,13:39:41,60.96,30.7,0.32,1.0,0.56,334.11,303.85,273.47,274.15,0.0,0.5,-1631.65,-1483.87,-147.78
13:27:19,21/10/2024,61.4,61.2,61.0,61.3,60.5,31.3,31.1,31.2,29.2,-0.45,80,170,2024-10-21 13:27:19,63.2,0.94,59.3,DI water,60,60,90,90,13:39:41,61.08,30.7,0.36,1.0,0.56,334.23,303.85,273.51,274.15,0.0,0.51,-1632.24,-1483.87,-148.36
13:27:20,21/10/2024,61.4,61.2,61.0,61.3,60.7,31.3,31.1,31.2,29.2,-0.45,80,170,2024-10-21 13:27:20,63.2,0.94,59.2,DI water,60,60,90,90,13:39:41,61.12,30.7,0.28,1.0,0.56,334.27,303.85,273.43,274.15,0.0,0.51,-1632.43,-1483.87,-148.56
13:27:21,21/10/2024,61.4,61.2,61.0,61.3,60.7,31.3,31.1,31.2,29.2,-0.45,80,170,2024-10-21 13:27:21,63.2,0.94,59.2,DI water,60,60,90,90,13:39:41,61.12,30.7,0.28,1.0,0.56,334.27,303.85,273.43,274.15,0.0,0.51,-1632.43,-1483.87,-148.56
13:27:23,21/10/2024,61.4,61.2,61.0,61.3,60.7,31.3,31.1,31.2,29.2,-0.45,80,170,2024-10-21 13:27:23,63.2,0.94,59.2,DI water,60,60,90,90,13:39:41,61.12,30.7,0.28,1.0,0.56,334.27,303.85,273.43,274.15,0.0,0.51,-1632.43,-1483.87,-148.56
13:27:28,21/10/2024,61.7,61.4,61.2,61.5,60.9,31.3,31.1,31.2,29.2,-0.45,80,170,2024-10-21 13:27:28,63.2,0.94,59.3,DI water,60,60,90,90,13:39:41,61.34,30.7,0.3,1.0,0.56,334.49,303.85,273.45,274.15,0.0,0.51,-1633.51,-1483.87,-149.63
13:27:29,21/10/2024,61.7,61.4,61.2,61.5,60.9,31.3,31.1,31.3,29.2,-0.45,80,170,2024-10-21 13:27:29,63.2,0.94,59.3,DI water,60,60,90,90,13:39:41,61.34,30.72,0.3,1.02,0.56,334.49,303.88,273.45,274.17,0.0,0.51,-1633.51,-1484.0,-149.51
13:27:30,21/10/2024,61.7,61.4,61.2,61.5,60.9,31.3,31.1,31.3,29.2,-0.45,81,170,2024-10-21 13:27:30,63.2,0.94,59.3,DI water,60,60,90,90,13:39:41,61.34,30.72,0.3,1.02,0.56,334.49,303.88,273.45,274.17,0.0,0.51,-1633.51,-1484.0,-149.51
13:27:34,21/10/2024,61.7,61.4,61.2,61.5,60.9,31.3,31.1,31.3,29.2,-0.45,81,170,2024-10-21 13:27:34,63.2,0.94,59.2,DI water,60,60,90,90,13:39:41,61.34,30.72,0.3,1.02,0.56,334.49,303.88,273.45,274.17,0.0,0.51,-1633.51,-1484.0,-149.51
13:27:35,21/10/2024,61.9,61.6,61.5,61.8,61.1,31.3,31.1,31.3,29.2,-0.45,81,170,2024-10-21 13:27:35,63.2,0.94,59.1,DI water,60,60,90,90,13:39:41,61.58,30.72,0.31,1.02,0.56,334.73,303.88,273.46,274.17,0.0,0.51,-1634.68,-1484.0,-150.68
13:27:35,21/10/2024,61.9,61.6,61.5,61.8,61.1,31.3,31.1,31.3,29.2,-0.45,81,170,2024-10-21 13:27:35,63.2,0.94,59.2,DI water,60,60,90,90,13:39:41,61.58,30.72,0.31,1.02,0.56,334.73,303.88,273.46,274.17,0.0,0.51,-1634.68,-1484.0,-150.68
13:27:38,21/10/2024,61.9,61.6,61.5,61.8,61.1,31.3,31.1,31.3,29.2,-0.46,81,170,2024-10-21 13:27:38,63.2,0.94,59.2,DI water,60,60,90,90,13:39:41,61.58,30.72,0.31,1.02,0.55,334.73,303.88,273.46,274.17,0.0,0.51,-1684.55,-1529.27,-155.28
13:27:39,21/10/2024,61.9,61.6,61.5,61.8,61.1,31.3,31.1,31.3,29.2,-0.46,81,170,2024-10-21 13:27:39,63.2,0.94,59.2,DI water,60,60,90,90,13:39:41,61.58,30.72,0.31,1.02,0.55,334.73,303.88,273.46,274.17,0.0,0.51,-1684.55,-1529.27,-155.28
13:27:40,21/10/2024,61.9,61.6,61.5,61.8,61.1,31.3,31.1,31.3,29.2,-0.46,81,170,2024-10-21 13:27:40,63.2,0.93,59.2,DI water,60,60,90,90,13:39:41,61.58,30.72,0.31,1.02,0.55,334.73,303.88,273.46,274.17,0.0,0.51,-1684.55,-1529.27,-155.28
13:27:41,21/10/2024,62.1,61.8,61.7,61.8,61.1,31.3,31.1,31.3,29.2,-0.46,81,170,2024-10-21 13:27:41,63.2,0.93,59.2,DI water,60,60,90,90,13:39:41,61.7,30.72,0.37,1.02,0.55,334.85,303.88,273.52,274.17,0.0,0.52,-1685.16,-1529.27,-155.88
13:27:44,21/10/2024,62.1,61.8,61.7,62.0,61.2,31.3,31.1,31.3,29.2,-0.44,81,170,2024-10-21 13:27:44,63.1,0.93,59.1,DI water,60,60,90,90,13:39:41,61.76,30.72,0.35,1.02,0.57,334.91,303.88,273.5,274.17,0.0,0.52,-1586.54,-1439.52,-147.02
13:27:46,21/10/2024,62.1,61.8,61.7,62.0,61.2,31.3,31.1,31.3,29.2,-0.44,81,170,2024-10-21 13:27:46,63.1,0.93,59.0,DI water,60,60,90,90,13:39:41,61.76,30.72,0.35,1.02,0.57,334.91,303.88,273.5,274.17,0.0,0.52,-1586.54,-1439.52,-147.02
13:27:51,21/10/2024,62.4,62.1,61.9,62.2,61.5,31.3,31.1,31.3,29.2,-0.44,81,170,2024-10-21 13:27:51,63.2,0.94,59.2,DI water,60,60,90,90,13:39:41,62.02,30.72,0.34,1.02,0.57,335.17,303.88,273.49,274.17,0.0,0.52,-1587.77,-1439.52,-148.25
13:27:52,21/10/2024,62.4,62.1,61.9,62.2,61.5,31.3,31.1,31.2,29.3,-0.44,81,170,2024-10-21 13:27:52,63.2,0.94,59.3,DI water,60,60,90,90,13:39:41,62.02,30.72,0.34,0.95,0.57,335.17,303.88,273.49,274.1,0.0,0.52,-1587.77,-1439.52,-148.25
13:27:54,21/10/2024,62.4,62.1,61.9,62.2,61.5,31.3,31.1,31.2,29.3,-0.46,81,170,2024-10-21 13:27:54,63.2,0.94,59.2,DI water,60,60,90,90,13:39:41,62.02,30.72,0.34,0.95,0.55,335.17,303.88,273.49,274.1,0.0,0.52,-1686.77,-1529.27,-157.49
13:27:57,21/10/2024,62.4,62.1,61.9,62.2,61.5,31.3,31.1,31.2,29.3,-0.46,81,170,2024-10-21 13:27:57,63.2,0.93,59.1,DI water,60,60,90,90,13:39:41,62.02,30.72,0.34,0.95,0.55,335.17,303.88,273.49,274.1,0.0,0.52,-1686.77,-1529.27,-157.49
13:27:58,21/10/2024,62.4,62.1,61.9,62.2,61.5,31.3,31.1,31.2,29.3,-0.46,81,170,2024-10-21 13:27:58,63.1,0.93,59.0,DI water,60,60,90,90,13:39:41,62.02,30.72,0.34,0.95,0.55,335.17,303.88,273.49,274.1,0.0,0.52,-1686.77,-1529.27,-157.49
13:28:00,21/10/2024,62.6,62.3,62.2,62.5,61.8,31.3,31.1,31.2,29.3,-0.46,81,170,2024-10-21 13:28:00,63.1,0.93,59.1,DI water,60,60,90,90,13:39:41,62.28,30.72,0.31,0.95,0.55,335.43,303.88,273.46,274.1,0.0,0.53,-1688.08,-1529.27,-158.8
13:28:02,21/10/2024,62.6,62.3,62.2,62.5,61.8,31.4,31.2,31.3,29.3,-0.45,82,170,2024-10-21 13:28:02,63.1,0.93,59.1,DI water,60,60,90,90,13:39:41,62.28,30.8,0.31,1.0,0.56,335.43,303.95,273.46,274.15,0.0,0.52,-1638.1,-1484.36,-153.73
13:28:03,21/10/2024,62.6,62.3,62.2,62.5,61.8,31.4,31.2,31.3,29.3,-0.45,82,170,2024-10-21 13:28:03,63.1,0.93,59.2,DI water,60,60,90,90,13:39:41,62.28,30.8,0.31,1.0,0.56,335.43,303.95,273.46,274.15,0.0,0.52,-1638.1,-1484.36,-153.73
13:28:06,21/10/2024,62.6,62.3,62.2,62.5,61.8,31.4,31.2,31.3,29.3,-0.45,82,170,2024-10-21 13:28:06,63.1,0.93,59.0,DI water,60,60,90,90,13:39:41,62.28,30.8,0.31,1.0,0.56,335.43,303.95,273.46,274.15,0.0,0.52,-1638.1,-1484.36,-153.73
13:28:08,21/10/2024,62.6,62.3,62.2,62.5,61.8,31.4,31.2,31.3,29.3,-0.45,82,170,2024-10-21 13:28:08,63.2,0.93,59.1,DI water,60,60,90,90,13:39:41,62.28,30.8,0.31,1.0,0.56,335.43,303.95,273.46,274.15,0.0,0.52,-1638.1,-1484.36,-153.73
13:28:10,21/10/2024,62.9,62.6,62.4,62.8,62.0,31.3,31.2,31.3,29.3,-0.45,82,170,2024-10-21 13:28:10,63.1,0.93,59.0,DI water,60,60,90,90,13:39:41,62.54,30.78,0.36,0.98,0.56,335.69,303.92,273.51,274.13,0.0,0.53,-1639.37,-1484.24,-155.13
13:28:11,21/10/2024,62.9,62.6,62.4,62.8,62.0,31.3,31.2,31.3,29.3,-0.46,82,170,2024-10-21 13:28:11,63.1,0.93,59.1,DI water,60,60,90,90,13:39:41,62.54,30.78,0.36,0.98,0.55,335.69,303.92,273.51,274.13,0.0,0.53,-1689.39,-1529.53,-159.86
13:28:15,21/10/2024,62.9,62.6,62.4,62.8,62.0,31.3,31.2,31.3,29.3,-0.46,82,170,2024-10-21 13:28:15,63.2,0.93,59.2,DI water,60,60,90,90,13:39:41,62.54,30.78,0.36,0.98,0.55,335.69,303.92,273.51,274.13,0.0,0.53,-1689.39,-1529.53,-159.86
13:28:16,21/10/2024,62.9,62.6,62.4,62.8,62.0,31.3,31.2,31.3,29.3,-0.46,82,170,2024-10-21 13:28:16,63.2,0.93,59.2,DI water,60,60,90,90,13:39:41,62.54,30.78,0.36,0.98,0.55,335.69,303.92,273.51,274.13,0.0,0.53,-1689.39,-1529.53,-159.86
13:28:18,21/10/2024,63.2,62.9,62.6,63.0,62.2,31.3,31.2,31.3,29.3,-0.46,82,170,2024-10-21 13:28:18,63.1,0.93,59.1,DI water,60,60,90,90,13:39:41,62.78,30.78,0.39,0.98,0.55,335.93,303.92,273.54,274.13,0.0,0.53,-1690.59,-1529.53,-161.07
13:28:20,21/10/2024,63.2,62.9,62.6,63.0,62.2,31.3,31.2,31.3,29.3,-0.45,83,170,2024-10-21 13:28:20,63.2,0.93,59.1,DI water,60,60,90,90,13:39:41,62.78,30.78,0.39,0.98,0.56,335.93,303.92,273.54,274.13,0.0,0.53,-1640.54,-1484.24,-156.3
13:28:22,21/10/2024,63.2,62.9,62.6,63.0,62.2,31.3,31.2,31.3,29.3,-0.45,83,170,2024-10-21 13:28:22,63.1,0.93,59.1,DI water,60,60,90,90,13:39:41,62.78,30.78,0.39,0.98,0.56,335.93,303.92,273.54,274.13,0.0,0.53,-1640.54,-1484.24,-156.3
13:28:25,21/10/2024,63.2,62.9,62.6,63.0,62.2,31.3,31.2,31.3,29.3,-0.45,83,170,2024-10-21 13:28:25,63.2,0.93,59.1,DI water,60,60,90,90,13:39:41,62.78,30.78,0.39,0.98,0.56,335.93,303.92,273.54,274.13,0.0,0.53,-1640.54,-1484.24,-156.3
13:28:27,21/10/2024,63.4,63.1,63.0,63.3,62.5,31.3,31.1,31.3,29.3,-0.45,83,170,2024-10-21 13:28:27,63.2,0.93,59.2,DI water,60,60,90,90,13:39:41,63.06,30.75,0.35,0.97,0.56,336.21,303.9,273.5,274.12,0.0,0.54,-1641.91,-1484.12,-157.79
13:28:28,21/10/2024,63.4,63.1,63.0,63.3,62.5,31.3,31.1,31.3,29.3,-0.44,83,170,2024-10-21 13:28:28,63.2,0.93,59.2,DI water,60,60,90,90,13:39:41,63.06,30.75,0.35,0.97,0.57,336.21,303.9,273.5,274.12,0.0,0.54,-1592.69,-1439.63,-153.06
13:28:29,21/10/2024,63.4,63.1,63.0,63.3,62.5,31.3,31.1,31.3,29.3,-0.44,83,170,2024-10-21 13:28:29,63.2,0.93,59.2,DI water,60,60,90,90,13:39:41,63.06,30.75,0.35,0.97,0.57,336.21,303.9,273.5,274.12,0.0,0.54,-1592.69,-1439.63,-153.06
13:28:32,21/10/2024,63.6,63.2,63.1,63.5,62.7,31.4,31.1,31.3,29.3,-0.44,83,170,2024-10-21 13:28:32,63.2,0.94,59.1,DI water,60,60,90,90,13:39:41,63.22,30.78,0.36,0.99,0.57,336.37,303.92,273.51,274.14,0.0,0.54,-1593.45,-1439.75,-153.7
13:28:33,21/10/2024,63.6,63.2,63.1,63.5,62.7,31.4,31.1,31.3,29.3,-0.45,83,170,2024-10-21 13:28:33,63.2,0.94,59.1,DI water,60,60,90,90,13:39:41,63.22,30.78,0.36,0.99,0.56,336.37,303.92,273.51,274.14,0.0,0.54,-1642.69,-1484.24,-158.45
13:28:37,21/10/2024,63.6,63.2,63.1,63.5,62.7,31.4,31.1,31.3,29.3,-0.45,83,170,2024-10-21 13:28:37,63.2,0.93,59.1,DI water,60,60,90,90,13:39:41,63.22,30.78,0.36,0.99,0.56,336.37,303.92,273.51,274.14,0.0,0.54,-1642.69,-1484.24,-158.45
13:28:38,21/10/2024,63.6,63.2,63.1,63.5,62.7,31.4,31.1,31.3,29.3,-0.45,83,170,2024-10-21 13:28:38,63.2,0.93,59.1,DI water,60,60,90,90,13:39:41,63.22,30.78,0.36,0.99,0.56,336.37,303.92,273.51,274.14,0.0,0.54,-1642.69,-1484.24,-158.45
13:28:40,21/10/2024,63.6,63.2,63.1,63.5,62.7,31.4,31.1,31.3,29.3,-0.45,83,170,2024-10-21 13:28:40,63.2,0.93,59.2,DI water,60,60,90,90,13:39:41,63.22,30.78,0.36,0.99,0.56,336.37,303.92,273.51,274.14,0.0,0.54,-1642.69,-1484.24,-158.45
13:28:45,21/10/2024,63.9,63.6,63.4,63.7,62.9,31.4,31.3,31.4,29.3,-0.45,83,170,2024-10-21 13:28:45,63.1,0.93,59.1,DI water,60,60,90,90,13:39:41,63.5,30.85,0.38,1.03,0.56,336.65,304.0,273.53,274.18,0.0,0.54,-1644.06,-1484.61,-159.45
13:28:47,21/10/2024,63.9,63.6,63.4,63.7,62.9,31.4,31.3,31.4,29.3,-0.45,83,170,2024-10-21 13:28:47,63.2,0.93,59.1,DI water,60,60,90,90,13:39:41,63.5,30.85,0.38,1.03,0.56,336.65,304.0,273.53,274.18,0.0,0.54,-1644.06,-1484.61,-159.45
13:28:50,21/10/2024,63.9,63.6,63.4,63.7,62.9,31.4,31.3,31.4,29.3,-0.45,83,170,2024-10-21 13:28:50,63.2,0.94,59.2,DI water,60,60,90,90,13:39:41,63.5,30.85,0.38,1.03,0.56,336.65,304.0,273.53,274.18,0.0,0.54,-1644.06,-1484.61,-159.45
13:28:51,21/10/2024,64.1,63.8,63.6,64.0,63.2,31.4,31.3,31.4,29.3,-0.45,83,170,2024-10-21 13:28:51,63.2,0.93,59.2,DI water,60,60,90,90,13:39:41,63.74,30.85,0.36,1.03,0.56,336.89,304.0,273.51,274.18,0.0,0.55,-1645.23,-1484.61,-160.62
13:28:53,21/10/2024,64.1,63.8,63.6,64.0,63.2,31.4,31.2,31.3,29.3,-0.45,84,170,2024-10-21 13:28:53,63.2,0.93,59.2,DI water,60,60,90,90,13:39:41,63.74,30.8,0.36,1.0,0.56,336.89,303.95,273.51,274.15,0.0,0.55,-1645.23,-1484.36,-160.86
13:28:54,21/10/2024,64.1,63.8,63.6,64.0,63.2,31.4,31.2,31.3,29.3,-0.45,84,170,2024-10-21 13:28:54,63.2,0.94,59.2,DI water,60,60,90,90,13:39:41,63.74,30.8,0.36,1.0,0.56,336.89,303.95,273.51,274.15,0.0,0.55,-1645.23,-1484.36,-160.86
13:28:59,21/10/2024,64.3,64.0,63.9,64.2,63.4,31.4,31.2,31.3,29.3,-0.45,84,170,2024-10-21 13:28:59,63.2,0.93,59.1,DI water,60,60,90,90,13:39:41,63.96,30.8,0.35,1.0,0.56,337.11,303.95,273.5,274.15,0.0,0.55,-1646.3,-1484.36,-161.94
13:29:01,21/10/2024,64.3,64.0,63.9,64.2,63.4,31.4,31.2,31.3,29.3,-0.45,84,170,2024-10-21 13:29:01,63.2,0.93,59.1,DI water,60,60,90,90,13:39:41,63.96,30.8,0.35,1.0,0.56,337.11,303.95,273.5,274.15,0.0,0.55,-1646.3,-1484.36,-161.94
13:29:04,21/10/2024,64.3,64.0,63.9,64.2,63.4,31.4,31.2,31.3,29.3,-0.45,84,170,2024-10-21 13:29:04,63.2,0.94,59.2,DI water,60,60,90,90,13:39:41,63.96,30.8,0.35,1.0,0.56,337.11,303.95,273.5,274.15,0.0,0.55,-1646.3,-1484.36,-161.94
13:29:05,21/10/2024,64.3,64.0,63.9,64.2,63.4,31.4,31.2,31.3,29.3,-0.45,84,170,2024-10-21 13:29:05,63.2,0.94,59.2,DI water,60,60,90,90,13:39:41,63.96,30.8,0.35,1.0,0.56,337.11,303.95,273.5,274.15,0.0,0.55,-1646.3,-1484.36,-161.94
13:29:08,21/10/2024,64.5,64.1,64.0,64.4,63.6,31.4,31.2,31.3,29.2,-0.45,84,170,2024-10-21 13:29:08,63.2,0.94,59.1,DI water,60,60,90,90,13:39:41,64.12,30.78,0.36,1.05,0.56,337.27,303.92,273.51,274.2,0.0,0.56,-1647.08,-1484.24,-162.84
13:29:12,21/10/2024,64.8,64.3,64.2,64.5,63.8,31.4,31.2,31.3,29.2,-0.45,84,170,2024-10-21 13:29:12,63.2,0.94,59.2,DI water,60,60,90,90,13:39:41,64.32,30.78,0.37,1.05,0.56,337.47,303.92,273.52,274.2,0.0,0.56,-1648.06,-1484.24,-163.82
13:29:14,21/10/2024,64.8,64.3,64.2,64.5,63.8,31.4,31.3,31.4,29.2,-0.45,84,170,2024-10-21 13:29:14,63.2,0.94,59.3,DI water,60,60,90,90,13:39:41,64.32,30.82,0.37,1.08,0.56,337.47,303.97,273.52,274.23,0.0,0.56,-1648.06,-1484.49,-163.58
13:29:18,21/10/2024,64.8,64.3,64.2,64.5,63.8,31.4,31.3,31.4,29.2,-0.45,84,170,2024-10-21 13:29:18,63.2,0.93,59.1,DI water,60,60,90,90,13:39:41,64.32,30.82,0.37,1.08,0.56,337.47,303.97,273.52,274.23,0.0,0.56,-1648.06,-1484.49,-163.58
13:29:20,21/10/2024,64.9,64.5,64.4,64.8,64.0,31.4,31.3,31.4,29.2,-0.45,84,170,2024-10-21 13:29:20,63.2,0.93,59.2,DI water,60,60,90,90,13:39:41,64.52,30.82,0.36,1.08,0.56,337.67,303.97,273.51,274.23,0.0,0.56,-1649.04,-1484.49,-164.55
13:29:21,21/10/2024,64.9,64.5,64.4,64.8,64.0,31.4,31.3,31.4,29.3,-0.43,84,170,2024-10-21 13:29:21,63.2,0.93,59.2,DI water,60,60,90,90,13:39:41,64.52,30.85,0.36,1.03,0.58,337.67,304.0,273.51,274.18,0.0,0.56,-1551.04,-1396.38,-154.66
13:29:22,21/10/2024,65.0,64.5,64.4,64.8,64.0,31.4,31.3,31.4,29.3,-0.43,84,170,2024-10-21 13:29:22,63.2,0.93,59.2,DI water,60,60,90,90,13:39:41,64.54,30.85,0.38,1.03,0.58,337.69,304.0,273.53,274.18,0.0,0.56,-1551.13,-1396.38,-154.75
13:29:24,21/10/2024,65.0,64.6,64.5,64.9,64.1,31.4,31.3,31.4,29.3,-0.44,84,170,2024-10-21 13:29:24,63.2,0.93,59.1,DI water,60,60,90,90,13:39:41,64.62,30.85,0.36,1.03,0.57,337.77,304.0,273.51,274.18,0.0,0.56,-1600.08,-1440.11,-159.98
13:29:28,21/10/2024,65.0,64.6,64.5,64.9,64.1,31.4,31.3,31.4,29.3,-0.44,85,170,2024-10-21 13:29:28,63.2,0.93,59.1,DI water,60,60,90,90,13:39:41,64.62,30.85,0.36,1.03,0.57,337.77,304.0,273.51,274.18,0.0,0.56,-1600.08,-1440.11,-159.98
13:29:30,21/10/2024,65.0,64.6,64.5,64.9,64.1,31.4,31.3,31.4,29.3,-0.44,85,170,2024-10-21 13:29:30,63.2,0.94,59.2,DI water,60,60,90,90,13:39:41,64.62,30.85,0.36,1.03,0.57,337.77,304.0,273.51,274.18,0.0,0.56,-1600.08,-1440.11,-159.98
13:29:32,21/10/2024,65.2,64.8,64.7,65.1,64.3,31.4,31.3,31.4,29.3,-0.44,85,170,2024-10-21 13:29:32,63.2,0.94,59.2,DI water,60,60,90,90,13:39:41,64.82,30.85,0.36,1.03,0.57,337.97,304.0,273.51,274.18,0.0,0.57,-1601.03,-1440.11,-160.92
13:29:33,21/10/2024,65.2,64.8,64.7,65.1,64.3,31.4,31.3,31.4,29.3,-0.45,85,170,2024-10-21 13:29:33,63.2,0.93,59.2,DI water,60,60,90,90,13:39:41,64.82,30.85,0.36,1.03,0.56,337.97,304.0,273.51,274.18,0.0,0.57,-1650.5,-1484.61,-165.9
13:29:35,21/10/2024,65.2,64.8,64.7,65.1,64.3,31.4,31.3,31.4,29.3,-0.45,85,170,2024-10-21 13:29:35,63.2,0.94,59.1,DI water,60,60,90,90,13:39:41,64.82,30.85,0.36,1.03,0.56,337.97,304.0,273.51,274.18,0.0,0.57,-1650.5,-1484.61,-165.9
13:29:37,21/10/2024,65.2,64.8,64.7,65.1,64.3,31.4,31.3,31.4,29.3,-0.45,85,170,2024-10-21 13:29:37,63.2,0.93,59.1,DI water,60,60,90,90,13:39:41,64.82,30.85,0.36,1.03,0.56,337.97,304.0,273.51,274.18,0.0,0.57,-1650.5,-1484.61,-165.9
13:29:38,21/10/2024,65.3,64.9,64.9,65.2,64.3,31.4,31.3,31.4,29.3,-0.45,85,170,2024-10-21 13:29:38,63.2,0.93,59.2,DI water,60,60,90,90,13:39:41,64.92,30.85,0.39,1.03,0.56,338.07,304.0,273.54,274.18,0.0,0.57,-1650.99,-1484.61,-166.38
13:29:39,21/10/2024,65.3,64.9,64.9,65.2,64.5,31.4,31.2,31.4,29.3,-0.45,85,170,2024-10-21 13:29:39,63.2,0.93,59.2,DI water,60,60,90,90,13:39:41,64.96,30.82,0.31,1.02,0.56,338.11,303.97,273.46,274.17,0.0,0.57,-1651.19,-1484.49,-166.7
13:29:45,21/10/2024,65.7,65.3,65.0,65.4,64.7,31.5,31.3,31.3,29.3,-0.42,85,170,2024-10-21 13:29:45,63.1,0.93,59.1,DI water,60,60,90,90,13:39:41,65.22,30.85,0.38,1.04,0.59,338.37,304.0,273.53,274.19,0.0,0.57,-1506.41,-1353.39,-153.01
13:29:47,21/10/2024,65.7,65.3,65.0,65.4,64.7,31.5,31.3,31.4,29.3,-0.44,85,170,2024-10-21 13:29:47,63.1,0.93,59.1,DI water,60,60,90,90,13:39:41,65.22,30.87,0.38,1.05,0.57,338.37,304.02,273.53,274.2,0.0,0.57,-1602.93,-1440.23,-162.7
13:29:48,21/10/2024,65.7,65.3,65.0,65.4,64.7,31.5,31.3,31.4,29.3,-0.44,86,170,2024-10-21 13:29:48,63.1,0.93,59.0,DI water,60,60,90,90,13:39:41,65.22,30.87,0.38,1.05,0.57,338.37,304.02,273.53,274.2,0.0,0.57,-1602.93,-1440.23,-162.7
13:29:52,21/10/2024,65.7,65.3,65.0,65.4,64.7,31.5,31.3,31.4,29.3,-0.44,86,170,2024-10-21 13:29:52,63.1,0.93,59.0,DI water,60,60,90,90,13:39:41,65.22,30.87,0.38,1.05,0.57,338.37,304.02,273.53,274.2,0.0,0.57,-1602.93,-1440.23,-162.7
13:29:53,21/10/2024,65.9,65.5,65.4,65.7,64.7,31.5,31.3,31.4,29.3,-0.44,86,170,2024-10-21 13:29:53,63.1,0.93,59.1,DI water,60,60,90,90,13:39:41,65.44,30.87,0.46,1.05,0.57,338.59,304.02,273.61,274.2,0.0,0.58,-1603.97,-1440.23,-163.74
13:29:55,21/10/2024,65.9,65.5,65.4,65.7,65.0,31.5,31.3,31.4,29.3,-0.43,86,170,2024-10-21 13:29:55,63.1,0.93,59.1,DI water,60,60,90,90,13:39:41,65.5,30.87,0.34,1.05,0.58,338.65,304.02,273.49,274.2,0.0,0.58,-1555.54,-1396.49,-159.04
13:29:58,21/10/2024,66.0,65.5,65.4,65.8,65.0,31.5,31.3,31.4,29.3,-0.43,86,170,2024-10-21 13:29:58,63.2,0.93,59.0,DI water,60,60,90,90,13:39:41,65.54,30.87,0.38,1.05,0.58,338.69,304.02,273.53,274.2,0.0,0.58,-1555.72,-1396.49,-159.23
13:29:59,21/10/2024,66.0,65.5,65.4,65.8,65.0,31.5,31.3,31.4,29.3,-0.44,86,170,2024-10-21 13:29:59,63.2,0.93,59.0,DI water,60,60,90,90,13:39:41,65.54,30.87,0.38,1.05,0.57,338.69,304.02,273.53,274.2,0.0,0.58,-1604.44,-1440.23,-164.22
13:30:00,21/10/2024,66.0,65.5,65.4,65.8,65.0,31.5,31.3,31.4,29.3,-0.44,86,170,2024-10-21 13:30:00,63.1,0.93,59.0,DI water,60,60,90,90,13:39:41,65.54,30.87,0.38,1.05,0.57,338.69,304.02,273.53,274.2,0.0,0.58,-1604.44,-1440.23,-164.22
13:30:02,21/10/2024,66.0,65.5,65.4,65.8,65.0,31.5,31.3,31.4,29.3,-0.44,86,170,2024-10-21 13:30:02,63.2,0.93,59.2,DI water,60,60,90,90,13:39:41,65.54,30.87,0.38,1.05,0.57,338.69,304.02,273.53,274.2,0.0,0.58,-1604.44,-1440.23,-164.22
13:30:04,21/10/2024,66.0,65.7,65.6,65.9,65.2,31.5,31.3,31.4,29.3,-0.44,86,170,2024-10-21 13:30:04,63.2,0.93,59.1,DI water,60,60,90,90,13:39:41,65.68,30.87,0.31,1.05,0.57,338.83,304.02,273.46,274.2,0.0,0.58,-1605.11,-1440.23,-164.88
13:30:06,21/10/2024,66.0,65.7,65.6,65.9,65.2,31.5,31.3,31.4,29.3,-0.44,86,170,2024-10-21 13:30:06,63.2,0.93,59.0,DI water,60,60,90,90,13:39:41,65.68,30.87,0.31,1.05,0.57,338.83,304.02,273.46,274.2,0.0,0.58,-1605.11,-1440.23,-164.88
13:30:10,21/10/2024,66.0,65.7,65.6,65.9,65.2,31.5,31.3,31.4,29.3,-0.44,86,170,2024-10-21 13:30:10,63.2,0.93,59.2,DI water,60,60,90,90,13:39:41,65.68,30.87,0.31,1.05,0.57,338.83,304.02,273.46,274.2,0.0,0.58,-1605.11,-1440.23,-164.88
13:30:12,21/10/2024,66.4,66.0,65.8,66.2,65.4,31.5,31.3,31.4,29.3,-0.44,86,170,2024-10-21 13:30:12,63.2,0.93,59.1,DI water,60,60,90,90,13:39:41,65.96,30.87,0.38,1.05,0.57,339.11,304.02,273.53,274.2,0.0,0.58,-1606.43,-1440.23,-166.2
13:30:15,21/10/2024,66.4,66.0,65.8,66.2,65.4,31.5,31.3,31.4,29.3,-0.43,86,170,2024-10-21 13:30:15,63.1,0.93,59.0,DI water,60,60,90,90,13:39:41,65.96,30.87,0.38,1.05,0.58,339.11,304.02,273.53,274.2,0.0,0.58,-1557.65,-1396.49,-161.16
13:30:18,21/10/2024,66.5,66.0,66.0,66.4,65.5,31.5,31.3,31.4,29.3,-0.44,86,170,2024-10-21 13:30:18,63.1,0.93,59.1,DI water,60,60,90,90,13:39:41,66.08,30.87,0.4,1.05,0.57,339.23,304.02,273.55,274.2,0.0,0.59,-1607.0,-1440.23,-166.77
13:30:20,21/10/2024,66.5,66.0,66.0,66.4,65.5,31.5,31.3,31.4,29.3,-0.44,87,170,2024-10-21 13:30:20,63.1,0.93,59.1,DI water,60,60,90,90,13:39:41,66.08,30.87,0.4,1.05,0.57,339.23,304.02,273.55,274.2,0.0,0.59,-1607.0,-1440.23,-166.77
13:30:22,21/10/2024,66.5,66.0,66.0,66.4,65.5,31.5,31.3,31.4,29.3,-0.44,87,170,2024-10-21 13:30:22,63.1,0.93,59.0,DI water,60,60,90,90,13:39:41,66.08,30.87,0.4,1.05,0.57,339.23,304.02,273.55,274.2,0.0,0.59,-1607.0,-1440.23,-166.77
13:30:24,21/10/2024,66.7,66.2,66.2,66.5,65.7,31.4,31.3,31.4,29.3,-0.44,87,170,2024-10-21 13:30:24,63.1,0.93,59.0,DI water,60,60,90,90,13:39:41,66.26,30.85,0.38,1.03,0.57,339.41,304.0,273.53,274.18,0.0,0.59,-1607.85,-1440.11,-167.74
13:30:25,21/10/2024,66.7,66.2,66.2,66.5,65.7,31.4,31.4,31.5,29.4,-0.42,87,170,2024-10-21 13:30:25,63.1,0.93,59.0,DI water,60,60,90,90,13:39:41,66.26,30.92,0.38,1.02,0.59,339.41,304.08,273.53,274.17,0.0,0.59,-1511.04,-1353.73,-157.31
13:30:27,21/10/2024,66.7,66.2,66.2,66.5,65.7,31.4,31.4,31.5,29.4,-0.42,87,170,2024-10-21 13:30:27,63.1,0.93,59.0,DI water,60,60,90,90,13:39:41,66.26,30.92,0.38,1.02,0.59,339.41,304.08,273.53,274.17,0.0,0.59,-1511.04,-1353.73,-157.31
13:30:31,21/10/2024,66.7,66.2,66.2,66.5,65.7,31.4,31.4,31.5,29.4,-0.42,87,170,2024-10-21 13:30:31,63.1,0.93,59.0,DI water,60,60,90,90,13:39:41,66.26,30.92,0.38,1.02,0.59,339.41,304.08,273.53,274.17,0.0,0.59,-1511.04,-1353.73,-157.31
13:30:33,21/10/2024,66.7,66.2,66.2,66.5,65.7,31.4,31.4,31.5,29.4,-0.42,87,170,2024-10-21 13:30:33,63.1,0.93,59.0,DI water,60,60,90,90,13:39:41,66.26,30.92,0.38,1.02,0.59,339.41,304.08,273.53,274.17,0.0,0.59,-1511.04,-1353.73,-157.31
13:30:34,21/10/2024,66.9,66.5,66.4,66.8,66.0,31.4,31.4,31.5,29.4,-0.42,87,170,2024-10-21 13:30:34,63.1,0.93,58.9,DI water,60,60,90,90,13:39:41,66.52,30.92,0.36,1.02,0.59,339.67,304.08,273.51,274.17,0.0,0.59,-1512.2,-1353.73,-158.47
13:30:36,21/10/2024,66.9,66.5,66.4,66.8,66.0,31.5,31.4,31.5,29.4,-0.43,87,170,2024-10-21 13:30:36,63.1,0.93,59.0,DI water,60,60,90,90,13:39:41,66.52,30.95,0.36,1.03,0.58,339.67,304.1,273.51,274.18,0.0,0.59,-1560.22,-1396.84,-163.39
13:30:38,21/10/2024,66.9,66.5,66.4,66.8,66.0,31.5,31.4,31.5,29.4,-0.43,88,170,2024-10-21 13:30:38,63.1,0.93,59.0,DI water,60,60,90,90,13:39:41,66.52,30.95,0.36,1.03,0.58,339.67,304.1,273.51,274.18,0.0,0.59,-1560.22,-1396.84,-163.39
13:30:41,21/10/2024,66.9,66.5,66.4,66.8,66.0,31.5,31.4,31.5,29.4,-0.43,88,170,2024-10-21 13:30:41,63.1,0.93,58.9,DI water,60,60,90,90,13:39:41,66.52,30.95,0.36,1.03,0.58,339.67,304.1,273.51,274.18,0.0,0.59,-1560.22,-1396.84,-163.39
13:30:43,21/10/2024,67.1,66.6,66.6,66.9,66.2,31.5,31.4,31.5,29.4,-0.43,88,170,2024-10-21 13:30:43,63.1,0.93,58.9,DI water,60,60,90,90,13:39:41,66.68,30.95,0.34,1.03,0.58,339.83,304.1,273.49,274.18,0.0,0.6,-1560.96,-1396.84,-164.12
13:30:44,21/10/2024,67.1,66.6,66.6,66.9,66.2,31.5,31.4,31.5,29.4,-0.42,88,170,2024-10-21 13:30:44,63.1,0.93,59.0,DI water,60,60,90,90,13:39:41,66.68,30.95,0.34,1.03,0.59,339.83,304.1,273.49,274.18,0.0,0.6,-1512.91,-1353.84,-159.07
13:30:45,21/10/2024,67.1,66.6,66.6,66.9,66.2,31.5,31.4,31.5,29.4,-0.42,88,170,2024-10-21 13:30:45,63.1,0.93,59.0,DI water,60,60,90,90,13:39:41,66.68,30.95,0.34,1.03,0.59,339.83,304.1,273.49,274.18,0.0,0.6,-1512.91,-1353.84,-159.07
13:30:49,21/10/2024,67.3,66.9,66.8,67.2,66.3,31.5,31.4,31.5,29.4,-0.42,88,170,2024-10-21 13:30:49,63.1,0.93,58.9,DI water,60,60,90,90,13:39:41,66.9,30.95,0.39,1.03,0.59,340.05,304.1,273.54,274.18,0.0,0.6,-1513.89,-1353.84,-160.05
13:30:50,21/10/2024,67.3,66.9,66.8,67.2,66.3,31.5,31.4,31.5,29.4,-0.43,88,170,2024-10-21 13:30:50,63.1,0.93,59.0,DI water,60,60,90,90,13:39:41,66.9,30.95,0.39,1.03,0.58,340.05,304.1,273.54,274.18,0.0,0.6,-1561.97,-1396.84,-165.13
13:30:54,21/10/2024,67.4,67.0,66.9,67.3,66.5,31.5,31.4,31.5,29.4,-0.43,88,170,2024-10-21 13:30:54,63.1,0.93,58.9,DI water,60,60,90,90,13:39:41,67.02,30.95,0.36,1.03,0.58,340.17,304.1,273.51,274.18,0.0,0.6,-1562.52,-1396.84,-165.68
13:30:57,21/10/2024,67.4,67.0,66.9,67.3,66.5,31.5,31.4,31.5,29.4,-0.42,88,170,2024-10-21 13:30:57,63.1,0.93,58.9,DI water,60,60,90,90,13:39:41,67.02,30.95,0.36,1.03,0.59,340.17,304.1,273.51,274.18,0.0,0.6,-1514.42,-1353.84,-160.58
13:30:58,21/10/2024,67.4,67.0,66.9,67.3,66.5,31.5,31.4,31.5,29.4,-0.42,88,170,2024-10-21 13:30:58,63.1,0.93,59.0,DI water,60,60,90,90,13:39:41,67.02,30.95,0.36,1.03,0.59,340.17,304.1,273.51,274.18,0.0,0.6,-1514.42,-1353.84,-160.58
13:31:02,21/10/2024,67.6,67.2,67.1,67.5,66.6,31.5,31.4,31.5,29.4,-0.42,88,170,2024-10-21 13:31:02,63.1,0.93,59.0,DI water,60,60,90,90,13:39:41,67.2,30.95,0.39,1.03,0.59,340.35,304.1,273.54,274.18,0.0,0.6,-1515.22,-1353.84,-161.38
13:31:03,21/10/2024,67.6,67.2,67.1,67.5,66.6,31.5,31.4,31.6,29.4,-0.42,88,170,2024-10-21 13:31:03,63.1,0.93,59.0,DI water,60,60,90,90,13:39:41,67.2,30.98,0.39,1.05,0.59,340.35,304.12,273.54,274.2,0.0,0.6,-1515.22,-1353.95,-161.27
13:31:06,21/10/2024,67.6,67.2,67.1,67.5,66.6,31.5,31.4,31.6,29.4,-0.42,88,170,2024-10-21 13:31:06,63.1,0.93,59.1,DI water,60,60,90,90,13:39:41,67.2,30.98,0.39,1.05,0.59,340.35,304.12,273.54,274.2,0.0,0.6,-1515.22,-1353.95,-161.27
13:31:08,21/10/2024,67.6,67.2,67.1,67.5,66.6,31.5,31.4,31.6,29.4,-0.42,88,170,2024-10-21 13:31:08,63.1,0.93,59.1,DI water,60,60,90,90,13:39:41,67.2,30.98,0.39,1.05,0.59,340.35,304.12,273.54,274.2,0.0,0.6,-1515.22,-1353.95,-161.27
13:31:09,21/10/2024,67.8,67.4,67.3,67.7,66.8,31.5,31.4,31.6,29.4,-0.42,88,170,2024-10-21 13:31:09,63.1,0.93,59.0,DI water,60,60,90,90,13:39:41,67.4,30.98,0.39,1.05,0.59,340.55,304.12,273.54,274.2,0.0,0.61,-1516.11,-1353.95,-162.16
13:31:11,21/10/2024,67.8,67.4,67.3,67.7,66.8,31.5,31.4,31.6,29.4,-0.44,88,170,2024-10-21 13:31:11,63.1,0.93,59.0,DI water,60,60,90,90,13:39:41,67.4,30.98,0.39,1.05,0.57,340.55,304.12,273.54,274.2,0.0,0.61,-1613.25,-1440.7,-172.55
13:31:12,21/10/2024,67.8,67.4,67.3,67.7,66.8,31.5,31.4,31.6,29.4,-0.44,88,170,2024-10-21 13:31:12,63.1,0.93,59.0,DI water,60,60,90,90,13:39:41,67.4,30.98,0.39,1.05,0.57,340.55,304.12,273.54,274.2,0.0,0.61,-1613.25,-1440.7,-172.55
13:31:14,21/10/2024,67.9,67.5,67.4,67.8,67.0,31.5,31.4,31.6,29.4,-0.44,88,170,2024-10-21 13:31:14,63.1,0.93,59.1,DI water,60,60,90,90,13:39:41,67.52,30.98,0.36,1.05,0.57,340.67,304.12,273.51,274.2,0.0,0.61,-1613.82,-1440.7,-173.12
13:31:16,21/10/2024,67.9,67.5,67.4,67.8,67.0,31.5,31.4,31.6,29.4,-0.43,88,170,2024-10-21 13:31:16,63.1,0.93,59.0,DI water,60,60,90,90,13:39:41,67.52,30.98,0.36,1.05,0.58,340.67,304.12,273.51,274.2,0.0,0.61,-1564.82,-1396.95,-167.86
13:31:17,21/10/2024,67.9,67.5,67.4,67.8,67.0,31.5,31.4,31.6,29.4,-0.43,88,170,2024-10-21 13:31:17,63.2,0.93,59.0,DI water,60,60,90,90,13:39:41,67.52,30.98,0.36,1.05,0.58,340.67,304.12,273.51,274.2,0.0,0.61,-1564.82,-1396.95,-167.86
13:31:19,21/10/2024,67.9,67.5,67.4,67.8,67.0,31.5,31.4,31.6,29.4,-0.43,88,170,2024-10-21 13:31:19,63.1,0.93,59.0,DI water,60,60,90,90,13:39:41,67.52,30.98,0.36,1.05,0.58,340.67,304.12,273.51,274.2,0.0,0.61,-1564.82,-1396.95,-167.86
13:31:20,21/10/2024,68.0,67.6,67.6,67.9,67.2,31.5,31.4,31.6,29.4,-0.43,88,170,2024-10-21 13:31:20,63.1,0.93,59.0,DI water,60,60,90,90,13:39:41,67.66,30.98,0.31,1.05,0.58,340.81,304.12,273.46,274.2,0.0,0.61,-1565.46,-1396.95,-168.51
13:31:23,21/10/2024,68.0,67.6,67.6,67.9,67.2,31.6,31.4,31.6,29.4,-0.42,88,170,2024-10-21 13:31:23,63.1,0.93,59.1,DI water,60,60,90,90,13:39:41,67.66,31.0,0.31,1.07,0.59,340.81,304.15,273.46,274.22,0.0,0.61,-1517.27,-1354.06,-163.21
13:31:25,21/10/2024,68.0,67.6,67.6,67.9,67.2,31.6,31.4,31.6,29.4,-0.42,88,170,2024-10-21 13:31:25,63.1,0.93,58.9,DI water,60,60,90,90,13:39:41,67.66,31.0,0.31,1.07,0.59,340.81,304.15,273.46,274.22,0.0,0.61,-1517.27,-1354.06,-163.21
13:31:27,21/10/2024,68.0,67.6,67.6,67.9,67.2,31.6,31.4,31.6,29.4,-0.42,88,170,2024-10-21 13:31:27,63.1,0.93,59.0,DI water,60,60,90,90,13:39:41,67.66,31.0,0.31,1.07,0.59,340.81,304.15,273.46,274.22,0.0,0.61,-1517.27,-1354.06,-163.21
13:31:29,21/10/2024,68.3,67.9,67.9,68.2,67.4,31.6,31.4,31.5,29.3,-0.42,88,170,2024-10-21 13:31:29,63.1,0.93,59.1,DI water,60,60,90,90,13:39:41,67.94,30.95,0.35,1.1,0.59,341.09,304.1,273.5,274.25,0.0,0.62,-1518.52,-1353.84,-164.68
13:31:30,21/10/2024,68.3,67.9,67.9,68.2,67.4,31.6,31.4,31.5,29.3,-0.42,89,170,2024-10-21 13:31:30,63.1,0.93,59.0,DI water,60,60,90,90,13:39:41,67.94,30.95,0.35,1.1,0.59,341.09,304.1,273.5,274.25,0.0,0.62,-1518.52,-1353.84,-164.68
13:31:33,21/10/2024,68.3,67.9,67.9,68.2,67.4,31.6,31.4,31.5,29.3,-0.42,89,170,2024-10-21 13:31:33,63.1,0.93,59.0,DI water,60,60,90,90,13:39:41,67.94,30.95,0.35,1.1,0.59,341.09,304.1,273.5,274.25,0.0,0.62,-1518.52,-1353.84,-164.68
13:31:37,21/10/2024,68.3,67.9,67.9,68.2,67.4,31.6,31.4,31.5,29.3,-0.42,89,170,2024-10-21 13:31:37,63.1,0.93,59.0,DI water,60,60,90,90,13:39:41,67.94,30.95,0.35,1.1,0.59,341.09,304.1,273.5,274.25,0.0,0.62,-1518.52,-1353.84,-164.68
13:31:38,21/10/2024,68.6,68.1,68.1,68.4,67.6,31.6,31.4,31.5,29.3,-0.42,89,170,2024-10-21 13:31:38,63.1,0.93,58.9,DI water,60,60,90,90,13:39:41,68.16,30.95,0.38,1.1,0.59,341.31,304.1,273.53,274.25,0.0,0.62,-1519.5,-1353.84,-165.66
13:31:40,21/10/2024,68.6,68.1,68.1,68.4,67.6,31.6,31.5,31.6,29.4,-0.43,89,170,2024-10-21 13:31:40,63.1,0.93,58.9,DI water,60,60,90,90,13:39:41,68.16,31.02,0.38,1.08,0.58,341.31,304.17,273.53,274.23,0.0,0.62,-1567.76,-1397.18,-170.57
13:31:41,21/10/2024,68.6,68.1,68.1,68.4,67.6,31.6,31.5,31.6,29.4,-0.43,89,170,2024-10-21 13:31:41,63.1,0.93,59.1,DI water,60,60,90,90,13:39:41,68.16,31.02,0.38,1.08,0.58,341.31,304.17,273.53,274.23,0.0,0.62,-1567.76,-1397.18,-170.57
13:31:43,21/10/2024,68.6,68.1,68.1,68.4,67.6,31.6,31.5,31.6,29.4,-0.43,89,170,2024-10-21 13:31:43,63.1,0.93,58.9,DI water,60,60,90,90,13:39:41,68.16,31.02,0.38,1.08,0.58,341.31,304.17,273.53,274.23,0.0,0.62,-1567.76,-1397.18,-170.57
13:31:44,21/10/2024,68.7,68.2,68.2,68.6,67.6,31.6,31.5,31.6,29.4,-0.43,89,170,2024-10-21 13:31:44,63.1,0.93,58.9,DI water,60,60,90,90,13:39:41,68.26,31.02,0.43,1.08,0.58,341.41,304.17,273.58,274.23,0.0,0.62,-1568.22,-1397.18,-171.03
13:31:45,21/10/2024,68.7,68.2,68.2,68.6,67.8,31.6,31.5,31.6,29.4,-0.43,89,170,2024-10-21 13:31:45,63.1,0.93,59.0,DI water,60,60,90,90,13:39:41,68.3,31.02,0.36,1.08,0.58,341.45,304.17,273.51,274.23,0.0,0.62,-1568.4,-1397.18,-171.22
13:31:47,21/10/2024,68.7,68.2,68.2,68.6,67.8,31.6,31.5,31.6,29.3,-0.42,90,170,2024-10-21 13:31:47,63.1,0.93,59.1,DI water,60,60,90,90,13:39:41,68.3,31.0,0.36,1.13,0.59,341.45,304.15,273.51,274.28,0.0,0.62,-1520.12,-1354.06,-166.06
13:31:48,21/10/2024,68.7,68.2,68.2,68.6,67.8,31.6,31.5,31.6,29.3,-0.42,90,170,2024-10-21 13:31:48,63.1,0.93,59.0,DI water,60,60,90,90,13:39:41,68.3,31.0,0.36,1.13,0.59,341.45,304.15,273.51,274.28,0.0,0.62,-1520.12,-1354.06,-166.06
13:31:50,21/10/2024,68.7,68.2,68.2,68.6,67.8,31.6,31.5,31.6,29.3,-0.42,90,170,2024-10-21 13:31:50,63.1,0.93,58.9,DI water,60,60,90,90,13:39:41,68.3,31.0,0.36,1.13,0.59,341.45,304.15,273.51,274.28,0.0,0.62,-1520.12,-1354.06,-166.06
13:31:53,21/10/2024,68.7,68.2,68.2,68.6,67.8,31.6,31.5,31.6,29.3,-0.42,90,170,2024-10-21 13:31:53,63.1,0.93,59.0,DI water,60,60,90,90,13:39:41,68.3,31.0,0.36,1.13,0.59,341.45,304.15,273.51,274.28,0.0,0.62,-1520.12,-1354.06,-166.06
13:31:54,21/10/2024,68.9,68.5,68.4,68.9,68.0,31.6,31.5,31.6,29.3,-0.42,90,170,2024-10-21 13:31:54,63.1,0.93,58.9,DI water,60,60,90,90,13:39:41,68.54,31.0,0.38,1.13,0.59,341.69,304.15,273.53,274.28,0.0,0.63,-1521.19,-1354.06,-167.13
13:31:55,21/10/2024,68.9,68.5,68.4,68.9,68.0,31.6,31.5,31.6,29.4,-0.42,90,170,2024-10-21 13:31:55,63.1,0.93,58.9,DI water,60,60,90,90,13:39:41,68.54,31.02,0.38,1.08,0.59,341.69,304.17,273.53,274.23,0.0,0.63,-1521.19,-1354.17,-167.02
13:31:56,21/10/2024,68.9,68.5,68.4,68.9,68.0,31.6,31.5,31.6,29.4,-0.42,90,170,2024-10-21 13:31:56,63.1,0.93,58.9,DI water,60,60,90,90,13:39:41,68.54,31.02,0.38,1.08,0.59,341.69,304.17,273.53,274.23,0.0,0.63,-1521.19,-1354.17,-167.02
13:31:58,21/10/2024,68.9,68.5,68.4,68.9,68.0,31.6,31.5,31.6,29.4,-0.42,90,170,2024-10-21 13:31:58,63.1,0.93,59.1,DI water,60,60,90,90,13:39:41,68.54,31.02,0.38,1.08,0.59,341.69,304.17,273.53,274.23,0.0,0.63,-1521.19,-1354.17,-167.02
13:31:59,21/10/2024,68.9,68.5,68.4,68.9,68.0,31.6,31.5,31.6,29.4,-0.42,90,170,2024-10-21 13:31:59,63.2,0.93,59.1,DI water,60,60,90,90,13:39:41,68.54,31.02,0.38,1.08,0.59,341.69,304.17,273.53,274.23,0.0,0.63,-1521.19,-1354.17,-167.02
13:32:01,21/10/2024,69.1,68.6,68.6,69.1,68.2,31.6,31.5,31.6,29.4,-0.42,90,170,2024-10-21 13:32:01,63.2,0.93,59.0,DI water,60,60,90,90,13:39:41,68.72,31.02,0.38,1.08,0.59,341.87,304.17,273.53,274.23,0.0,0.63,-1521.99,-1354.17,-167.82
13:32:02,21/10/2024,69.1,68.6,68.6,69.1,68.2,31.6,31.5,31.6,29.4,-0.42,90,170,2024-10-21 13:32:02,63.2,0.93,59.0,DI water,60,60,90,90,13:39:41,68.72,31.02,0.38,1.08,0.59,341.87,304.17,273.53,274.23,0.0,0.63,-1521.99,-1354.17,-167.82
13:32:06,21/10/2024,69.1,68.6,68.6,69.1,68.2,31.6,31.5,31.6,29.4,-0.43,90,170,2024-10-21 13:32:06,63.2,0.93,59.0,DI water,60,60,90,90,13:39:41,68.72,31.02,0.38,1.08,0.58,341.87,304.17,273.53,274.23,0.0,0.63,-1570.33,-1397.18,-173.15
13:32:09,21/10/2024,69.4,68.8,68.9,69.3,68.4,31.6,31.5,31.6,29.4,-0.43,90,170,2024-10-21 13:32:09,63.2,0.93,59.2,DI water,60,60,90,90,13:39:41,68.96,31.02,0.4,1.08,0.58,342.11,304.17,273.55,274.23,0.0,0.63,-1571.43,-1397.18,-174.25
13:32:10,21/10/2024,69.4,68.8,68.9,69.3,68.4,31.7,31.4,31.6,29.4,-0.43,90,170,2024-10-21 13:32:10,63.2,0.93,59.2,DI water,60,60,90,90,13:39:41,68.96,31.02,0.4,1.09,0.58,342.11,304.17,273.55,274.24,0.0,0.63,-1571.43,-1397.18,-174.25
13:32:11,21/10/2024,69.4,68.8,68.9,69.3,68.4,31.7,31.4,31.6,29.4,-0.41,90,170,2024-10-21 13:32:11,63.2,0.93,59.0,DI water,60,60,90,90,13:39:41,68.96,31.02,0.4,1.09,0.6,342.11,304.17,273.55,274.24,0.0,0.63,-1475.49,-1311.88,-163.61
13:32:12,21/10/2024,69.4,68.8,68.9,69.3,68.4,31.7,31.4,31.6,29.4,-0.41,90,170,2024-10-21 13:32:12,63.2,0.93,59.0,DI water,60,60,90,90,13:39:41,68.96,31.02,0.4,1.09,0.6,342.11,304.17,273.55,274.24,0.0,0.63,-1475.49,-1311.88,-163.61
13:32:17,21/10/2024,69.6,69.0,69.0,69.4,68.6,31.7,31.4,31.6,29.4,-0.41,90,170,2024-10-21 13:32:17,63.2,0.93,59.1,DI water,60,60,90,90,13:39:41,69.12,31.02,0.39,1.09,0.6,342.27,304.17,273.54,274.24,0.0,0.63,-1476.18,-1311.88,-164.3
13:32:18,21/10/2024,69.6,69.0,69.0,69.4,68.6,31.6,31.4,31.5,29.4,-0.41,90,170,2024-10-21 13:32:18,63.2,0.93,59.0,DI water,60,60,90,90,13:39:41,69.12,30.98,0.39,1.05,0.6,342.27,304.12,273.54,274.2,0.0,0.64,-1476.18,-1311.67,-164.52
13:32:21,21/10/2024,69.6,69.0,69.0,69.4,68.6,31.6,31.4,31.5,29.4,-0.41,91,170,2024-10-21 13:32:21,63.2,0.93,59.1,DI water,60,60,90,90,13:39:41,69.12,30.98,0.39,1.05,0.6,342.27,304.12,273.54,274.2,0.0,0.64,-1476.18,-1311.67,-164.52
13:32:23,21/10/2024,69.6,69.0,69.0,69.4,68.6,31.6,31.4,31.5,29.4,-0.41,91,170,2024-10-21 13:32:23,63.1,0.93,59.0,DI water,60,60,90,90,13:39:41,69.12,30.98,0.39,1.05,0.6,342.27,304.12,273.54,274.2,0.0,0.64,-1476.18,-1311.67,-164.52
13:32:24,21/10/2024,69.7,69.2,69.2,69.6,68.8,31.6,31.4,31.5,29.4,-0.41,91,170,2024-10-21 13:32:24,63.1,0.93,59.0,DI water,60,60,90,90,13:39:41,69.3,30.98,0.36,1.05,0.6,342.45,304.12,273.51,274.2,0.0,0.64,-1476.96,-1311.67,-165.29
13:32:27,21/10/2024,69.7,69.2,69.2,69.6,68.8,31.6,31.6,31.6,29.4,-0.41,91,170,2024-10-21 13:32:27,63.1,0.93,59.1,DI water,60,60,90,90,13:39:41,69.3,31.05,0.36,1.1,0.6,342.45,304.2,273.51,274.25,0.0,0.64,-1476.96,-1311.99,-164.97
13:32:29,21/10/2024,69.8,69.3,69.3,69.7,68.9,31.6,31.6,31.6,29.4,-0.41,91,170,2024-10-21 13:32:29,63.1,0.93,58.9,DI water,60,60,90,90,13:39:41,69.4,31.05,0.36,1.1,0.6,342.55,304.2,273.51,274.25,0.0,0.64,-1477.39,-1311.99,-165.4
13:32:30,21/10/2024,69.8,69.3,69.3,69.7,68.9,31.6,31.6,31.6,29.4,-0.41,91,170,2024-10-21 13:32:30,63.1,0.93,58.9,DI water,60,60,90,90,13:39:41,69.4,31.05,0.36,1.1,0.6,342.55,304.2,273.51,274.25,0.0,0.64,-1477.39,-1311.99,-165.4
13:32:31,21/10/2024,69.8,69.3,69.3,69.7,68.9,31.6,31.6,31.6,29.4,-0.41,91,170,2024-10-21 13:32:31,63.1,0.93,59.0,DI water,60,60,90,90,13:39:41,69.4,31.05,0.36,1.1,0.6,342.55,304.2,273.51,274.25,0.0,0.64,-1477.39,-1311.99,-165.4
13:32:34,21/10/2024,69.8,69.3,69.3,69.7,68.9,31.6,31.6,31.6,29.4,-0.41,91,170,2024-10-21 13:32:34,63.2,0.93,59.0,DI water,60,60,90,90,13:39:41,69.4,31.05,0.36,1.1,0.6,342.55,304.2,273.51,274.25,0.0,0.64,-1477.39,-1311.99,-165.4
13:32:35,21/10/2024,69.9,69.4,69.4,69.8,69.0,31.6,31.6,31.6,29.4,-0.41,91,170,2024-10-21 13:32:35,63.2,0.93,59.0,DI water,60,60,90,90,13:39:41,69.5,31.05,0.36,1.1,0.6,342.65,304.2,273.51,274.25,0.0,0.64,-1477.82,-1311.99,-165.83
13:32:37,21/10/2024,69.9,69.4,69.4,69.8,69.0,31.6,31.5,31.6,29.3,-0.41,91,170,2024-10-21 13:32:37,63.1,0.93,59.0,DI water,60,60,90,90,13:39:41,69.5,31.0,0.36,1.13,0.6,342.65,304.15,273.51,274.28,0.0,0.64,-1477.82,-1311.78,-166.05
13:32:41,21/10/2024,69.9,69.4,69.4,69.8,69.0,31.6,31.5,31.6,29.3,-0.41,91,170,2024-10-21 13:32:41,63.3,0.93,59.1,DI water,60,60,90,90,13:39:41,69.5,31.0,0.36,1.13,0.6,342.65,304.15,273.51,274.28,0.0,0.64,-1477.82,-1311.78,-166.05
13:32:42,21/10/2024,70.1,69.6,69.6,70.1,69.3,31.6,31.5,31.6,29.3,-0.41,91,170,2024-10-21 13:32:42,63.2,0.93,59.1,DI water,60,60,90,90,13:39:41,69.74,31.0,0.35,1.13,0.6,342.89,304.15,273.5,274.28,0.0,0.65,-1478.86,-1311.78,-167.08
13:32:43,21/10/2024,70.1,69.6,69.6,70.1,69.3,31.7,31.5,31.6,29.4,-0.41,91,170,2024-10-21 13:32:43,63.2,0.93,59.2,DI water,60,60,90,90,13:39:41,69.74,31.05,0.35,1.1,0.6,342.89,304.2,273.5,274.25,0.0,0.64,-1478.86,-1311.99,-166.87
13:32:44,21/10/2024,70.1,69.6,69.6,70.1,69.3,31.7,31.5,31.6,29.4,-0.41,91,170,2024-10-21 13:32:44,63.2,0.93,59.2,DI water,60,60,90,90,13:39:41,69.74,31.05,0.35,1.1,0.6,342.89,304.2,273.5,274.25,0.0,0.64,-1478.86,-1311.99,-166.87
13:32:47,21/10/2024,70.1,69.6,69.6,70.1,69.3,31.7,31.5,31.6,29.4,-0.41,91,170,2024-10-21 13:32:47,63.2,0.93,59.0,DI water,60,60,90,90,13:39:41,69.74,31.05,0.35,1.1,0.6,342.89,304.2,273.5,274.25,0.0,0.64,-1478.86,-1311.99,-166.87
13:32:49,21/10/2024,70.1,69.6,69.6,70.1,69.3,31.7,31.5,31.6,29.4,-0.41,91,170,2024-10-21 13:32:49,63.1,0.93,59.1,DI water,60,60,90,90,13:39:41,69.74,31.05,0.35,1.1,0.6,342.89,304.2,273.5,274.25,0.0,0.64,-1478.86,-1311.99,-166.87
13:32:50,21/10/2024,70.4,69.8,69.8,70.3,69.4,31.7,31.5,31.6,29.4,-0.41,91,170,2024-10-21 13:32:50,63.1,0.93,58.9,DI water,60,60,90,90,13:39:41,69.94,31.05,0.41,1.1,0.6,343.09,304.2,273.56,274.25,0.0,0.65,-1479.72,-1311.99,-167.73
13:32:52,21/10/2024,70.4,69.8,69.8,70.3,69.4,31.7,31.5,31.6,29.3,-0.41,91,170,2024-10-21 13:32:52,63.1,0.93,59.1,DI water,60,60,90,90,13:39:41,69.94,31.02,0.41,1.15,0.6,343.09,304.17,273.56,274.3,0.0,0.65,-1479.72,-1311.88,-167.84
13:32:55,21/10/2024,70.4,69.8,69.8,70.3,69.4,31.7,31.5,31.6,29.3,-0.41,92,170,2024-10-21 13:32:55,63.1,0.93,58.9,DI water,60,60,90,90,13:39:41,69.94,31.02,0.41,1.15,0.6,343.09,304.17,273.56,274.3,0.0,0.65,-1479.72,-1311.88,-167.84
13:32:58,21/10/2024,70.5,70.0,70.0,70.5,69.7,31.7,31.5,31.6,29.3,-0.41,92,170,2024-10-21 13:32:58,63.1,0.93,59.1,DI water,60,60,90,90,13:39:41,70.14,31.02,0.35,1.15,0.6,343.29,304.17,273.5,274.3,0.0,0.65,-1480.58,-1311.88,-168.7
13:33:00,21/10/2024,70.5,70.0,70.0,70.5,69.7,31.7,31.5,31.6,29.5,-0.41,92,170,2024-10-21 13:33:00,63.1,0.93,58.9,DI water,60,60,90,90,13:39:41,70.14,31.08,0.35,1.05,0.6,343.29,304.22,273.5,274.2,0.0,0.65,-1480.58,-1312.1,-168.48
13:33:02,21/10/2024,70.5,70.0,70.0,70.5,69.7,31.7,31.5,31.6,29.5,-0.41,92,170,2024-10-21 13:33:02,63.1,0.93,59.1,DI water,60,60,90,90,13:39:41,70.14,31.08,0.35,1.05,0.6,343.29,304.22,273.5,274.2,0.0,0.65,-1480.58,-1312.1,-168.48
13:33:03,21/10/2024,70.5,70.0,70.0,70.5,69.7,31.7,31.5,31.6,29.5,-0.41,92,170,2024-10-21 13:33:03,63.1,0.93,59.0,DI water,60,60,90,90,13:39:41,70.14,31.08,0.35,1.05,0.6,343.29,304.22,273.5,274.2,0.0,0.65,-1480.58,-1312.1,-168.48
13:33:05,21/10/2024,70.5,70.0,70.0,70.5,69.7,31.7,31.5,31.6,29.5,-0.41,92,170,2024-10-21 13:33:05,63.1,0.93,58.9,DI water,60,60,90,90,13:39:41,70.14,31.08,0.35,1.05,0.6,343.29,304.22,273.5,274.2,0.0,0.65,-1480.58,-1312.1,-168.48
13:33:06,21/10/2024,70.7,70.2,70.2,70.6,69.8,31.7,31.5,31.6,29.5,-0.41,92,170,2024-10-21 13:33:06,63.1,0.93,59.0,DI water,60,60,90,90,13:39:41,70.3,31.08,0.36,1.05,0.6,343.45,304.22,273.51,274.2,0.0,0.65,-1481.27,-1312.1,-169.17
13:33:08,21/10/2024,70.7,70.2,70.2,70.6,69.8,31.7,31.6,31.7,29.5,-0.4,92,170,2024-10-21 13:33:08,63.1,0.93,58.9,DI water,60,60,90,90,13:39:41,70.3,31.12,0.36,1.08,0.61,343.45,304.27,273.51,274.23,0.0,0.65,-1434.31,-1270.71,-163.6
13:33:10,21/10/2024,70.7,70.2,70.2,70.6,69.8,31.7,31.6,31.7,29.5,-0.4,92,170,2024-10-21 13:33:10,63.1,0.93,58.9,DI water,60,60,90,90,13:39:41,70.3,31.12,0.36,1.08,0.61,343.45,304.27,273.51,274.23,0.0,0.65,-1434.31,-1270.71,-163.6
13:33:12,21/10/2024,70.8,70.3,70.3,70.7,69.9,31.7,31.6,31.7,29.5,-0.4,92,170,2024-10-21 13:33:12,63.1,0.93,59.0,DI water,60,60,90,90,13:39:41,70.4,31.12,0.36,1.08,0.61,343.55,304.27,273.51,274.23,0.0,0.65,-1434.73,-1270.71,-164.02
13:33:15,21/10/2024,70.8,70.3,70.3,70.7,69.9,31.7,31.6,31.7,29.5,-0.42,92,170,2024-10-21 13:33:15,63.0,0.93,58.6,DI water,60,60,90,90,13:39:41,70.4,31.12,0.36,1.08,0.59,343.55,304.27,273.51,274.23,0.0,0.65,-1529.47,-1354.62,-174.85
13:33:17,21/10/2024,70.8,70.3,70.3,70.7,69.9,31.7,31.6,31.7,29.5,-0.42,92,170,2024-10-21 13:33:17,63.0,0.93,58.8,DI water,60,60,90,90,13:39:41,70.4,31.12,0.36,1.08,0.59,343.55,304.27,273.51,274.23,0.0,0.65,-1529.47,-1354.62,-174.85
13:33:19,21/10/2024,71.0,70.4,70.6,71.0,70.1,31.7,31.6,31.7,29.5,-0.42,92,170,2024-10-21 13:33:19,63.0,0.93,58.7,DI water,60,60,90,90,13:39:41,70.62,31.12,0.39,1.08,0.59,343.77,304.27,273.54,274.23,0.0,0.66,-1530.45,-1354.62,-175.83
13:33:21,21/10/2024,71.0,70.4,70.6,71.0,70.1,31.7,31.6,31.7,29.5,-0.4,93,170,2024-10-21 13:33:21,63.0,0.93,58.8,DI water,60,60,90,90,13:39:41,70.62,31.12,0.39,1.08,0.61,343.77,304.27,273.54,274.23,0.0,0.66,-1435.64,-1270.71,-164.94
13:33:22,21/10/2024,71.0,70.4,70.6,71.0,70.1,31.7,31.6,31.7,29.5,-0.4,93,170,2024-10-21 13:33:22,63.0,0.93,58.8,DI water,60,60,90,90,13:39:41,70.62,31.12,0.39,1.08,0.61,343.77,304.27,273.54,274.23,0.0,0.66,-1435.64,-1270.71,-164.94
13:33:23,21/10/2024,71.0,70.4,70.6,71.0,70.1,31.7,31.6,31.7,29.5,-0.4,93,170,2024-10-21 13:33:23,63.0,0.93,58.7,DI water,60,60,90,90,13:39:41,70.62,31.12,0.39,1.08,0.61,343.77,304.27,273.54,274.23,0.0,0.66,-1435.64,-1270.71,-164.94
13:33:25,21/10/2024,71.2,70.7,70.7,71.1,70.4,31.8,31.6,31.7,29.5,-0.4,93,170,2024-10-21 13:33:25,63.0,0.93,58.7,DI water,60,60,90,90,13:39:41,70.82,31.15,0.33,1.1,0.61,343.97,304.3,273.48,274.25,0.0,0.66,-1436.48,-1270.81,-165.67
13:33:26,21/10/2024,71.2,70.7,70.7,71.1,70.4,31.8,31.6,31.7,29.5,-0.4,93,170,2024-10-21 13:33:26,63.0,0.93,58.9,DI water,60,60,90,90,13:39:41,70.82,31.15,0.33,1.1,0.61,343.97,304.3,273.48,274.25,0.0,0.66,-1436.48,-1270.81,-165.67
13:33:27,21/10/2024,71.2,70.7,70.7,71.1,70.4,31.8,31.6,31.7,29.5,-0.4,93,170,2024-10-21 13:33:27,63.0,0.93,58.9,DI water,60,60,90,90,13:39:41,70.82,31.15,0.33,1.1,0.61,343.97,304.3,273.48,274.25,0.0,0.66,-1436.48,-1270.81,-165.67
13:33:28,21/10/2024,71.2,70.7,70.7,71.1,70.4,31.8,31.6,31.7,29.5,-0.4,93,170,2024-10-21 13:33:28,63.0,0.93,58.8,DI water,60,60,90,90,13:39:41,70.82,31.15,0.33,1.1,0.61,343.97,304.3,273.48,274.25,0.0,0.66,-1436.48,-1270.81,-165.67
13:33:29,21/10/2024,71.2,70.7,70.7,71.1,70.4,31.8,31.6,31.7,29.5,-0.4,93,170,2024-10-21 13:33:29,63.1,0.93,58.8,DI water,60,60,90,90,13:39:41,70.82,31.15,0.33,1.1,0.61,343.97,304.3,273.48,274.25,0.0,0.66,-1436.48,-1270.81,-165.67
13:33:33,21/10/2024,71.2,70.7,70.7,71.1,70.4,31.8,31.6,31.7,29.5,-0.4,93,170,2024-10-21 13:33:33,63.1,0.93,59.0,DI water,60,60,90,90,13:39:41,70.82,31.15,0.33,1.1,0.61,343.97,304.3,273.48,274.25,0.0,0.66,-1436.48,-1270.81,-165.67
13:33:34,21/10/2024,71.4,70.9,70.9,71.3,70.6,31.8,31.6,31.7,29.5,-0.4,93,170,2024-10-21 13:33:34,63.1,0.93,58.8,DI water,60,60,90,90,13:39:41,71.02,31.15,0.33,1.1,0.61,344.17,304.3,273.48,274.25,0.0,0.66,-1437.31,-1270.81,-166.5
13:33:36,21/10/2024,71.4,70.9,70.9,71.3,70.6,31.8,31.6,31.7,29.5,-0.4,93,170,2024-10-21 13:33:36,63.1,0.93,59.0,DI water,60,60,90,90,13:39:41,71.02,31.15,0.33,1.1,0.61,344.17,304.3,273.48,274.25,0.0,0.66,-1437.31,-1270.81,-166.5
13:33:37,21/10/2024,71.4,70.9,70.9,71.3,70.6,31.8,31.6,31.7,29.5,-0.4,93,170,2024-10-21 13:33:37,63.1,0.93,59.0,DI water,60,60,90,90,13:39:41,71.02,31.15,0.33,1.1,0.61,344.17,304.3,273.48,274.25,0.0,0.66,-1437.31,-1270.81,-166.5
13:33:39,21/10/2024,71.5,71.0,71.1,71.3,70.6,31.8,31.6,31.7,29.5,-0.4,93,170,2024-10-21 13:33:39,63.1,0.93,58.9,DI water,60,60,90,90,13:39:41,71.1,31.15,0.34,1.1,0.61,344.25,304.3,273.49,274.25,0.0,0.67,-1437.65,-1270.81,-166.84
13:33:40,21/10/2024,71.5,71.0,71.1,71.5,70.7,31.8,31.6,31.7,29.5,-0.4,93,170,2024-10-21 13:33:40,63.1,0.93,59.0,DI water,60,60,90,90,13:39:41,71.16,31.15,0.34,1.1,0.61,344.31,304.3,273.49,274.25,0.0,0.67,-1437.9,-1270.81,-167.09
13:33:42,21/10/2024,71.5,71.0,71.1,71.5,70.7,31.8,31.6,31.7,29.5,-0.39,93,170,2024-10-21 13:33:42,63.1,0.93,59.0,DI water,60,60,90,90,13:39:41,71.16,31.15,0.34,1.1,0.62,344.31,304.3,273.49,274.25,0.0,0.67,-1391.58,-1229.87,-161.71
13:33:46,21/10/2024,71.7,71.2,71.2,71.6,70.8,31.7,31.6,31.7,29.5,-0.39,93,170,2024-10-21 13:33:46,63.1,0.93,59.0,DI water,60,60,90,90,13:39:41,71.3,31.12,0.36,1.08,0.62,344.45,304.27,273.51,274.23,0.0,0.67,-1392.14,-1229.77,-162.37
13:33:47,21/10/2024,71.7,71.2,71.2,71.6,70.8,31.7,31.6,31.7,29.5,-0.38,93,170,2024-10-21 13:33:47,63.0,0.93,58.7,DI water,60,60,90,90,13:39:41,71.3,31.12,0.36,1.08,0.63,344.45,304.27,273.51,274.23,0.0,0.67,-1346.54,-1189.49,-157.05
13:33:49,21/10/2024,71.7,71.2,71.2,71.6,70.8,31.7,31.6,31.7,29.5,-0.38,93,170,2024-10-21 13:33:49,63.1,0.93,58.8,DI water,60,60,90,90,13:39:41,71.3,31.12,0.36,1.08,0.63,344.45,304.27,273.51,274.23,0.0,0.67,-1346.54,-1189.49,-157.05
13:33:49,21/10/2024,71.7,71.2,71.2,71.6,70.8,31.7,31.6,31.7,29.5,-0.38,93,170,2024-10-21 13:33:49,63.1,0.93,58.9,DI water,60,60,90,90,13:39:41,71.3,31.12,0.36,1.08,0.63,344.45,304.27,273.51,274.23,0.0,0.67,-1346.54,-1189.49,-157.05
13:33:52,21/10/2024,71.8,71.3,71.3,71.7,70.9,31.7,31.6,31.7,29.5,-0.38,93,170,2024-10-21 13:33:52,63.1,0.93,58.8,DI water,60,60,90,90,13:39:41,71.4,31.12,0.36,1.08,0.63,344.55,304.27,273.51,274.23,0.0,0.67,-1346.93,-1189.49,-157.45
13:33:56,21/10/2024,71.8,71.3,71.3,71.7,70.9,31.7,31.6,31.7,29.5,-0.38,93,170,2024-10-21 13:33:56,63.1,0.93,59.0,DI water,60,60,90,90,13:39:41,71.4,31.12,0.36,1.08,0.63,344.55,304.27,273.51,274.23,0.0,0.67,-1346.93,-1189.49,-157.45
13:33:57,21/10/2024,71.9,71.4,71.5,72.0,70.9,31.7,31.6,31.7,29.5,-0.38,93,170,2024-10-21 13:33:57,63.1,0.93,58.8,DI water,60,60,90,90,13:39:41,71.54,31.12,0.44,1.08,0.63,344.69,304.27,273.59,274.23,0.0,0.67,-1347.48,-1189.49,-157.99
13:33:58,21/10/2024,71.9,71.4,71.5,72.0,71.1,31.7,31.6,31.7,29.5,-0.38,93,170,2024-10-21 13:33:58,63.1,0.93,58.9,DI water,60,60,90,90,13:39:41,71.58,31.12,0.37,1.08,0.63,344.73,304.27,273.52,274.23,0.0,0.67,-1347.64,-1189.49,-158.15
13:34:01,21/10/2024,71.9,71.4,71.5,72.0,71.1,31.7,31.6,31.7,29.5,-0.4,94,170,2024-10-21 13:34:01,63.1,0.93,58.8,DI water,60,60,90,90,13:39:41,71.58,31.12,0.37,1.08,0.61,344.73,304.27,273.52,274.23,0.0,0.67,-1439.65,-1270.71,-168.95
13:34:03,21/10/2024,71.9,71.4,71.5,72.0,71.1,31.7,31.6,31.7,29.5,-0.4,94,170,2024-10-21 13:34:03,63.1,0.93,58.9,DI water,60,60,90,90,13:39:41,71.58,31.12,0.37,1.08,0.61,344.73,304.27,273.52,274.23,0.0,0.67,-1439.65,-1270.71,-168.95
13:34:04,21/10/2024,71.9,71.4,71.5,72.0,71.1,31.7,31.6,31.7,29.5,-0.4,94,170,2024-10-21 13:34:04,63.1,0.93,59.0,DI water,60,60,90,90,13:39:41,71.58,31.12,0.37,1.08,0.61,344.73,304.27,273.52,274.23,0.0,0.67,-1439.65,-1270.71,-168.95
13:34:07,21/10/2024,72.2,71.6,71.7,72.1,71.2,31.7,31.6,31.7,29.5,-0.39,94,170,2024-10-21 13:34:07,63.1,0.93,58.9,DI water,60,60,90,90,13:39:41,71.76,31.12,0.4,1.08,0.62,344.91,304.27,273.55,274.23,0.0,0.68,-1394.0,-1229.77,-164.23
13:34:13,21/10/2024,72.4,71.6,71.7,72.1,71.2,31.7,31.6,31.7,29.5,-0.39,94,170,2024-10-21 13:34:13,63.1,0.93,59.0,DI water,60,60,90,90,13:39:41,71.8,31.12,0.46,1.08,0.62,344.95,304.27,273.61,274.23,0.0,0.68,-1394.16,-1229.77,-164.39
13:34:14,21/10/2024,72.4,71.8,71.8,72.3,71.4,31.7,31.6,31.7,29.5,-0.39,94,170,2024-10-21 13:34:14,63.1,0.93,58.9,DI water,60,60,90,90,13:39:41,71.94,31.12,0.41,1.08,0.62,345.09,304.27,273.56,274.23,0.0,0.68,-1394.73,-1229.77,-164.96
13:34:15,21/10/2024,72.4,71.8,71.8,72.3,71.4,31.8,31.6,31.7,29.5,-0.4,95,170,2024-10-21 13:34:15,63.1,0.93,58.8,DI water,60,60,90,90,13:39:41,71.94,31.15,0.41,1.1,0.61,345.09,304.3,273.56,274.25,0.0,0.68,-1441.16,-1270.81,-170.35
13:34:19,21/10/2024,72.4,71.8,71.8,72.3,71.4,31.8,31.6,31.7,29.5,-0.4,95,170,2024-10-21 13:34:19,63.1,0.93,59.0,DI water,60,60,90,90,13:39:41,71.94,31.15,0.41,1.1,0.61,345.09,304.3,273.56,274.25,0.0,0.68,-1441.16,-1270.81,-170.35
13:34:20,21/10/2024,72.4,71.8,71.8,72.3,71.4,31.8,31.6,31.7,29.5,-0.4,95,170,2024-10-21 13:34:20,63.1,0.93,58.8,DI water,60,60,90,90,13:39:41,71.94,31.15,0.41,1.1,0.61,345.09,304.3,273.56,274.25,0.0,0.68,-1441.16,-1270.81,-170.35
13:34:21,21/10/2024,72.4,71.8,71.8,72.3,71.4,31.8,31.6,31.7,29.5,-0.4,95,170,2024-10-21 13:34:21,63.1,0.93,58.8,DI water,60,60,90,90,13:39:41,71.94,31.15,0.41,1.1,0.61,345.09,304.3,273.56,274.25,0.0,0.68,-1441.16,-1270.81,-170.35
13:34:23,21/10/2024,72.5,71.9,72.0,72.5,71.7,31.8,31.6,31.7,29.5,-0.4,95,170,2024-10-21 13:34:23,63.1,0.93,59.0,DI water,60,60,90,90,13:39:41,72.12,31.15,0.36,1.1,0.61,345.27,304.3,273.51,274.25,0.0,0.68,-1441.91,-1270.81,-171.1
13:34:25,21/10/2024,72.5,71.9,72.0,72.5,71.7,31.8,31.6,31.7,29.5,-0.39,95,170,2024-10-21 13:34:25,63.1,0.93,58.8,DI water,60,60,90,90,13:39:41,72.12,31.15,0.36,1.1,0.62,345.27,304.3,273.51,274.25,0.0,0.68,-1395.46,-1229.87,-165.59
13:34:27,21/10/2024,72.5,71.9,72.0,72.5,71.7,31.8,31.6,31.7,29.5,-0.39,95,170,2024-10-21 13:34:27,63.1,0.93,58.9,DI water,60,60,90,90,13:39:41,72.12,31.15,0.36,1.1,0.62,345.27,304.3,273.51,274.25,0.0,0.68,-1395.46,-1229.87,-165.59
13:34:29,21/10/2024,72.5,71.9,72.0,72.5,71.7,31.8,31.6,31.7,29.5,-0.39,95,170,2024-10-21 13:34:29,63.1,0.93,58.8,DI water,60,60,90,90,13:39:41,72.12,31.15,0.36,1.1,0.62,345.27,304.3,273.51,274.25,0.0,0.68,-1395.46,-1229.87,-165.59
13:34:30,21/10/2024,72.7,72.1,72.2,72.7,71.7,31.8,31.6,31.7,29.5,-0.39,95,170,2024-10-21 13:34:30,63.1,0.93,58.7,DI water,60,60,90,90,13:39:41,72.28,31.15,0.43,1.1,0.62,345.43,304.3,273.58,274.25,0.0,0.69,-1396.1,-1229.87,-166.23
13:34:31,21/10/2024,72.7,72.1,72.2,72.7,71.9,31.8,31.6,31.7,29.5,-0.39,95,170,2024-10-21 13:34:31,63.1,0.93,58.9,DI water,60,60,90,90,13:39:41,72.32,31.15,0.36,1.1,0.62,345.47,304.3,273.51,274.25,0.0,0.69,-1396.27,-1229.87,-166.39
13:34:34,21/10/2024,72.8,72.2,72.3,72.8,71.9,31.8,31.6,31.7,29.5,-0.39,95,170,2024-10-21 13:34:34,63.1,0.93,58.8,DI water,60,60,90,90,13:39:41,72.4,31.15,0.39,1.1,0.62,345.55,304.3,273.54,274.25,0.0,0.69,-1396.59,-1229.87,-166.72
13:34:36,21/10/2024,72.8,72.2,72.3,72.8,71.9,31.8,31.6,31.7,29.5,-0.39,95,170,2024-10-21 13:34:36,63.1,0.93,59.0,DI water,60,60,90,90,13:39:41,72.4,31.15,0.39,1.1,0.62,345.55,304.3,273.54,274.25,0.0,0.69,-1396.59,-1229.87,-166.72
13:34:40,21/10/2024,72.8,72.2,72.3,72.8,71.9,31.8,31.6,31.7,29.5,-0.39,95,170,2024-10-21 13:34:40,63.1,0.93,59.0,DI water,60,60,90,90,13:39:41,72.4,31.15,0.39,1.1,0.62,345.55,304.3,273.54,274.25,0.0,0.69,-1396.59,-1229.87,-166.72
13:34:44,21/10/2024,73.0,72.4,72.5,73.1,72.1,31.8,31.6,31.7,29.5,-0.4,95,170,2024-10-21 13:34:44,63.1,0.93,58.8,DI water,60,60,90,90,13:39:41,72.62,31.15,0.42,1.1,0.61,345.77,304.3,273.57,274.25,0.0,0.69,-1444.0,-1270.81,-173.19
13:34:44,21/10/2024,73.0,72.4,72.5,73.1,72.1,31.8,31.6,31.7,29.5,-0.4,95,170,2024-10-21 13:34:44,63.1,0.93,58.9,DI water,60,60,90,90,13:39:41,72.62,31.15,0.42,1.1,0.61,345.77,304.3,273.57,274.25,0.0,0.69,-1444.0,-1270.81,-173.19
13:34:47,21/10/2024,73.1,72.6,72.6,73.3,72.2,31.8,31.6,31.7,29.5,-0.4,95,170,2024-10-21 13:34:47,63.1,0.93,59.0,DI water,60,60,90,90,13:39:41,72.76,31.15,0.44,1.1,0.61,345.91,304.3,273.59,274.25,0.0,0.69,-1444.58,-1270.81,-173.77
13:34:48,21/10/2024,73.1,72.6,72.6,73.3,72.2,31.8,31.6,31.7,29.5,-0.38,95,170,2024-10-21 13:34:48,63.1,0.93,58.9,DI water,60,60,90,90,13:39:41,72.76,31.15,0.44,1.1,0.63,345.91,304.3,273.59,274.25,0.0,0.69,-1352.25,-1189.59,-162.66
13:34:49,21/10/2024,73.1,72.6,72.6,73.3,72.2,31.8,31.6,31.7,29.5,-0.38,95,170,2024-10-21 13:34:49,63.1,0.93,58.8,DI water,60,60,90,90,13:39:41,72.76,31.15,0.44,1.1,0.63,345.91,304.3,273.59,274.25,0.0,0.69,-1352.25,-1189.59,-162.66
13:34:53,21/10/2024,73.1,72.6,72.6,73.3,72.2,31.8,31.6,31.7,29.5,-0.38,95,170,2024-10-21 13:34:53,63.1,0.93,58.9,DI water,60,60,90,90,13:39:41,72.76,31.15,0.44,1.1,0.63,345.91,304.3,273.59,274.25,0.0,0.69,-1352.25,-1189.59,-162.66
13:34:54,21/10/2024,73.3,72.7,72.8,73.4,72.4,31.8,31.6,31.7,29.5,-0.38,95,170,2024-10-21 13:34:54,63.1,0.93,58.9,DI water,60,60,90,90,13:39:41,72.92,31.15,0.42,1.1,0.63,346.07,304.3,273.57,274.25,0.0,0.7,-1352.87,-1189.59,-163.29
13:34:55,21/10/2024,73.3,72.7,72.8,73.4,72.4,31.7,31.7,31.8,29.5,-0.38,95,170,2024-10-21 13:34:55,63.1,0.93,59.0,DI water,60,60,90,90,13:39:41,72.92,31.18,0.42,1.12,0.63,346.07,304.32,273.57,274.27,0.0,0.7,-1352.87,-1189.68,-163.19
13:34:58,21/10/2024,73.3,72.7,72.8,73.4,72.4,31.7,31.7,31.8,29.5,-0.39,95,170,2024-10-21 13:34:58,63.2,0.93,59.0,DI water,60,60,90,90,13:39:41,72.92,31.18,0.42,1.12,0.62,346.07,304.32,273.57,274.27,0.0,0.7,-1398.69,-1229.97,-168.72
13:35:00,21/10/2024,73.3,72.7,72.8,73.4,72.4,31.7,31.7,31.8,29.5,-0.39,95,170,2024-10-21 13:35:00,63.2,0.93,58.9,DI water,60,60,90,90,13:39:41,72.92,31.18,0.42,1.12,0.62,346.07,304.32,273.57,274.27,0.0,0.7,-1398.69,-1229.97,-168.72
13:35:03,21/10/2024,73.3,72.7,72.8,73.4,72.4,31.7,31.7,31.8,29.5,-0.39,95,170,2024-10-21 13:35:03,63.1,0.93,59.0,DI water,60,60,90,90,13:39:41,72.92,31.18,0.42,1.12,0.62,346.07,304.32,273.57,274.27,0.0,0.7,-1398.69,-1229.97,-168.72
13:35:06,21/10/2024,73.5,72.9,73.0,73.5,72.6,31.7,31.7,31.8,29.5,-0.39,96,170,2024-10-21 13:35:06,63.1,0.93,58.9,DI water,60,60,90,90,13:39:41,73.1,31.18,0.39,1.12,0.62,346.25,304.32,273.54,274.27,0.0,0.7,-1399.42,-1229.97,-169.45
13:35:09,21/10/2024,73.5,72.9,73.0,73.5,72.6,31.7,31.7,31.8,29.5,-0.39,96,170,2024-10-21 13:35:09,63.1,0.93,59.1,DI water,60,60,90,90,13:39:41,73.1,31.18,0.39,1.12,0.62,346.25,304.32,273.54,274.27,0.0,0.7,-1399.42,-1229.97,-169.45
13:35:11,21/10/2024,73.5,72.9,73.0,73.5,72.6,31.7,31.7,31.8,29.5,-0.39,96,170,2024-10-21 13:35:11,63.1,0.93,58.9,DI water,60,60,90,90,13:39:41,73.1,31.18,0.39,1.12,0.62,346.25,304.32,273.54,274.27,0.0,0.7,-1399.42,-1229.97,-169.45
13:35:12,21/10/2024,73.6,73.1,73.1,73.6,72.7,31.7,31.7,31.8,29.5,-0.39,96,170,2024-10-21 13:35:12,63.1,0.93,58.9,DI water,60,60,90,90,13:39:41,73.22,31.18,0.38,1.12,0.62,346.37,304.32,273.53,274.27,0.0,0.7,-1399.9,-1229.97,-169.93
13:35:14,21/10/2024,73.6,73.1,73.1,73.6,72.7,31.7,31.7,31.8,29.5,-0.38,96,170,2024-10-21 13:35:14,63.1,0.93,59.1,DI water,60,60,90,90,13:39:41,73.22,31.18,0.38,1.12,0.63,346.37,304.32,273.53,274.27,0.0,0.7,-1354.05,-1189.68,-164.36
13:35:16,21/10/2024,73.6,73.1,73.1,73.6,72.7,31.7,31.7,31.8,29.5,-0.38,96,170,2024-10-21 13:35:16,63.1,0.93,59.0,DI water,60,60,90,90,13:39:41,73.22,31.18,0.38,1.12,0.63,346.37,304.32,273.53,274.27,0.0,0.7,-1354.05,-1189.68,-164.36
13:35:19,21/10/2024,73.6,73.1,73.1,73.6,72.7,31.7,31.7,31.8,29.5,-0.38,96,170,2024-10-21 13:35:19,63.1,0.93,58.9,DI water,60,60,90,90,13:39:41,73.22,31.18,0.38,1.12,0.63,346.37,304.32,273.53,274.27,0.0,0.7,-1354.05,-1189.68,-164.36
13:35:23,21/10/2024,74.0,73.4,73.4,73.8,73.0,31.8,31.7,31.8,29.5,-0.38,96,170,2024-10-21 13:35:23,63.1,0.93,58.9,DI water,60,60,90,90,13:39:41,73.52,31.2,0.39,1.13,0.63,346.67,304.35,273.54,274.28,0.0,0.71,-1355.22,-1189.78,-165.44
13:35:24,21/10/2024,74.0,73.4,73.4,73.8,73.0,31.8,31.7,31.8,29.5,-0.36,96,170,2024-10-21 13:35:24,63.1,0.93,58.9,DI water,60,60,90,90,13:39:41,73.52,31.2,0.39,1.13,0.65,346.67,304.35,273.54,274.28,0.0,0.71,-1265.56,-1111.07,-154.49
13:35:26,21/10/2024,74.0,73.4,73.4,73.8,73.0,31.8,31.7,31.8,29.5,-0.36,97,170,2024-10-21 13:35:26,63.1,0.93,59.1,DI water,60,60,90,90,13:39:41,73.52,31.2,0.39,1.13,0.65,346.67,304.35,273.54,274.28,0.0,0.71,-1265.56,-1111.07,-154.49
13:35:29,21/10/2024,74.0,73.4,73.4,73.8,73.0,31.8,31.7,31.8,29.5,-0.36,97,170,2024-10-21 13:35:29,63.1,0.93,58.9,DI water,60,60,90,90,13:39:41,73.52,31.2,0.39,1.13,0.65,346.67,304.35,273.54,274.28,0.0,0.71,-1265.56,-1111.07,-154.49
13:35:32,21/10/2024,74.0,73.4,73.4,73.8,73.0,31.8,31.7,31.8,29.5,-0.36,97,170,2024-10-21 13:35:32,63.1,0.93,59.0,DI water,60,60,90,90,13:39:41,73.52,31.2,0.39,1.13,0.65,346.67,304.35,273.54,274.28,0.0,0.71,-1265.56,-1111.07,-154.49
13:35:33,21/10/2024,74.2,73.6,73.5,73.8,73.0,31.8,31.7,31.8,29.5,-0.36,97,170,2024-10-21 13:35:33,63.1,0.93,58.9,DI water,60,60,90,90,13:39:41,73.62,31.2,0.44,1.13,0.65,346.77,304.35,273.59,274.28,0.0,0.71,-1265.93,-1111.07,-154.86
13:35:34,21/10/2024,74.2,73.6,73.5,73.8,73.8,31.8,31.6,31.8,29.5,-0.36,97,170,2024-10-21 13:35:34,63.1,0.93,58.8,DI water,60,60,90,90,13:39:41,73.78,31.18,0.27,1.12,0.65,346.93,304.32,273.42,274.27,0.0,0.71,-1266.51,-1110.98,-155.54
13:35:36,21/10/2024,74.2,73.6,73.5,73.8,73.8,31.8,31.6,31.8,29.5,-0.37,97,170,2024-10-21 13:35:36,63.1,0.93,58.9,DI water,60,60,90,90,13:39:41,73.78,31.18,0.27,1.12,0.64,346.93,304.32,273.42,274.27,0.0,0.71,-1311.03,-1150.02,-161.0
13:35:37,21/10/2024,74.2,73.6,73.5,73.8,73.8,31.8,31.6,31.8,29.5,-0.37,97,170,2024-10-21 13:35:37,63.1,0.93,59.0,DI water,60,60,90,90,13:39:41,73.78,31.18,0.27,1.12,0.64,346.93,304.32,273.42,274.27,0.0,0.71,-1311.03,-1150.02,-161.0
13:35:40,21/10/2024,74.3,73.7,73.6,73.8,74.1,31.8,31.7,31.9,29.5,-0.37,97,170,2024-10-21 13:35:40,63.1,0.93,58.8,DI water,60,60,90,90,13:39:41,73.9,31.22,0.29,1.15,0.64,347.05,304.38,273.44,274.3,0.0,0.71,-1311.48,-1150.21,-161.27
13:35:41,21/10/2024,74.3,73.7,73.6,73.8,74.1,31.8,31.7,31.9,29.5,-0.37,97,170,2024-10-21 13:35:41,63.1,0.93,58.8,DI water,60,60,90,90,13:39:41,73.9,31.22,0.29,1.15,0.64,347.05,304.38,273.44,274.3,0.0,0.71,-1311.48,-1150.21,-161.27
13:35:43,21/10/2024,74.3,73.7,73.6,73.8,74.1,31.8,31.7,31.9,29.5,-0.37,97,170,2024-10-21 13:35:43,63.1,0.93,59.0,DI water,60,60,90,90,13:39:41,73.9,31.22,0.29,1.15,0.64,347.05,304.38,273.44,274.3,0.0,0.71,-1311.48,-1150.21,-161.27
13:35:44,21/10/2024,74.3,73.7,73.6,73.8,74.1,31.8,31.7,31.9,29.5,-0.37,97,170,2024-10-21 13:35:44,63.1,0.93,59.0,DI water,60,60,90,90,13:39:41,73.9,31.22,0.29,1.15,0.64,347.05,304.38,273.44,274.3,0.0,0.71,-1311.48,-1150.21,-161.27
13:35:45,21/10/2024,74.4,73.8,73.7,73.9,73.9,31.8,31.7,31.9,29.5,-0.37,97,170,2024-10-21 13:35:45,63.1,0.93,58.8,DI water,60,60,90,90,13:39:41,73.94,31.22,0.27,1.15,0.64,347.09,304.38,273.42,274.3,0.0,0.71,-1311.63,-1150.21,-161.42
13:35:47,21/10/2024,74.4,73.8,73.7,73.9,73.9,31.8,31.7,31.9,29.5,-0.37,97,170,2024-10-21 13:35:47,63.1,0.93,59.0,DI water,60,60,90,90,13:39:41,73.94,31.22,0.27,1.15,0.64,347.09,304.38,273.42,274.3,0.0,0.71,-1311.63,-1150.21,-161.42
13:35:51,21/10/2024,74.4,73.8,73.7,73.9,73.9,31.8,31.7,31.9,29.5,-0.35,97,170,2024-10-21 13:35:51,63.1,0.93,58.8,DI water,60,60,90,90,13:39:41,73.94,31.22,0.27,1.15,0.66,347.09,304.38,273.42,274.3,0.0,0.71,-1223.24,-1072.7,-150.54
13:35:55,21/10/2024,74.6,73.8,73.7,73.9,73.9,31.8,31.7,31.9,29.5,-0.35,97,170,2024-10-21 13:35:55,63.1,0.93,58.9,DI water,60,60,90,90,13:39:41,73.98,31.22,0.36,1.15,0.66,347.13,304.38,273.51,274.3,0.0,0.71,-1223.38,-1072.7,-150.68
13:35:56,21/10/2024,74.6,74.0,73.9,74.0,74.1,31.8,31.7,31.9,29.5,-0.35,97,170,2024-10-21 13:35:56,63.1,0.93,58.9,DI water,60,60,90,90,13:39:41,74.12,31.22,0.28,1.15,0.66,347.27,304.38,273.43,274.3,0.0,0.71,-1223.88,-1072.7,-151.17
13:35:57,21/10/2024,74.6,74.0,73.9,74.0,74.1,31.8,31.7,31.9,29.6,-0.35,97,170,2024-10-21 13:35:57,63.1,0.93,58.8,DI water,60,60,90,90,13:39:41,74.12,31.25,0.28,1.1,0.66,347.27,304.4,273.43,274.25,0.0,0.71,-1223.88,-1072.79,-151.09
13:35:58,21/10/2024,74.6,74.0,73.9,74.0,74.1,31.8,31.7,31.9,29.6,-0.37,97,170,2024-10-21 13:35:58,63.1,0.93,58.8,DI water,60,60,90,90,13:39:41,74.12,31.25,0.28,1.1,0.64,347.27,304.4,273.43,274.25,0.0,0.71,-1312.31,-1150.31,-162.0
13:36:00,21/10/2024,74.7,74.0,74.0,74.0,74.1,31.8,31.7,31.9,29.6,-0.37,97,170,2024-10-21 13:36:00,63.1,0.93,58.9,DI water,60,60,90,90,13:39:41,74.16,31.25,0.3,1.1,0.64,347.31,304.4,273.45,274.25,0.0,0.72,-1312.46,-1150.31,-162.15
13:36:02,21/10/2024,74.7,74.0,74.0,74.0,74.1,31.8,31.7,31.9,29.6,-0.37,97,170,2024-10-21 13:36:02,63.1,0.93,58.9,DI water,60,60,90,90,13:39:41,74.16,31.25,0.3,1.1,0.64,347.31,304.4,273.45,274.25,0.0,0.72,-1312.46,-1150.31,-162.15
13:36:03,21/10/2024,74.8,74.0,74.0,74.0,74.1,31.8,31.7,31.9,29.6,-0.37,97,170,2024-10-21 13:36:03,63.1,0.93,58.8,DI water,60,60,90,90,13:39:41,74.18,31.25,0.35,1.1,0.64,347.33,304.4,273.5,274.25,0.0,0.72,-1312.54,-1150.31,-162.23
13:36:05,21/10/2024,74.8,74.1,74.0,74.1,74.1,31.8,31.7,31.9,29.6,-0.37,97,170,2024-10-21 13:36:05,63.1,0.93,58.8,DI water,60,60,90,90,13:39:41,74.22,31.25,0.33,1.1,0.64,347.37,304.4,273.48,274.25,0.0,0.72,-1312.69,-1150.31,-162.38
13:36:08,21/10/2024,74.8,74.1,74.0,74.1,74.1,31.8,31.7,31.9,29.6,-0.37,97,170,2024-10-21 13:36:08,63.1,0.93,59.0,DI water,60,60,90,90,13:39:41,74.22,31.25,0.33,1.1,0.64,347.37,304.4,273.48,274.25,0.0,0.72,-1312.69,-1150.31,-162.38
13:36:12,21/10/2024,74.8,74.1,74.0,74.1,74.1,31.8,31.7,31.9,29.6,-0.37,97,170,2024-10-21 13:36:12,63.1,0.93,58.8,DI water,60,60,90,90,13:39:41,74.22,31.25,0.33,1.1,0.64,347.37,304.4,273.48,274.25,0.0,0.72,-1312.69,-1150.31,-162.38
13:36:13,21/10/2024,74.9,74.3,74.4,74.1,74.2,31.8,31.7,31.9,29.6,-0.37,97,170,2024-10-21 13:36:13,63.1,0.93,59.0,DI water,60,60,90,90,13:39:41,74.38,31.25,0.31,1.1,0.64,347.53,304.4,273.46,274.25,0.0,0.72,-1313.29,-1150.31,-162.99
13:36:17,21/10/2024,74.9,74.3,74.4,74.1,74.2,31.8,31.7,31.9,29.6,-0.35,98,170,2024-10-21 13:36:17,63.2,0.93,59.0,DI water,60,60,90,90,13:39:41,74.38,31.25,0.31,1.1,0.66,347.53,304.4,273.46,274.25,0.0,0.72,-1224.79,-1072.79,-152.0
13:36:22,21/10/2024,75.1,74.5,74.5,74.6,74.4,31.9,31.7,31.9,29.6,-0.36,98,170,2024-10-21 13:36:22,63.2,0.93,59.1,DI water,60,60,90,90,13:39:41,74.62,31.28,0.28,1.12,0.65,347.77,304.42,273.43,274.27,0.0,0.72,-1269.58,-1111.34,-158.24
13:36:24,21/10/2024,75.1,74.5,74.5,74.6,74.4,31.9,31.7,31.9,29.6,-0.36,98,170,2024-10-21 13:36:24,63.2,0.93,59.0,DI water,60,60,90,90,13:39:41,74.62,31.28,0.28,1.12,0.65,347.77,304.42,273.43,274.27,0.0,0.72,-1269.58,-1111.34,-158.24
13:36:32,21/10/2024,75.1,74.5,74.5,74.6,74.4,31.9,31.7,31.9,29.6,-0.36,98,170,2024-10-21 13:36:32,63.2,0.93,59.1,DI water,60,60,90,90,13:39:41,74.62,31.28,0.28,1.12,0.65,347.77,304.42,273.43,274.27,0.0,0.72,-1269.58,-1111.34,-158.24
13:36:33,21/10/2024,75.4,74.7,74.8,74.9,74.4,31.9,31.7,31.9,29.6,-0.36,98,170,2024-10-21 13:36:33,63.2,0.93,59.0,DI water,60,60,90,90,13:39:41,74.84,31.28,0.36,1.12,0.65,347.99,304.42,273.51,274.27,0.0,0.73,-1270.38,-1111.34,-159.04
13:36:35,21/10/2024,75.4,74.7,74.8,74.9,74.4,31.9,31.7,31.9,29.6,-0.34,98,170,2024-10-21 13:36:35,63.2,0.93,59.0,DI water,60,60,90,90,13:39:41,74.84,31.28,0.36,1.12,0.67,347.99,304.42,273.51,274.27,0.0,0.73,-1183.1,-1034.99,-148.11
13:36:36,21/10/2024,75.4,74.7,74.8,74.9,74.4,31.9,31.7,31.9,29.6,-0.34,98,170,2024-10-21 13:36:36,63.2,0.93,59.1,DI water,60,60,90,90,13:39:41,74.84,31.28,0.36,1.12,0.67,347.99,304.42,273.51,274.27,0.0,0.73,-1183.1,-1034.99,-148.11
13:36:38,21/10/2024,75.4,74.7,74.8,74.9,74.4,31.9,31.7,31.9,29.6,-0.34,98,170,2024-10-21 13:36:38,63.2,0.93,59.1,DI water,60,60,90,90,13:39:41,74.84,31.28,0.36,1.12,0.67,347.99,304.42,273.51,274.27,0.0,0.73,-1183.1,-1034.99,-148.11
13:36:40,21/10/2024,75.5,74.8,74.9,75.0,74.5,31.9,31.8,31.9,29.5,-0.34,98,170,2024-10-21 13:36:40,63.2,0.93,59.1,DI water,60,60,90,90,13:39:41,74.94,31.28,0.36,1.18,0.67,348.09,304.42,273.51,274.33,0.0,0.73,-1183.44,-1034.99,-148.45
13:36:40,21/10/2024,75.5,74.8,74.9,75.0,74.5,31.9,31.8,31.9,29.5,-0.34,98,170,2024-10-21 13:36:40,63.2,0.93,59.1,DI water,60,60,90,90,13:39:41,74.94,31.28,0.36,1.18,0.67,348.09,304.42,273.51,274.33,0.0,0.73,-1183.44,-1034.99,-148.45
13:36:43,21/10/2024,75.6,74.9,75.0,75.2,74.6,31.9,31.8,31.9,29.5,-0.36,98,170,2024-10-21 13:36:43,63.2,0.93,59.0,DI water,60,60,90,90,13:39:41,75.06,31.28,0.37,1.18,0.65,348.21,304.42,273.52,274.33,0.0,0.73,-1271.19,-1111.34,-159.84
13:36:44,21/10/2024,75.6,74.9,75.0,75.2,74.6,31.9,31.8,31.9,29.6,-0.35,99,170,2024-10-21 13:36:44,63.2,0.93,59.1,DI water,60,60,90,90,13:39:41,75.06,31.3,0.37,1.13,0.66,348.21,304.45,273.52,274.28,0.0,0.73,-1227.19,-1072.97,-154.22
13:36:48,21/10/2024,75.6,74.9,75.0,75.2,74.6,31.9,31.8,31.9,29.6,-0.35,99,170,2024-10-21 13:36:48,63.2,0.93,59.2,DI water,60,60,90,90,13:39:41,75.06,31.3,0.37,1.13,0.66,348.21,304.45,273.52,274.28,0.0,0.73,-1227.19,-1072.97,-154.22
13:36:49,21/10/2024,75.7,75.1,75.1,75.4,74.6,31.9,31.8,31.9,29.6,-0.35,99,170,2024-10-21 13:36:49,63.3,0.93,59.1,DI water,60,60,90,90,13:39:41,75.18,31.3,0.41,1.13,0.66,348.33,304.45,273.56,274.28,0.0,0.73,-1227.61,-1072.97,-154.65
13:36:51,21/10/2024,75.7,75.1,75.1,75.4,74.6,31.9,31.8,31.9,29.6,-0.36,99,170,2024-10-21 13:36:51,63.3,0.93,59.1,DI water,60,60,90,90,13:39:41,75.18,31.3,0.41,1.13,0.65,348.33,304.45,273.56,274.28,0.0,0.73,-1271.62,-1111.43,-160.19
13:36:53,21/10/2024,75.7,75.1,75.1,75.4,74.6,31.9,31.8,31.9,29.6,-0.36,99,170,2024-10-21 13:36:53,63.3,0.93,59.2,DI water,60,60,90,90,13:39:41,75.18,31.3,0.41,1.13,0.65,348.33,304.45,273.56,274.28,0.0,0.73,-1271.62,-1111.43,-160.19
13:36:58,21/10/2024,75.9,75.2,75.3,75.7,74.7,31.9,31.8,31.9,29.6,-0.36,99,170,2024-10-21 13:36:58,63.3,0.93,59.1,DI water,60,60,90,90,13:39:41,75.36,31.3,0.47,1.13,0.65,348.51,304.45,273.62,274.28,0.0,0.73,-1272.28,-1111.43,-160.85
13:36:59,21/10/2024,75.9,75.2,75.3,75.7,74.7,31.9,31.8,31.9,29.6,-0.36,99,170,2024-10-21 13:36:59,63.3,0.93,59.1,DI water,60,60,90,90,13:39:41,75.36,31.3,0.47,1.13,0.65,348.51,304.45,273.62,274.28,0.0,0.73,-1272.28,-1111.43,-160.85
13:37:00,21/10/2024,75.9,75.2,75.3,75.7,74.7,31.9,31.8,31.9,29.6,-0.35,99,170,2024-10-21 13:37:00,63.3,0.93,59.2,DI water,60,60,90,90,13:39:41,75.36,31.3,0.47,1.13,0.66,348.51,304.45,273.62,274.28,0.0,0.73,-1228.25,-1072.97,-155.28
13:37:04,21/10/2024,75.9,75.2,75.3,75.7,74.7,31.9,31.8,31.9,29.6,-0.35,99,170,2024-10-21 13:37:04,63.3,0.93,59.3,DI water,60,60,90,90,13:39:41,75.36,31.3,0.47,1.13,0.66,348.51,304.45,273.62,274.28,0.0,0.73,-1228.25,-1072.97,-155.28
13:37:05,21/10/2024,75.9,75.2,75.3,75.7,74.7,31.9,31.8,31.9,29.6,-0.35,99,170,2024-10-21 13:37:05,63.3,0.93,59.3,DI water,60,60,90,90,13:39:41,75.36,31.3,0.47,1.13,0.66,348.51,304.45,273.62,274.28,0.0,0.73,-1228.25,-1072.97,-155.28
13:37:06,21/10/2024,75.9,75.2,75.3,75.7,74.7,31.9,31.8,31.9,29.6,-0.35,99,170,2024-10-21 13:37:06,63.3,0.93,59.3,DI water,60,60,90,90,13:39:41,75.36,31.3,0.47,1.13,0.66,348.51,304.45,273.62,274.28,0.0,0.73,-1228.25,-1072.97,-155.28
13:37:08,21/10/2024,76.0,75.4,75.5,74.8,74.7,31.9,31.8,31.9,29.6,-0.35,99,170,2024-10-21 13:37:08,63.3,0.93,59.2,DI water,60,60,90,90,13:39:41,75.28,31.3,0.54,1.13,0.66,348.43,304.45,273.69,274.28,0.0,0.73,-1227.96,-1072.97,-155.0
13:37:09,21/10/2024,76.0,75.4,75.5,74.8,74.8,31.9,31.8,31.9,29.6,-0.35,99,170,2024-10-21 13:37:09,63.3,0.93,59.2,DI water,60,60,90,90,13:39:41,75.3,31.3,0.51,1.13,0.66,348.45,304.45,273.66,274.28,0.0,0.73,-1228.03,-1072.97,-155.07
13:37:10,21/10/2024,76.0,75.4,75.5,74.8,74.8,31.9,31.8,31.9,29.6,-0.35,99,170,2024-10-21 13:37:10,63.3,0.93,59.2,DI water,60,60,90,90,13:39:41,75.3,31.3,0.51,1.13,0.66,348.45,304.45,273.66,274.28,0.0,0.73,-1228.03,-1072.97,-155.07
13:37:12,21/10/2024,76.0,75.4,75.5,74.8,74.8,31.9,31.8,31.9,29.6,-0.35,99,170,2024-10-21 13:37:12,63.3,0.93,59.1,DI water,60,60,90,90,13:39:41,75.3,31.3,0.51,1.13,0.66,348.45,304.45,273.66,274.28,0.0,0.73,-1228.03,-1072.97,-155.07
13:37:15,21/10/2024,76.0,75.4,75.5,74.8,74.8,31.9,31.8,31.9,29.6,-0.35,99,170,2024-10-21 13:37:15,63.3,0.93,59.2,DI water,60,60,90,90,13:39:41,75.3,31.3,0.51,1.13,0.66,348.45,304.45,273.66,274.28,0.0,0.73,-1228.03,-1072.97,-155.07
13:37:17,21/10/2024,76.3,75.6,75.7,75.0,75.0,31.9,31.8,31.9,29.6,-0.35,99,170,2024-10-21 13:37:17,63.3,0.93,59.3,DI water,60,60,90,90,13:39:41,75.52,31.3,0.54,1.13,0.66,348.67,304.45,273.69,274.28,0.0,0.74,-1228.81,-1072.97,-155.84
13:37:18,21/10/2024,76.3,75.6,75.7,75.0,75.0,31.9,31.7,31.9,29.6,-0.34,99,170,2024-10-21 13:37:18,63.3,0.93,59.3,DI water,60,60,90,90,13:39:41,75.52,31.28,0.54,1.12,0.67,348.67,304.42,273.69,274.27,0.0,0.74,-1185.41,-1034.99,-150.42
13:37:20,21/10/2024,76.3,75.6,75.7,75.0,75.0,31.9,31.7,31.9,29.6,-0.34,99,170,2024-10-21 13:37:20,63.3,0.93,59.3,DI water,60,60,90,90,13:39:41,75.52,31.28,0.54,1.12,0.67,348.67,304.42,273.69,274.27,0.0,0.74,-1185.41,-1034.99,-150.42
13:37:21,21/10/2024,76.3,75.6,75.7,75.0,75.0,31.9,31.7,31.9,29.6,-0.34,99,170,2024-10-21 13:37:21,63.3,0.93,59.2,DI water,60,60,90,90,13:39:41,75.52,31.28,0.54,1.12,0.67,348.67,304.42,273.69,274.27,0.0,0.74,-1185.41,-1034.99,-150.42
13:37:24,21/10/2024,76.3,75.6,75.7,75.0,75.0,31.9,31.7,31.9,29.6,-0.34,99,170,2024-10-21 13:37:24,63.3,0.93,59.2,DI water,60,60,90,90,13:39:41,75.52,31.28,0.54,1.12,0.67,348.67,304.42,273.69,274.27,0.0,0.74,-1185.41,-1034.99,-150.42
13:37:26,21/10/2024,76.5,75.8,75.8,75.7,75.3,32.0,31.7,31.9,29.6,-0.34,99,170,2024-10-21 13:37:26,63.3,0.93,59.2,DI water,60,60,90,90,13:39:41,75.82,31.3,0.43,1.14,0.67,348.97,304.45,273.58,274.29,0.0,0.74,-1186.43,-1035.07,-151.36
13:37:27,21/10/2024,76.5,75.8,75.8,75.7,75.3,32.0,31.7,31.9,29.6,-0.34,100,170,2024-10-21 13:37:27,63.3,0.93,59.2,DI water,60,60,90,90,13:39:41,75.82,31.3,0.43,1.14,0.67,348.97,304.45,273.58,274.29,0.0,0.74,-1186.43,-1035.07,-151.36
13:37:32,21/10/2024,76.5,75.8,75.8,75.7,75.3,32.0,31.7,31.9,29.6,-0.34,100,170,2024-10-21 13:37:32,63.3,0.93,59.2,DI water,60,60,90,90,13:39:41,75.82,31.3,0.43,1.14,0.67,348.97,304.45,273.58,274.29,0.0,0.74,-1186.43,-1035.07,-151.36
13:37:34,21/10/2024,76.6,75.9,75.9,75.1,75.5,32.0,31.7,31.9,29.6,-0.34,100,170,2024-10-21 13:37:34,63.3,0.93,59.3,DI water,60,60,90,90,13:39:41,75.8,31.3,0.56,1.14,0.67,348.95,304.45,273.71,274.29,0.0,0.74,-1186.36,-1035.07,-151.29
13:37:36,21/10/2024,76.6,75.9,75.9,75.1,75.5,32.0,31.9,32.0,29.6,-0.34,100,170,2024-10-21 13:37:36,63.3,0.93,59.2,DI water,60,60,90,90,13:39:41,75.8,31.38,0.56,1.18,0.67,348.95,304.52,273.71,274.33,0.0,0.74,-1186.36,-1035.33,-151.04
13:37:39,21/10/2024,76.6,75.9,75.9,75.1,75.5,32.0,31.9,32.0,29.6,-0.34,100,170,2024-10-21 13:37:39,63.3,0.93,59.3,DI water,60,60,90,90,13:39:41,75.8,31.38,0.56,1.18,0.67,348.95,304.52,273.71,274.33,0.0,0.74,-1186.36,-1035.33,-151.04
13:37:40,21/10/2024,76.7,76.0,76.1,75.2,75.5,32.0,31.9,32.0,29.6,-0.34,100,170,2024-10-21 13:37:40,63.3,0.93,59.2,DI water,60,60,90,90,13:39:41,75.9,31.38,0.58,1.18,0.67,349.05,304.52,273.73,274.33,0.0,0.74,-1186.7,-1035.33,-151.38
13:37:42,21/10/2024,76.7,76.0,76.1,75.2,75.5,31.9,31.9,32.0,29.6,-0.34,100,170,2024-10-21 13:37:42,63.3,0.93,59.2,DI water,60,60,90,90,13:39:41,75.9,31.35,0.58,1.17,0.67,349.05,304.5,273.73,274.32,0.0,0.74,-1186.7,-1035.24,-151.46
13:37:45,21/10/2024,76.7,76.0,76.1,75.2,75.5,31.9,31.9,32.0,29.6,-0.34,100,170,2024-10-21 13:37:45,63.3,0.93,59.2,DI water,60,60,90,90,13:39:41,75.9,31.35,0.58,1.17,0.67,349.05,304.5,273.73,274.32,0.0,0.74,-1186.7,-1035.24,-151.46
13:37:47,21/10/2024,76.7,76.0,76.1,75.2,75.5,31.9,31.9,32.0,29.6,-0.34,100,170,2024-10-21 13:37:47,63.3,0.93,59.2,DI water,60,60,90,90,13:39:41,75.9,31.35,0.58,1.17,0.67,349.05,304.5,273.73,274.32,0.0,0.74,-1186.7,-1035.24,-151.46
13:37:47,21/10/2024,76.7,76.0,76.1,75.2,75.5,31.9,31.9,32.0,29.6,-0.34,100,170,2024-10-21 13:37:47,63.3,0.93,59.2,DI water,60,60,90,90,13:39:41,75.9,31.35,0.58,1.17,0.67,349.05,304.5,273.73,274.32,0.0,0.74,-1186.7,-1035.24,-151.46
13:37:50,21/10/2024,76.9,76.2,76.3,75.4,75.7,31.9,31.8,32.0,29.6,-0.34,100,170,2024-10-21 13:37:50,63.3,0.93,59.2,DI water,60,60,90,90,13:39:41,76.1,31.33,0.58,1.15,0.67,349.25,304.47,273.73,274.3,0.0,0.75,-1187.38,-1035.16,-152.23
13:37:55,21/10/2024,76.9,76.2,76.3,75.4,75.7,31.9,31.8,32.0,29.7,-0.34,100,170,2024-10-21 13:37:55,63.3,0.93,59.3,DI water,60,60,90,90,13:39:41,76.1,31.35,0.58,1.1,0.67,349.25,304.5,273.73,274.25,0.0,0.75,-1187.38,-1035.24,-152.14
13:37:56,21/10/2024,77.2,76.4,76.4,75.5,75.8,31.9,31.8,32.0,29.7,-0.34,100,170,2024-10-21 13:37:56,63.3,0.93,59.2,DI water,60,60,90,90,13:39:41,76.26,31.35,0.65,1.1,0.67,349.41,304.5,273.8,274.25,0.0,0.75,-1187.93,-1035.24,-152.69
13:37:57,21/10/2024,77.2,76.4,76.4,75.5,75.8,31.9,31.9,32.0,29.7,-0.34,100,170,2024-10-21 13:37:57,63.3,0.93,59.1,DI water,60,60,90,90,13:39:41,76.26,31.38,0.65,1.12,0.67,349.41,304.52,273.8,274.27,0.0,0.75,-1187.93,-1035.33,-152.6
13:37:58,21/10/2024,77.2,76.4,76.4,75.5,75.8,31.9,31.9,32.0,29.7,-0.34,100,170,2024-10-21 13:37:58,63.3,0.93,59.1,DI water,60,60,90,90,13:39:41,76.26,31.38,0.65,1.12,0.67,349.41,304.52,273.8,274.27,0.0,0.75,-1187.93,-1035.33,-152.6
13:37:59,21/10/2024,77.2,76.4,76.4,75.5,75.8,31.9,31.9,32.0,29.7,-0.34,100,170,2024-10-21 13:37:59,63.2,0.93,59.1,DI water,60,60,90,90,13:39:41,76.26,31.38,0.65,1.12,0.67,349.41,304.52,273.8,274.27,0.0,0.75,-1187.93,-1035.33,-152.6
13:38:01,21/10/2024,77.2,76.4,76.4,75.5,75.8,31.9,31.9,32.0,29.7,-0.34,100,170,2024-10-21 13:38:01,63.3,0.93,59.1,DI water,60,60,90,90,13:39:41,76.26,31.38,0.65,1.12,0.67,349.41,304.52,273.8,274.27,0.0,0.75,-1187.93,-1035.33,-152.6
13:38:07,21/10/2024,77.3,76.6,76.6,76.4,75.2,31.9,31.8,32.0,29.7,-0.35,100,170,2024-10-21 13:38:07,63.2,0.93,59.0,DI water,60,60,90,90,13:39:41,76.42,31.35,0.76,1.1,0.66,349.57,304.5,273.91,274.25,0.0,0.75,-1231.98,-1073.14,-158.84
13:38:08,21/10/2024,77.3,76.6,76.6,76.4,75.2,31.9,31.8,32.0,29.7,-0.35,100,170,2024-10-21 13:38:08,63.2,0.93,59.0,DI water,60,60,90,90,13:39:41,76.42,31.35,0.76,1.1,0.66,349.57,304.5,273.91,274.25,0.0,0.75,-1231.98,-1073.14,-158.84
13:38:09,21/10/2024,77.3,76.6,76.6,76.4,75.2,31.9,31.8,32.0,29.7,-0.35,100,170,2024-10-21 13:38:09,63.2,0.93,59.1,DI water,60,60,90,90,13:39:41,76.42,31.35,0.76,1.1,0.66,349.57,304.5,273.91,274.25,0.0,0.75,-1231.98,-1073.14,-158.84
13:38:12,21/10/2024,77.3,76.6,76.6,76.4,75.2,31.9,31.8,32.0,29.7,-0.35,100,170,2024-10-21 13:38:12,63.2,0.93,59.1,DI water,60,60,90,90,13:39:41,76.42,31.35,0.76,1.1,0.66,349.57,304.5,273.91,274.25,0.0,0.75,-1231.98,-1073.14,-158.84
13:38:14,21/10/2024,77.5,76.8,76.8,76.6,75.3,31.9,31.8,32.0,29.7,-0.35,100,170,2024-10-21 13:38:14,63.2,0.93,59.1,DI water,60,60,90,90,13:39:41,76.6,31.35,0.8,1.1,0.66,349.75,304.5,273.95,274.25,0.0,0.75,-1232.62,-1073.14,-159.47
13:38:15,21/10/2024,77.5,76.8,76.8,76.6,75.3,32.0,31.8,32.0,29.7,-0.35,100,170,2024-10-21 13:38:15,63.2,0.93,59.0,DI water,60,60,90,90,13:39:41,76.6,31.38,0.8,1.12,0.66,349.75,304.52,273.95,274.27,0.0,0.75,-1232.62,-1073.23,-159.39
13:38:17,21/10/2024,77.5,76.8,76.8,76.6,75.3,32.0,31.8,32.0,29.7,-0.33,101,170,2024-10-21 13:38:17,63.2,0.93,59.0,DI water,60,60,90,90,13:39:41,76.6,31.38,0.8,1.12,0.68,349.75,304.52,273.95,274.27,0.0,0.75,-1146.2,-997.98,-148.21
13:38:19,21/10/2024,77.5,76.8,76.9,76.9,75.3,32.0,31.8,32.0,29.7,-0.33,101,170,2024-10-21 13:38:19,63.2,0.93,59.0,DI water,60,60,90,90,13:39:41,76.68,31.38,0.82,1.12,0.68,349.83,304.52,273.97,274.27,0.0,0.76,-1146.46,-997.98,-148.47
13:38:21,21/10/2024,77.5,76.8,76.9,76.9,75.3,32.0,31.8,31.9,29.7,-0.34,101,170,2024-10-21 13:38:21,63.2,0.93,59.1,DI water,60,60,90,90,13:39:41,76.68,31.35,0.82,1.1,0.67,349.83,304.5,273.97,274.25,0.0,0.76,-1189.36,-1035.24,-154.11
13:38:22,21/10/2024,77.5,76.8,76.9,76.9,75.3,32.0,31.8,31.9,29.7,-0.34,101,170,2024-10-21 13:38:22,63.2,0.93,59.1,DI water,60,60,90,90,13:39:41,76.68,31.35,0.82,1.1,0.67,349.83,304.5,273.97,274.25,0.0,0.76,-1189.36,-1035.24,-154.11
13:38:27,21/10/2024,77.7,76.8,76.9,76.9,75.3,32.0,31.8,31.9,29.7,-0.34,101,170,2024-10-21 13:38:27,63.2,0.93,59.0,DI water,60,60,90,90,13:39:41,76.72,31.35,0.87,1.1,0.67,349.87,304.5,274.02,274.25,0.0,0.76,-1189.49,-1035.24,-154.25
13:38:28,21/10/2024,77.7,77.0,77.1,75.5,75.3,32.0,31.8,31.9,29.7,-0.34,101,170,2024-10-21 13:38:28,63.2,0.93,59.1,DI water,60,60,90,90,13:39:41,76.52,31.35,1.06,1.1,0.67,349.67,304.5,274.21,274.25,0.0,0.75,-1188.81,-1035.24,-153.57
13:38:29,21/10/2024,77.7,77.0,77.1,75.5,75.3,32.0,31.8,31.9,29.7,-0.34,101,170,2024-10-21 13:38:29,63.2,0.93,59.1,DI water,60,60,90,90,13:39:41,76.52,31.35,1.06,1.1,0.67,349.67,304.5,274.21,274.25,0.0,0.75,-1188.81,-1035.24,-153.57
13:38:31,21/10/2024,77.7,77.0,77.1,75.5,75.3,32.0,31.8,31.9,29.7,-0.33,101,170,2024-10-21 13:38:31,63.2,0.93,59.1,DI water,60,60,90,90,13:39:41,76.52,31.35,1.06,1.1,0.68,349.67,304.5,274.21,274.25,0.0,0.75,-1145.93,-997.9,-148.03
13:38:33,21/10/2024,77.8,77.1,77.1,75.5,75.3,32.0,31.8,31.9,29.7,-0.33,101,170,2024-10-21 13:38:33,63.2,0.93,59.1,DI water,60,60,90,90,13:39:41,76.56,31.35,1.1,1.1,0.68,349.71,304.5,274.25,274.25,0.0,0.75,-1146.06,-997.9,-148.16
13:38:35,21/10/2024,77.8,77.1,77.1,75.5,75.3,32.0,31.8,31.9,29.7,-0.33,101,170,2024-10-21 13:38:35,63.2,0.93,59.1,DI water,60,60,90,90,13:39:41,76.56,31.35,1.1,1.1,0.68,349.71,304.5,274.25,274.25,0.0,0.75,-1146.06,-997.9,-148.16
13:38:38,21/10/2024,77.8,77.1,77.1,75.5,75.3,32.0,31.8,31.9,29.7,-0.33,101,170,2024-10-21 13:38:38,63.2,0.93,59.0,DI water,60,60,90,90,13:39:41,76.56,31.35,1.1,1.1,0.68,349.71,304.5,274.25,274.25,0.0,0.75,-1146.06,-997.9,-148.16
13:38:39,21/10/2024,77.9,77.2,77.2,75.7,75.4,32.0,31.8,31.9,29.7,-0.33,101,170,2024-10-21 13:38:39,63.2,0.93,59.0,DI water,60,60,90,90,13:39:41,76.68,31.35,1.08,1.1,0.68,349.83,304.5,274.23,274.25,0.0,0.76,-1146.46,-997.9,-148.55
13:38:40,21/10/2024,77.9,77.2,77.2,75.7,75.4,32.0,31.8,31.9,29.7,-0.33,101,170,2024-10-21 13:38:40,63.2,0.93,59.0,DI water,60,60,90,90,13:39:41,76.68,31.35,1.08,1.1,0.68,349.83,304.5,274.23,274.25,0.0,0.76,-1146.46,-997.9,-148.55
13:38:43,21/10/2024,77.9,77.2,77.2,75.7,75.4,32.0,31.8,31.9,29.7,-0.31,102,170,2024-10-21 13:38:43,63.2,0.93,59.1,DI water,60,60,90,90,13:39:41,76.68,31.35,1.08,1.1,0.7,349.83,304.5,274.23,274.25,0.0,0.76,-1062.51,-924.84,-137.68
13:38:44,21/10/2024,77.9,77.2,77.2,75.7,75.4,32.0,31.8,31.9,29.7,-0.31,102,170,2024-10-21 13:38:44,63.2,0.93,59.1,DI water,60,60,90,90,13:39:41,76.68,31.35,1.08,1.1,0.7,349.83,304.5,274.23,274.25,0.0,0.76,-1062.51,-924.84,-137.68
13:38:46,21/10/2024,78.1,77.3,77.3,75.8,75.5,32.0,31.8,31.9,29.7,-0.31,102,170,2024-10-21 13:38:46,63.2,0.93,59.2,DI water,60,60,90,90,13:39:41,76.8,31.35,1.1,1.1,0.7,349.95,304.5,274.25,274.25,0.0,0.76,-1062.88,-924.84,-138.04
13:38:47,21/10/2024,78.1,77.3,77.3,75.8,75.5,32.0,31.9,32.0,29.7,-0.31,102,170,2024-10-21 13:38:47,63.2,0.93,59.1,DI water,60,60,90,90,13:39:41,76.8,31.4,1.1,1.13,0.7,349.95,304.55,274.25,274.28,0.0,0.76,-1062.88,-924.99,-137.89
13:38:50,21/10/2024,78.1,77.3,77.3,75.8,75.5,32.0,31.9,32.0,29.7,-0.32,102,170,2024-10-21 13:38:50,63.2,0.93,59.0,DI water,60,60,90,90,13:39:41,76.8,31.4,1.1,1.13,0.69,349.95,304.55,274.25,274.28,0.0,0.76,-1104.56,-961.26,-143.3
13:38:52,21/10/2024,78.2,77.5,77.4,75.8,75.5,32.0,31.9,32.0,29.7,-0.32,102,170,2024-10-21 13:38:52,63.2,0.93,59.0,DI water,60,60,90,90,13:39:41,76.88,31.4,1.17,1.13,0.69,350.03,304.55,274.32,274.28,0.0,0.76,-1104.81,-961.26,-143.55
13:38:54,21/10/2024,78.2,77.5,77.4,76.8,75.5,32.0,31.9,32.0,29.8,-0.33,102,170,2024-10-21 13:38:54,63.2,0.93,59.1,DI water,60,60,90,90,13:39:41,77.08,31.42,1.01,1.08,0.68,350.23,304.58,274.16,274.23,0.0,0.76,-1147.77,-998.15,-149.62
13:38:57,21/10/2024,78.2,77.5,77.4,76.8,75.5,32.0,31.9,32.0,29.8,-0.33,102,170,2024-10-21 13:38:57,63.2,0.93,59.1,DI water,60,60,90,90,13:39:41,77.08,31.42,1.01,1.08,0.68,350.23,304.58,274.16,274.23,0.0,0.76,-1147.77,-998.15,-149.62
13:38:59,21/10/2024,78.3,77.5,77.5,77.6,75.5,32.0,31.9,32.0,29.8,-0.33,102,170,2024-10-21 13:38:59,63.2,0.93,59.0,DI water,60,60,90,90,13:39:41,77.28,31.42,1.05,1.08,0.68,350.43,304.58,274.2,274.23,0.0,0.76,-1148.42,-998.15,-150.28
13:39:00,21/10/2024,78.3,77.5,77.5,77.6,75.5,32.0,31.9,32.0,29.7,-0.33,102,170,2024-10-21 13:39:00,63.2,0.93,59.0,DI water,60,60,90,90,13:39:41,77.28,31.4,1.05,1.13,0.68,350.43,304.55,274.2,274.28,0.0,0.76,-1148.42,-998.07,-150.36
13:39:02,21/10/2024,78.3,77.5,77.5,77.6,75.5,32.0,31.9,32.0,29.7,-0.33,102,170,2024-10-21 13:39:02,63.2,0.93,59.0,DI water,60,60,90,90,13:39:41,77.28,31.4,1.05,1.13,0.68,350.43,304.55,274.2,274.28,0.0,0.76,-1148.42,-998.07,-150.36
13:39:04,21/10/2024,78.3,77.5,77.5,77.6,75.5,32.0,31.9,32.0,29.7,-0.33,102,170,2024-10-21 13:39:04,63.2,0.93,59.1,DI water,60,60,90,90,13:39:41,77.28,31.4,1.05,1.13,0.68,350.43,304.55,274.2,274.28,0.0,0.76,-1148.42,-998.07,-150.36
13:39:06,21/10/2024,78.5,77.6,77.6,77.8,76.6,32.0,31.9,32.0,29.7,-0.33,102,170,2024-10-21 13:39:06,63.3,0.93,59.1,DI water,60,60,90,90,13:39:41,77.62,31.4,0.68,1.13,0.68,350.77,304.55,273.83,274.28,0.0,0.77,-1149.54,-998.07,-151.47
13:39:07,21/10/2024,78.5,77.6,77.6,77.8,76.6,32.0,31.9,32.0,29.8,-0.34,102,170,2024-10-21 13:39:07,63.2,0.93,59.1,DI water,60,60,90,90,13:39:41,77.62,31.42,0.68,1.08,0.67,350.77,304.58,273.83,274.23,0.0,0.77,-1192.55,-1035.5,-157.05
13:39:15,21/10/2024,78.6,77.6,77.6,77.8,76.6,32.0,31.9,32.0,29.8,-0.34,102,170,2024-10-21 13:39:15,63.3,0.93,59.2,DI water,60,60,90,90,13:39:41,77.64,31.42,0.71,1.08,0.67,350.79,304.58,273.86,274.23,0.0,0.77,-1192.62,-1035.5,-157.12
13:39:16,21/10/2024,78.6,77.8,77.9,78.2,77.1,32.0,31.9,32.0,29.8,-0.34,102,170,2024-10-21 13:39:16,63.2,0.93,59.1,DI water,60,60,90,90,13:39:41,77.92,31.42,0.55,1.08,0.67,351.07,304.58,273.7,274.23,0.0,0.77,-1193.57,-1035.5,-158.07
13:39:17,21/10/2024,78.6,77.8,77.9,78.2,77.1,32.0,31.9,32.0,29.8,-0.34,102,170,2024-10-21 13:39:17,63.2,0.93,59.1,DI water,60,60,90,90,13:39:41,77.92,31.42,0.55,1.08,0.67,351.07,304.58,273.7,274.23,0.0,0.77,-1193.57,-1035.5,-158.07
13:39:18,21/10/2024,78.6,77.8,77.9,78.2,77.1,32.0,31.9,32.0,29.8,-0.34,102,170,2024-10-21 13:39:18,63.2,0.93,59.1,DI water,60,60,90,90,13:39:41,77.92,31.42,0.55,1.08,0.67,351.07,304.58,273.7,274.23,0.0,0.77,-1193.57,-1035.5,-158.07
13:39:22,21/10/2024,78.6,77.8,77.9,78.2,77.1,32.0,31.9,32.0,29.8,-0.34,102,170,2024-10-21 13:39:22,63.2,0.93,59.0,DI water,60,60,90,90,13:39:41,77.92,31.42,0.55,1.08,0.67,351.07,304.58,273.7,274.23,0.0,0.77,-1193.57,-1035.5,-158.07
13:39:24,21/10/2024,78.6,77.8,77.9,78.2,77.1,32.0,31.9,32.0,29.8,-0.34,102,170,2024-10-21 13:39:24,63.2,0.93,59.0,DI water,60,60,90,90,13:39:41,77.92,31.42,0.55,1.08,0.67,351.07,304.58,273.7,274.23,0.0,0.77,-1193.57,-1035.5,-158.07
13:39:25,21/10/2024,78.8,78.0,78.1,78.4,77.3,32.0,31.9,32.0,29.8,-0.34,102,170,2024-10-21 13:39:25,63.2,0.93,59.0,DI water,60,60,90,90,13:39:41,78.12,31.42,0.55,1.08,0.67,351.27,304.58,273.7,274.23,0.0,0.78,-1194.25,-1035.5,-158.75
13:39:26,21/10/2024,78.8,78.0,78.1,78.4,77.3,31.9,31.8,32.0,29.8,-0.34,102,170,2024-10-21 13:39:26,63.2,0.93,59.0,DI water,60,60,90,90,13:39:41,78.12,31.38,0.55,1.05,0.67,351.27,304.52,273.7,274.2,0.0,0.78,-1194.25,-1035.33,-158.92
13:39:36,21/10/2024,78.8,78.0,78.1,78.4,77.3,31.9,31.8,32.0,29.8,-0.33,102,170,2024-10-21 13:39:36,63.2,0.93,59.0,DI water,60,60,90,90,13:39:41,78.12,31.38,0.55,1.05,0.68,351.27,304.52,273.7,274.2,0.0,0.78,-1151.18,-997.98,-153.19
13:39:37,21/10/2024,79.1,78.3,78.3,78.7,77.7,31.9,31.8,32.0,29.8,-0.33,102,170,2024-10-21 13:39:37,63.2,0.93,59.1,DI water,60,60,90,90,13:39:41,78.42,31.38,0.52,1.05,0.68,351.57,304.52,273.67,274.2,0.0,0.78,-1152.16,-997.98,-154.18
13:39:38,21/10/2024,79.1,78.3,78.3,78.7,77.7,32.0,31.8,32.0,29.8,-0.33,102,170,2024-10-21 13:39:38,63.2,0.93,59.1,DI water,60,60,90,90,13:39:41,78.42,31.4,0.52,1.07,0.68,351.57,304.55,273.67,274.22,0.0,0.78,-1152.16,-998.07,-154.09
13:39:39,21/10/2024,79.1,78.3,78.3,78.7,77.7,32.0,31.8,32.0,29.8,-0.33,102,170,2024-10-21 13:39:39,63.2,0.93,59.1,DI water,60,60,90,90,13:39:41,78.42,31.4,0.52,1.07,0.68,351.57,304.55,273.67,274.22,0.0,0.78,-1152.16,-998.07,-154.09
13:39:42,21/10/2024,79.1,78.3,78.3,78.7,77.7,32.0,31.8,32.0,29.8,-0.33,102,170,2024-10-21 13:39:42,63.2,0.93,58.9,DI water,60,60,90,90,13:39:41,78.42,31.4,0.52,1.07,0.68,351.57,304.55,273.67,274.22,0.0,0.78,-1152.16,-998.07,-154.09
13:39:43,21/10/2024,79.1,78.3,78.3,78.7,77.7,32.0,31.8,32.0,29.8,-0.33,102,170,2024-10-21 13:39:43,63.2,0.93,58.9,DI water,60,60,90,90,13:39:41,78.42,31.4,0.52,1.07,0.68,351.57,304.55,273.67,274.22,0.0,0.78,-1152.16,-998.07,-154.09
13:39:44,21/10/2024,79.2,78.4,78.4,78.9,77.9,32.0,31.8,32.0,29.8,-0.33,102,170,2024-10-21 13:39:44,63.2,0.93,58.9,DI water,60,60,90,90,13:39:41,78.56,31.4,0.5,1.07,0.68,351.71,304.55,273.65,274.22,0.0,0.79,-1152.62,-998.07,-154.55
13:39:47,21/10/2024,79.2,78.4,78.4,78.9,77.9,32.0,31.8,32.0,30.0,-0.34,103,170,2024-10-21 13:39:47,63.2,0.93,59.1,DI water,60,60,90,90,13:39:41,78.56,31.45,0.5,0.97,0.67,351.71,304.6,273.65,274.12,0.0,0.79,-1195.75,-1035.58,-160.17
13:39:49,21/10/2024,79.2,78.4,78.4,78.9,77.9,32.0,31.8,32.0,30.0,-0.34,103,170,2024-10-21 13:39:49,63.2,0.93,59.0,DI water,60,60,90,90,13:39:41,78.56,31.45,0.5,0.97,0.67,351.71,304.6,273.65,274.12,0.0,0.79,-1195.75,-1035.58,-160.17
13:39:50,21/10/2024,79.3,78.5,78.6,78.9,77.9,32.0,31.8,32.0,30.0,-0.34,103,170,2024-10-21 13:39:50,63.2,0.93,59.0,DI water,60,60,90,90,13:39:41,78.64,31.45,0.52,0.97,0.67,351.79,304.6,273.67,274.12,0.0,0.79,-1196.02,-1035.58,-160.44
13:39:52,21/10/2024,79.3,78.5,78.6,78.9,78.0,32.0,31.9,32.1,30.0,-0.33,103,170,2024-10-21 13:39:52,63.2,0.93,58.9,DI water,60,60,90,90,13:39:41,78.66,31.5,0.48,1.0,0.68,351.81,304.65,273.63,274.15,0.0,0.79,-1152.95,-998.39,-154.55
13:39:53,21/10/2024,79.3,78.5,78.6,78.9,78.0,32.0,31.9,32.1,30.0,-0.33,103,170,2024-10-21 13:39:53,63.2,0.93,58.9,DI water,60,60,90,90,13:39:41,78.66,31.5,0.48,1.0,0.68,351.81,304.65,273.63,274.15,0.0,0.79,-1152.95,-998.39,-154.55
13:39:56,21/10/2024,79.3,78.5,78.6,78.9,78.0,32.0,31.9,32.1,30.0,-0.33,103,170,2024-10-21 13:39:56,63.1,0.93,59.0,DI water,60,60,90,90,13:39:41,78.66,31.5,0.48,1.0,0.68,351.81,304.65,273.63,274.15,0.0,0.79,-1152.95,-998.39,-154.55
13:40:00,21/10/2024,79.5,78.7,78.7,79.1,78.2,32.0,31.9,32.1,30.0,-0.33,103,170,2024-10-21 13:40:00,63.1,0.93,58.8,DI water,60,60,90,90,13:39:41,78.84,31.5,0.49,1.0,0.68,351.99,304.65,273.64,274.15,0.0,0.79,-1153.54,-998.39,-155.14
13:40:00,21/10/2024,79.5,78.7,78.7,79.1,78.2,32.0,31.9,32.1,30.0,-0.33,103,170,2024-10-21 13:40:00,63.1,0.93,58.9,DI water,60,60,90,90,13:39:41,78.84,31.5,0.49,1.0,0.68,351.99,304.65,273.64,274.15,0.0,0.79,-1153.54,-998.39,-155.14
13:40:02,21/10/2024,79.5,78.7,78.7,79.1,78.2,32.0,31.9,32.1,30.0,-0.31,103,170,2024-10-21 13:40:02,63.1,0.93,58.8,DI water,60,60,90,90,13:39:41,78.84,31.5,0.49,1.0,0.7,351.99,304.65,273.64,274.15,0.0,0.79,-1069.07,-925.29,-143.78
13:40:07,21/10/2024,79.5,78.7,78.7,79.1,78.2,32.0,31.9,32.1,30.0,-0.31,103,170,2024-10-21 13:40:07,63.1,0.93,58.9,DI water,60,60,90,90,13:39:41,78.84,31.5,0.49,1.0,0.7,351.99,304.65,273.64,274.15,0.0,0.79,-1069.07,-925.29,-143.78
13:40:09,21/10/2024,79.6,78.8,78.9,76.3,76.3,32.0,31.9,32.1,30.0,-0.31,103,170,2024-10-21 13:40:09,63.1,0.93,58.9,DI water,60,60,90,90,13:39:41,77.98,31.5,1.56,1.0,0.7,351.13,304.65,274.71,274.15,0.0,0.77,-1066.46,-925.29,-141.17
13:40:10,21/10/2024,79.6,78.8,78.9,76.3,76.3,32.0,31.9,32.0,30.4,-0.31,103,170,2024-10-21 13:40:10,63.1,0.93,58.8,DI water,60,60,90,90,13:39:41,77.98,31.58,1.56,0.78,0.7,351.13,304.72,274.71,273.93,0.0,0.77,-1066.46,-925.52,-140.94
13:40:13,21/10/2024,79.6,78.8,78.9,76.3,76.3,32.0,31.9,32.0,30.4,-0.31,103,170,2024-10-21 13:40:13,63.1,0.93,58.9,DI water,60,60,90,90,13:39:41,77.98,31.58,1.56,0.78,0.7,351.13,304.72,274.71,273.93,0.0,0.77,-1066.46,-925.52,-140.94
13:40:14,21/10/2024,79.7,78.9,78.9,76.3,76.3,32.0,31.9,32.0,30.4,-0.31,103,170,2024-10-21 13:40:14,63.1,0.93,59.0,DI water,60,60,90,90,13:39:41,78.02,31.58,1.6,0.78,0.7,351.17,304.72,274.75,273.93,0.0,0.77,-1066.58,-925.52,-141.06
13:40:15,21/10/2024,79.7,78.9,78.9,76.0,76.3,32.0,31.9,32.0,30.4,-0.31,103,170,2024-10-21 13:40:15,63.1,0.93,58.9,DI water,60,60,90,90,13:39:41,77.96,31.58,1.69,0.78,0.7,351.11,304.72,274.84,273.93,0.0,0.77,-1066.4,-925.52,-140.88
13:40:22,21/10/2024,79.7,78.9,78.9,76.0,76.3,32.0,31.9,32.1,30.4,-0.31,103,170,2024-10-21 13:40:22,63.1,0.93,58.8,DI water,60,60,90,90,13:39:41,77.96,31.6,1.69,0.8,0.7,351.11,304.75,274.84,273.95,0.0,0.77,-1066.4,-925.59,-140.81
13:40:22,21/10/2024,79.7,78.9,78.9,76.0,76.3,32.0,31.9,32.1,30.4,-0.31,103,170,2024-10-21 13:40:22,63.1,0.93,58.8,DI water,60,60,90,90,13:39:41,77.96,31.6,1.69,0.8,0.7,351.11,304.75,274.84,273.95,0.0,0.77,-1066.4,-925.59,-140.81
13:40:24,21/10/2024,79.8,79.0,79.0,76.9,77.9,32.0,31.9,32.0,30.4,-0.31,103,170,2024-10-21 13:40:24,63.1,0.93,58.9,DI water,60,60,90,90,13:39:41,78.52,31.58,1.13,0.78,0.7,351.67,304.72,274.28,273.93,0.0,0.78,-1068.1,-925.52,-142.58
13:40:26,21/10/2024,79.8,79.0,79.0,76.9,77.9,32.0,31.9,32.0,30.4,-0.3,104,170,2024-10-21 13:40:26,63.1,0.93,58.9,DI water,60,60,90,90,13:39:41,78.52,31.58,1.13,0.78,0.71,351.67,304.72,274.28,273.93,0.0,0.78,-1026.8,-889.73,-137.07
13:40:28,21/10/2024,79.8,79.0,79.0,76.9,77.9,32.0,31.9,32.0,30.4,-0.3,104,170,2024-10-21 13:40:28,63.1,0.93,58.8,DI water,60,60,90,90,13:39:41,78.52,31.58,1.13,0.78,0.71,351.67,304.72,274.28,273.93,0.0,0.78,-1026.8,-889.73,-137.07
13:40:31,21/10/2024,79.8,79.0,79.0,76.9,77.9,32.0,31.9,32.0,30.4,-0.3,104,170,2024-10-21 13:40:31,63.1,0.93,58.9,DI water,60,60,90,90,13:39:41,78.52,31.58,1.13,0.78,0.71,351.67,304.72,274.28,273.93,0.0,0.78,-1026.8,-889.73,-137.07
13:40:33,21/10/2024,79.9,79.1,79.1,76.5,78.2,32.0,31.9,32.0,30.5,-0.31,104,170,2024-10-21 13:40:33,63.1,0.93,58.9,DI water,60,60,90,90,13:39:41,78.56,31.6,1.3,0.73,0.7,351.71,304.75,274.45,273.88,0.0,0.78,-1068.22,-925.59,-142.63
13:40:34,21/10/2024,79.9,79.1,79.1,76.5,78.2,32.0,31.9,32.0,30.5,-0.31,104,170,2024-10-21 13:40:34,63.1,0.93,58.9,DI water,60,60,90,90,13:39:41,78.56,31.6,1.3,0.73,0.7,351.71,304.75,274.45,273.88,0.0,0.78,-1068.22,-925.59,-142.63
13:40:37,21/10/2024,79.9,79.1,79.1,76.5,78.2,32.0,31.9,32.0,30.5,-0.31,104,170,2024-10-21 13:40:37,63.1,0.93,58.8,DI water,60,60,90,90,13:39:41,78.56,31.6,1.3,0.73,0.7,351.71,304.75,274.45,273.88,0.0,0.78,-1068.22,-925.59,-142.63
13:40:40,21/10/2024,80.1,79.2,79.1,77.6,78.3,32.0,31.9,32.0,30.5,-0.31,104,170,2024-10-21 13:40:40,63.1,0.93,59.0,DI water,60,60,90,90,13:39:41,78.86,31.6,0.95,0.73,0.7,352.01,304.75,274.1,273.88,0.0,0.79,-1069.13,-925.59,-143.54
13:40:41,21/10/2024,80.1,79.2,79.1,77.6,78.3,32.0,31.9,32.0,30.7,-0.3,104,170,2024-10-21 13:40:41,63.1,0.93,58.9,DI water,60,60,90,90,13:39:41,78.86,31.65,0.95,0.64,0.71,352.01,304.8,274.1,273.79,0.0,0.79,-1027.8,-889.95,-137.84
13:40:43,21/10/2024,80.1,79.2,79.1,77.6,78.3,32.0,31.9,32.0,30.7,-0.3,104,170,2024-10-21 13:40:43,63.1,0.93,58.8,DI water,60,60,90,90,13:39:41,78.86,31.65,0.95,0.64,0.71,352.01,304.8,274.1,273.79,0.0,0.79,-1027.8,-889.95,-137.84
13:40:45,21/10/2024,80.1,79.2,79.1,77.6,78.3,32.0,31.9,32.0,30.7,-0.3,104,170,2024-10-21 13:40:45,63.1,0.93,58.8,DI water,60,60,90,90,13:39:41,78.86,31.65,0.95,0.64,0.71,352.01,304.8,274.1,273.79,0.0,0.79,-1027.8,-889.95,-137.84
13:40:48,21/10/2024,80.3,79.4,79.3,79.2,76.2,32.0,32.0,32.2,31.0,-0.29,104,170,2024-10-21 13:40:48,63.1,0.93,58.9,DI water,60,60,90,90,13:39:41,78.88,31.8,1.56,0.54,0.72,352.03,304.95,274.71,273.69,0.0,0.78,-987.09,-855.08,-132.01
13:40:52,21/10/2024,80.3,79.4,79.3,79.2,76.2,32.0,32.0,32.2,31.0,-0.29,104,170,2024-10-21 13:40:52,63.1,0.93,58.9,DI water,60,60,90,90,13:39:41,78.88,31.8,1.56,0.54,0.72,352.03,304.95,274.71,273.69,0.0,0.78,-987.09,-855.08,-132.01
13:40:53,21/10/2024,80.4,79.5,79.4,79.6,76.9,32.0,32.0,32.2,31.0,-0.29,104,170,2024-10-21 13:40:53,63.1,0.93,58.9,DI water,60,60,90,90,13:39:41,79.16,31.8,1.32,0.54,0.72,352.31,304.95,274.47,273.69,0.0,0.79,-987.88,-855.08,-132.8
13:40:54,21/10/2024,80.4,79.5,79.4,79.6,76.9,32.0,32.0,32.2,31.0,-0.31,104,170,2024-10-21 13:40:54,63.1,0.93,58.8,DI water,60,60,90,90,13:39:41,79.16,31.8,1.32,0.54,0.7,352.31,304.95,274.47,273.69,0.0,0.79,-1070.04,-926.2,-143.84
13:40:55,21/10/2024,80.4,79.5,79.4,79.6,76.9,32.0,32.0,32.2,31.0,-0.31,104,170,2024-10-21 13:40:55,63.1,0.93,58.8,DI water,60,60,90,90,13:39:41,79.16,31.8,1.32,0.54,0.7,352.31,304.95,274.47,273.69,0.0,0.79,-1070.04,-926.2,-143.84
13:40:59,21/10/2024,80.4,79.5,79.4,79.6,76.9,32.0,32.0,32.2,31.0,-0.31,104,170,2024-10-21 13:40:59,63.1,0.93,58.9,DI water,60,60,90,90,13:39:41,79.16,31.8,1.32,0.54,0.7,352.31,304.95,274.47,273.69,0.0,0.79,-1070.04,-926.2,-143.84
13:41:00,21/10/2024,80.4,79.5,79.4,79.6,76.9,32.0,32.0,32.2,31.0,-0.31,104,170,2024-10-21 13:41:00,63.1,0.93,58.9,DI water,60,60,90,90,13:39:41,79.16,31.8,1.32,0.54,0.7,352.31,304.95,274.47,273.69,0.0,0.79,-1070.04,-926.2,-143.84
13:41:01,21/10/2024,80.5,79.6,79.6,79.8,76.9,32.0,32.0,32.2,31.0,-0.31,104,170,2024-10-21 13:41:01,63.1,0.93,58.9,DI water,60,60,90,90,13:39:41,79.28,31.8,1.38,0.54,0.7,352.43,304.95,274.53,273.69,0.0,0.79,-1070.41,-926.2,-144.21
13:41:03,21/10/2024,80.5,79.6,79.6,79.8,78.1,32.0,32.0,32.2,31.0,-0.32,104,170,2024-10-21 13:41:03,63.1,0.93,58.9,DI water,60,60,90,90,13:39:41,79.52,31.8,0.88,0.54,0.69,352.67,304.95,274.03,273.69,0.0,0.8,-1113.15,-962.53,-150.62
13:41:08,21/10/2024,80.5,79.6,79.6,79.8,78.1,32.0,32.0,32.2,31.0,-0.32,104,170,2024-10-21 13:41:08,63.1,0.93,58.8,DI water,60,60,90,90,13:39:41,79.52,31.8,0.88,0.54,0.69,352.67,304.95,274.03,273.69,0.0,0.8,-1113.15,-962.53,-150.62
13:41:09,21/10/2024,80.5,79.6,79.6,79.8,78.1,32.0,32.0,32.2,31.0,-0.32,104,170,2024-10-21 13:41:09,63.1,0.93,58.8,DI water,60,60,90,90,13:39:41,79.52,31.8,0.88,0.54,0.69,352.67,304.95,274.03,273.69,0.0,0.8,-1113.15,-962.53,-150.62
13:41:10,21/10/2024,80.6,79.7,79.7,80.1,78.9,32.0,32.0,32.2,31.0,-0.32,104,170,2024-10-21 13:41:10,63.1,0.93,58.8,DI water,60,60,90,90,13:39:41,79.8,31.8,0.62,0.54,0.69,352.95,304.95,273.77,273.69,0.0,0.8,-1114.03,-962.53,-151.5
13:41:11,21/10/2024,80.6,79.7,79.7,80.1,78.9,32.1,32.0,32.2,30.9,-0.31,104,170,2024-10-21 13:41:11,63.1,0.93,58.8,DI water,60,60,90,90,13:39:41,79.8,31.8,0.62,0.61,0.7,352.95,304.95,273.77,273.76,0.0,0.8,-1071.99,-926.2,-145.79
13:41:12,21/10/2024,80.6,79.7,79.7,80.1,78.9,32.1,32.0,32.2,30.9,-0.31,104,170,2024-10-21 13:41:12,63.1,0.93,58.8,DI water,60,60,90,90,13:39:41,79.8,31.8,0.62,0.61,0.7,352.95,304.95,273.77,273.76,0.0,0.8,-1071.99,-926.2,-145.79
13:41:14,21/10/2024,80.6,79.7,79.7,80.1,78.9,32.1,32.0,32.2,30.9,-0.31,104,170,2024-10-21 13:41:14,63.1,0.93,58.8,DI water,60,60,90,90,13:39:41,79.8,31.8,0.62,0.61,0.7,352.95,304.95,273.77,273.76,0.0,0.8,-1071.99,-926.2,-145.79
13:41:16,21/10/2024,80.7,79.8,79.8,80.2,79.1,32.1,32.0,32.2,30.9,-0.31,104,170,2024-10-21 13:41:16,63.1,0.93,58.7,DI water,60,60,90,90,13:39:41,79.92,31.8,0.59,0.61,0.7,353.07,304.95,273.74,273.76,0.0,0.8,-1072.35,-926.2,-146.15
13:41:18,21/10/2024,80.7,79.8,79.8,80.2,79.1,32.1,32.0,32.2,30.9,-0.32,105,170,2024-10-21 13:41:18,63.1,0.93,58.8,DI water,60,60,90,90,13:39:41,79.92,31.8,0.59,0.61,0.69,353.07,304.95,273.74,273.76,0.0,0.8,-1114.41,-962.53,-151.88
13:41:20,21/10/2024,80.7,79.8,79.8,80.2,79.1,32.1,32.0,32.2,30.9,-0.32,105,170,2024-10-21 13:41:20,63.1,0.93,58.8,DI water,60,60,90,90,13:39:41,79.92,31.8,0.59,0.61,0.69,353.07,304.95,273.74,273.76,0.0,0.8,-1114.41,-962.53,-151.88
13:41:22,21/10/2024,80.7,79.8,79.8,80.2,79.1,32.1,32.0,32.2,30.9,-0.32,105,170,2024-10-21 13:41:22,63.1,0.93,58.8,DI water,60,60,90,90,13:39:41,79.92,31.8,0.59,0.61,0.69,353.07,304.95,273.74,273.76,0.0,0.8,-1114.41,-962.53,-151.88
13:41:24,21/10/2024,80.7,79.8,79.8,80.2,79.1,32.1,32.0,32.2,30.9,-0.32,105,170,2024-10-21 13:41:24,63.1,0.93,58.8,DI water,60,60,90,90,13:39:41,79.92,31.8,0.59,0.61,0.69,353.07,304.95,273.74,273.76,0.0,0.8,-1114.41,-962.53,-151.88
13:41:25,21/10/2024,80.8,80.0,80.1,80.5,79.4,32.1,32.0,32.2,30.9,-0.32,105,170,2024-10-21 13:41:25,63.0,0.93,58.7,DI water,60,60,90,90,13:39:41,80.16,31.8,0.53,0.61,0.69,353.31,304.95,273.68,273.76,0.0,0.81,-1115.17,-962.53,-152.64
13:41:27,21/10/2024,80.8,80.0,80.1,80.5,79.4,32.1,32.0,32.2,30.9,-0.32,105,170,2024-10-21 13:41:27,63.1,0.93,58.7,DI water,60,60,90,90,13:39:41,80.16,31.8,0.53,0.61,0.69,353.31,304.95,273.68,273.76,0.0,0.81,-1115.17,-962.53,-152.64
13:41:31,21/10/2024,80.9,80.0,80.1,80.5,79.4,32.1,32.0,32.2,30.9,-0.32,105,170,2024-10-21 13:41:31,63.1,0.93,58.8,DI water,60,60,90,90,13:39:41,80.18,31.8,0.56,0.61,0.69,353.33,304.95,273.71,273.76,0.0,0.81,-1115.23,-962.53,-152.7
13:41:32,21/10/2024,80.9,80.1,80.2,80.6,79.6,32.1,32.0,32.2,30.9,-0.32,105,170,2024-10-21 13:41:32,63.1,0.93,58.8,DI water,60,60,90,90,13:39:41,80.28,31.8,0.5,0.61,0.69,353.43,304.95,273.65,273.76,0.0,0.81,-1115.55,-962.53,-153.02
13:41:33,21/10/2024,80.9,80.1,80.2,80.6,79.6,32.1,32.0,32.2,30.9,-0.31,105,170,2024-10-21 13:41:33,63.0,0.93,58.7,DI water,60,60,90,90,13:39:41,80.28,31.8,0.5,0.61,0.7,353.43,304.95,273.65,273.76,0.0,0.81,-1073.45,-926.2,-147.24
13:41:36,21/10/2024,80.9,80.1,80.2,80.6,79.6,32.1,32.0,32.2,30.9,-0.31,105,170,2024-10-21 13:41:36,63.1,0.93,58.7,DI water,60,60,90,90,13:39:41,80.28,31.8,0.5,0.61,0.7,353.43,304.95,273.65,273.76,0.0,0.81,-1073.45,-926.2,-147.24
13:41:38,21/10/2024,80.9,80.1,80.2,80.6,79.6,32.1,32.0,32.2,30.9,-0.31,105,170,2024-10-21 13:41:38,63.0,0.93,58.8,DI water,60,60,90,90,13:39:41,80.28,31.8,0.5,0.61,0.7,353.43,304.95,273.65,273.76,0.0,0.81,-1073.45,-926.2,-147.24
13:41:41,21/10/2024,81.1,80.3,80.4,80.8,79.7,32.1,32.0,32.2,30.9,-0.31,105,170,2024-10-21 13:41:41,63.0,0.93,58.6,DI water,60,60,90,90,13:39:41,80.46,31.8,0.53,0.61,0.7,353.61,304.95,273.68,273.76,0.0,0.81,-1073.99,-926.2,-147.79
13:41:44,21/10/2024,81.1,80.3,80.4,80.8,79.7,32.1,32.0,32.2,30.9,-0.31,105,170,2024-10-21 13:41:44,63.0,0.93,58.6,DI water,60,60,90,90,13:39:41,80.46,31.8,0.53,0.61,0.7,353.61,304.95,273.68,273.76,0.0,0.81,-1073.99,-926.2,-147.79
13:41:46,21/10/2024,81.2,80.4,80.5,80.9,79.9,32.1,32.0,32.2,30.9,-0.31,105,170,2024-10-21 13:41:46,63.0,0.93,58.7,DI water,60,60,90,90,13:39:41,80.58,31.8,0.5,0.61,0.7,353.73,304.95,273.65,273.76,0.0,0.81,-1074.36,-926.2,-148.16
13:41:54,21/10/2024,81.2,80.4,80.5,80.9,79.9,32.1,32.1,32.2,30.8,-0.31,106,170,2024-10-21 13:41:54,63.0,0.93,58.7,DI water,60,60,90,90,13:39:41,80.58,31.8,0.5,0.67,0.7,353.73,304.95,273.65,273.82,0.0,0.81,-1074.36,-926.2,-148.16
13:41:55,21/10/2024,81.3,80.6,80.7,81.2,80.2,32.1,32.1,32.2,30.8,-0.31,106,170,2024-10-21 13:41:55,63.0,0.93,58.6,DI water,60,60,90,90,13:39:41,80.8,31.8,0.45,0.67,0.7,353.95,304.95,273.6,273.82,0.0,0.82,-1075.03,-926.2,-148.82
13:41:59,21/10/2024,81.3,80.6,80.7,81.2,80.2,32.2,32.1,32.2,30.8,-0.31,106,170,2024-10-21 13:41:59,63.0,0.93,58.8,DI water,60,60,90,90,13:39:41,80.8,31.83,0.45,0.68,0.7,353.95,304.97,273.6,273.83,0.0,0.82,-1075.03,-926.28,-148.75
13:42:00,21/10/2024,81.3,80.6,80.7,81.2,80.2,32.2,32.1,32.2,30.8,-0.31,106,170,2024-10-21 13:42:00,63.0,0.93,58.7,DI water,60,60,90,90,13:39:41,80.8,31.83,0.45,0.68,0.7,353.95,304.97,273.6,273.83,0.0,0.82,-1075.03,-926.28,-148.75
13:42:01,21/10/2024,81.3,80.6,80.7,81.2,80.2,32.2,32.1,32.2,30.8,-0.31,106,170,2024-10-21 13:42:01,63.0,0.93,58.6,DI water,60,60,90,90,13:39:41,80.8,31.83,0.45,0.68,0.7,353.95,304.97,273.6,273.83,0.0,0.82,-1075.03,-926.28,-148.75
13:42:04,21/10/2024,81.5,80.7,80.8,81.3,80.3,32.2,32.1,32.2,30.8,-0.3,106,170,2024-10-21 13:42:04,63.0,0.93,58.6,DI water,60,60,90,90,13:39:41,80.92,31.83,0.48,0.68,0.71,354.07,304.97,273.63,273.83,0.0,0.82,-1033.81,-890.46,-143.35
13:42:05,21/10/2024,81.5,80.7,80.8,81.3,80.3,32.2,32.1,32.2,30.8,-0.3,106,170,2024-10-21 13:42:05,63.0,0.93,58.7,DI water,60,60,90,90,13:39:41,80.92,31.83,0.48,0.68,0.71,354.07,304.97,273.63,273.83,0.0,0.82,-1033.81,-890.46,-143.35
13:42:06,21/10/2024,81.5,80.7,80.8,81.3,80.3,32.2,32.1,32.2,30.8,-0.3,106,170,2024-10-21 13:42:06,63.1,0.93,58.7,DI water,60,60,90,90,13:39:41,80.92,31.83,0.48,0.68,0.71,354.07,304.97,273.63,273.83,0.0,0.82,-1033.81,-890.46,-143.35
13:42:07,21/10/2024,81.5,80.7,80.8,81.3,80.3,32.2,32.1,32.2,30.8,-0.3,106,170,2024-10-21 13:42:07,65.2,0.96,62.7,DI water,60,60,90,90,13:39:41,80.92,31.83,0.48,0.68,0.71,354.07,304.97,273.63,273.83,0.0,0.82,-1033.81,-890.46,-143.35
13:42:10,21/10/2024,81.5,80.7,80.8,81.3,80.3,32.2,32.1,32.2,30.8,-0.3,106,170,2024-10-21 13:42:10,65.2,0.96,62.8,DI water,60,60,90,90,13:39:41,80.92,31.83,0.48,0.68,0.71,354.07,304.97,273.63,273.83,0.0,0.82,-1033.81,-890.46,-143.35
13:42:13,21/10/2024,81.6,80.9,81.0,81.5,80.5,32.1,32.0,32.2,30.7,-0.31,106,170,2024-10-21 13:42:13,65.2,0.96,62.8,DI water,60,60,90,90,13:39:41,81.1,31.75,0.45,0.7,0.7,354.25,304.9,273.6,273.85,0.0,0.82,-1075.94,-926.05,-149.89
13:42:14,21/10/2024,81.6,80.9,81.0,81.5,80.5,32.1,32.0,32.2,30.7,-0.31,106,170,2024-10-21 13:42:14,65.1,0.96,62.5,DI water,60,60,90,90,13:39:41,81.1,31.75,0.45,0.7,0.7,354.25,304.9,273.6,273.85,0.0,0.82,-1075.94,-926.05,-149.89
13:42:20,21/10/2024,81.6,80.9,81.0,81.5,80.5,32.1,32.0,32.2,30.7,-0.31,106,170,2024-10-21 13:42:20,63.6,0.94,59.6,DI water,60,60,90,90,13:39:41,81.1,31.75,0.45,0.7,0.7,354.25,304.9,273.6,273.85,0.0,0.82,-1075.94,-926.05,-149.89
13:42:21,21/10/2024,81.8,81.0,81.3,81.8,80.7,32.1,32.0,32.2,30.7,-0.31,106,170,2024-10-21 13:42:21,63.6,0.94,59.7,DI water,60,60,90,90,13:39:41,81.32,31.75,0.49,0.7,0.7,354.47,304.9,273.64,273.85,0.0,0.83,-1076.61,-926.05,-150.56
13:42:22,21/10/2024,81.8,81.0,81.3,81.8,80.7,32.1,32.0,32.2,30.7,-0.31,106,170,2024-10-21 13:42:22,63.6,0.94,59.8,DI water,60,60,90,90,13:39:41,81.32,31.75,0.49,0.7,0.7,354.47,304.9,273.64,273.85,0.0,0.83,-1076.61,-926.05,-150.56
13:42:24,21/10/2024,81.8,81.0,81.3,81.8,80.7,32.1,32.0,32.2,30.7,-0.32,107,170,2024-10-21 13:42:24,63.6,0.94,59.7,DI water,60,60,90,90,13:39:41,81.32,31.75,0.49,0.7,0.69,354.47,304.9,273.64,273.85,0.0,0.83,-1118.83,-962.37,-156.46
13:42:25,21/10/2024,81.8,81.1,81.3,81.8,80.7,32.1,32.0,32.2,30.7,-0.32,107,170,2024-10-21 13:42:25,63.6,0.94,59.6,DI water,60,60,90,90,13:39:41,81.34,31.75,0.47,0.7,0.69,354.49,304.9,273.62,273.85,0.0,0.83,-1118.89,-962.37,-156.52
13:42:26,21/10/2024,81.8,81.1,81.3,81.9,80.8,32.1,32.0,32.2,30.7,-0.32,107,170,2024-10-21 13:42:26,63.5,0.94,59.7,DI water,60,60,90,90,13:39:41,81.38,31.75,0.47,0.7,0.69,354.53,304.9,273.62,273.85,0.0,0.83,-1119.02,-962.37,-156.65
13:42:28,21/10/2024,81.8,81.1,81.3,81.9,80.8,32.1,32.0,32.2,30.6,-0.31,107,170,2024-10-21 13:42:28,63.6,0.94,59.7,DI water,60,60,90,90,13:39:41,81.38,31.72,0.47,0.75,0.7,354.53,304.88,273.62,273.9,0.0,0.83,-1076.79,-925.97,-150.81
13:42:30,21/10/2024,81.8,81.1,81.3,81.9,80.8,32.1,32.0,32.2,30.6,-0.31,107,170,2024-10-21 13:42:30,63.6,0.94,59.6,DI water,60,60,90,90,13:39:41,81.38,31.72,0.47,0.75,0.7,354.53,304.88,273.62,273.9,0.0,0.83,-1076.79,-925.97,-150.81
13:42:31,21/10/2024,81.8,81.1,81.3,81.9,80.8,32.1,32.0,32.2,30.6,-0.31,107,170,2024-10-21 13:42:31,63.6,0.94,59.7,DI water,60,60,90,90,13:39:41,81.38,31.72,0.47,0.75,0.7,354.53,304.88,273.62,273.9,0.0,0.83,-1076.79,-925.97,-150.81
13:42:32,21/10/2024,82.0,81.3,81.5,82.0,80.8,32.1,32.0,32.2,30.6,-0.31,107,170,2024-10-21 13:42:32,63.5,0.94,59.7,DI water,60,60,90,90,13:39:41,81.52,31.72,0.51,0.75,0.7,354.67,304.88,273.66,273.9,0.0,0.83,-1077.21,-925.97,-151.24
13:42:34,21/10/2024,82.0,81.3,81.5,82.0,80.9,32.1,32.0,32.2,30.6,-0.31,107,170,2024-10-21 13:42:34,63.6,0.94,59.6,DI water,60,60,90,90,13:39:41,81.54,31.72,0.47,0.75,0.7,354.69,304.88,273.62,273.9,0.0,0.83,-1077.27,-925.97,-151.3
13:42:37,21/10/2024,82.0,81.3,81.5,82.0,80.9,32.1,32.0,32.2,30.6,-0.31,107,170,2024-10-21 13:42:37,63.6,0.94,59.8,DI water,60,60,90,90,13:39:41,81.54,31.72,0.47,0.75,0.7,354.69,304.88,273.62,273.9,0.0,0.83,-1077.27,-925.97,-151.3
13:42:38,21/10/2024,82.0,81.3,81.5,82.0,80.9,32.1,32.0,32.2,30.6,-0.31,107,170,2024-10-21 13:42:38,63.6,0.94,59.7,DI water,60,60,90,90,13:39:41,81.54,31.72,0.47,0.75,0.7,354.69,304.88,273.62,273.9,0.0,0.83,-1077.27,-925.97,-151.3
13:42:41,21/10/2024,82.0,81.3,81.5,82.0,80.9,32.1,32.0,32.2,30.6,-0.31,107,170,2024-10-21 13:42:41,63.6,0.94,59.8,DI water,60,60,90,90,13:39:41,81.54,31.72,0.47,0.75,0.7,354.69,304.88,273.62,273.9,0.0,0.83,-1077.27,-925.97,-151.3
13:42:44,21/10/2024,82.3,81.5,81.6,82.2,81.1,32.1,32.0,32.2,30.5,-0.3,107,170,2024-10-21 13:42:44,63.6,0.94,59.5,DI water,60,60,90,90,13:39:41,81.74,31.7,0.5,0.8,0.71,354.89,304.85,273.65,273.95,0.0,0.83,-1036.21,-890.1,-146.11
13:42:45,21/10/2024,82.3,81.5,81.6,82.2,81.1,32.1,32.0,32.2,30.5,-0.3,107,170,2024-10-21 13:42:45,63.6,0.94,59.7,DI water,60,60,90,90,13:39:41,81.74,31.7,0.5,0.8,0.71,354.89,304.85,273.65,273.95,0.0,0.83,-1036.21,-890.1,-146.11
13:42:46,21/10/2024,82.3,81.5,81.6,82.2,81.1,32.1,32.0,32.2,30.5,-0.3,107,170,2024-10-21 13:42:46,63.6,0.94,59.8,DI water,60,60,90,90,13:39:41,81.74,31.7,0.5,0.8,0.71,354.89,304.85,273.65,273.95,0.0,0.83,-1036.21,-890.1,-146.11
13:42:47,21/10/2024,82.3,81.5,81.6,82.2,81.1,32.1,32.0,32.2,30.5,-0.3,107,170,2024-10-21 13:42:47,63.6,0.94,59.7,DI water,60,60,90,90,13:39:41,81.74,31.7,0.5,0.8,0.71,354.89,304.85,273.65,273.95,0.0,0.83,-1036.21,-890.1,-146.11
13:42:49,21/10/2024,82.4,81.6,81.7,82.4,81.2,32.1,32.0,32.2,30.5,-0.3,107,170,2024-10-21 13:42:49,63.6,0.94,59.6,DI water,60,60,90,90,13:39:41,81.86,31.7,0.53,0.8,0.71,355.01,304.85,273.68,273.95,0.0,0.84,-1036.56,-890.1,-146.46
13:42:52,21/10/2024,82.4,81.6,81.7,82.4,81.2,32.1,32.0,32.2,30.6,-0.3,107,170,2024-10-21 13:42:52,63.6,0.94,59.6,DI water,60,60,90,90,13:39:41,81.86,31.72,0.53,0.75,0.71,355.01,304.88,273.68,273.9,0.0,0.84,-1036.56,-890.17,-146.38
13:42:54,21/10/2024,82.4,81.7,81.8,82.4,81.3,32.1,32.0,32.2,30.6,-0.3,107,170,2024-10-21 13:42:54,63.6,0.94,59.8,DI water,60,60,90,90,13:39:41,81.92,31.72,0.48,0.75,0.71,355.07,304.88,273.63,273.9,0.0,0.84,-1036.73,-890.17,-146.56
13:42:56,21/10/2024,82.4,81.7,81.8,82.4,81.3,32.1,32.0,32.2,30.5,-0.32,107,170,2024-10-21 13:42:56,63.6,0.94,59.7,DI water,60,60,90,90,13:39:41,81.92,31.7,0.48,0.8,0.69,355.07,304.85,273.63,273.95,0.0,0.84,-1120.72,-962.21,-158.51
13:42:58,21/10/2024,82.4,81.7,81.8,82.4,81.3,32.1,32.0,32.2,30.5,-0.32,107,170,2024-10-21 13:42:58,63.6,0.94,59.8,DI water,60,60,90,90,13:39:41,81.92,31.7,0.48,0.8,0.69,355.07,304.85,273.63,273.95,0.0,0.84,-1120.72,-962.21,-158.51
13:43:00,21/10/2024,82.5,81.8,82.0,82.5,81.5,32.1,32.0,32.2,30.5,-0.32,107,170,2024-10-21 13:43:00,63.6,0.94,59.7,DI water,60,60,90,90,13:39:41,82.06,31.7,0.44,0.8,0.69,355.21,304.85,273.59,273.95,0.0,0.84,-1121.16,-962.21,-158.95
13:43:01,21/10/2024,82.5,81.8,82.0,82.5,81.5,32.2,32.1,32.3,30.5,-0.32,107,170,2024-10-21 13:43:01,63.6,0.94,59.5,DI water,60,60,90,90,13:39:41,82.06,31.78,0.44,0.85,0.69,355.21,304.92,273.59,274.0,0.0,0.84,-1121.16,-962.45,-158.72
13:43:04,21/10/2024,82.5,81.8,82.0,82.5,81.5,32.2,32.1,32.3,30.5,-0.31,107,170,2024-10-21 13:43:04,63.6,0.94,59.6,DI water,60,60,90,90,13:39:41,82.06,31.78,0.44,0.85,0.7,355.21,304.92,273.59,274.0,0.0,0.84,-1078.85,-926.13,-152.73
13:43:06,21/10/2024,82.5,81.8,82.0,82.5,81.5,32.2,32.1,32.3,30.5,-0.31,107,170,2024-10-21 13:43:06,63.6,0.94,59.8,DI water,60,60,90,90,13:39:41,82.06,31.78,0.44,0.85,0.7,355.21,304.92,273.59,274.0,0.0,0.84,-1078.85,-926.13,-152.73
13:43:07,21/10/2024,82.5,81.8,82.0,82.5,81.5,32.2,32.1,32.3,30.5,-0.31,107,170,2024-10-21 13:43:07,63.6,0.94,59.8,DI water,60,60,90,90,13:39:41,82.06,31.78,0.44,0.85,0.7,355.21,304.92,273.59,274.0,0.0,0.84,-1078.85,-926.13,-152.73
13:43:09,21/10/2024,82.7,81.9,82.1,82.7,81.7,32.2,32.1,32.3,30.5,-0.31,107,170,2024-10-21 13:43:09,63.6,0.94,59.8,DI water,60,60,90,90,13:39:41,82.22,31.78,0.46,0.85,0.7,355.37,304.92,273.61,274.0,0.0,0.84,-1079.34,-926.13,-153.21
13:43:11,21/10/2024,82.7,81.9,82.1,82.7,81.7,32.2,32.1,32.3,30.5,-0.3,108,170,2024-10-21 13:43:11,63.6,0.94,59.8,DI water,60,60,90,90,13:39:41,82.22,31.78,0.46,0.85,0.71,355.37,304.92,273.61,274.0,0.0,0.84,-1037.61,-890.32,-147.29
13:43:12,21/10/2024,82.7,81.9,82.1,82.7,81.7,32.2,32.1,32.3,30.5,-0.3,108,170,2024-10-21 13:43:12,63.6,0.94,59.5,DI water,60,60,90,90,13:39:41,82.22,31.78,0.46,0.85,0.71,355.37,304.92,273.61,274.0,0.0,0.84,-1037.61,-890.32,-147.29
13:43:13,21/10/2024,82.7,81.9,82.1,82.7,81.7,32.2,32.1,32.3,30.5,-0.3,108,170,2024-10-21 13:43:13,63.6,0.94,59.6,DI water,60,60,90,90,13:39:41,82.22,31.78,0.46,0.85,0.71,355.37,304.92,273.61,274.0,0.0,0.84,-1037.61,-890.32,-147.29
13:43:16,21/10/2024,82.7,81.9,82.1,82.7,81.7,32.2,32.1,32.3,30.5,-0.3,108,170,2024-10-21 13:43:16,63.5,0.94,59.5,DI water,60,60,90,90,13:39:41,82.22,31.78,0.46,0.85,0.71,355.37,304.92,273.61,274.0,0.0,0.84,-1037.61,-890.32,-147.29
13:43:18,21/10/2024,82.8,82.1,82.2,82.8,81.8,32.2,32.1,32.2,30.5,-0.3,108,170,2024-10-21 13:43:18,63.6,0.94,59.7,DI water,60,60,90,90,13:39:41,82.34,31.75,0.44,0.83,0.71,355.49,304.9,273.59,273.98,0.0,0.84,-1037.96,-890.25,-147.71
13:43:19,21/10/2024,82.8,82.1,82.2,82.8,81.8,32.2,32.1,32.2,30.5,-0.29,108,170,2024-10-21 13:43:19,63.6,0.94,59.8,DI water,60,60,90,90,13:39:41,82.34,31.75,0.44,0.83,0.72,355.49,304.9,273.59,273.98,0.0,0.84,-996.79,-854.94,-141.85
13:43:21,21/10/2024,82.8,82.1,82.2,82.8,81.8,32.2,32.1,32.2,30.5,-0.29,108,170,2024-10-21 13:43:21,63.6,0.94,59.5,DI water,60,60,90,90,13:39:41,82.34,31.75,0.44,0.83,0.72,355.49,304.9,273.59,273.98,0.0,0.84,-996.79,-854.94,-141.85
13:43:22,21/10/2024,82.9,82.1,82.3,82.9,81.9,32.2,32.1,32.2,30.5,-0.29,108,170,2024-10-21 13:43:22,63.5,0.94,59.6,DI water,60,60,90,90,13:39:41,82.42,31.75,0.46,0.83,0.72,355.57,304.9,273.61,273.98,0.0,0.84,-997.02,-854.94,-142.08
13:43:25,21/10/2024,82.9,82.1,82.3,82.9,81.9,32.2,32.1,32.2,30.5,-0.31,108,170,2024-10-21 13:43:25,63.5,0.94,59.5,DI water,60,60,90,90,13:39:41,82.42,31.75,0.46,0.83,0.7,355.57,304.9,273.61,273.98,0.0,0.84,-1079.95,-926.05,-153.9
13:43:26,21/10/2024,82.9,82.1,82.3,82.9,81.9,32.2,32.1,32.2,30.5,-0.31,108,170,2024-10-21 13:43:26,63.6,0.94,59.7,DI water,60,60,90,90,13:39:41,82.42,31.75,0.46,0.83,0.7,355.57,304.9,273.61,273.98,0.0,0.84,-1079.95,-926.05,-153.9
13:43:30,21/10/2024,82.9,82.1,82.3,82.9,81.9,32.2,32.1,32.2,30.5,-0.31,108,170,2024-10-21 13:43:30,63.6,0.94,59.8,DI water,60,60,90,90,13:39:41,82.42,31.75,0.46,0.83,0.7,355.57,304.9,273.61,273.98,0.0,0.84,-1079.95,-926.05,-153.9
13:43:33,21/10/2024,83.1,82.3,82.6,83.1,82.1,32.2,32.1,32.3,30.4,-0.31,109,170,2024-10-21 13:43:33,63.5,0.94,59.5,DI water,60,60,90,90,13:39:41,82.64,31.75,0.46,0.9,0.7,355.79,304.9,273.61,274.05,0.0,0.85,-1080.61,-926.05,-154.56
13:43:35,21/10/2024,83.1,82.3,82.6,83.1,82.1,32.2,32.1,32.3,30.4,-0.31,109,170,2024-10-21 13:43:35,63.5,0.94,59.5,DI water,60,60,90,90,13:39:41,82.64,31.75,0.46,0.9,0.7,355.79,304.9,273.61,274.05,0.0,0.85,-1080.61,-926.05,-154.56
13:43:39,21/10/2024,83.1,82.3,82.6,83.1,82.1,32.2,32.1,32.3,30.4,-0.31,109,170,2024-10-21 13:43:39,63.5,0.94,59.7,DI water,60,60,90,90,13:39:41,82.64,31.75,0.46,0.9,0.7,355.79,304.9,273.61,274.05,0.0,0.85,-1080.61,-926.05,-154.56
13:43:40,21/10/2024,83.3,82.5,82.7,83.3,82.2,32.2,32.1,32.3,30.4,-0.31,109,170,2024-10-21 13:43:40,63.6,0.94,59.5,DI water,60,60,90,90,13:39:41,82.8,31.75,0.49,0.9,0.7,355.95,304.9,273.64,274.05,0.0,0.85,-1081.1,-926.05,-155.05
13:43:42,21/10/2024,83.3,82.5,82.7,83.3,82.2,32.2,32.1,32.2,30.4,-0.29,109,170,2024-10-21 13:43:42,63.6,0.94,59.8,DI water,60,60,90,90,13:39:41,82.8,31.72,0.49,0.88,0.72,355.95,304.88,273.64,274.03,0.0,0.85,-998.08,-854.87,-143.21
13:43:49,21/10/2024,83.4,82.5,82.7,83.3,82.2,32.2,32.1,32.2,30.4,-0.29,109,170,2024-10-21 13:43:49,63.6,0.94,59.8,DI water,60,60,90,90,13:39:41,82.82,31.72,0.52,0.88,0.72,355.97,304.88,273.67,274.03,0.0,0.85,-998.14,-854.87,-143.27
13:43:49,21/10/2024,83.4,82.5,82.7,83.3,82.2,32.2,32.1,32.2,30.4,-0.29,109,170,2024-10-21 13:43:49,63.6,0.94,59.7,DI water,60,60,90,90,13:39:41,82.82,31.72,0.52,0.88,0.72,355.97,304.88,273.67,274.03,0.0,0.85,-998.14,-854.87,-143.27
13:43:50,21/10/2024,83.4,82.7,82.9,83.5,82.4,32.2,32.1,32.2,30.4,-0.29,109,170,2024-10-21 13:43:50,63.6,0.94,59.5,DI water,60,60,90,90,13:39:41,82.98,31.72,0.47,0.88,0.72,356.13,304.88,273.62,274.03,0.0,0.85,-998.59,-854.87,-143.72
13:43:52,21/10/2024,83.4,82.7,82.9,83.5,82.4,32.2,32.1,32.2,30.4,-0.31,109,170,2024-10-21 13:43:52,63.6,0.94,59.7,DI water,60,60,90,90,13:39:41,82.98,31.72,0.47,0.88,0.7,356.13,304.88,273.62,274.03,0.0,0.85,-1081.65,-925.97,-155.67
13:43:57,21/10/2024,83.6,82.7,82.9,83.5,82.4,32.2,32.1,32.2,30.4,-0.31,109,170,2024-10-21 13:43:57,63.6,0.94,59.8,DI water,60,60,90,90,13:39:41,83.02,31.72,0.52,0.88,0.7,356.17,304.88,273.67,274.03,0.0,0.85,-1081.77,-925.97,-155.79
13:43:58,21/10/2024,83.6,82.8,83.0,83.6,82.6,32.3,32.1,32.2,30.4,-0.31,109,170,2024-10-21 13:43:58,63.6,0.94,59.5,DI water,60,60,90,90,13:39:41,83.12,31.75,0.46,0.9,0.7,356.27,304.9,273.61,274.05,0.0,0.86,-1082.07,-926.05,-156.02
13:43:59,21/10/2024,83.6,82.8,83.0,83.6,82.6,32.3,32.1,32.3,30.3,-0.29,109,170,2024-10-21 13:43:59,63.6,0.94,59.5,DI water,60,60,90,90,13:39:41,83.12,31.75,0.46,0.97,0.72,356.27,304.9,273.61,274.12,0.0,0.86,-998.98,-854.94,-144.04
13:44:01,21/10/2024,83.6,82.8,83.0,83.6,82.6,32.3,32.1,32.3,30.3,-0.29,109,170,2024-10-21 13:44:01,63.6,0.94,59.8,DI water,60,60,90,90,13:39:41,83.12,31.75,0.46,0.97,0.72,356.27,304.9,273.61,274.12,0.0,0.86,-998.98,-854.94,-144.04
13:44:03,21/10/2024,83.6,82.8,83.0,83.6,82.6,32.3,32.1,32.3,30.3,-0.29,109,170,2024-10-21 13:44:03,63.6,0.94,59.6,DI water,60,60,90,90,13:39:41,83.12,31.75,0.46,0.97,0.72,356.27,304.9,273.61,274.12,0.0,0.86,-998.98,-854.94,-144.04
13:44:05,21/10/2024,83.7,82.9,83.1,83.8,82.6,32.2,32.1,32.3,30.3,-0.29,109,170,2024-10-21 13:44:05,63.5,0.94,59.5,DI water,60,60,90,90,13:39:41,83.22,31.72,0.52,0.95,0.72,356.37,304.88,273.67,274.1,0.0,0.86,-999.26,-854.87,-144.39
13:44:08,21/10/2024,83.7,82.9,83.1,83.8,82.6,32.2,32.1,32.2,30.3,-0.29,109,170,2024-10-21 13:44:08,63.5,0.94,59.7,DI water,60,60,90,90,13:39:41,83.22,31.7,0.52,0.93,0.72,356.37,304.85,273.67,274.08,0.0,0.86,-999.26,-854.8,-144.46
13:44:09,21/10/2024,83.7,82.9,83.1,83.8,82.6,32.2,32.1,32.2,30.3,-0.29,109,170,2024-10-21 13:44:09,63.5,0.94,59.6,DI water,60,60,90,90,13:39:41,83.22,31.7,0.52,0.93,0.72,356.37,304.85,273.67,274.08,0.0,0.86,-999.26,-854.8,-144.46
13:44:10,21/10/2024,83.7,82.9,83.1,83.8,82.6,32.2,32.1,32.2,30.3,-0.29,109,170,2024-10-21 13:44:10,63.5,0.94,59.5,DI water,60,60,90,90,13:39:41,83.22,31.7,0.52,0.93,0.72,356.37,304.85,273.67,274.08,0.0,0.86,-999.26,-854.8,-144.46
13:44:12,21/10/2024,83.7,82.9,83.1,83.8,82.6,32.2,32.1,32.2,30.3,-0.29,109,170,2024-10-21 13:44:12,63.5,0.94,59.8,DI water,60,60,90,90,13:39:41,83.22,31.7,0.52,0.93,0.72,356.37,304.85,273.67,274.08,0.0,0.86,-999.26,-854.8,-144.46
13:44:14,21/10/2024,83.8,83.0,83.3,83.9,82.9,32.3,32.1,32.2,30.3,-0.29,109,170,2024-10-21 13:44:14,63.5,0.94,59.5,DI water,60,60,90,90,13:39:41,83.38,31.72,0.45,0.95,0.72,356.53,304.88,273.6,274.1,0.0,0.86,-999.71,-854.87,-144.84
13:44:15,21/10/2024,83.8,83.0,83.3,83.9,82.9,32.3,32.1,32.2,30.3,-0.29,109,170,2024-10-21 13:44:15,63.5,0.94,59.6,DI water,60,60,90,90,13:39:41,83.38,31.72,0.45,0.95,0.72,356.53,304.88,273.6,274.1,0.0,0.86,-999.71,-854.87,-144.84
13:44:20,21/10/2024,83.9,83.2,83.4,84.0,83.0,32.3,32.1,32.2,30.3,-0.29,109,170,2024-10-21 13:44:20,63.5,0.94,59.7,DI water,60,60,90,90,13:39:41,83.5,31.72,0.44,0.95,0.72,356.65,304.88,273.59,274.1,0.0,0.86,-1000.05,-854.87,-145.18
13:44:22,21/10/2024,83.9,83.2,83.4,84.0,83.0,32.3,32.1,32.2,30.3,-0.29,109,170,2024-10-21 13:44:22,63.6,0.94,59.5,DI water,60,60,90,90,13:39:41,83.5,31.72,0.44,0.95,0.72,356.65,304.88,273.59,274.1,0.0,0.86,-1000.05,-854.87,-145.18
13:44:23,21/10/2024,83.9,83.2,83.4,84.0,83.0,32.3,32.1,32.2,30.3,-0.29,109,170,2024-10-21 13:44:23,63.6,0.94,59.7,DI water,60,60,90,90,13:39:41,83.5,31.72,0.44,0.95,0.72,356.65,304.88,273.59,274.1,0.0,0.86,-1000.05,-854.87,-145.18
13:44:26,21/10/2024,84.0,83.2,83.5,84.1,83.0,32.3,32.1,32.2,30.3,-0.29,109,170,2024-10-21 13:44:26,63.6,0.94,59.5,DI water,60,60,90,90,13:39:41,83.56,31.72,0.48,0.95,0.72,356.71,304.88,273.63,274.1,0.0,0.86,-1000.21,-854.87,-145.35
13:44:27,21/10/2024,84.0,83.2,83.5,84.1,83.0,32.3,32.1,32.2,30.3,-0.28,110,170,2024-10-21 13:44:27,63.6,0.94,59.7,DI water,60,60,90,90,13:39:41,83.56,31.72,0.48,0.95,0.73,356.71,304.88,273.63,274.1,0.0,0.86,-959.48,-820.05,-139.43
13:44:29,21/10/2024,84.0,83.2,83.5,84.1,83.0,32.3,32.1,32.2,30.3,-0.28,110,170,2024-10-21 13:44:29,63.5,0.94,59.5,DI water,60,60,90,90,13:39:41,83.56,31.72,0.48,0.95,0.73,356.71,304.88,273.63,274.1,0.0,0.86,-959.48,-820.05,-139.43
13:44:31,21/10/2024,84.0,83.2,83.5,84.1,83.0,32.3,32.1,32.2,30.3,-0.28,110,170,2024-10-21 13:44:31,63.6,0.94,59.7,DI water,60,60,90,90,13:39:41,83.56,31.72,0.48,0.95,0.73,356.71,304.88,273.63,274.1,0.0,0.86,-959.48,-820.05,-139.43
13:44:32,21/10/2024,84.1,83.4,83.6,84.2,83.2,32.3,32.1,32.2,30.3,-0.28,110,170,2024-10-21 13:44:32,63.6,0.94,59.6,DI water,60,60,90,90,13:39:41,83.7,31.72,0.44,0.95,0.73,356.85,304.88,273.59,274.1,0.0,0.87,-959.85,-820.05,-139.8
13:44:35,21/10/2024,84.1,83.4,83.6,84.2,83.2,32.3,32.1,32.2,30.3,-0.28,110,170,2024-10-21 13:44:35,63.5,0.94,59.7,DI water,60,60,90,90,13:39:41,83.7,31.72,0.44,0.95,0.73,356.85,304.88,273.59,274.1,0.0,0.87,-959.85,-820.05,-139.8
13:44:36,21/10/2024,84.1,83.4,83.6,84.2,83.2,32.3,32.1,32.2,30.3,-0.28,110,170,2024-10-21 13:44:36,63.5,0.94,59.5,DI water,60,60,90,90,13:39:41,83.7,31.72,0.44,0.95,0.73,356.85,304.88,273.59,274.1,0.0,0.87,-959.85,-820.05,-139.8
13:44:37,21/10/2024,84.2,83.5,83.7,84.3,83.3,32.3,32.1,32.2,30.3,-0.28,110,170,2024-10-21 13:44:37,63.5,0.94,59.4,DI water,60,60,90,90,13:39:41,83.8,31.72,0.44,0.95,0.73,356.95,304.88,273.59,274.1,0.0,0.87,-960.12,-820.05,-140.07
13:44:38,21/10/2024,84.2,83.5,83.7,84.3,83.3,32.3,32.1,32.2,30.3,-0.28,110,170,2024-10-21 13:44:38,63.5,0.94,59.6,DI water,60,60,90,90,13:39:41,83.8,31.72,0.44,0.95,0.73,356.95,304.88,273.59,274.1,0.0,0.87,-960.12,-820.05,-140.07
13:44:39,21/10/2024,84.2,83.5,83.7,84.3,83.3,32.3,32.1,32.2,30.3,-0.28,110,170,2024-10-21 13:44:39,63.5,0.94,59.7,DI water,60,60,90,90,13:39:41,83.8,31.72,0.44,0.95,0.73,356.95,304.88,273.59,274.1,0.0,0.87,-960.12,-820.05,-140.07
13:44:41,21/10/2024,84.2,83.5,83.7,84.3,83.3,32.3,32.1,32.2,30.3,-0.28,110,170,2024-10-21 13:44:41,63.5,0.94,59.5,DI water,60,60,90,90,13:39:41,83.8,31.72,0.44,0.95,0.73,356.95,304.88,273.59,274.1,0.0,0.87,-960.12,-820.05,-140.07
13:44:42,21/10/2024,84.2,83.5,83.7,84.3,83.3,32.3,32.1,32.2,30.3,-0.28,110,170,2024-10-21 13:44:42,63.5,0.94,59.7,DI water,60,60,90,90,13:39:41,83.8,31.72,0.44,0.95,0.73,356.95,304.88,273.59,274.1,0.0,0.87,-960.12,-820.05,-140.07
13:44:44,21/10/2024,84.4,83.7,83.8,84.4,83.4,32.3,32.1,32.2,30.3,-0.28,110,170,2024-10-21 13:44:44,63.5,0.94,59.5,DI water,60,60,90,90,13:39:41,83.94,31.72,0.44,0.95,0.73,357.09,304.88,273.59,274.1,0.0,0.87,-960.5,-820.05,-140.45
13:44:44,21/10/2024,84.4,83.7,83.8,84.4,83.4,32.3,32.1,32.2,30.3,-0.28,110,170,2024-10-21 13:44:44,63.5,0.94,59.4,DI water,60,60,90,90,13:39:41,83.94,31.72,0.44,0.95,0.73,357.09,304.88,273.59,274.1,0.0,0.87,-960.5,-820.05,-140.45
13:44:46,21/10/2024,84.4,83.7,83.8,84.4,83.4,32.2,32.1,32.2,30.2,-0.29,111,170,2024-10-21 13:44:46,63.5,0.94,59.6,DI water,60,60,90,90,13:39:41,83.94,31.68,0.44,0.98,0.72,357.09,304.82,273.59,274.13,0.0,0.87,-1001.28,-854.73,-146.55
13:44:49,21/10/2024,84.5,83.7,83.9,84.5,83.5,32.2,32.1,32.2,30.2,-0.29,111,170,2024-10-21 13:44:49,63.5,0.94,59.4,DI water,60,60,90,90,13:39:41,84.02,31.68,0.46,0.98,0.72,357.17,304.82,273.61,274.13,0.0,0.87,-1001.5,-854.73,-146.78
13:44:52,21/10/2024,84.5,83.7,83.9,84.5,83.5,32.2,32.1,32.2,30.2,-0.29,111,170,2024-10-21 13:44:52,63.5,0.94,59.3,DI water,60,60,90,90,13:39:41,84.02,31.68,0.46,0.98,0.72,357.17,304.82,273.61,274.13,0.0,0.87,-1001.5,-854.73,-146.78
13:44:55,21/10/2024,84.5,83.7,83.9,84.5,83.5,32.2,32.1,32.2,30.2,-0.29,111,170,2024-10-21 13:44:55,63.5,0.94,59.3,DI water,60,60,90,90,13:39:41,84.02,31.68,0.46,0.98,0.72,357.17,304.82,273.61,274.13,0.0,0.87,-1001.5,-854.73,-146.78
13:44:57,21/10/2024,84.5,83.7,83.9,84.5,83.5,32.2,32.1,32.2,30.2,-0.29,111,170,2024-10-21 13:44:57,63.5,0.94,59.6,DI water,60,60,90,90,13:39:41,84.02,31.68,0.46,0.98,0.72,357.17,304.82,273.61,274.13,0.0,0.87,-1001.5,-854.73,-146.78
13:44:58,21/10/2024,84.6,83.8,84.1,84.7,83.6,32.2,32.1,32.2,30.2,-0.29,111,170,2024-10-21 13:44:58,63.5,0.94,59.5,DI water,60,60,90,90,13:39:41,84.16,31.68,0.48,0.98,0.72,357.31,304.82,273.63,274.13,0.0,0.87,-1001.9,-854.73,-147.17
13:44:59,21/10/2024,84.6,83.8,84.1,84.7,83.6,32.2,32.1,32.2,30.2,-0.29,111,170,2024-10-21 13:44:59,63.4,0.93,59.3,DI water,60,60,90,90,13:39:41,84.16,31.68,0.48,0.98,0.72,357.31,304.82,273.63,274.13,0.0,0.87,-1001.9,-854.73,-147.17
13:45:00,21/10/2024,84.6,83.8,84.1,84.7,83.6,32.2,32.1,32.2,30.2,-0.28,111,170,2024-10-21 13:45:00,63.4,0.93,59.5,DI water,60,60,90,90,13:39:41,84.16,31.68,0.48,0.98,0.73,357.31,304.82,273.63,274.13,0.0,0.87,-961.09,-819.92,-141.17
13:45:02,21/10/2024,84.6,83.8,84.1,84.7,83.6,32.2,32.1,32.2,30.2,-0.28,111,170,2024-10-21 13:45:02,63.5,0.94,59.5,DI water,60,60,90,90,13:39:41,84.16,31.68,0.48,0.98,0.73,357.31,304.82,273.63,274.13,0.0,0.87,-961.09,-819.92,-141.17
13:45:03,21/10/2024,84.6,83.8,84.1,84.7,83.6,32.2,32.1,32.2,30.2,-0.28,111,170,2024-10-21 13:45:03,63.5,0.94,59.3,DI water,60,60,90,90,13:39:41,84.16,31.68,0.48,0.98,0.73,357.31,304.82,273.63,274.13,0.0,0.87,-961.09,-819.92,-141.17
13:45:04,21/10/2024,84.7,83.9,84.2,84.8,83.7,32.2,32.1,32.2,30.2,-0.28,111,170,2024-10-21 13:45:04,63.5,0.94,59.5,DI water,60,60,90,90,13:39:41,84.26,31.68,0.48,0.98,0.73,357.41,304.82,273.63,274.13,0.0,0.88,-961.36,-819.92,-141.44
13:45:06,21/10/2024,84.7,83.9,84.2,84.8,83.7,32.2,32.2,32.3,30.2,-0.28,111,170,2024-10-21 13:45:06,63.5,0.94,59.3,DI water,60,60,90,90,13:39:41,84.26,31.72,0.48,1.02,0.73,357.41,304.88,273.63,274.17,0.0,0.88,-961.36,-820.05,-141.31
13:45:07,21/10/2024,84.7,83.9,84.2,84.8,83.7,32.2,32.2,32.3,30.2,-0.28,111,170,2024-10-21 13:45:07,63.5,0.94,59.6,DI water,60,60,90,90,13:39:41,84.26,31.72,0.48,1.02,0.73,357.41,304.88,273.63,274.17,0.0,0.88,-961.36,-820.05,-141.31
13:45:08,21/10/2024,84.7,83.9,84.2,84.8,83.7,32.2,32.2,32.3,30.2,-0.28,111,170,2024-10-21 13:45:08,63.5,0.94,59.5,DI water,60,60,90,90,13:39:41,84.26,31.72,0.48,1.02,0.73,357.41,304.88,273.63,274.17,0.0,0.88,-961.36,-820.05,-141.31
13:45:09,21/10/2024,84.8,84.0,84.2,84.8,83.7,32.2,32.2,32.3,30.2,-0.28,111,170,2024-10-21 13:45:09,63.5,0.94,59.3,DI water,60,60,90,90,13:39:41,84.3,31.72,0.49,1.02,0.73,357.45,304.88,273.64,274.17,0.0,0.88,-961.47,-820.05,-141.42
13:45:10,21/10/2024,84.8,84.0,84.3,84.9,83.8,32.2,32.2,32.3,30.2,-0.28,111,170,2024-10-21 13:45:10,63.5,0.94,59.5,DI water,60,60,90,90,13:39:41,84.36,31.72,0.48,1.02,0.73,357.51,304.88,273.63,274.17,0.0,0.88,-961.63,-820.05,-141.58
13:45:13,21/10/2024,84.8,84.0,84.3,84.9,83.8,32.2,32.2,32.3,30.1,-0.29,111,170,2024-10-21 13:45:13,63.5,0.94,59.3,DI water,60,60,90,90,13:39:41,84.36,31.7,0.48,1.07,0.72,357.51,304.85,273.63,274.22,0.0,0.88,-1002.46,-854.8,-147.66
13:45:15,21/10/2024,84.9,84.1,84.3,85.0,83.9,32.2,32.2,32.3,30.1,-0.29,111,170,2024-10-21 13:45:15,63.5,0.94,59.6,DI water,60,60,90,90,13:39:41,84.44,31.7,0.49,1.07,0.72,357.59,304.85,273.64,274.22,0.0,0.88,-1002.68,-854.8,-147.88
13:45:16,21/10/2024,84.9,84.1,84.3,85.0,83.9,32.2,32.2,32.3,30.2,-0.28,111,170,2024-10-21 13:45:16,63.5,0.94,59.4,DI water,60,60,90,90,13:39:41,84.44,31.72,0.49,1.02,0.73,357.59,304.88,273.64,274.17,0.0,0.88,-961.84,-820.05,-141.79
13:45:19,21/10/2024,84.9,84.1,84.3,85.0,83.9,32.2,32.2,32.3,30.2,-0.28,111,170,2024-10-21 13:45:19,63.5,0.94,59.6,DI water,60,60,90,90,13:39:41,84.44,31.72,0.49,1.02,0.73,357.59,304.88,273.64,274.17,0.0,0.88,-961.84,-820.05,-141.79
13:45:20,21/10/2024,84.9,84.1,84.3,85.0,83.9,32.2,32.2,32.3,30.2,-0.28,111,170,2024-10-21 13:45:20,63.5,0.94,59.3,DI water,60,60,90,90,13:39:41,84.44,31.72,0.49,1.02,0.73,357.59,304.88,273.64,274.17,0.0,0.88,-961.84,-820.05,-141.79
13:45:21,21/10/2024,84.9,84.1,84.3,85.0,83.9,32.2,32.2,32.3,30.2,-0.28,111,170,2024-10-21 13:45:21,63.5,0.94,59.5,DI water,60,60,90,90,13:39:41,84.44,31.72,0.49,1.02,0.73,357.59,304.88,273.64,274.17,0.0,0.88,-961.84,-820.05,-141.79
13:45:23,21/10/2024,85.0,84.2,84.5,85.1,84.1,32.3,32.2,32.3,30.2,-0.28,111,170,2024-10-21 13:45:23,63.5,0.94,59.3,DI water,60,60,90,90,13:39:41,84.58,31.75,0.45,1.03,0.73,357.73,304.9,273.6,274.18,0.0,0.88,-962.22,-820.12,-142.1
13:45:24,21/10/2024,85.0,84.2,84.5,85.1,84.1,32.3,32.2,32.3,30.2,-0.28,111,170,2024-10-21 13:45:24,63.5,0.94,59.4,DI water,60,60,90,90,13:39:41,84.58,31.75,0.45,1.03,0.73,357.73,304.9,273.6,274.18,0.0,0.88,-962.22,-820.12,-142.1
13:45:25,21/10/2024,85.0,84.2,84.5,85.1,84.1,32.3,32.2,32.3,30.2,-0.28,111,170,2024-10-21 13:45:25,63.5,0.94,59.6,DI water,60,60,90,90,13:39:41,84.58,31.75,0.45,1.03,0.73,357.73,304.9,273.6,274.18,0.0,0.88,-962.22,-820.12,-142.1
13:45:29,21/10/2024,85.0,84.2,84.5,85.1,84.1,32.3,32.2,32.3,30.2,-0.28,111,170,2024-10-21 13:45:29,63.5,0.94,59.5,DI water,60,60,90,90,13:39:41,84.58,31.75,0.45,1.03,0.73,357.73,304.9,273.6,274.18,0.0,0.88,-962.22,-820.12,-142.1
13:45:30,21/10/2024,85.1,84.4,84.6,84.1,84.1,32.3,32.2,32.3,30.2,-0.28,111,170,2024-10-21 13:45:30,63.5,0.94,59.5,DI water,60,60,90,90,13:39:41,84.46,31.75,0.42,1.03,0.73,357.61,304.9,273.57,274.18,0.0,0.88,-961.9,-820.12,-141.78
13:45:31,21/10/2024,85.1,84.4,84.6,84.1,84.1,32.3,32.2,32.3,30.3,-0.28,111,170,2024-10-21 13:45:31,63.5,0.94,59.3,DI water,60,60,90,90,13:39:41,84.46,31.78,0.42,0.98,0.73,357.61,304.92,273.57,274.13,0.0,0.88,-961.9,-820.19,-141.71
13:45:33,21/10/2024,85.1,84.4,84.6,84.1,84.1,32.3,32.2,32.3,30.3,-0.26,111,170,2024-10-21 13:45:33,63.5,0.93,59.4,DI water,60,60,90,90,13:39:41,84.46,31.78,0.42,0.98,0.75,357.61,304.92,273.57,274.13,0.0,0.88,-881.86,-751.94,-129.92
13:45:36,21/10/2024,85.1,84.4,84.6,84.1,84.1,32.3,32.2,32.3,30.3,-0.26,111,170,2024-10-21 13:45:36,63.5,0.94,59.6,DI water,60,60,90,90,13:39:41,84.46,31.78,0.42,0.98,0.75,357.61,304.92,273.57,274.13,0.0,0.88,-881.86,-751.94,-129.92
13:45:37,21/10/2024,85.1,84.4,84.6,84.1,84.1,32.3,32.2,32.3,30.3,-0.26,111,170,2024-10-21 13:45:37,63.4,0.94,59.3,DI water,60,60,90,90,13:39:41,84.46,31.78,0.42,0.98,0.75,357.61,304.92,273.57,274.13,0.0,0.88,-881.86,-751.94,-129.92
13:45:39,21/10/2024,85.1,84.4,84.6,84.1,84.1,32.3,32.2,32.3,30.3,-0.26,111,170,2024-10-21 13:45:39,63.5,0.94,59.6,DI water,60,60,90,90,13:39:41,84.46,31.78,0.42,0.98,0.75,357.61,304.92,273.57,274.13,0.0,0.88,-881.86,-751.94,-129.92
13:45:40,21/10/2024,85.3,84.5,84.7,85.1,84.1,32.3,32.2,32.3,30.3,-0.26,111,170,2024-10-21 13:45:40,63.5,0.94,59.6,DI water,60,60,90,90,13:39:41,84.74,31.78,0.48,0.98,0.75,357.89,304.92,273.63,274.13,0.0,0.88,-882.55,-751.94,-130.61
13:45:42,21/10/2024,85.3,84.5,84.7,85.1,84.2,32.3,32.2,32.3,30.3,-0.26,111,170,2024-10-21 13:45:42,63.5,0.94,59.6,DI water,60,60,90,90,13:39:41,84.76,31.78,0.44,0.98,0.75,357.91,304.92,273.59,274.13,0.0,0.88,-882.6,-751.94,-130.66
13:45:45,21/10/2024,85.3,84.5,84.7,85.1,84.2,32.3,32.2,32.3,30.3,-0.28,111,170,2024-10-21 13:45:45,63.5,0.94,59.4,DI water,60,60,90,90,13:39:41,84.76,31.78,0.44,0.98,0.73,357.91,304.92,273.59,274.13,0.0,0.88,-962.7,-820.19,-142.52
13:45:48,21/10/2024,85.3,84.5,84.7,85.1,84.2,32.3,32.2,32.3,30.3,-0.28,111,170,2024-10-21 13:45:48,63.5,0.94,59.3,DI water,60,60,90,90,13:39:41,84.76,31.78,0.44,0.98,0.73,357.91,304.92,273.59,274.13,0.0,0.88,-962.7,-820.19,-142.52
13:45:51,21/10/2024,85.5,84.7,84.8,85.3,84.4,32.3,32.2,32.3,30.3,-0.29,111,170,2024-10-21 13:45:51,63.5,0.94,59.3,DI water,60,60,90,90,13:39:41,84.94,31.78,0.45,0.98,0.72,358.09,304.92,273.6,274.13,0.0,0.89,-1004.08,-855.01,-149.07
13:45:54,21/10/2024,85.5,84.7,84.8,85.3,84.4,32.3,32.2,32.3,30.3,-0.29,112,170,2024-10-21 13:45:54,63.5,0.94,59.5,DI water,60,60,90,90,13:39:41,84.94,31.78,0.45,0.98,0.72,358.09,304.92,273.6,274.13,0.0,0.89,-1004.08,-855.01,-149.07
13:45:59,21/10/2024,85.5,84.7,84.8,85.3,84.4,32.3,32.2,32.3,30.3,-0.29,112,170,2024-10-21 13:45:59,63.4,0.93,59.3,DI water,60,60,90,90,13:39:41,84.94,31.78,0.45,0.98,0.72,358.09,304.92,273.6,274.13,0.0,0.89,-1004.08,-855.01,-149.07
13:46:00,21/10/2024,85.5,84.7,84.8,85.3,84.4,32.3,32.2,32.3,30.3,-0.29,112,170,2024-10-21 13:46:00,63.4,0.93,59.6,DI water,60,60,90,90,13:39:41,84.94,31.78,0.45,0.98,0.72,358.09,304.92,273.6,274.13,0.0,0.89,-1004.08,-855.01,-149.07
13:46:02,21/10/2024,85.7,84.9,85.2,85.7,84.6,32.3,32.2,32.3,30.3,-0.29,112,170,2024-10-21 13:46:02,63.5,0.94,59.4,DI water,60,60,90,90,13:39:41,85.22,31.78,0.49,0.98,0.72,358.37,304.92,273.64,274.13,0.0,0.89,-1004.87,-855.01,-149.86
13:46:04,21/10/2024,85.7,84.9,85.2,85.7,84.6,32.3,32.2,32.3,30.2,-0.28,112,170,2024-10-21 13:46:04,63.4,0.93,59.5,DI water,60,60,90,90,13:39:41,85.22,31.75,0.49,1.03,0.73,358.37,304.9,273.64,274.18,0.0,0.89,-963.94,-820.12,-143.82
13:46:06,21/10/2024,85.7,84.9,85.2,85.7,84.6,32.3,32.2,32.3,30.2,-0.28,112,170,2024-10-21 13:46:06,63.4,0.93,59.4,DI water,60,60,90,90,13:39:41,85.22,31.75,0.49,1.03,0.73,358.37,304.9,273.64,274.18,0.0,0.89,-963.94,-820.12,-143.82
13:46:11,21/10/2024,85.9,85.0,85.3,85.8,84.8,32.3,32.2,32.3,30.2,-0.28,112,170,2024-10-21 13:46:11,63.4,0.93,59.4,DI water,60,60,90,90,13:39:41,85.36,31.75,0.48,1.03,0.73,358.51,304.9,273.63,274.18,0.0,0.89,-964.32,-820.12,-144.2
13:46:12,21/10/2024,85.9,85.0,85.3,85.8,84.8,32.3,32.2,32.3,30.3,-0.27,112,170,2024-10-21 13:46:12,63.4,0.93,59.2,DI water,60,60,90,90,13:39:41,85.36,31.78,0.48,0.98,0.74,358.51,304.92,273.63,274.13,0.0,0.89,-923.93,-785.83,-138.1
13:46:13,21/10/2024,85.9,85.0,85.3,85.8,84.8,32.3,32.2,32.3,30.3,-0.27,113,170,2024-10-21 13:46:13,63.4,0.93,59.3,DI water,60,60,90,90,13:39:41,85.36,31.78,0.48,0.98,0.74,358.51,304.92,273.63,274.13,0.0,0.89,-923.93,-785.83,-138.1
13:46:19,21/10/2024,85.9,85.0,85.3,85.8,84.8,32.3,32.2,32.3,30.3,-0.27,113,170,2024-10-21 13:46:19,63.4,0.93,59.3,DI water,60,60,90,90,13:39:41,85.36,31.78,0.48,0.98,0.74,358.51,304.92,273.63,274.13,0.0,0.89,-923.93,-785.83,-138.1
13:46:20,21/10/2024,86.0,85.1,85.5,86.0,84.9,32.3,32.2,32.3,30.3,-0.27,113,170,2024-10-21 13:46:20,63.4,0.93,59.4,DI water,60,60,90,90,13:39:41,85.5,31.78,0.5,0.98,0.74,358.65,304.92,273.65,274.13,0.0,0.9,-924.29,-785.83,-138.46
13:46:25,21/10/2024,86.0,85.1,85.5,86.0,84.9,32.3,32.1,32.2,30.2,-0.27,113,170,2024-10-21 13:46:25,63.4,0.93,59.4,DI water,60,60,90,90,13:39:41,85.5,31.7,0.5,1.0,0.74,358.65,304.85,273.65,274.15,0.0,0.9,-924.29,-785.64,-138.65
13:46:27,21/10/2024,86.0,85.1,85.5,86.0,84.9,32.3,32.1,32.2,30.2,-0.27,113,170,2024-10-21 13:46:27,63.4,0.93,59.4,DI water,60,60,90,90,13:39:41,85.5,31.7,0.5,1.0,0.74,358.65,304.85,273.65,274.15,0.0,0.9,-924.29,-785.64,-138.65
13:46:28,21/10/2024,86.1,85.3,85.5,86.1,85.0,32.3,32.1,32.2,30.2,-0.27,113,170,2024-10-21 13:46:28,63.4,0.93,59.5,DI water,60,60,90,90,13:39:41,85.6,31.7,0.49,1.0,0.74,358.75,304.85,273.64,274.15,0.0,0.9,-924.55,-785.64,-138.91
13:46:30,21/10/2024,86.1,85.3,85.5,86.1,85.0,32.3,32.1,32.2,30.2,-0.26,113,170,2024-10-21 13:46:30,63.4,0.93,59.2,DI water,60,60,90,90,13:39:41,85.6,31.7,0.49,1.0,0.75,358.75,304.85,273.64,274.15,0.0,0.9,-884.67,-751.76,-132.92
13:46:31,21/10/2024,86.1,85.3,85.5,86.1,85.0,32.3,32.1,32.2,30.2,-0.26,113,170,2024-10-21 13:46:31,63.4,0.93,59.3,DI water,60,60,90,90,13:39:41,85.6,31.7,0.49,1.0,0.75,358.75,304.85,273.64,274.15,0.0,0.9,-884.67,-751.76,-132.92
13:46:34,21/10/2024,86.1,85.3,85.5,86.1,85.0,32.3,32.1,32.2,30.2,-0.26,113,170,2024-10-21 13:46:34,63.4,0.93,59.3,DI water,60,60,90,90,13:39:41,85.6,31.7,0.49,1.0,0.75,358.75,304.85,273.64,274.15,0.0,0.9,-884.67,-751.76,-132.92
13:46:37,21/10/2024,86.2,85.4,85.7,86.2,85.2,32.3,32.1,32.2,30.2,-0.26,113,170,2024-10-21 13:46:37,63.4,0.93,59.3,DI water,60,60,90,90,13:39:41,85.74,31.7,0.46,1.0,0.75,358.89,304.85,273.61,274.15,0.0,0.9,-885.02,-751.76,-133.26
13:46:40,21/10/2024,86.2,85.4,85.7,86.2,85.2,32.3,32.2,32.3,30.2,-0.28,113,170,2024-10-21 13:46:40,63.4,0.93,59.2,DI water,60,60,90,90,13:39:41,85.74,31.75,0.46,1.03,0.73,358.89,304.9,273.61,274.18,0.0,0.9,-965.34,-820.12,-145.22
13:46:42,21/10/2024,86.2,85.4,85.7,86.2,85.2,32.3,32.2,32.3,30.2,-0.28,113,170,2024-10-21 13:46:42,63.4,0.93,59.4,DI water,60,60,90,90,13:39:41,85.74,31.75,0.46,1.03,0.73,358.89,304.9,273.61,274.18,0.0,0.9,-965.34,-820.12,-145.22
13:46:45,21/10/2024,86.3,85.5,85.8,86.4,85.3,32.3,32.2,32.3,30.2,-0.28,113,170,2024-10-21 13:46:45,63.4,0.93,59.3,DI water,60,60,90,90,13:39:41,85.86,31.75,0.48,1.03,0.73,359.01,304.9,273.63,274.18,0.0,0.9,-965.66,-820.12,-145.54
13:46:47,21/10/2024,86.3,85.5,85.8,86.4,85.3,32.3,32.2,32.3,30.2,-0.26,113,170,2024-10-21 13:46:47,63.4,0.93,59.1,DI water,60,60,90,90,13:39:41,85.86,31.75,0.48,1.03,0.75,359.01,304.9,273.63,274.18,0.0,0.9,-885.31,-751.88,-133.43
13:46:50,21/10/2024,86.3,85.5,85.8,86.4,85.3,32.3,32.2,32.3,30.2,-0.26,113,170,2024-10-21 13:46:50,63.4,0.93,59.1,DI water,60,60,90,90,13:39:41,85.86,31.75,0.48,1.03,0.75,359.01,304.9,273.63,274.18,0.0,0.9,-885.31,-751.88,-133.43
13:46:54,21/10/2024,86.5,85.6,85.9,86.5,85.4,32.3,32.2,32.3,30.2,-0.27,113,170,2024-10-21 13:46:54,63.4,0.93,59.1,DI water,60,60,90,90,13:39:41,85.98,31.75,0.51,1.03,0.74,359.13,304.9,273.66,274.18,0.0,0.9,-925.53,-785.77,-139.76
13:46:55,21/10/2024,86.5,85.6,85.9,86.5,85.4,32.3,32.2,32.3,30.2,-0.27,113,170,2024-10-21 13:46:55,63.4,0.93,59.4,DI water,60,60,90,90,13:39:41,85.98,31.75,0.51,1.03,0.74,359.13,304.9,273.66,274.18,0.0,0.9,-925.53,-785.77,-139.76
13:46:57,21/10/2024,86.5,85.6,85.9,86.5,85.4,32.3,32.2,32.3,30.2,-0.27,113,170,2024-10-21 13:46:57,63.4,0.93,59.2,DI water,60,60,90,90,13:39:41,85.98,31.75,0.51,1.03,0.74,359.13,304.9,273.66,274.18,0.0,0.9,-925.53,-785.77,-139.76
13:46:58,21/10/2024,86.5,85.7,86.0,86.6,85.5,32.3,32.2,32.3,30.2,-0.27,113,170,2024-10-21 13:46:58,63.4,0.93,59.2,DI water,60,60,90,90,13:39:41,86.06,31.75,0.48,1.03,0.74,359.21,304.9,273.63,274.18,0.0,0.91,-925.73,-785.77,-139.96
13:46:59,21/10/2024,86.5,85.7,86.0,86.6,85.5,32.3,32.2,32.3,30.2,-0.26,113,170,2024-10-21 13:46:59,63.4,0.93,59.4,DI water,60,60,90,90,13:39:41,86.06,31.75,0.48,1.03,0.75,359.21,304.9,273.63,274.18,0.0,0.91,-885.81,-751.88,-133.93
13:47:02,21/10/2024,86.5,85.7,86.0,86.6,85.5,32.3,32.2,32.3,30.2,-0.26,113,170,2024-10-21 13:47:02,63.4,0.93,59.3,DI water,60,60,90,90,13:39:41,86.06,31.75,0.48,1.03,0.75,359.21,304.9,273.63,274.18,0.0,0.91,-885.81,-751.88,-133.93
13:47:02,21/10/2024,86.5,85.7,86.0,86.6,85.5,32.3,32.2,32.3,30.2,-0.26,113,170,2024-10-21 13:47:02,63.4,0.93,59.5,DI water,60,60,90,90,13:39:41,86.06,31.75,0.48,1.03,0.75,359.21,304.9,273.63,274.18,0.0,0.91,-885.81,-751.88,-133.93
13:47:06,21/10/2024,86.7,85.9,86.1,86.7,85.6,32.3,32.2,32.3,30.2,-0.27,113,170,2024-10-21 13:47:06,63.4,0.93,59.4,DI water,60,60,90,90,13:39:41,86.2,31.75,0.49,1.03,0.74,359.35,304.9,273.64,274.18,0.0,0.91,-926.09,-785.77,-140.33
13:47:10,21/10/2024,86.7,85.9,86.1,86.7,85.6,32.3,32.2,32.3,30.2,-0.27,113,170,2024-10-21 13:47:10,63.4,0.93,59.4,DI water,60,60,90,90,13:39:41,86.2,31.75,0.49,1.03,0.74,359.35,304.9,273.64,274.18,0.0,0.91,-926.09,-785.77,-140.33
13:47:11,21/10/2024,86.8,86.0,86.2,86.8,85.7,32.3,32.2,32.3,30.2,-0.27,113,170,2024-10-21 13:47:11,63.4,0.93,59.1,DI water,60,60,90,90,13:39:41,86.3,31.75,0.49,1.03,0.74,359.45,304.9,273.64,274.18,0.0,0.91,-926.35,-785.77,-140.58
13:47:13,21/10/2024,86.8,86.0,86.2,86.8,85.7,32.3,32.2,32.3,30.1,-0.25,114,170,2024-10-21 13:47:13,63.4,0.93,59.4,DI water,60,60,90,90,13:39:41,86.3,31.72,0.49,1.08,0.76,359.45,304.88,273.64,274.23,0.0,0.91,-846.97,-718.38,-128.6
13:47:18,21/10/2024,86.9,86.1,86.3,86.9,85.8,32.3,32.2,32.3,30.1,-0.25,114,170,2024-10-21 13:47:18,63.4,0.93,59.1,DI water,60,60,90,90,13:39:41,86.4,31.72,0.49,1.08,0.76,359.55,304.88,273.64,274.23,0.0,0.91,-847.21,-718.38,-128.83
13:47:19,21/10/2024,86.9,86.1,86.3,86.9,85.8,32.3,32.2,32.3,30.1,-0.25,114,170,2024-10-21 13:47:19,63.4,0.93,59.2,DI water,60,60,90,90,13:39:41,86.4,31.72,0.49,1.08,0.76,359.55,304.88,273.64,274.23,0.0,0.91,-847.21,-718.38,-128.83
13:47:21,21/10/2024,86.9,86.1,86.3,86.9,85.8,32.3,32.2,32.3,30.1,-0.25,114,170,2024-10-21 13:47:21,63.4,0.93,59.1,DI water,60,60,90,90,13:39:41,86.4,31.72,0.49,1.08,0.76,359.55,304.88,273.64,274.23,0.0,0.91,-847.21,-718.38,-128.83
13:47:24,21/10/2024,86.9,86.1,86.3,86.9,85.8,32.3,32.2,32.3,30.1,-0.25,114,170,2024-10-21 13:47:24,63.3,0.93,59.3,DI water,60,60,90,90,13:39:41,86.4,31.72,0.49,1.08,0.76,359.55,304.88,273.64,274.23,0.0,0.91,-847.21,-718.38,-128.83
13:47:25,21/10/2024,86.9,86.1,86.3,86.9,85.8,32.3,32.2,32.3,30.1,-0.25,114,170,2024-10-21 13:47:25,63.3,0.93,59.0,DI water,60,60,90,90,13:39:41,86.4,31.72,0.49,1.08,0.76,359.55,304.88,273.64,274.23,0.0,0.91,-847.21,-718.38,-128.83
13:47:26,21/10/2024,86.9,86.1,86.3,86.9,85.8,32.3,32.2,32.3,30.1,-0.25,114,170,2024-10-21 13:47:26,63.3,0.93,59.2,DI water,60,60,90,90,13:39:41,86.4,31.72,0.49,1.08,0.76,359.55,304.88,273.64,274.23,0.0,0.91,-847.21,-718.38,-128.83
13:47:28,21/10/2024,87.1,86.3,86.6,87.1,86.0,32.3,32.2,32.3,30.1,-0.25,114,170,2024-10-21 13:47:28,63.4,0.93,59.2,DI water,60,60,90,90,13:39:41,86.62,31.72,0.49,1.08,0.76,359.77,304.88,273.64,274.23,0.0,0.91,-847.73,-718.38,-129.35
13:47:28,21/10/2024,87.1,86.3,86.6,87.1,86.0,32.3,32.2,32.3,30.1,-0.25,114,170,2024-10-21 13:47:28,63.3,0.93,59.0,DI water,60,60,90,90,13:39:41,86.62,31.72,0.49,1.08,0.76,359.77,304.88,273.64,274.23,0.0,0.91,-847.73,-718.38,-129.35
13:47:30,21/10/2024,87.1,86.3,86.6,87.1,86.0,32.3,32.2,32.3,30.1,-0.25,114,170,2024-10-21 13:47:30,63.4,0.93,59.4,DI water,60,60,90,90,13:39:41,86.62,31.72,0.49,1.08,0.76,359.77,304.88,273.64,274.23,0.0,0.91,-847.73,-718.38,-129.35
13:47:32,21/10/2024,87.1,86.3,86.6,87.1,86.0,32.3,32.2,32.3,30.1,-0.25,114,170,2024-10-21 13:47:32,63.4,0.93,59.2,DI water,60,60,90,90,13:39:41,86.62,31.72,0.49,1.08,0.76,359.77,304.88,273.64,274.23,0.0,0.91,-847.73,-718.38,-129.35
13:47:38,21/10/2024,87.2,86.4,86.7,87.3,86.1,32.3,32.2,32.3,30.1,-0.25,114,170,2024-10-21 13:47:38,63.3,0.93,59.0,DI water,60,60,90,90,13:39:41,86.74,31.72,0.51,1.08,0.76,359.89,304.88,273.66,274.23,0.0,0.92,-848.01,-718.38,-129.63
13:47:40,21/10/2024,87.2,86.4,86.7,87.3,86.1,32.3,32.2,32.3,30.1,-0.25,114,170,2024-10-21 13:47:40,63.3,0.93,59.3,DI water,60,60,90,90,13:39:41,86.74,31.72,0.51,1.08,0.76,359.89,304.88,273.66,274.23,0.0,0.92,-848.01,-718.38,-129.63
13:47:44,21/10/2024,87.3,86.5,86.8,87.4,86.3,32.3,32.2,32.3,30.1,-0.25,114,170,2024-10-21 13:47:44,63.3,0.93,59.3,DI water,60,60,90,90,13:39:41,86.86,31.72,0.48,1.08,0.76,360.01,304.88,273.63,274.23,0.0,0.92,-848.29,-718.38,-129.91
13:47:44,21/10/2024,87.3,86.5,86.8,87.4,86.3,32.3,32.2,32.3,30.1,-0.25,114,170,2024-10-21 13:47:44,63.3,0.93,59.2,DI water,60,60,90,90,13:39:41,86.86,31.72,0.48,1.08,0.76,360.01,304.88,273.63,274.23,0.0,0.92,-848.29,-718.38,-129.91
13:47:46,21/10/2024,87.3,86.5,86.8,87.4,86.3,32.3,32.2,32.3,30.1,-0.25,114,170,2024-10-21 13:47:46,63.3,0.93,59.0,DI water,60,60,90,90,13:39:41,86.86,31.72,0.48,1.08,0.76,360.01,304.88,273.63,274.23,0.0,0.92,-848.29,-718.38,-129.91
13:47:49,21/10/2024,87.3,86.5,86.8,87.4,86.3,32.3,32.2,32.3,30.1,-0.25,114,170,2024-10-21 13:47:49,63.4,0.93,59.1,DI water,60,60,90,90,13:39:41,86.86,31.72,0.48,1.08,0.76,360.01,304.88,273.63,274.23,0.0,0.92,-848.29,-718.38,-129.91
13:47:51,21/10/2024,87.4,86.5,86.9,87.5,86.4,32.3,32.2,32.3,30.1,-0.24,114,170,2024-10-21 13:47:51,63.4,0.93,59.4,DI water,60,60,90,90,13:39:41,86.94,31.72,0.5,1.08,0.77,360.09,304.88,273.65,274.23,0.0,0.92,-809.5,-685.37,-124.13
13:47:54,21/10/2024,87.4,86.5,86.9,87.5,86.4,32.3,32.2,32.3,30.1,-0.24,114,170,2024-10-21 13:47:54,63.4,0.93,59.3,DI water,60,60,90,90,13:39:41,86.94,31.72,0.5,1.08,0.77,360.09,304.88,273.65,274.23,0.0,0.92,-809.5,-685.37,-124.13
13:47:56,21/10/2024,87.4,86.5,86.9,87.5,86.4,32.3,32.2,32.3,30.1,-0.24,114,170,2024-10-21 13:47:56,63.3,0.93,59.2,DI water,60,60,90,90,13:39:41,86.94,31.72,0.5,1.08,0.77,360.09,304.88,273.65,274.23,0.0,0.92,-809.5,-685.37,-124.13
13:47:57,21/10/2024,87.5,86.7,87.0,87.6,86.5,32.3,32.2,32.3,30.1,-0.24,114,170,2024-10-21 13:47:57,63.3,0.93,59.0,DI water,60,60,90,90,13:39:41,87.06,31.72,0.48,1.08,0.77,360.21,304.88,273.63,274.23,0.0,0.92,-809.77,-685.37,-124.4
13:47:58,21/10/2024,87.5,86.7,87.0,87.6,86.5,32.3,32.2,32.3,30.2,-0.24,114,170,2024-10-21 13:47:58,63.3,0.93,59.3,DI water,60,60,90,90,13:39:41,87.06,31.75,0.48,1.03,0.77,360.21,304.9,273.63,274.18,0.0,0.92,-809.77,-685.43,-124.34
13:47:59,21/10/2024,87.5,86.7,87.0,87.6,86.5,32.3,32.2,32.3,30.2,-0.25,115,170,2024-10-21 13:47:59,63.3,0.93,59.2,DI water,60,60,90,90,13:39:41,87.06,31.75,0.48,1.03,0.76,360.21,304.9,273.63,274.18,0.0,0.92,-848.76,-718.44,-130.33
13:48:03,21/10/2024,87.5,86.7,87.0,87.6,86.5,32.3,32.2,32.3,30.2,-0.25,115,170,2024-10-21 13:48:03,63.4,0.93,59.4,DI water,60,60,90,90,13:39:41,87.06,31.75,0.48,1.03,0.76,360.21,304.9,273.63,274.18,0.0,0.92,-848.76,-718.44,-130.33
13:48:05,21/10/2024,87.5,86.7,87.0,87.6,86.5,32.3,32.2,32.3,30.2,-0.25,115,170,2024-10-21 13:48:05,63.4,0.93,59.2,DI water,60,60,90,90,13:39:41,87.06,31.75,0.48,1.03,0.76,360.21,304.9,273.63,274.18,0.0,0.92,-848.76,-718.44,-130.33
13:48:07,21/10/2024,87.6,86.8,87.1,87.7,86.7,32.3,32.2,32.3,30.2,-0.25,115,170,2024-10-21 13:48:07,63.4,0.93,59.2,DI water,60,60,90,90,13:39:41,87.18,31.75,0.45,1.03,0.76,360.33,304.9,273.6,274.18,0.0,0.92,-849.05,-718.44,-130.61
13:48:10,21/10/2024,87.6,86.8,87.1,87.7,86.7,32.3,32.2,32.3,30.2,-0.24,115,170,2024-10-21 13:48:10,63.4,0.93,59.4,DI water,60,60,90,90,13:39:41,87.18,31.75,0.45,1.03,0.77,360.33,304.9,273.6,274.18,0.0,0.92,-810.04,-685.43,-124.61
13:48:11,21/10/2024,87.6,86.8,87.1,87.7,86.7,32.3,32.2,32.3,30.2,-0.24,115,170,2024-10-21 13:48:11,63.4,0.93,59.3,DI water,60,60,90,90,13:39:41,87.18,31.75,0.45,1.03,0.77,360.33,304.9,273.6,274.18,0.0,0.92,-810.04,-685.43,-124.61
13:48:14,21/10/2024,87.7,86.9,87.2,87.8,86.7,32.3,32.2,32.3,30.2,-0.26,115,170,2024-10-21 13:48:14,63.4,0.93,59.4,DI water,60,60,90,90,13:39:41,87.26,31.75,0.48,1.03,0.75,360.41,304.9,273.63,274.18,0.0,0.93,-888.77,-751.88,-136.89
13:48:20,21/10/2024,87.7,86.9,87.2,87.8,86.7,32.3,32.2,32.3,30.2,-0.26,115,170,2024-10-21 13:48:20,63.4,0.93,59.2,DI water,60,60,90,90,13:39:41,87.26,31.75,0.48,1.03,0.75,360.41,304.9,273.63,274.18,0.0,0.93,-888.77,-751.88,-136.89
13:48:21,21/10/2024,87.9,87.1,87.3,88.0,86.7,32.3,32.2,32.3,30.2,-0.26,115,170,2024-10-21 13:48:21,63.4,0.93,59.4,DI water,60,60,90,90,13:39:41,87.4,31.75,0.55,1.03,0.75,360.55,304.9,273.7,274.18,0.0,0.93,-889.11,-751.88,-137.23
13:48:27,21/10/2024,87.9,87.1,87.3,88.0,86.9,32.3,32.3,32.4,30.1,-0.25,115,170,2024-10-21 13:48:27,63.4,0.93,59.4,DI water,60,60,90,90,13:39:41,87.44,31.78,0.49,1.12,0.76,360.59,304.92,273.64,274.27,0.0,0.93,-849.66,-718.49,-131.16
13:48:28,21/10/2024,87.9,87.1,87.3,88.0,86.9,32.3,32.3,32.4,30.1,-0.25,115,170,2024-10-21 13:48:28,63.4,0.93,59.2,DI water,60,60,90,90,13:39:41,87.44,31.78,0.49,1.12,0.76,360.59,304.92,273.64,274.27,0.0,0.93,-849.66,-718.49,-131.16
13:48:31,21/10/2024,88.0,87.2,87.5,88.1,87.0,32.3,32.3,32.4,30.1,-0.25,115,170,2024-10-21 13:48:31,63.5,0.94,59.5,DI water,60,60,90,90,13:39:41,87.56,31.78,0.48,1.12,0.76,360.71,304.92,273.63,274.27,0.0,0.93,-849.94,-718.49,-131.45
13:48:34,21/10/2024,88.0,87.2,87.5,88.1,87.0,32.3,32.3,32.4,30.1,-0.25,115,170,2024-10-21 13:48:34,63.5,0.94,59.4,DI water,60,60,90,90,13:39:41,87.56,31.78,0.48,1.12,0.76,360.71,304.92,273.63,274.27,0.0,0.93,-849.94,-718.49,-131.45
13:48:35,21/10/2024,88.0,87.2,87.5,88.1,87.0,32.3,32.3,32.4,30.1,-0.25,115,170,2024-10-21 13:48:35,63.5,0.93,59.5,DI water,60,60,90,90,13:39:41,87.56,31.78,0.48,1.12,0.76,360.71,304.92,273.63,274.27,0.0,0.93,-849.94,-718.49,-131.45
13:48:36,21/10/2024,88.1,87.3,87.6,88.2,87.1,32.3,32.3,32.4,30.1,-0.25,115,170,2024-10-21 13:48:36,63.5,0.93,59.5,DI water,60,60,90,90,13:39:41,87.66,31.78,0.48,1.12,0.76,360.81,304.92,273.63,274.27,0.0,0.93,-850.18,-718.49,-131.68
13:48:38,21/10/2024,88.1,87.3,87.6,88.2,87.1,32.3,32.3,32.4,30.1,-0.24,116,170,2024-10-21 13:48:38,63.4,0.93,59.3,DI water,60,60,90,90,13:39:41,87.66,31.78,0.48,1.12,0.77,360.81,304.92,273.63,274.27,0.0,0.93,-811.12,-685.48,-125.63
13:48:39,21/10/2024,88.1,87.3,87.6,88.2,87.1,32.3,32.3,32.4,30.1,-0.24,116,170,2024-10-21 13:48:39,63.5,0.93,59.3,DI water,60,60,90,90,13:39:41,87.66,31.78,0.48,1.12,0.77,360.81,304.92,273.63,274.27,0.0,0.93,-811.12,-685.48,-125.63
13:48:41,21/10/2024,88.1,87.3,87.6,88.2,87.1,32.3,32.3,32.4,30.1,-0.24,116,170,2024-10-21 13:48:41,63.4,0.93,59.4,DI water,60,60,90,90,13:39:41,87.66,31.78,0.48,1.12,0.77,360.81,304.92,273.63,274.27,0.0,0.93,-811.12,-685.48,-125.63
13:48:42,21/10/2024,88.1,87.3,87.6,88.2,87.1,32.3,32.3,32.4,30.1,-0.24,116,170,2024-10-21 13:48:42,63.4,0.93,59.4,DI water,60,60,90,90,13:39:41,87.66,31.78,0.48,1.12,0.77,360.81,304.92,273.63,274.27,0.0,0.93,-811.12,-685.48,-125.63
13:48:44,21/10/2024,88.2,87.4,87.7,88.3,87.2,32.3,32.3,32.4,30.1,-0.24,116,170,2024-10-21 13:48:44,63.4,0.93,59.3,DI water,60,60,90,90,13:39:41,87.76,31.78,0.48,1.12,0.77,360.91,304.92,273.63,274.27,0.0,0.93,-811.34,-685.48,-125.86
13:48:45,21/10/2024,88.2,87.4,87.7,88.3,87.2,32.3,32.3,32.4,30.1,-0.24,116,170,2024-10-21 13:48:45,63.4,0.93,59.3,DI water,60,60,90,90,13:39:41,87.76,31.78,0.48,1.12,0.77,360.91,304.92,273.63,274.27,0.0,0.93,-811.34,-685.48,-125.86
13:48:46,21/10/2024,88.2,87.4,87.7,88.3,87.2,32.3,32.3,32.4,30.1,-0.24,116,170,2024-10-21 13:48:46,63.4,0.93,59.4,DI water,60,60,90,90,13:39:41,87.76,31.78,0.48,1.12,0.77,360.91,304.92,273.63,274.27,0.0,0.93,-811.34,-685.48,-125.86
13:48:48,21/10/2024,88.3,87.4,87.7,88.3,87.2,32.3,32.3,32.4,30.1,-0.24,116,170,2024-10-21 13:48:48,63.5,0.93,59.3,DI water,60,60,90,90,13:39:41,87.78,31.78,0.51,1.12,0.77,360.93,304.92,273.66,274.27,0.0,0.93,-811.39,-685.48,-125.9
13:48:49,21/10/2024,88.3,87.4,87.7,88.3,87.2,32.3,32.3,32.4,30.1,-0.24,116,170,2024-10-21 13:48:49,63.4,0.93,59.3,DI water,60,60,90,90,13:39:41,87.78,31.78,0.51,1.12,0.77,360.93,304.92,273.66,274.27,0.0,0.93,-811.39,-685.48,-125.9
13:48:52,21/10/2024,88.3,87.4,87.7,88.3,87.2,32.3,32.3,32.4,30.1,-0.24,116,170,2024-10-21 13:48:52,63.4,0.93,59.4,DI water,60,60,90,90,13:39:41,87.78,31.78,0.51,1.12,0.77,360.93,304.92,273.66,274.27,0.0,0.93,-811.39,-685.48,-125.9
13:48:53,21/10/2024,88.3,87.4,87.7,88.3,87.2,32.3,32.3,32.4,30.1,-0.24,116,170,2024-10-21 13:48:53,63.4,0.93,59.3,DI water,60,60,90,90,13:39:41,87.78,31.78,0.51,1.12,0.77,360.93,304.92,273.66,274.27,0.0,0.93,-811.39,-685.48,-125.9
13:48:54,21/10/2024,88.4,87.5,87.8,88.4,87.4,32.3,32.3,32.4,30.1,-0.24,116,170,2024-10-21 13:48:54,63.4,0.93,59.2,DI water,60,60,90,90,13:39:41,87.9,31.78,0.48,1.12,0.77,361.05,304.92,273.63,274.27,0.0,0.94,-811.66,-685.48,-126.17
13:48:58,21/10/2024,88.4,87.5,87.8,88.4,87.4,32.3,32.3,32.4,30.1,-0.23,116,170,2024-10-21 13:48:58,63.4,0.93,59.3,DI water,60,60,90,90,13:39:41,87.9,31.78,0.48,1.12,0.78,361.05,304.92,273.63,274.27,0.0,0.94,-773.07,-652.9,-120.17
13:49:01,21/10/2024,88.4,87.5,87.8,88.4,87.4,32.3,32.3,32.4,30.1,-0.23,116,170,2024-10-21 13:49:01,63.4,0.93,59.4,DI water,60,60,90,90,13:39:41,87.9,31.78,0.48,1.12,0.78,361.05,304.92,273.63,274.27,0.0,0.94,-773.07,-652.9,-120.17
13:49:04,21/10/2024,88.4,87.5,87.8,88.4,87.4,32.3,32.3,32.4,30.1,-0.23,116,170,2024-10-21 13:49:04,63.4,0.93,59.3,DI water,60,60,90,90,13:39:41,87.9,31.78,0.48,1.12,0.78,361.05,304.92,273.63,274.27,0.0,0.94,-773.07,-652.9,-120.17
13:49:06,21/10/2024,88.6,87.7,88.1,88.7,87.5,32.3,32.3,32.4,30.1,-0.23,116,170,2024-10-21 13:49:06,63.4,0.93,59.3,DI water,60,60,90,90,13:39:41,88.12,31.78,0.53,1.12,0.78,361.27,304.92,273.68,274.27,0.0,0.94,-773.54,-652.9,-120.64
13:49:07,21/10/2024,88.6,87.7,88.1,88.7,87.5,32.3,32.3,32.4,30.1,-0.23,116,170,2024-10-21 13:49:07,63.4,0.93,59.3,DI water,60,60,90,90,13:39:41,88.12,31.78,0.53,1.12,0.78,361.27,304.92,273.68,274.27,0.0,0.94,-773.54,-652.9,-120.64
13:49:08,21/10/2024,88.6,87.7,88.1,88.7,87.5,32.3,32.3,32.4,30.1,-0.23,116,170,2024-10-21 13:49:08,63.4,0.93,59.2,DI water,60,60,90,90,13:39:41,88.12,31.78,0.53,1.12,0.78,361.27,304.92,273.68,274.27,0.0,0.94,-773.54,-652.9,-120.64
13:49:10,21/10/2024,88.6,87.7,88.1,88.7,87.5,32.3,32.3,32.4,30.1,-0.23,116,170,2024-10-21 13:49:10,63.4,0.93,59.3,DI water,60,60,90,90,13:39:41,88.12,31.78,0.53,1.12,0.78,361.27,304.92,273.68,274.27,0.0,0.94,-773.54,-652.9,-120.64
13:49:12,21/10/2024,88.6,87.7,88.1,88.7,87.5,32.3,32.3,32.4,30.1,-0.23,116,170,2024-10-21 13:49:12,63.4,0.93,59.2,DI water,60,60,90,90,13:39:41,88.12,31.78,0.53,1.12,0.78,361.27,304.92,273.68,274.27,0.0,0.94,-773.54,-652.9,-120.64
13:49:14,21/10/2024,88.6,87.8,88.2,88.7,87.6,32.3,32.3,32.4,30.1,-0.23,116,170,2024-10-21 13:49:14,63.4,0.93,59.2,DI water,60,60,90,90,13:39:41,88.18,31.78,0.48,1.12,0.78,361.33,304.92,273.63,274.27,0.0,0.94,-773.67,-652.9,-120.77
13:49:15,21/10/2024,88.6,87.8,88.2,88.7,87.6,32.3,32.3,32.4,30.1,-0.23,116,170,2024-10-21 13:49:15,63.4,0.93,59.3,DI water,60,60,90,90,13:39:41,88.18,31.78,0.48,1.12,0.78,361.33,304.92,273.63,274.27,0.0,0.94,-773.67,-652.9,-120.77
13:49:15,21/10/2024,88.6,87.8,88.2,88.7,87.6,32.3,32.3,32.4,30.1,-0.23,116,170,2024-10-21 13:49:15,63.4,0.93,59.4,DI water,60,60,90,90,13:39:41,88.18,31.78,0.48,1.12,0.78,361.33,304.92,273.63,274.27,0.0,0.94,-773.67,-652.9,-120.77
13:49:17,21/10/2024,88.7,87.9,88.3,88.8,87.6,32.3,32.3,32.4,30.1,-0.24,116,170,2024-10-21 13:49:17,63.4,0.93,59.3,DI water,60,60,90,90,13:39:41,88.26,31.78,0.51,1.12,0.77,361.41,304.92,273.66,274.27,0.0,0.94,-812.47,-685.48,-126.98
13:49:19,21/10/2024,88.7,87.9,88.3,88.8,87.7,32.3,32.3,32.4,30.1,-0.24,116,170,2024-10-21 13:49:19,63.4,0.93,59.4,DI water,60,60,90,90,13:39:41,88.28,31.78,0.48,1.12,0.77,361.43,304.92,273.63,274.27,0.0,0.94,-812.51,-685.48,-127.03
13:49:22,21/10/2024,88.7,87.9,88.3,88.8,87.7,32.3,32.3,32.4,30.1,-0.24,116,170,2024-10-21 13:49:22,63.4,0.93,59.3,DI water,60,60,90,90,13:39:41,88.28,31.78,0.48,1.12,0.77,361.43,304.92,273.63,274.27,0.0,0.94,-812.51,-685.48,-127.03
13:49:24,21/10/2024,88.8,87.9,88.3,88.9,87.8,32.3,32.3,32.4,30.1,-0.24,116,170,2024-10-21 13:49:24,63.4,0.93,59.2,DI water,60,60,90,90,13:39:41,88.34,31.78,0.5,1.12,0.77,361.49,304.92,273.65,274.27,0.0,0.94,-812.65,-685.48,-127.16
13:49:25,21/10/2024,88.8,87.9,88.3,88.9,87.8,32.3,32.3,32.4,30.1,-0.24,116,170,2024-10-21 13:49:25,63.4,0.93,59.4,DI water,60,60,90,90,13:39:41,88.34,31.78,0.5,1.12,0.77,361.49,304.92,273.65,274.27,0.0,0.94,-812.65,-685.48,-127.16
13:49:27,21/10/2024,88.8,87.9,88.3,88.9,87.8,32.3,32.3,32.4,30.1,-0.23,116,170,2024-10-21 13:49:27,63.4,0.93,59.3,DI water,60,60,90,90,13:39:41,88.34,31.78,0.5,1.12,0.78,361.49,304.92,273.65,274.27,0.0,0.94,-774.01,-652.9,-121.12
13:49:28,21/10/2024,88.8,87.9,88.3,88.9,87.8,32.3,32.3,32.4,30.1,-0.23,116,170,2024-10-21 13:49:28,63.4,0.93,59.2,DI water,60,60,90,90,13:39:41,88.34,31.78,0.5,1.12,0.78,361.49,304.92,273.65,274.27,0.0,0.94,-774.01,-652.9,-121.12
13:49:30,21/10/2024,88.9,88.0,88.4,89.0,87.9,32.3,32.3,32.4,30.1,-0.23,116,170,2024-10-21 13:49:30,63.4,0.93,59.4,DI water,60,60,90,90,13:39:41,88.44,31.78,0.5,1.12,0.78,361.59,304.92,273.65,274.27,0.0,0.94,-774.23,-652.9,-121.33
13:49:31,21/10/2024,88.9,88.0,88.4,89.0,87.9,32.3,32.3,32.4,30.1,-0.24,116,170,2024-10-21 13:49:31,63.4,0.93,59.4,DI water,60,60,90,90,13:39:41,88.44,31.78,0.5,1.12,0.77,361.59,304.92,273.65,274.27,0.0,0.94,-812.87,-685.48,-127.39
13:49:34,21/10/2024,88.9,88.0,88.4,89.0,87.9,32.3,32.3,32.4,30.1,-0.24,116,170,2024-10-21 13:49:34,63.4,0.93,59.2,DI water,60,60,90,90,13:39:41,88.44,31.78,0.5,1.12,0.77,361.59,304.92,273.65,274.27,0.0,0.94,-812.87,-685.48,-127.39
13:49:35,21/10/2024,88.9,88.0,88.4,89.0,87.9,32.3,32.3,32.4,30.1,-0.24,116,170,2024-10-21 13:49:35,63.4,0.93,59.3,DI water,60,60,90,90,13:39:41,88.44,31.78,0.5,1.12,0.77,361.59,304.92,273.65,274.27,0.0,0.94,-812.87,-685.48,-127.39
13:49:36,21/10/2024,89.0,88.1,88.5,89.1,87.9,32.3,32.3,32.4,30.1,-0.24,116,170,2024-10-21 13:49:36,63.4,0.93,59.4,DI water,60,60,90,90,13:39:41,88.52,31.78,0.53,1.12,0.77,361.67,304.92,273.68,274.27,0.0,0.95,-813.05,-685.48,-127.57
13:49:37,21/10/2024,89.0,88.1,88.5,89.1,87.9,32.3,32.3,32.4,30.1,-0.24,116,170,2024-10-21 13:49:37,63.4,0.93,59.4,DI water,60,60,90,90,13:39:41,88.52,31.78,0.53,1.12,0.77,361.67,304.92,273.68,274.27,0.0,0.95,-813.05,-685.48,-127.57
13:49:38,21/10/2024,89.0,88.1,88.5,89.1,87.9,32.3,32.3,32.4,30.1,-0.24,116,170,2024-10-21 13:49:38,63.4,0.93,59.3,DI water,60,60,90,90,13:39:41,88.52,31.78,0.53,1.12,0.77,361.67,304.92,273.68,274.27,0.0,0.95,-813.05,-685.48,-127.57
13:49:41,21/10/2024,89.0,88.1,88.5,89.1,87.9,32.3,32.3,32.4,30.1,-0.24,116,170,2024-10-21 13:49:41,63.4,0.93,59.4,DI water,60,60,90,90,13:39:41,88.52,31.78,0.53,1.12,0.77,361.67,304.92,273.68,274.27,0.0,0.95,-813.05,-685.48,-127.57
13:49:44,21/10/2024,89.0,88.1,88.5,89.1,87.9,32.3,32.3,32.4,30.1,-0.24,116,170,2024-10-21 13:49:44,63.5,0.94,59.3,DI water,60,60,90,90,13:39:41,88.52,31.78,0.53,1.12,0.77,361.67,304.92,273.68,274.27,0.0,0.95,-813.05,-685.48,-127.57
13:49:46,21/10/2024,89.1,88.2,88.6,89.2,88.1,32.3,32.3,32.4,30.1,-0.24,116,170,2024-10-21 13:49:46,63.5,0.93,59.5,DI water,60,60,90,90,13:39:41,88.64,31.78,0.5,1.12,0.77,361.79,304.92,273.65,274.27,0.0,0.95,-813.32,-685.48,-127.83
13:49:49,21/10/2024,89.1,88.2,88.6,89.2,88.1,32.3,32.3,32.4,30.1,-0.24,116,170,2024-10-21 13:49:49,63.5,0.93,59.5,DI water,60,60,90,90,13:39:41,88.64,31.78,0.5,1.12,0.77,361.79,304.92,273.65,274.27,0.0,0.95,-813.32,-685.48,-127.83
13:49:49,21/10/2024,89.1,88.2,88.6,89.2,88.1,32.3,32.3,32.4,30.1,-0.24,116,170,2024-10-21 13:49:49,63.5,0.93,59.4,DI water,60,60,90,90,13:39:41,88.64,31.78,0.5,1.12,0.77,361.79,304.92,273.65,274.27,0.0,0.95,-813.32,-685.48,-127.83
13:49:52,21/10/2024,89.2,88.3,88.7,89.3,88.1,32.3,32.3,32.4,30.1,-0.24,116,170,2024-10-21 13:49:52,63.5,0.93,59.4,DI water,60,60,90,90,13:39:41,88.72,31.78,0.53,1.12,0.77,361.87,304.92,273.68,274.27,0.0,0.95,-813.5,-685.48,-128.01
13:49:56,21/10/2024,89.2,88.3,88.7,89.3,88.1,32.3,32.3,32.4,30.1,-0.24,117,170,2024-10-21 13:49:56,63.5,0.93,59.4,DI water,60,60,90,90,13:39:41,88.72,31.78,0.53,1.12,0.77,361.87,304.92,273.68,274.27,0.0,0.95,-813.5,-685.48,-128.01
13:49:57,21/10/2024,89.2,88.3,88.7,89.3,88.1,32.3,32.3,32.4,30.1,-0.24,117,170,2024-10-21 13:49:57,63.5,0.93,59.3,DI water,60,60,90,90,13:39:41,88.72,31.78,0.53,1.12,0.77,361.87,304.92,273.68,274.27,0.0,0.95,-813.5,-685.48,-128.01
13:49:59,21/10/2024,89.3,88.4,88.8,89.4,88.3,32.3,32.3,32.4,30.1,-0.24,117,170,2024-10-21 13:49:59,63.5,0.93,59.5,DI water,60,60,90,90,13:39:41,88.84,31.78,0.5,1.12,0.77,361.99,304.92,273.65,274.27,0.0,0.95,-813.77,-685.48,-128.28
13:50:01,21/10/2024,89.3,88.4,88.8,89.4,88.3,32.4,32.3,32.4,30.1,-0.24,117,170,2024-10-21 13:50:01,63.4,0.93,59.5,DI water,60,60,90,90,13:39:41,88.84,31.8,0.5,1.13,0.77,361.99,304.95,273.65,274.28,0.0,0.95,-813.77,-685.54,-128.23
13:50:03,21/10/2024,89.3,88.4,88.8,89.4,88.3,32.4,32.3,32.4,30.1,-0.24,117,170,2024-10-21 13:50:03,63.4,0.93,59.2,DI water,60,60,90,90,13:39:41,88.84,31.8,0.5,1.13,0.77,361.99,304.95,273.65,274.28,0.0,0.95,-813.77,-685.54,-128.23
13:50:05,21/10/2024,89.3,88.4,88.8,89.4,88.3,32.4,32.3,32.4,30.1,-0.24,117,170,2024-10-21 13:50:05,63.4,0.93,59.3,DI water,60,60,90,90,13:39:41,88.84,31.8,0.5,1.13,0.77,361.99,304.95,273.65,274.28,0.0,0.95,-813.77,-685.54,-128.23
13:50:06,21/10/2024,89.4,88.5,88.9,89.5,88.5,32.4,32.3,32.4,30.1,-0.24,117,170,2024-10-21 13:50:06,63.4,0.93,59.4,DI water,60,60,90,90,13:39:41,88.96,31.8,0.48,1.13,0.77,362.11,304.95,273.63,274.28,0.0,0.95,-814.04,-685.54,-128.5
13:50:07,21/10/2024,89.4,88.5,88.9,89.5,88.5,32.4,32.3,32.4,30.0,-0.25,117,170,2024-10-21 13:50:07,63.4,0.93,59.4,DI water,60,60,90,90,13:39:41,88.96,31.78,0.48,1.18,0.76,362.11,304.92,273.63,274.33,0.0,0.95,-853.24,-718.49,-134.74
13:50:08,21/10/2024,89.4,88.5,88.9,89.5,88.5,32.4,32.3,32.4,30.0,-0.25,117,170,2024-10-21 13:50:08,63.4,0.93,59.3,DI water,60,60,90,90,13:39:41,88.96,31.78,0.48,1.18,0.76,362.11,304.92,273.63,274.33,0.0,0.95,-853.24,-718.49,-134.74
13:50:10,21/10/2024,89.4,88.5,88.9,89.5,88.5,32.4,32.3,32.4,30.0,-0.25,117,170,2024-10-21 13:50:10,63.4,0.93,59.3,DI water,60,60,90,90,13:39:41,88.96,31.78,0.48,1.18,0.76,362.11,304.92,273.63,274.33,0.0,0.95,-853.24,-718.49,-134.74
13:50:11,21/10/2024,89.4,88.5,88.9,89.5,88.5,32.4,32.3,32.4,30.0,-0.25,117,170,2024-10-21 13:50:11,63.4,0.93,59.4,DI water,60,60,90,90,13:39:41,88.96,31.78,0.48,1.18,0.76,362.11,304.92,273.63,274.33,0.0,0.95,-853.24,-718.49,-134.74
13:50:13,21/10/2024,89.5,88.7,89.0,89.6,88.6,32.4,32.3,32.4,30.0,-0.24,117,170,2024-10-21 13:50:13,63.4,0.93,59.3,DI water,60,60,90,90,13:39:41,89.08,31.78,0.45,1.18,0.77,362.23,304.92,273.6,274.33,0.0,0.96,-814.31,-685.48,-128.82
13:50:17,21/10/2024,89.5,88.7,89.0,89.6,88.6,32.4,32.3,32.4,30.0,-0.24,117,170,2024-10-21 13:50:17,63.5,0.93,59.5,DI water,60,60,90,90,13:39:41,89.08,31.78,0.45,1.18,0.77,362.23,304.92,273.6,274.33,0.0,0.96,-814.31,-685.48,-128.82
13:50:18,21/10/2024,89.5,88.7,89.0,89.6,88.6,32.4,32.3,32.4,30.0,-0.24,117,170,2024-10-21 13:50:18,63.5,0.93,59.5,DI water,60,60,90,90,13:39:41,89.08,31.78,0.45,1.18,0.77,362.23,304.92,273.6,274.33,0.0,0.96,-814.31,-685.48,-128.82
13:50:19,21/10/2024,89.7,88.8,89.1,89.5,88.6,32.4,32.3,32.4,30.0,-0.24,117,170,2024-10-21 13:50:19,63.5,0.93,59.4,DI water,60,60,90,90,13:39:41,89.14,31.78,0.46,1.18,0.77,362.29,304.92,273.61,274.33,0.0,0.96,-814.44,-685.48,-128.96
13:50:23,21/10/2024,89.7,88.8,89.1,89.5,88.6,32.4,32.3,32.4,30.2,-0.24,118,170,2024-10-21 13:50:23,63.5,0.93,59.5,DI water,60,60,90,90,13:39:41,89.14,31.82,0.46,1.08,0.77,362.29,304.97,273.61,274.23,0.0,0.96,-814.44,-685.6,-128.85
13:50:25,21/10/2024,89.7,88.8,89.1,89.5,88.6,32.4,32.3,32.4,30.2,-0.24,118,170,2024-10-21 13:50:25,63.5,0.93,59.3,DI water,60,60,90,90,13:39:41,89.14,31.82,0.46,1.08,0.77,362.29,304.97,273.61,274.23,0.0,0.96,-814.44,-685.6,-128.85
13:50:26,21/10/2024,89.7,88.8,89.1,89.5,88.6,32.4,32.3,32.4,30.2,-0.24,118,170,2024-10-21 13:50:26,63.5,0.93,59.4,DI water,60,60,90,90,13:39:41,89.14,31.82,0.46,1.08,0.77,362.29,304.97,273.61,274.23,0.0,0.96,-814.44,-685.6,-128.85
13:50:28,21/10/2024,89.8,88.9,89.2,89.8,88.7,32.4,32.3,32.4,30.2,-0.24,118,170,2024-10-21 13:50:28,63.5,0.93,59.5,DI water,60,60,90,90,13:39:41,89.28,31.82,0.51,1.08,0.77,362.43,304.97,273.66,274.23,0.0,0.96,-814.76,-685.6,-129.16
13:50:30,21/10/2024,89.8,88.9,89.2,89.8,88.7,32.4,32.3,32.4,30.3,-0.23,118,170,2024-10-21 13:50:30,63.5,0.93,59.3,DI water,60,60,90,90,13:39:41,89.28,31.85,0.51,1.03,0.78,362.43,305.0,273.66,274.18,0.0,0.96,-776.03,-653.06,-122.97
13:50:31,21/10/2024,89.8,88.9,89.2,89.8,88.7,32.4,32.3,32.4,30.3,-0.23,118,170,2024-10-21 13:50:31,63.5,0.93,59.4,DI water,60,60,90,90,13:39:41,89.28,31.85,0.51,1.03,0.78,362.43,305.0,273.66,274.18,0.0,0.96,-776.03,-653.06,-122.97
13:50:35,21/10/2024,89.8,88.9,89.2,89.8,88.7,32.4,32.3,32.4,30.3,-0.23,118,170,2024-10-21 13:50:35,63.5,0.93,59.3,DI water,60,60,90,90,13:39:41,89.28,31.85,0.51,1.03,0.78,362.43,305.0,273.66,274.18,0.0,0.96,-776.03,-653.06,-122.97
13:50:36,21/10/2024,89.9,89.0,89.3,89.9,88.8,32.4,32.3,32.4,30.3,-0.23,118,170,2024-10-21 13:50:36,63.5,0.93,59.5,DI water,60,60,90,90,13:39:41,89.38,31.85,0.51,1.03,0.78,362.53,305.0,273.66,274.18,0.0,0.96,-776.24,-653.06,-123.18
13:50:39,21/10/2024,89.9,89.0,89.3,89.9,88.8,32.4,32.4,32.5,30.3,-0.22,118,170,2024-10-21 13:50:39,63.5,0.93,59.4,DI water,60,60,90,90,13:39:41,89.38,31.9,0.51,1.07,0.79,362.53,305.05,273.66,274.22,0.0,0.96,-737.99,-620.98,-117.01
13:50:39,21/10/2024,89.9,89.0,89.3,89.9,88.8,32.4,32.4,32.5,30.3,-0.22,118,170,2024-10-21 13:50:39,63.5,0.93,59.3,DI water,60,60,90,90,13:39:41,89.38,31.9,0.51,1.07,0.79,362.53,305.05,273.66,274.22,0.0,0.96,-737.99,-620.98,-117.01
13:50:40,21/10/2024,89.9,89.0,89.3,89.9,88.8,32.4,32.4,32.5,30.3,-0.22,118,170,2024-10-21 13:50:40,63.5,0.93,59.4,DI water,60,60,90,90,13:39:41,89.38,31.9,0.51,1.07,0.79,362.53,305.05,273.66,274.22,0.0,0.96,-737.99,-620.98,-117.01
13:50:43,21/10/2024,90.0,89.0,89.3,89.9,88.8,32.4,32.4,32.5,30.3,-0.22,118,170,2024-10-21 13:50:43,63.5,0.93,59.5,DI water,60,60,90,90,13:39:41,89.4,31.9,0.53,1.07,0.79,362.55,305.05,273.68,274.22,0.0,0.96,-738.03,-620.98,-117.05
13:50:45,21/10/2024,90.0,89.1,89.4,90.0,88.9,32.4,32.4,32.5,30.3,-0.22,118,170,2024-10-21 13:50:45,63.5,0.93,59.4,DI water,60,60,90,90,13:39:41,89.48,31.9,0.51,1.07,0.79,362.63,305.05,273.66,274.22,0.0,0.96,-738.19,-620.98,-117.21
13:50:48,21/10/2024,90.0,89.1,89.4,90.0,88.9,32.4,32.4,32.5,30.2,-0.23,118,170,2024-10-21 13:50:48,63.5,0.93,59.5,DI water,60,60,90,90,13:39:41,89.48,31.88,0.51,1.12,0.78,362.63,305.02,273.66,274.27,0.0,0.96,-776.46,-653.11,-123.34
13:50:49,21/10/2024,90.0,89.1,89.4,90.0,88.9,32.4,32.4,32.5,30.2,-0.23,118,170,2024-10-21 13:50:49,63.5,0.94,59.4,DI water,60,60,90,90,13:39:41,89.48,31.88,0.51,1.12,0.78,362.63,305.02,273.66,274.27,0.0,0.96,-776.46,-653.11,-123.34
13:50:53,21/10/2024,90.1,89.2,89.5,90.1,89.0,32.4,32.4,32.5,30.2,-0.23,118,170,2024-10-21 13:50:53,63.5,0.93,59.5,DI water,60,60,90,90,13:39:41,89.58,31.88,0.51,1.12,0.78,362.73,305.02,273.66,274.27,0.0,0.96,-776.67,-653.11,-123.56
13:50:55,21/10/2024,90.1,89.2,89.5,90.1,89.0,32.4,32.4,32.5,30.2,-0.24,118,170,2024-10-21 13:50:55,63.5,0.93,59.4,DI water,60,60,90,90,13:39:41,89.58,31.88,0.51,1.12,0.77,362.73,305.02,273.66,274.27,0.0,0.96,-815.43,-685.71,-129.72
13:50:57,21/10/2024,90.1,89.2,89.5,90.1,89.0,32.4,32.4,32.5,30.2,-0.24,118,170,2024-10-21 13:50:57,63.5,0.94,59.5,DI water,60,60,90,90,13:39:41,89.58,31.88,0.51,1.12,0.77,362.73,305.02,273.66,274.27,0.0,0.96,-815.43,-685.71,-129.72
13:51:00,21/10/2024,90.1,89.2,89.5,90.1,89.0,32.4,32.4,32.5,30.2,-0.24,118,170,2024-10-21 13:51:00,63.5,0.93,59.3,DI water,60,60,90,90,13:39:41,89.58,31.88,0.51,1.12,0.77,362.73,305.02,273.66,274.27,0.0,0.96,-815.43,-685.71,-129.72
13:51:01,21/10/2024,90.1,89.2,89.5,90.1,89.0,32.4,32.4,32.5,30.2,-0.24,118,170,2024-10-21 13:51:01,63.5,0.93,59.4,DI water,60,60,90,90,13:39:41,89.58,31.88,0.51,1.12,0.77,362.73,305.02,273.66,274.27,0.0,0.96,-815.43,-685.71,-129.72
13:51:03,21/10/2024,90.2,89.3,89.7,90.4,89.0,32.4,32.4,32.5,30.2,-0.24,118,170,2024-10-21 13:51:03,63.5,0.93,59.5,DI water,60,60,90,90,13:39:41,89.72,31.88,0.59,1.12,0.77,362.87,305.02,273.74,274.27,0.0,0.96,-815.75,-685.71,-130.04
13:51:04,21/10/2024,90.2,89.3,89.7,90.4,89.1,32.4,32.3,32.5,30.3,-0.24,118,170,2024-10-21 13:51:04,63.5,0.93,59.4,DI water,60,60,90,90,13:39:41,89.74,31.87,0.56,1.05,0.77,362.89,305.02,273.71,274.2,0.0,0.96,-815.79,-685.71,-130.08
13:51:05,21/10/2024,90.2,89.3,89.7,90.4,89.1,32.4,32.3,32.5,30.3,-0.23,118,170,2024-10-21 13:51:05,63.5,0.93,59.3,DI water,60,60,90,90,13:39:41,89.74,31.87,0.56,1.05,0.78,362.89,305.02,273.71,274.2,0.0,0.96,-777.01,-653.11,-123.9
13:51:07,21/10/2024,90.2,89.3,89.7,90.4,89.1,32.4,32.3,32.5,30.3,-0.23,118,170,2024-10-21 13:51:07,63.5,0.93,59.4,DI water,60,60,90,90,13:39:41,89.74,31.87,0.56,1.05,0.78,362.89,305.02,273.71,274.2,0.0,0.96,-777.01,-653.11,-123.9
13:51:08,21/10/2024,90.2,89.3,89.7,90.4,89.1,32.4,32.3,32.5,30.3,-0.23,118,170,2024-10-21 13:51:08,63.5,0.93,59.5,DI water,60,60,90,90,13:39:41,89.74,31.87,0.56,1.05,0.78,362.89,305.02,273.71,274.2,0.0,0.96,-777.01,-653.11,-123.9
13:51:09,21/10/2024,90.2,89.3,89.7,90.4,89.1,32.4,32.3,32.5,30.3,-0.23,118,170,2024-10-21 13:51:09,63.5,0.93,59.4,DI water,60,60,90,90,13:39:41,89.74,31.87,0.56,1.05,0.78,362.89,305.02,273.71,274.2,0.0,0.96,-777.01,-653.11,-123.9
13:51:11,21/10/2024,90.3,89.5,89.9,90.5,89.3,32.4,32.3,32.5,30.3,-0.23,118,170,2024-10-21 13:51:11,63.5,0.93,59.4,DI water,60,60,90,90,13:39:41,89.9,31.87,0.51,1.05,0.78,363.05,305.02,273.66,274.2,0.0,0.97,-777.35,-653.11,-124.24
13:51:13,21/10/2024,90.3,89.5,89.9,90.5,89.3,32.4,32.3,32.5,30.2,-0.22,118,170,2024-10-21 13:51:13,63.5,0.93,59.5,DI water,60,60,90,90,13:39:41,89.9,31.85,0.51,1.1,0.79,363.05,305.0,273.66,274.25,0.0,0.97,-739.05,-620.88,-118.17
13:51:15,21/10/2024,90.3,89.5,89.9,90.5,89.3,32.4,32.3,32.5,30.2,-0.22,118,170,2024-10-21 13:51:15,63.5,0.93,59.3,DI water,60,60,90,90,13:39:41,89.9,31.85,0.51,1.1,0.79,363.05,305.0,273.66,274.25,0.0,0.97,-739.05,-620.88,-118.17
13:51:18,21/10/2024,90.3,89.5,89.9,90.5,89.3,32.4,32.3,32.5,30.2,-0.22,118,170,2024-10-21 13:51:18,63.5,0.93,59.5,DI water,60,60,90,90,13:39:41,89.9,31.85,0.51,1.1,0.79,363.05,305.0,273.66,274.25,0.0,0.97,-739.05,-620.88,-118.17
13:51:19,21/10/2024,90.3,89.5,89.9,90.5,89.3,32.4,32.3,32.5,30.2,-0.22,118,170,2024-10-21 13:51:19,63.5,0.93,59.5,DI water,60,60,90,90,13:39:41,89.9,31.85,0.51,1.1,0.79,363.05,305.0,273.66,274.25,0.0,0.97,-739.05,-620.88,-118.17
13:51:21,21/10/2024,90.4,89.5,89.9,90.6,89.3,32.4,32.3,32.5,30.2,-0.22,118,170,2024-10-21 13:51:21,63.5,0.93,59.3,DI water,60,60,90,90,13:39:41,89.94,31.85,0.56,1.1,0.79,363.09,305.0,273.71,274.25,0.0,0.97,-739.13,-620.88,-118.25
13:51:22,21/10/2024,90.4,89.5,89.9,90.6,89.3,32.4,32.3,32.5,30.2,-0.22,118,170,2024-10-21 13:51:22,63.5,0.93,59.5,DI water,60,60,90,90,13:39:41,89.94,31.85,0.56,1.1,0.79,363.09,305.0,273.71,274.25,0.0,0.97,-739.13,-620.88,-118.25
13:51:25,21/10/2024,90.4,89.5,89.9,90.6,89.3,32.4,32.3,32.5,30.2,-0.22,118,170,2024-10-21 13:51:25,63.5,0.93,59.3,DI water,60,60,90,90,13:39:41,89.94,31.85,0.56,1.1,0.79,363.09,305.0,273.71,274.25,0.0,0.97,-739.13,-620.88,-118.25
13:51:27,21/10/2024,90.5,89.7,90.0,90.7,89.5,32.4,32.3,32.5,30.2,-0.22,118,170,2024-10-21 13:51:27,63.5,0.93,59.4,DI water,60,60,90,90,13:39:41,90.08,31.85,0.51,1.1,0.79,363.23,305.0,273.66,274.25,0.0,0.97,-739.42,-620.88,-118.54
13:51:29,21/10/2024,90.5,89.7,90.0,90.7,89.5,32.4,32.3,32.5,30.2,-0.21,118,170,2024-10-21 13:51:29,63.5,0.93,59.5,DI water,60,60,90,90,13:39:41,90.08,31.85,0.51,1.1,0.8,363.23,305.0,273.66,274.25,0.0,0.97,-701.57,-589.1,-112.47
13:51:30,21/10/2024,90.5,89.7,90.0,90.7,89.5,32.4,32.3,32.5,30.2,-0.21,118,170,2024-10-21 13:51:30,63.5,0.93,59.4,DI water,60,60,90,90,13:39:41,90.08,31.85,0.51,1.1,0.8,363.23,305.0,273.66,274.25,0.0,0.97,-701.57,-589.1,-112.47
13:51:35,21/10/2024,90.6,89.7,90.1,90.8,89.7,32.5,32.4,32.5,30.2,-0.22,118,170,2024-10-21 13:51:35,63.5,0.93,59.5,DI water,60,60,90,90,13:39:41,90.18,31.9,0.51,1.13,0.79,363.33,305.05,273.66,274.28,0.0,0.97,-739.62,-620.98,-118.64
13:51:36,21/10/2024,90.6,89.7,90.1,90.8,89.7,32.5,32.4,32.5,30.2,-0.22,119,170,2024-10-21 13:51:36,63.5,0.93,59.4,DI water,60,60,90,90,13:39:41,90.18,31.9,0.51,1.13,0.79,363.33,305.05,273.66,274.28,0.0,0.97,-739.62,-620.98,-118.64
13:51:37,21/10/2024,90.6,89.7,90.1,90.8,89.7,32.5,32.4,32.5,30.2,-0.22,119,170,2024-10-21 13:51:37,63.5,0.93,59.3,DI water,60,60,90,90,13:39:41,90.18,31.9,0.51,1.13,0.79,363.33,305.05,273.66,274.28,0.0,0.97,-739.62,-620.98,-118.64
13:51:42,21/10/2024,90.6,89.7,90.1,90.8,89.7,32.5,32.4,32.5,30.2,-0.22,119,170,2024-10-21 13:51:42,63.5,0.93,59.5,DI water,60,60,90,90,13:39:41,90.18,31.9,0.51,1.13,0.79,363.33,305.05,273.66,274.28,0.0,0.97,-739.62,-620.98,-118.64
13:51:42,21/10/2024,90.6,89.7,90.1,90.8,89.7,32.5,32.4,32.5,30.2,-0.22,119,170,2024-10-21 13:51:42,63.5,0.94,59.5,DI water,60,60,90,90,13:39:41,90.18,31.9,0.51,1.13,0.79,363.33,305.05,273.66,274.28,0.0,0.97,-739.62,-620.98,-118.64
13:51:43,21/10/2024,90.7,89.8,90.3,90.9,89.7,32.5,32.4,32.5,30.2,-0.22,119,170,2024-10-21 13:51:43,63.5,0.93,59.3,DI water,60,60,90,90,13:39:41,90.28,31.9,0.53,1.13,0.79,363.43,305.05,273.68,274.28,0.0,0.97,-739.82,-620.98,-118.84
13:51:46,21/10/2024,90.7,89.8,90.3,90.9,89.8,32.5,32.3,32.5,30.1,-0.22,119,170,2024-10-21 13:51:46,63.5,0.93,59.5,DI water,60,60,90,90,13:39:41,90.3,31.85,0.5,1.17,0.79,363.45,305.0,273.65,274.32,0.0,0.97,-739.86,-620.88,-118.98
13:51:51,21/10/2024,90.8,89.9,90.4,91.0,89.9,32.5,32.3,32.5,30.1,-0.22,119,170,2024-10-21 13:51:51,63.5,0.93,59.3,DI water,60,60,90,90,13:39:41,90.4,31.85,0.5,1.17,0.79,363.55,305.0,273.65,274.32,0.0,0.98,-740.07,-620.88,-119.19
13:51:52,21/10/2024,90.8,89.9,90.4,91.0,89.9,32.5,32.3,32.5,30.2,-0.23,119,170,2024-10-21 13:51:52,63.5,0.93,59.4,DI water,60,60,90,90,13:39:41,90.4,31.88,0.5,1.12,0.78,363.55,305.02,273.65,274.27,0.0,0.98,-778.43,-653.11,-125.31
13:51:53,21/10/2024,90.8,89.9,90.4,91.0,89.9,32.5,32.3,32.5,30.2,-0.23,119,170,2024-10-21 13:51:53,63.5,0.93,59.5,DI water,60,60,90,90,13:39:41,90.4,31.88,0.5,1.12,0.78,363.55,305.02,273.65,274.27,0.0,0.98,-778.43,-653.11,-125.31
13:51:54,21/10/2024,90.8,89.9,90.4,91.0,89.9,32.5,32.3,32.5,30.2,-0.23,119,170,2024-10-21 13:51:54,63.5,0.93,59.4,DI water,60,60,90,90,13:39:41,90.4,31.88,0.5,1.12,0.78,363.55,305.02,273.65,274.27,0.0,0.98,-778.43,-653.11,-125.31
13:51:56,21/10/2024,90.8,89.9,90.4,91.0,89.9,32.5,32.3,32.5,30.2,-0.23,119,170,2024-10-21 13:51:56,63.4,0.93,59.2,DI water,60,60,90,90,13:39:41,90.4,31.88,0.5,1.12,0.78,363.55,305.02,273.65,274.27,0.0,0.98,-778.43,-653.11,-125.31
13:51:58,21/10/2024,90.8,89.9,90.4,91.0,89.9,32.5,32.3,32.5,30.2,-0.23,119,170,2024-10-21 13:51:58,63.5,0.93,59.4,DI water,60,60,90,90,13:39:41,90.4,31.88,0.5,1.12,0.78,363.55,305.02,273.65,274.27,0.0,0.98,-778.43,-653.11,-125.31
13:51:59,21/10/2024,91.0,90.1,90.4,91.1,90.0,32.5,32.3,32.5,30.2,-0.23,119,170,2024-10-21 13:51:59,63.5,0.93,59.5,DI water,60,60,90,90,13:39:41,90.52,31.88,0.51,1.12,0.78,363.67,305.02,273.66,274.27,0.0,0.98,-778.68,-653.11,-125.57
13:52:00,21/10/2024,91.0,90.1,90.4,91.1,90.0,32.5,32.3,32.4,30.2,-0.23,119,170,2024-10-21 13:52:00,63.5,0.93,59.5,DI water,60,60,90,90,13:39:41,90.52,31.85,0.51,1.1,0.78,363.67,305.0,273.66,274.25,0.0,0.98,-778.68,-653.06,-125.62
13:52:05,21/10/2024,91.0,90.1,90.4,91.1,90.0,32.5,32.3,32.4,30.2,-0.23,119,170,2024-10-21 13:52:05,63.4,0.93,59.4,DI water,60,60,90,90,13:39:41,90.52,31.85,0.51,1.1,0.78,363.67,305.0,273.66,274.25,0.0,0.98,-778.68,-653.06,-125.62
13:52:06,21/10/2024,91.0,90.1,90.4,91.1,90.0,32.5,32.3,32.4,30.2,-0.23,119,170,2024-10-21 13:52:06,63.4,0.93,59.4,DI water,60,60,90,90,13:39:41,90.52,31.85,0.51,1.1,0.78,363.67,305.0,273.66,274.25,0.0,0.98,-778.68,-653.06,-125.62
13:52:09,21/10/2024,91.1,90.2,90.6,91.2,90.1,32.5,32.3,32.4,30.2,-0.24,120,170,2024-10-21 13:52:09,63.4,0.93,59.3,DI water,60,60,90,90,13:39:41,90.64,31.85,0.5,1.1,0.77,363.79,305.0,273.65,274.25,0.0,0.98,-817.82,-685.65,-132.16
13:52:12,21/10/2024,91.1,90.3,90.6,91.3,90.2,32.5,32.3,32.4,30.2,-0.24,120,170,2024-10-21 13:52:12,63.5,0.93,59.4,DI water,60,60,90,90,13:39:41,90.7,31.85,0.48,1.1,0.77,363.85,305.0,273.63,274.25,0.0,0.98,-817.95,-685.65,-132.3
13:52:13,21/10/2024,91.1,90.3,90.6,91.3,90.2,32.5,32.3,32.5,30.2,-0.22,120,170,2024-10-21 13:52:13,63.5,0.93,59.3,DI water,60,60,90,90,13:39:41,90.7,31.88,0.48,1.12,0.79,363.85,305.02,273.63,274.27,0.0,0.98,-740.68,-620.93,-119.75
13:52:15,21/10/2024,91.1,90.3,90.6,91.3,90.2,32.5,32.3,32.5,30.2,-0.22,120,170,2024-10-21 13:52:15,63.5,0.93,59.4,DI water,60,60,90,90,13:39:41,90.7,31.88,0.48,1.12,0.79,363.85,305.02,273.63,274.27,0.0,0.98,-740.68,-620.93,-119.75
13:52:16,21/10/2024,91.1,90.3,90.6,91.3,90.2,32.5,32.3,32.5,30.2,-0.22,120,170,2024-10-21 13:52:16,63.5,0.93,59.5,DI water,60,60,90,90,13:39:41,90.7,31.88,0.48,1.12,0.79,363.85,305.02,273.63,274.27,0.0,0.98,-740.68,-620.93,-119.75
13:52:17,21/10/2024,91.2,90.3,90.6,91.3,90.2,32.5,32.3,32.5,30.2,-0.22,120,170,2024-10-21 13:52:17,63.5,0.93,59.3,DI water,60,60,90,90,13:39:41,90.72,31.88,0.51,1.12,0.79,363.87,305.02,273.66,274.27,0.0,0.98,-740.72,-620.93,-119.79
13:52:19,21/10/2024,91.2,90.3,90.7,91.1,90.2,32.5,32.3,32.5,30.3,-0.23,120,170,2024-10-21 13:52:19,63.5,0.94,59.4,DI water,60,60,90,90,13:39:41,90.7,31.9,0.45,1.07,0.78,363.85,305.05,273.6,274.22,0.0,0.98,-779.07,-653.17,-125.9
13:52:21,21/10/2024,91.2,90.3,90.7,91.1,90.2,32.5,32.3,32.5,30.3,-0.23,120,170,2024-10-21 13:52:21,63.5,0.93,59.5,DI water,60,60,90,90,13:39:41,90.7,31.9,0.45,1.07,0.78,363.85,305.05,273.6,274.22,0.0,0.98,-779.07,-653.17,-125.9
13:52:23,21/10/2024,91.2,90.3,90.7,91.1,90.2,32.5,32.3,32.5,30.3,-0.23,120,170,2024-10-21 13:52:23,63.5,0.93,59.3,DI water,60,60,90,90,13:39:41,90.7,31.9,0.45,1.07,0.78,363.85,305.05,273.6,274.22,0.0,0.98,-779.07,-653.17,-125.9
13:52:26,21/10/2024,91.2,90.3,90.7,91.1,90.2,32.5,32.3,32.5,30.3,-0.23,120,170,2024-10-21 13:52:26,63.5,0.93,59.4,DI water,60,60,90,90,13:39:41,90.7,31.9,0.45,1.07,0.78,363.85,305.05,273.6,274.22,0.0,0.98,-779.07,-653.17,-125.9
13:52:27,21/10/2024,91.3,90.5,90.8,91.4,90.4,32.5,32.3,32.5,30.3,-0.23,120,170,2024-10-21 13:52:27,63.5,0.93,59.5,DI water,60,60,90,90,13:39:41,90.88,31.9,0.45,1.07,0.78,364.03,305.05,273.6,274.22,0.0,0.98,-779.45,-653.17,-126.29
13:52:29,21/10/2024,91.3,90.5,90.8,91.4,90.4,32.5,32.3,32.4,30.2,-0.24,120,170,2024-10-21 13:52:29,63.4,0.93,59.3,DI water,60,60,90,90,13:39:41,90.88,31.85,0.45,1.1,0.77,364.03,305.0,273.6,274.25,0.0,0.98,-818.36,-685.65,-132.7
13:52:33,21/10/2024,91.3,90.5,90.8,91.4,90.4,32.5,32.3,32.4,30.2,-0.24,120,170,2024-10-21 13:52:33,63.4,0.93,59.3,DI water,60,60,90,90,13:39:41,90.88,31.85,0.45,1.1,0.77,364.03,305.0,273.6,274.25,0.0,0.98,-818.36,-685.65,-132.7
13:52:34,21/10/2024,91.4,90.5,90.9,91.5,90.4,32.5,32.3,32.4,30.2,-0.24,120,170,2024-10-21 13:52:34,63.4,0.93,59.4,DI water,60,60,90,90,13:39:41,90.94,31.85,0.5,1.1,0.77,364.09,305.0,273.65,274.25,0.0,0.98,-818.49,-685.65,-132.84
13:52:37,21/10/2024,91.4,90.5,90.9,91.5,90.4,32.5,32.3,32.4,30.2,-0.23,120,170,2024-10-21 13:52:37,63.4,0.93,59.2,DI water,60,60,90,90,13:39:41,90.94,31.85,0.5,1.1,0.78,364.09,305.0,273.65,274.25,0.0,0.98,-779.58,-653.06,-126.52
13:52:38,21/10/2024,91.4,90.5,90.9,91.5,90.4,32.5,32.3,32.4,30.2,-0.23,120,170,2024-10-21 13:52:38,63.4,0.93,59.2,DI water,60,60,90,90,13:39:41,90.94,31.85,0.5,1.1,0.78,364.09,305.0,273.65,274.25,0.0,0.98,-779.58,-653.06,-126.52
13:52:39,21/10/2024,91.4,90.5,90.9,91.5,90.4,32.5,32.3,32.4,30.2,-0.23,120,170,2024-10-21 13:52:39,63.4,0.93,59.3,DI water,60,60,90,90,13:39:41,90.94,31.85,0.5,1.1,0.78,364.09,305.0,273.65,274.25,0.0,0.98,-779.58,-653.06,-126.52
13:52:41,21/10/2024,91.5,90.6,90.9,91.6,90.4,32.5,32.3,32.4,30.2,-0.23,120,170,2024-10-21 13:52:41,63.4,0.93,59.3,DI water,60,60,90,90,13:39:41,91.0,31.85,0.53,1.1,0.78,364.15,305.0,273.68,274.25,0.0,0.99,-779.71,-653.06,-126.65
13:52:42,21/10/2024,91.5,90.6,90.9,91.6,90.5,32.5,32.3,32.4,30.2,-0.23,120,170,2024-10-21 13:52:42,63.4,0.93,59.1,DI water,60,60,90,90,13:39:41,91.02,31.85,0.51,1.1,0.78,364.17,305.0,273.66,274.25,0.0,0.99,-779.75,-653.06,-126.69
13:52:43,21/10/2024,91.5,90.6,90.9,91.6,90.5,32.5,32.3,32.4,30.2,-0.23,120,170,2024-10-21 13:52:43,63.4,0.93,59.1,DI water,60,60,90,90,13:39:41,91.02,31.85,0.51,1.1,0.78,364.17,305.0,273.66,274.25,0.0,0.99,-779.75,-653.06,-126.69
13:52:45,21/10/2024,91.5,90.6,90.9,91.6,90.5,32.5,32.3,32.4,30.2,-0.23,120,170,2024-10-21 13:52:45,63.4,0.93,59.2,DI water,60,60,90,90,13:39:41,91.02,31.85,0.51,1.1,0.78,364.17,305.0,273.66,274.25,0.0,0.99,-779.75,-653.06,-126.69
13:52:49,21/10/2024,91.6,90.7,91.1,91.7,90.6,32.5,32.3,32.4,30.2,-0.23,120,170,2024-10-21 13:52:49,63.4,0.93,59.1,DI water,60,60,90,90,13:39:41,91.14,31.85,0.5,1.1,0.78,364.29,305.0,273.65,274.25,0.0,0.99,-780.01,-653.06,-126.95
13:52:51,21/10/2024,91.6,90.7,91.1,91.7,90.6,32.5,32.4,32.5,30.2,-0.23,120,170,2024-10-21 13:52:51,63.4,0.93,59.3,DI water,60,60,90,90,13:39:41,91.14,31.9,0.5,1.13,0.78,364.29,305.05,273.65,274.28,0.0,0.99,-780.01,-653.17,-126.84
13:52:54,21/10/2024,91.6,90.7,91.1,91.7,90.6,32.5,32.4,32.5,30.2,-0.23,120,170,2024-10-21 13:52:54,63.4,0.93,59.1,DI water,60,60,90,90,13:39:41,91.14,31.9,0.5,1.13,0.78,364.29,305.05,273.65,274.28,0.0,0.99,-780.01,-653.17,-126.84
13:52:55,21/10/2024,91.6,90.7,91.1,91.7,90.6,32.5,32.4,32.5,30.2,-0.23,120,170,2024-10-21 13:52:55,63.4,0.93,59.2,DI water,60,60,90,90,13:39:41,91.14,31.9,0.5,1.13,0.78,364.29,305.05,273.65,274.28,0.0,0.99,-780.01,-653.17,-126.84
13:52:57,21/10/2024,91.6,90.8,91.1,91.8,90.7,32.5,32.4,32.5,30.2,-0.23,120,170,2024-10-21 13:52:57,63.4,0.93,59.3,DI water,60,60,90,90,13:39:41,91.2,31.9,0.48,1.13,0.78,364.35,305.05,273.63,274.28,0.0,0.99,-780.14,-653.17,-126.97
13:52:58,21/10/2024,91.6,90.8,91.1,91.8,90.7,32.5,32.4,32.5,30.2,-0.23,120,170,2024-10-21 13:52:58,63.4,0.93,59.2,DI water,60,60,90,90,13:39:41,91.2,31.9,0.48,1.13,0.78,364.35,305.05,273.63,274.28,0.0,0.99,-780.14,-653.17,-126.97
13:53:02,21/10/2024,91.6,90.8,91.1,91.8,90.7,32.5,32.4,32.5,30.2,-0.24,120,170,2024-10-21 13:53:02,63.4,0.93,59.3,DI water,60,60,90,90,13:39:41,91.2,31.9,0.48,1.13,0.77,364.35,305.05,273.63,274.28,0.0,0.99,-819.07,-685.77,-133.31
13:53:03,21/10/2024,91.6,90.8,91.1,91.8,90.7,32.5,32.4,32.5,30.2,-0.24,120,170,2024-10-21 13:53:03,63.4,0.93,59.3,DI water,60,60,90,90,13:39:41,91.2,31.9,0.48,1.13,0.77,364.35,305.05,273.63,274.28,0.0,0.99,-819.07,-685.77,-133.31
13:53:08,21/10/2024,91.8,90.9,91.3,92.0,90.8,32.5,32.4,32.5,30.2,-0.24,120,170,2024-10-21 13:53:08,63.4,0.93,59.3,DI water,60,60,90,90,13:39:41,91.36,31.9,0.53,1.13,0.77,364.51,305.05,273.68,274.28,0.0,0.99,-819.43,-685.77,-133.67
13:53:10,21/10/2024,91.8,90.9,91.3,92.0,90.8,32.5,32.3,32.5,30.1,-0.22,120,170,2024-10-21 13:53:10,63.4,0.93,59.2,DI water,60,60,90,90,13:39:41,91.36,31.85,0.53,1.17,0.79,364.51,305.0,273.68,274.32,0.0,0.99,-742.02,-620.88,-121.14
13:53:14,21/10/2024,91.8,90.9,91.3,92.0,90.8,32.5,32.3,32.5,30.1,-0.22,120,170,2024-10-21 13:53:14,63.3,0.93,59.1,DI water,60,60,90,90,13:39:41,91.36,31.85,0.53,1.17,0.79,364.51,305.0,273.68,274.32,0.0,0.99,-742.02,-620.88,-121.14
13:53:15,21/10/2024,91.8,90.9,91.3,92.0,90.8,32.5,32.3,32.5,30.1,-0.22,120,170,2024-10-21 13:53:15,63.4,0.93,59.2,DI water,60,60,90,90,13:39:41,91.36,31.85,0.53,1.17,0.79,364.51,305.0,273.68,274.32,0.0,0.99,-742.02,-620.88,-121.14
13:53:18,21/10/2024,91.9,91.0,91.4,92.1,90.9,32.4,32.3,32.5,30.1,-0.22,120,170,2024-10-21 13:53:18,63.4,0.93,59.1,DI water,60,60,90,90,13:39:41,91.46,31.82,0.53,1.15,0.79,364.61,304.97,273.68,274.3,0.0,0.99,-742.23,-620.83,-121.4
13:53:19,21/10/2024,91.9,91.0,91.4,92.1,90.9,32.4,32.3,32.5,30.1,-0.22,121,170,2024-10-21 13:53:19,63.3,0.93,59.2,DI water,60,60,90,90,13:39:41,91.46,31.82,0.53,1.15,0.79,364.61,304.97,273.68,274.3,0.0,0.99,-742.23,-620.83,-121.4
13:53:23,21/10/2024,91.9,91.0,91.4,92.1,90.9,32.4,32.3,32.5,30.1,-0.22,121,170,2024-10-21 13:53:23,63.3,0.93,59.0,DI water,60,60,90,90,13:39:41,91.46,31.82,0.53,1.15,0.79,364.61,304.97,273.68,274.3,0.0,0.99,-742.23,-620.83,-121.4
13:53:24,21/10/2024,91.9,91.0,91.4,92.1,90.9,32.4,32.3,32.5,30.1,-0.22,121,170,2024-10-21 13:53:24,63.4,0.93,59.1,DI water,60,60,90,90,13:39:41,91.46,31.82,0.53,1.15,0.79,364.61,304.97,273.68,274.3,0.0,0.99,-742.23,-620.83,-121.4
13:53:26,21/10/2024,92.0,91.1,91.5,92.2,91.0,32.4,32.3,32.5,30.1,-0.22,121,170,2024-10-21 13:53:26,63.4,0.93,59.3,DI water,60,60,90,90,13:39:41,91.56,31.82,0.53,1.15,0.79,364.71,304.97,273.68,274.3,0.0,1.0,-742.43,-620.83,-121.6
13:53:30,21/10/2024,92.0,91.1,91.5,92.2,91.0,32.4,32.3,32.5,30.1,-0.24,121,170,2024-10-21 13:53:30,63.4,0.93,59.2,DI water,60,60,90,90,13:39:41,91.56,31.82,0.53,1.15,0.77,364.71,304.97,273.68,274.3,0.0,1.0,-819.88,-685.6,-134.29
13:53:33,21/10/2024,92.1,91.2,91.6,92.3,91.1,32.4,32.3,32.5,30.1,-0.24,121,170,2024-10-21 13:53:33,63.4,0.93,59.2,DI water,60,60,90,90,13:39:41,91.66,31.82,0.53,1.15,0.77,364.81,304.97,273.68,274.3,0.0,1.0,-820.11,-685.6,-134.51
13:53:34,21/10/2024,92.1,91.2,91.6,92.3,91.1,32.4,32.3,32.5,30.1,-0.23,121,170,2024-10-21 13:53:34,63.4,0.93,59.1,DI water,60,60,90,90,13:39:41,91.66,31.82,0.53,1.15,0.78,364.81,304.97,273.68,274.3,0.0,1.0,-781.12,-653.01,-128.12
13:53:37,21/10/2024,92.1,91.2,91.6,92.3,91.1,32.4,32.3,32.5,30.1,-0.23,121,170,2024-10-21 13:53:37,63.4,0.93,59.1,DI water,60,60,90,90,13:39:41,91.66,31.82,0.53,1.15,0.78,364.81,304.97,273.68,274.3,0.0,1.0,-781.12,-653.01,-128.12
13:53:38,21/10/2024,92.1,91.2,91.6,92.3,91.1,32.4,32.3,32.5,30.1,-0.23,121,170,2024-10-21 13:53:38,63.3,0.93,59.2,DI water,60,60,90,90,13:39:41,91.66,31.82,0.53,1.15,0.78,364.81,304.97,273.68,274.3,0.0,1.0,-781.12,-653.01,-128.12
13:53:40,21/10/2024,92.2,91.3,91.7,92.4,91.3,32.5,32.3,32.5,30.1,-0.23,121,170,2024-10-21 13:53:40,63.3,0.93,59.1,DI water,60,60,90,90,13:39:41,91.78,31.85,0.51,1.17,0.78,364.93,305.0,273.66,274.32,0.0,1.0,-781.38,-653.06,-128.32
13:53:41,21/10/2024,92.2,91.3,91.7,92.4,91.3,32.5,32.3,32.5,30.1,-0.24,121,170,2024-10-21 13:53:41,63.4,0.93,59.1,DI water,60,60,90,90,13:39:41,91.78,31.85,0.51,1.17,0.77,364.93,305.0,273.66,274.32,0.0,1.0,-820.38,-685.65,-134.73
13:53:44,21/10/2024,92.2,91.3,91.7,92.4,91.3,32.5,32.3,32.5,30.1,-0.24,121,170,2024-10-21 13:53:44,63.3,0.93,59.2,DI water,60,60,90,90,13:39:41,91.78,31.85,0.51,1.17,0.77,364.93,305.0,273.66,274.32,0.0,1.0,-820.38,-685.65,-134.73
13:53:46,21/10/2024,92.2,91.3,91.7,92.4,91.3,32.5,32.3,32.5,30.1,-0.24,121,170,2024-10-21 13:53:46,63.4,0.93,59.2,DI water,60,60,90,90,13:39:41,91.78,31.85,0.51,1.17,0.77,364.93,305.0,273.66,274.32,0.0,1.0,-820.38,-685.65,-134.73
13:53:48,21/10/2024,92.2,91.4,91.8,92.5,91.3,32.5,32.3,32.5,30.1,-0.23,121,170,2024-10-21 13:53:48,63.4,0.93,59.1,DI water,60,60,90,90,13:39:41,91.84,31.85,0.51,1.17,0.78,364.99,305.0,273.66,274.32,0.0,1.0,-781.51,-653.06,-128.45
13:53:53,21/10/2024,92.2,91.4,91.8,92.5,91.3,32.5,32.3,32.5,30.1,-0.23,121,170,2024-10-21 13:53:53,63.4,0.93,59.3,DI water,60,60,90,90,13:39:41,91.84,31.85,0.51,1.17,0.78,364.99,305.0,273.66,274.32,0.0,1.0,-781.51,-653.06,-128.45
13:53:54,21/10/2024,92.3,91.4,91.9,92.6,91.4,32.5,32.3,32.5,30.1,-0.23,121,170,2024-10-21 13:53:54,63.4,0.93,59.3,DI water,60,60,90,90,13:39:41,91.92,31.85,0.54,1.17,0.78,365.07,305.0,273.69,274.32,0.0,1.0,-781.68,-653.06,-128.62
13:53:55,21/10/2024,92.3,91.4,91.9,92.6,91.4,32.5,32.3,32.5,30.1,-0.23,121,170,2024-10-21 13:53:55,63.4,0.93,59.2,DI water,60,60,90,90,13:39:41,91.92,31.85,0.54,1.17,0.78,365.07,305.0,273.69,274.32,0.0,1.0,-781.68,-653.06,-128.62
13:54:01,21/10/2024,92.3,91.4,91.9,92.6,91.4,32.5,32.3,32.5,30.1,-0.23,121,170,2024-10-21 13:54:01,63.4,0.93,59.2,DI water,60,60,90,90,13:39:41,91.92,31.85,0.54,1.17,0.78,365.07,305.0,273.69,274.32,0.0,1.0,-781.68,-653.06,-128.62
13:54:02,21/10/2024,92.3,91.4,91.9,92.6,91.4,32.5,32.3,32.5,30.1,-0.23,121,170,2024-10-21 13:54:02,63.4,0.93,59.3,DI water,60,60,90,90,13:39:41,91.92,31.85,0.54,1.17,0.78,365.07,305.0,273.69,274.32,0.0,1.0,-781.68,-653.06,-128.62
13:54:03,21/10/2024,92.4,91.6,92.0,92.7,91.6,32.5,32.3,32.5,30.1,-0.23,121,170,2024-10-21 13:54:03,63.4,0.93,59.2,DI water,60,60,90,90,13:39:41,92.06,31.85,0.49,1.17,0.78,365.21,305.0,273.64,274.32,0.0,1.0,-781.98,-653.06,-128.92
13:54:05,21/10/2024,92.4,91.6,92.0,92.7,91.6,32.5,32.3,32.5,30.1,-0.23,121,170,2024-10-21 13:54:05,63.4,0.93,59.2,DI water,60,60,90,90,13:39:41,92.06,31.85,0.49,1.17,0.78,365.21,305.0,273.64,274.32,0.0,1.0,-781.98,-653.06,-128.92
13:54:07,21/10/2024,92.4,91.6,92.0,92.7,91.6,32.5,32.3,32.5,30.1,-0.22,121,170,2024-10-21 13:54:07,63.4,0.93,59.2,DI water,60,60,90,90,13:39:41,92.06,31.85,0.49,1.17,0.79,365.21,305.0,273.64,274.32,0.0,1.0,-743.45,-620.88,-122.57
13:54:11,21/10/2024,92.4,91.6,92.0,92.7,91.6,32.5,32.3,32.5,30.1,-0.22,121,170,2024-10-21 13:54:11,63.4,0.93,59.2,DI water,60,60,90,90,13:39:41,92.06,31.85,0.49,1.17,0.79,365.21,305.0,273.64,274.32,0.0,1.0,-743.45,-620.88,-122.57
13:54:12,21/10/2024,92.4,91.6,92.0,92.7,91.6,32.5,32.3,32.5,30.1,-0.22,121,170,2024-10-21 13:54:12,63.4,0.93,59.1,DI water,60,60,90,90,13:39:41,92.06,31.85,0.49,1.17,0.79,365.21,305.0,273.64,274.32,0.0,1.0,-743.45,-620.88,-122.57
13:54:12,21/10/2024,92.4,91.6,92.0,92.7,91.6,32.5,32.3,32.5,30.1,-0.22,121,170,2024-10-21 13:54:12,63.4,0.93,59.2,DI water,60,60,90,90,13:39:41,92.06,31.85,0.49,1.17,0.79,365.21,305.0,273.64,274.32,0.0,1.0,-743.45,-620.88,-122.57
13:54:15,21/10/2024,92.5,91.7,92.1,92.8,91.7,32.5,32.3,32.5,30.1,-0.22,121,170,2024-10-21 13:54:15,63.4,0.93,59.1,DI water,60,60,90,90,13:39:41,92.16,31.85,0.49,1.17,0.79,365.31,305.0,273.64,274.32,0.0,1.01,-743.65,-620.88,-122.77
13:54:16,21/10/2024,92.5,91.7,92.1,92.8,91.7,32.5,32.3,32.5,30.1,-0.22,122,170,2024-10-21 13:54:16,63.4,0.93,59.1,DI water,60,60,90,90,13:39:41,92.16,31.85,0.49,1.17,0.79,365.31,305.0,273.64,274.32,0.0,1.01,-743.65,-620.88,-122.77
13:54:17,21/10/2024,92.5,91.7,92.1,92.8,91.7,32.5,32.3,32.5,30.1,-0.22,122,170,2024-10-21 13:54:17,63.4,0.93,59.1,DI water,60,60,90,90,13:39:41,92.16,31.85,0.49,1.17,0.79,365.31,305.0,273.64,274.32,0.0,1.01,-743.65,-620.88,-122.77
13:54:21,21/10/2024,92.5,91.7,92.1,92.8,91.7,32.5,32.3,32.5,30.1,-0.22,122,170,2024-10-21 13:54:21,63.4,0.93,59.2,DI water,60,60,90,90,13:39:41,92.16,31.85,0.49,1.17,0.79,365.31,305.0,273.64,274.32,0.0,1.01,-743.65,-620.88,-122.77
13:54:21,21/10/2024,92.5,91.7,92.1,92.8,91.7,32.5,32.3,32.5,30.1,-0.22,122,170,2024-10-21 13:54:21,63.4,0.93,59.1,DI water,60,60,90,90,13:39:41,92.16,31.85,0.49,1.17,0.79,365.31,305.0,273.64,274.32,0.0,1.01,-743.65,-620.88,-122.77
13:54:23,21/10/2024,92.6,91.7,92.2,92.9,91.8,32.5,32.3,32.5,30.2,-0.22,122,170,2024-10-21 13:54:23,63.3,0.93,59.1,DI water,60,60,90,90,13:39:41,92.24,31.88,0.51,1.12,0.79,365.39,305.02,273.66,274.27,0.0,1.01,-743.81,-620.93,-122.88
13:54:27,21/10/2024,92.6,91.7,92.2,92.9,91.8,32.5,32.3,32.5,30.2,-0.24,122,170,2024-10-21 13:54:27,63.3,0.93,59.1,DI water,60,60,90,90,13:39:41,92.24,31.88,0.51,1.12,0.77,365.39,305.02,273.66,274.27,0.0,1.01,-821.41,-685.71,-135.7
13:54:30,21/10/2024,92.6,91.7,92.2,92.9,91.8,32.5,32.3,32.5,30.2,-0.24,122,170,2024-10-21 13:54:30,63.3,0.93,59.0,DI water,60,60,90,90,13:39:41,92.24,31.88,0.51,1.12,0.77,365.39,305.02,273.66,274.27,0.0,1.01,-821.41,-685.71,-135.7
13:54:32,21/10/2024,92.8,92.0,92.3,93.1,91.9,32.5,32.3,32.5,30.2,-0.24,122,170,2024-10-21 13:54:32,63.3,0.93,59.1,DI water,60,60,90,90,13:39:41,92.42,31.88,0.52,1.12,0.77,365.57,305.02,273.67,274.27,0.0,1.01,-821.82,-685.71,-136.11
13:54:33,21/10/2024,92.8,92.0,92.3,93.1,91.9,32.5,32.3,32.5,30.1,-0.23,122,170,2024-10-21 13:54:33,63.3,0.93,59.1,DI water,60,60,90,90,13:39:41,92.42,31.85,0.52,1.17,0.78,365.57,305.0,273.67,274.32,0.0,1.01,-782.75,-653.06,-129.69
13:54:35,21/10/2024,92.8,92.0,92.3,93.1,91.9,32.5,32.3,32.5,30.1,-0.23,122,170,2024-10-21 13:54:35,63.3,0.93,59.1,DI water,60,60,90,90,13:39:41,92.42,31.85,0.52,1.17,0.78,365.57,305.0,273.67,274.32,0.0,1.01,-782.75,-653.06,-129.69
13:54:37,21/10/2024,92.8,92.0,92.4,93.1,91.9,32.5,32.3,32.5,30.2,-0.23,122,170,2024-10-21 13:54:37,63.3,0.93,59.0,DI water,60,60,90,90,13:39:41,92.44,31.88,0.51,1.12,0.78,365.59,305.02,273.66,274.27,0.0,1.01,-782.79,-653.11,-129.68
13:54:38,21/10/2024,92.8,92.0,92.4,93.1,91.9,32.5,32.3,32.5,30.2,-0.23,122,170,2024-10-21 13:54:38,63.3,0.93,59.0,DI water,60,60,90,90,13:39:41,92.44,31.88,0.51,1.12,0.78,365.59,305.02,273.66,274.27,0.0,1.01,-782.79,-653.11,-129.68
13:54:42,21/10/2024,92.8,92.0,92.4,93.1,91.9,32.5,32.3,32.5,30.2,-0.23,122,170,2024-10-21 13:54:42,63.3,0.93,59.1,DI water,60,60,90,90,13:39:41,92.44,31.88,0.51,1.12,0.78,365.59,305.02,273.66,274.27,0.0,1.01,-782.79,-653.11,-129.68
13:54:44,21/10/2024,92.9,92.1,92.4,93.2,92.0,32.5,32.3,32.5,30.2,-0.23,122,170,2024-10-21 13:54:44,63.3,0.93,59.1,DI water,60,60,90,90,13:39:41,92.52,31.88,0.52,1.12,0.78,365.67,305.02,273.67,274.27,0.0,1.01,-782.96,-653.11,-129.85
13:54:45,21/10/2024,92.9,92.1,92.4,93.2,92.0,32.5,32.3,32.5,30.1,-0.26,122,170,2024-10-21 13:54:45,63.3,0.93,59.1,DI water,60,60,90,90,13:39:41,92.52,31.85,0.52,1.17,0.75,365.67,305.0,273.67,274.32,0.0,1.01,-901.74,-752.13,-149.61
13:54:47,21/10/2024,92.9,92.1,92.4,93.2,92.0,32.5,32.3,32.5,30.1,-0.26,122,170,2024-10-21 13:54:47,63.3,0.93,59.0,DI water,60,60,90,90,13:39:41,92.52,31.85,0.52,1.17,0.75,365.67,305.0,273.67,274.32,0.0,1.01,-901.74,-752.13,-149.61
13:54:52,21/10/2024,93.0,92.2,92.5,93.3,92.1,32.5,32.3,32.5,30.1,-0.26,122,170,2024-10-21 13:54:52,63.3,0.93,59.2,DI water,60,60,90,90,13:39:41,92.62,31.85,0.52,1.17,0.75,365.77,305.0,273.67,274.32,0.0,1.01,-901.98,-752.13,-149.86
13:54:54,21/10/2024,93.0,92.2,92.5,93.3,92.1,32.5,32.3,32.5,30.2,-0.21,122,170,2024-10-21 13:54:54,63.3,0.93,59.1,DI water,60,60,90,90,13:39:41,92.62,31.88,0.52,1.12,0.8,365.77,305.02,273.67,274.27,0.0,1.01,-706.48,-589.15,-117.33
13:54:55,21/10/2024,93.0,92.2,92.5,93.3,92.1,32.5,32.3,32.5,30.2,-0.21,122,170,2024-10-21 13:54:55,63.3,0.93,59.0,DI water,60,60,90,90,13:39:41,92.62,31.88,0.52,1.12,0.8,365.77,305.02,273.67,274.27,0.0,1.01,-706.48,-589.15,-117.33
13:54:57,21/10/2024,93.0,92.2,92.6,92.9,92.1,32.5,32.3,32.5,30.2,-0.21,122,170,2024-10-21 13:54:57,63.3,0.93,59.0,DI water,60,60,90,90,13:39:41,92.56,31.88,0.4,1.12,0.8,365.71,305.02,273.55,274.27,0.0,1.01,-706.36,-589.15,-117.21
13:54:59,21/10/2024,93.0,92.2,92.6,92.9,92.1,32.5,32.3,32.5,30.2,-0.21,122,170,2024-10-21 13:54:59,63.3,0.93,59.0,DI water,60,60,90,90,13:39:41,92.56,31.88,0.4,1.12,0.8,365.71,305.02,273.55,274.27,0.0,1.01,-706.36,-589.15,-117.21
13:55:00,21/10/2024,93.0,92.2,92.6,92.9,92.1,32.5,32.3,32.5,30.2,-0.21,122,170,2024-10-21 13:55:00,63.3,0.93,59.0,DI water,60,60,90,90,13:39:41,92.56,31.88,0.4,1.12,0.8,365.71,305.02,273.55,274.27,0.0,1.01,-706.36,-589.15,-117.21
13:55:03,21/10/2024,93.1,92.3,92.6,93.3,92.1,32.5,32.3,32.5,30.2,-0.2,122,170,2024-10-21 13:55:03,63.3,0.93,59.1,DI water,60,60,90,90,13:39:41,92.68,31.88,0.51,1.12,0.81,365.83,305.02,273.66,274.27,0.0,1.01,-668.95,-557.76,-111.19
13:55:10,21/10/2024,93.1,92.3,92.6,93.3,92.1,32.5,32.3,32.5,30.2,-0.2,122,170,2024-10-21 13:55:10,63.3,0.93,59.1,DI water,60,60,90,90,13:39:41,92.68,31.88,0.51,1.12,0.81,365.83,305.02,273.66,274.27,0.0,1.01,-668.95,-557.76,-111.19
13:55:11,21/10/2024,93.2,92.3,92.7,93.4,92.3,32.6,32.3,32.5,30.2,-0.2,122,170,2024-10-21 13:55:11,63.3,0.93,59.1,DI water,60,60,90,90,13:39:41,92.78,31.9,0.51,1.14,0.81,365.93,305.05,273.66,274.29,0.0,1.01,-669.13,-557.81,-111.32
13:55:12,21/10/2024,93.2,92.3,92.7,93.4,92.3,32.6,32.4,32.5,30.2,-0.22,122,170,2024-10-21 13:55:12,63.3,0.93,59.2,DI water,60,60,90,90,13:39:41,92.78,31.92,0.51,1.15,0.79,365.93,305.08,273.66,274.3,0.0,1.01,-744.91,-621.03,-123.88
13:55:15,21/10/2024,93.2,92.3,92.7,93.4,92.3,32.6,32.4,32.5,30.2,-0.22,122,170,2024-10-21 13:55:15,63.3,0.93,59.1,DI water,60,60,90,90,13:39:41,92.78,31.92,0.51,1.15,0.79,365.93,305.08,273.66,274.3,0.0,1.01,-744.91,-621.03,-123.88
13:55:16,21/10/2024,93.2,92.3,92.7,93.4,92.3,32.6,32.4,32.5,30.2,-0.22,122,170,2024-10-21 13:55:16,63.3,0.93,59.0,DI water,60,60,90,90,13:39:41,92.78,31.92,0.51,1.15,0.79,365.93,305.08,273.66,274.3,0.0,1.01,-744.91,-621.03,-123.88
13:55:18,21/10/2024,93.2,92.3,92.7,93.4,92.3,32.6,32.4,32.5,30.2,-0.22,122,170,2024-10-21 13:55:18,63.3,0.93,59.0,DI water,60,60,90,90,13:39:41,92.78,31.92,0.51,1.15,0.79,365.93,305.08,273.66,274.3,0.0,1.01,-744.91,-621.03,-123.88
13:55:21,21/10/2024,93.3,92.5,92.8,93.5,92.4,32.6,32.3,32.5,30.2,-0.22,123,170,2024-10-21 13:55:21,63.3,0.93,59.1,DI water,60,60,90,90,13:39:41,92.9,31.9,0.48,1.14,0.79,366.05,305.05,273.63,274.29,0.0,1.02,-745.16,-620.98,-124.18
13:55:22,21/10/2024,93.3,92.5,92.8,93.5,92.4,32.6,32.3,32.5,30.2,-0.22,123,170,2024-10-21 13:55:22,63.3,0.93,59.0,DI water,60,60,90,90,13:39:41,92.9,31.9,0.48,1.14,0.79,366.05,305.05,273.63,274.29,0.0,1.02,-745.16,-620.98,-124.18
13:55:24,21/10/2024,93.3,92.5,92.8,93.5,92.4,32.6,32.3,32.5,30.2,-0.22,123,170,2024-10-21 13:55:24,63.3,0.93,58.9,DI water,60,60,90,90,13:39:41,92.9,31.9,0.48,1.14,0.79,366.05,305.05,273.63,274.29,0.0,1.02,-745.16,-620.98,-124.18
13:55:27,21/10/2024,93.3,92.5,92.9,92.2,88.7,32.6,32.3,32.5,31.6,-0.23,123,170,2024-10-21 13:55:27,63.2,0.93,59.0,DI water,60,60,90,90,13:39:41,91.92,32.25,1.85,0.45,0.78,365.07,305.4,275.0,273.6,0.0,0.99,-781.68,-653.92,-127.76
13:55:31,21/10/2024,93.3,92.5,92.9,92.2,88.7,32.6,32.3,32.5,31.6,-0.23,122,170,2024-10-21 13:55:31,63.3,0.93,58.9,DI water,60,60,90,90,13:39:41,91.92,32.25,1.85,0.45,0.78,365.07,305.4,275.0,273.6,0.0,0.99,-781.68,-653.92,-127.76
13:55:33,21/10/2024,93.4,92.5,92.8,82.9,86.3,32.6,32.3,32.5,31.6,-0.23,122,170,2024-10-21 13:55:33,63.3,0.93,59.0,DI water,60,60,90,90,13:39:41,89.58,32.25,4.71,0.45,0.78,362.73,305.4,277.86,273.6,0.0,0.96,-776.67,-653.92,-122.75
13:55:35,21/10/2024,93.4,92.5,92.8,82.9,86.3,32.6,32.4,32.8,33.7,-0.26,122,170,2024-10-21 13:55:35,63.3,0.93,59.1,DI water,60,60,90,90,13:39:41,89.58,32.88,4.71,0.57,0.75,362.73,306.02,277.86,273.72,0.0,0.95,-894.49,-754.65,-139.83
13:55:37,21/10/2024,93.4,92.5,92.8,82.9,86.3,32.6,32.4,32.8,33.7,-0.26,122,170,2024-10-21 13:55:37,63.3,0.93,59.0,DI water,60,60,90,90,13:39:41,89.58,32.88,4.71,0.57,0.75,362.73,306.02,277.86,273.72,0.0,0.95,-894.49,-754.65,-139.83
13:55:39,21/10/2024,93.4,92.5,92.8,82.9,86.3,32.6,32.4,32.8,33.7,-0.26,122,170,2024-10-21 13:55:39,63.3,0.93,59.1,DI water,60,60,90,90,13:39:41,89.58,32.88,4.71,0.57,0.75,362.73,306.02,277.86,273.72,0.0,0.95,-894.49,-754.65,-139.83
13:55:42,21/10/2024,93.4,92.6,92.6,92.0,91.2,32.6,32.4,32.8,33.7,-0.26,122,170,2024-10-21 13:55:42,63.3,0.93,59.2,DI water,60,60,90,90,13:39:41,92.36,32.88,0.82,0.57,0.75,365.51,306.02,273.97,273.72,0.0,0.99,-901.34,-754.65,-146.69
13:55:43,21/10/2024,93.4,92.6,92.6,92.0,91.2,32.6,32.4,33.2,33.4,-0.26,122,170,2024-10-21 13:55:43,63.3,0.93,59.1,DI water,60,60,90,90,13:39:41,92.36,32.9,0.82,0.48,0.75,365.51,306.05,273.97,273.63,0.0,0.99,-901.34,-754.71,-146.63
13:55:44,21/10/2024,93.4,92.6,92.6,92.0,91.2,32.6,32.4,33.2,33.4,-0.26,122,170,2024-10-21 13:55:44,63.3,0.93,59.0,DI water,60,60,90,90,13:39:41,92.36,32.9,0.82,0.48,0.75,365.51,306.05,273.97,273.63,0.0,0.99,-901.34,-754.71,-146.63
13:55:48,21/10/2024,93.4,92.6,92.6,92.0,91.2,32.6,32.4,33.2,33.4,-0.26,122,170,2024-10-21 13:55:48,63.3,0.93,59.2,DI water,60,60,90,90,13:39:41,92.36,32.9,0.82,0.48,0.75,365.51,306.05,273.97,273.63,0.0,0.99,-901.34,-754.71,-146.63
13:55:49,21/10/2024,93.5,92.6,92.7,92.9,91.2,32.6,32.4,33.2,33.4,-0.26,122,170,2024-10-21 13:55:49,63.4,0.93,59.2,DI water,60,60,90,90,13:39:41,92.58,32.9,0.85,0.48,0.75,365.73,306.05,274.0,273.63,0.0,0.99,-901.88,-754.71,-147.17
13:55:51,21/10/2024,93.5,92.6,92.7,92.9,91.7,32.6,32.4,33.2,32.8,-0.26,122,170,2024-10-21 13:55:51,63.4,0.93,59.2,DI water,60,60,90,90,13:39:41,92.68,32.75,0.65,0.34,0.75,365.83,305.9,273.8,273.49,0.0,1.0,-902.13,-754.34,-147.79
13:55:53,21/10/2024,93.5,92.6,92.7,92.9,91.7,32.6,32.4,33.2,32.8,-0.26,122,170,2024-10-21 13:55:53,63.4,0.93,59.1,DI water,60,60,90,90,13:39:41,92.68,32.75,0.65,0.34,0.75,365.83,305.9,273.8,273.49,0.0,1.0,-902.13,-754.34,-147.79
13:55:56,21/10/2024,93.5,92.6,92.7,93.1,91.8,32.6,32.4,33.2,32.8,-0.26,122,170,2024-10-21 13:55:56,63.3,0.93,59.2,DI water,60,60,90,90,13:39:41,92.74,32.75,0.63,0.34,0.75,365.89,305.9,273.78,273.49,0.0,1.0,-902.28,-754.34,-147.93
13:55:57,21/10/2024,93.5,92.6,92.7,93.1,91.8,32.6,32.4,33.2,32.8,-0.26,122,170,2024-10-21 13:55:57,63.3,0.93,59.2,DI water,60,60,90,90,13:39:41,92.74,32.75,0.63,0.34,0.75,365.89,305.9,273.78,273.49,0.0,1.0,-902.28,-754.34,-147.93
13:55:58,21/10/2024,93.6,92.6,92.7,93.1,91.8,32.6,32.4,33.2,32.8,-0.26,122,170,2024-10-21 13:55:58,63.3,0.93,59.2,DI water,60,60,90,90,13:39:41,92.76,32.75,0.67,0.34,0.75,365.91,305.9,273.82,273.49,0.0,1.0,-902.33,-754.34,-147.98
13:56:01,21/10/2024,93.6,92.7,92.8,92.4,91.9,32.6,32.5,33.3,34.1,-0.25,122,170,2024-10-21 13:56:01,63.3,0.93,59.0,DI water,60,60,90,90,13:39:41,92.68,33.12,0.62,0.74,0.76,365.83,306.27,273.77,273.89,0.0,0.99,-862.01,-721.68,-140.33
13:56:03,21/10/2024,93.6,92.7,92.8,92.4,91.9,32.6,32.5,33.3,34.1,-0.25,122,170,2024-10-21 13:56:03,63.3,0.93,59.1,DI water,60,60,90,90,13:39:41,92.68,33.12,0.62,0.74,0.76,365.83,306.27,273.77,273.89,0.0,0.99,-862.01,-721.68,-140.33
13:56:05,21/10/2024,93.7,92.8,92.8,93.1,92.0,32.6,32.5,33.3,34.1,-0.25,122,170,2024-10-21 13:56:05,63.3,0.93,59.2,DI water,60,60,90,90,13:39:41,92.88,33.12,0.61,0.74,0.76,366.03,306.27,273.76,273.89,0.0,1.0,-862.48,-721.68,-140.8
13:56:06,21/10/2024,93.7,92.8,92.8,93.1,92.0,32.6,32.5,33.3,34.3,-0.25,122,170,2024-10-21 13:56:06,63.3,0.93,59.2,DI water,60,60,90,90,13:39:41,92.88,33.17,0.61,0.83,0.76,366.03,306.32,273.76,273.98,0.0,1.0,-862.48,-721.79,-140.68
13:56:11,21/10/2024,93.7,92.8,92.8,93.1,92.0,32.6,32.5,33.3,34.3,-0.25,123,170,2024-10-21 13:56:11,63.4,0.93,59.0,DI water,60,60,90,90,13:39:41,92.88,33.17,0.61,0.83,0.76,366.03,306.32,273.76,273.98,0.0,1.0,-862.48,-721.79,-140.68
13:56:12,21/10/2024,93.7,92.8,92.8,93.1,92.0,32.6,32.5,33.3,34.3,-0.25,123,170,2024-10-21 13:56:12,63.3,0.93,59.1,DI water,60,60,90,90,13:39:41,92.88,33.17,0.61,0.83,0.76,366.03,306.32,273.76,273.98,0.0,1.0,-862.48,-721.79,-140.68
13:56:14,21/10/2024,93.8,92.9,92.9,93.3,92.1,32.6,32.5,33.3,34.3,-0.25,123,170,2024-10-21 13:56:14,63.2,0.93,59.0,DI water,60,60,90,90,13:39:41,93.0,33.17,0.62,0.83,0.76,366.15,306.32,273.77,273.98,0.0,1.0,-862.76,-721.79,-140.97
13:56:16,21/10/2024,93.8,92.9,92.9,93.3,92.1,32.6,32.5,33.3,33.9,-0.26,123,170,2024-10-21 13:56:16,63.2,0.93,59.0,DI water,60,60,90,90,13:39:41,93.0,33.07,0.62,0.66,0.75,366.15,306.22,273.77,273.81,0.0,1.0,-902.92,-755.15,-147.77
13:56:20,21/10/2024,93.8,92.9,92.9,93.5,92.2,32.6,32.5,33.3,33.9,-0.26,123,170,2024-10-21 13:56:20,63.2,0.93,58.8,DI water,60,60,90,90,13:39:41,93.06,33.07,0.62,0.66,0.75,366.21,306.22,273.77,273.81,0.0,1.0,-903.07,-755.15,-147.92
13:56:20,21/10/2024,93.8,92.9,92.9,93.5,92.2,32.6,32.5,33.3,33.9,-0.26,123,170,2024-10-21 13:56:20,63.2,0.93,58.9,DI water,60,60,90,90,13:39:41,93.06,33.07,0.62,0.66,0.75,366.21,306.22,273.77,273.81,0.0,1.0,-903.07,-755.15,-147.92
13:56:24,21/10/2024,93.8,92.9,92.9,93.5,92.2,32.6,32.5,33.2,33.6,-0.26,123,170,2024-10-21 13:56:24,63.2,0.93,59.0,DI water,60,60,90,90,13:39:41,93.06,32.98,0.62,0.52,0.75,366.21,306.12,273.77,273.67,0.0,1.0,-903.07,-754.9,-148.17
13:56:25,21/10/2024,93.8,93.0,92.9,93.5,92.2,32.6,32.5,33.2,33.6,-0.26,123,170,2024-10-21 13:56:25,63.2,0.93,59.0,DI water,60,60,90,90,13:39:41,93.08,32.98,0.61,0.52,0.75,366.23,306.12,273.76,273.67,0.0,1.0,-903.12,-754.9,-148.22
13:56:28,21/10/2024,93.8,93.0,93.0,93.6,92.2,32.6,32.5,33.2,33.4,-0.26,123,170,2024-10-21 13:56:28,63.2,0.93,58.8,DI water,60,60,90,90,13:39:41,93.12,32.92,0.63,0.44,0.75,366.27,306.08,273.78,273.59,0.0,1.0,-903.22,-754.78,-148.44
13:56:32,21/10/2024,93.8,93.0,93.0,93.6,92.2,32.6,32.5,33.2,33.4,-0.26,123,170,2024-10-21 13:56:32,63.2,0.93,58.9,DI water,60,60,90,90,13:39:41,93.12,32.92,0.63,0.44,0.75,366.27,306.08,273.78,273.59,0.0,1.0,-903.22,-754.78,-148.44
13:56:33,21/10/2024,93.9,93.0,93.1,87.0,82.1,32.6,32.5,33.2,33.4,-0.26,123,170,2024-10-21 13:56:33,63.2,0.93,58.9,DI water,60,60,90,90,13:39:41,89.82,32.92,5.13,0.44,0.75,362.97,306.08,278.28,273.59,0.0,0.95,-895.08,-754.78,-140.3
13:56:34,21/10/2024,93.9,93.0,93.1,87.0,82.1,32.7,32.5,33.3,35.8,-0.26,123,170,2024-10-21 13:56:34,63.2,0.93,59.0,DI water,60,60,90,90,13:39:41,89.82,33.58,5.13,1.52,0.75,362.97,306.72,278.28,274.67,0.0,0.94,-895.08,-756.38,-138.7
13:56:39,21/10/2024,93.9,93.0,93.1,87.0,82.1,32.7,32.5,33.3,35.8,-0.22,122,170,2024-10-21 13:56:39,63.2,0.93,58.8,DI water,60,60,90,90,13:39:41,89.82,33.58,5.13,1.52,0.79,362.97,306.72,278.28,274.67,0.0,0.94,-738.89,-624.39,-114.5
13:56:41,21/10/2024,93.9,93.0,93.1,87.0,82.1,32.7,32.5,33.3,35.8,-0.22,122,170,2024-10-21 13:56:41,63.2,0.93,58.8,DI water,60,60,90,90,13:39:41,89.82,33.58,5.13,1.52,0.79,362.97,306.72,278.28,274.67,0.0,0.94,-738.89,-624.39,-114.5
13:56:41,21/10/2024,93.9,93.0,93.1,87.0,82.1,32.7,32.5,33.3,35.8,-0.22,122,170,2024-10-21 13:56:41,63.2,0.93,58.9,DI water,60,60,90,90,13:39:41,89.82,33.58,5.13,1.52,0.79,362.97,306.72,278.28,274.67,0.0,0.94,-738.89,-624.39,-114.5
13:56:44,21/10/2024,94.0,93.1,92.9,89.9,87.4,32.7,32.5,34.3,35.8,-0.22,122,170,2024-10-21 13:56:44,63.3,0.93,59.1,DI water,60,60,90,90,13:39:41,91.46,33.83,2.74,1.54,0.79,364.61,306.97,275.89,274.69,0.0,0.96,-742.23,-624.9,-117.33
13:56:45,21/10/2024,94.0,93.1,92.9,89.9,87.4,32.7,32.5,34.3,37.5,-0.21,122,170,2024-10-21 13:56:45,63.3,0.93,59.0,DI water,60,60,90,90,13:39:41,91.46,34.25,2.74,2.31,0.8,364.61,307.4,275.89,275.46,0.0,0.95,-704.24,-593.74,-110.5
13:56:47,21/10/2024,94.0,93.1,92.9,89.9,87.4,32.7,32.5,34.3,37.5,-0.21,122,170,2024-10-21 13:56:47,63.3,0.93,59.0,DI water,60,60,90,90,13:39:41,91.46,34.25,2.74,2.31,0.8,364.61,307.4,275.89,275.46,0.0,0.95,-704.24,-593.74,-110.5
13:56:49,21/10/2024,94.0,93.1,92.9,89.9,87.4,32.7,32.5,34.3,37.5,-0.21,122,170,2024-10-21 13:56:49,63.3,0.93,58.9,DI water,60,60,90,90,13:39:41,91.46,34.25,2.74,2.31,0.8,364.61,307.4,275.89,275.46,0.0,0.95,-704.24,-593.74,-110.5
13:56:50,21/10/2024,94.1,93.1,92.9,92.7,91.1,32.7,32.5,34.3,37.5,-0.21,122,170,2024-10-21 13:56:50,63.2,0.93,58.9,DI water,60,60,90,90,13:39:41,92.78,34.25,1.08,2.31,0.8,365.93,307.4,274.23,275.46,0.0,0.98,-706.79,-593.74,-113.05
13:56:53,21/10/2024,94.1,93.1,92.9,92.7,91.1,32.7,32.5,34.8,37.1,-0.21,122,170,2024-10-21 13:56:53,63.2,0.93,59.0,DI water,60,60,90,90,13:39:41,92.78,34.28,1.08,2.15,0.8,365.93,307.42,274.23,275.3,0.0,0.98,-706.79,-593.79,-113.0
13:56:58,21/10/2024,94.1,93.1,92.9,92.7,91.1,32.7,32.5,34.8,37.1,-0.21,122,170,2024-10-21 13:56:58,63.2,0.93,58.9,DI water,60,60,90,90,13:39:41,92.78,34.28,1.08,2.15,0.8,365.93,307.42,274.23,275.3,0.0,0.98,-706.79,-593.79,-113.0
13:57:02,21/10/2024,94.1,93.1,92.9,93.1,91.6,32.7,32.5,34.8,36.0,-0.21,122,170,2024-10-21 13:57:02,63.2,0.93,58.8,DI water,60,60,90,90,13:39:41,92.96,34.0,0.89,1.69,0.8,366.11,307.15,274.04,274.84,0.0,0.98,-707.13,-593.25,-113.88
13:57:03,21/10/2024,94.1,93.1,92.9,93.1,91.6,32.7,32.5,34.8,36.0,-0.21,122,170,2024-10-21 13:57:03,63.2,0.93,58.8,DI water,60,60,90,90,13:39:41,92.96,34.0,0.89,1.69,0.8,366.11,307.15,274.04,274.84,0.0,0.98,-707.13,-593.25,-113.88
13:57:05,21/10/2024,94.1,93.1,92.9,93.2,91.7,32.7,32.5,34.8,36.0,-0.21,122,170,2024-10-21 13:57:05,63.2,0.93,58.9,DI water,60,60,90,90,13:39:41,93.0,34.0,0.86,1.69,0.8,366.15,307.15,274.01,274.84,0.0,0.98,-707.21,-593.25,-113.96
13:57:07,21/10/2024,94.1,93.1,92.9,93.2,91.7,32.7,32.5,34.8,35.8,-0.22,123,170,2024-10-21 13:57:07,63.2,0.93,58.9,DI water,60,60,90,90,13:39:41,93.0,33.95,0.86,1.61,0.79,366.15,307.1,274.01,274.76,0.0,0.98,-745.36,-625.15,-120.21
13:57:09,21/10/2024,94.1,93.1,92.9,93.2,91.7,32.7,32.5,34.8,35.8,-0.22,123,170,2024-10-21 13:57:09,63.2,0.93,59.0,DI water,60,60,90,90,13:39:41,93.0,33.95,0.86,1.61,0.79,366.15,307.1,274.01,274.76,0.0,0.98,-745.36,-625.15,-120.21
13:57:14,21/10/2024,94.1,93.1,92.9,93.2,91.7,32.7,32.5,34.8,35.8,-0.22,123,170,2024-10-21 13:57:14,63.3,0.93,58.9,DI water,60,60,90,90,13:39:41,93.0,33.95,0.86,1.61,0.79,366.15,307.1,274.01,274.76,0.0,0.98,-745.36,-625.15,-120.21
13:57:15,21/10/2024,94.1,93.2,93.0,93.4,92.0,32.7,32.5,34.8,35.8,-0.22,123,170,2024-10-21 13:57:15,63.2,0.93,58.9,DI water,60,60,90,90,13:39:41,93.14,33.95,0.76,1.61,0.79,366.29,307.1,273.91,274.76,0.0,0.99,-745.65,-625.15,-120.49
13:57:18,21/10/2024,94.1,93.2,93.0,93.4,92.0,32.7,32.5,34.8,35.3,-0.2,123,170,2024-10-21 13:57:18,63.2,0.93,58.8,DI water,60,60,90,90,13:39:41,93.14,33.83,0.76,1.43,0.81,366.29,306.97,273.91,274.58,0.0,0.99,-669.79,-561.33,-108.46
13:57:20,21/10/2024,94.1,93.2,93.0,93.4,92.0,32.7,32.5,34.8,35.3,-0.2,123,170,2024-10-21 13:57:20,63.2,0.93,58.9,DI water,60,60,90,90,13:39:41,93.14,33.83,0.76,1.43,0.81,366.29,306.97,273.91,274.58,0.0,0.99,-669.79,-561.33,-108.46
13:57:24,21/10/2024,94.2,93.2,93.1,93.5,92.1,32.7,32.5,34.8,35.0,-0.2,123,170,2024-10-21 13:57:24,63.2,0.93,59.0,DI water,60,60,90,90,13:39:41,93.22,33.75,0.76,1.33,0.81,366.37,306.9,273.91,274.48,0.0,0.99,-669.94,-561.19,-108.75
13:57:25,21/10/2024,94.2,93.2,93.1,93.5,92.1,32.7,32.5,34.8,35.0,-0.2,123,170,2024-10-21 13:57:25,63.2,0.93,58.9,DI water,60,60,90,90,13:39:41,93.22,33.75,0.76,1.33,0.81,366.37,306.9,273.91,274.48,0.0,0.99,-669.94,-561.19,-108.75
13:57:27,21/10/2024,94.2,93.2,93.1,93.5,92.1,32.7,32.5,34.8,35.0,-0.2,123,170,2024-10-21 13:57:27,63.3,0.93,59.0,DI water,60,60,90,90,13:39:41,93.22,33.75,0.76,1.33,0.81,366.37,306.9,273.91,274.48,0.0,0.99,-669.94,-561.19,-108.75
13:57:28,21/10/2024,94.2,93.2,93.1,93.5,92.1,32.7,32.5,34.8,35.0,-0.2,123,170,2024-10-21 13:57:28,63.2,0.93,59.0,DI water,60,60,90,90,13:39:41,93.22,33.75,0.76,1.33,0.81,366.37,306.9,273.91,274.48,0.0,0.99,-669.94,-561.19,-108.75
13:57:29,21/10/2024,94.2,93.2,93.1,93.5,92.1,32.7,32.5,34.8,35.0,-0.2,123,170,2024-10-21 13:57:29,63.2,0.93,58.9,DI water,60,60,90,90,13:39:41,93.22,33.75,0.76,1.33,0.81,366.37,306.9,273.91,274.48,0.0,0.99,-669.94,-561.19,-108.75
13:57:31,21/10/2024,94.2,93.2,93.1,93.6,92.2,32.7,32.5,34.6,34.8,-0.2,123,170,2024-10-21 13:57:31,63.2,0.93,58.9,DI water,60,60,90,90,13:39:41,93.26,33.65,0.73,1.22,0.81,366.41,306.8,273.88,274.37,0.0,0.99,-670.01,-561.01,-109.0
13:57:35,21/10/2024,94.2,93.2,93.1,93.6,92.2,32.7,32.5,34.6,34.8,-0.2,123,170,2024-10-21 13:57:35,63.2,0.93,58.9,DI water,60,60,90,90,13:39:41,93.26,33.65,0.73,1.22,0.81,366.41,306.8,273.88,274.37,0.0,0.99,-670.01,-561.01,-109.0
13:57:36,21/10/2024,94.3,93.3,93.2,93.6,92.2,32.7,32.5,34.6,34.8,-0.2,123,170,2024-10-21 13:57:36,63.2,0.93,58.8,DI water,60,60,90,90,13:39:41,93.32,33.65,0.76,1.22,0.81,366.47,306.8,273.91,274.37,0.0,0.99,-670.12,-561.01,-109.11
13:57:37,21/10/2024,94.3,93.3,93.2,93.7,92.4,32.7,32.5,34.6,34.8,-0.2,123,170,2024-10-21 13:57:37,63.2,0.93,58.8,DI water,60,60,90,90,13:39:41,93.38,33.65,0.7,1.22,0.81,366.53,306.8,273.85,274.37,0.0,1.0,-670.23,-561.01,-109.22
13:57:39,21/10/2024,94.3,93.3,93.2,93.7,92.4,32.7,32.5,34.6,34.6,-0.2,123,170,2024-10-21 13:57:39,63.2,0.93,58.9,DI water,60,60,90,90,13:39:41,93.38,33.6,0.7,1.16,0.81,366.53,306.75,273.85,274.31,0.0,1.0,-670.23,-560.92,-109.31
13:57:40,21/10/2024,94.3,93.3,93.2,93.7,92.4,32.7,32.5,34.6,34.6,-0.2,123,170,2024-10-21 13:57:40,63.2,0.93,58.8,DI water,60,60,90,90,13:39:41,93.38,33.6,0.7,1.16,0.81,366.53,306.75,273.85,274.31,0.0,1.0,-670.23,-560.92,-109.31
13:57:45,21/10/2024,94.3,93.3,93.2,93.7,92.4,32.7,32.5,34.6,34.6,-0.2,123,170,2024-10-21 13:57:45,63.2,0.93,58.9,DI water,60,60,90,90,13:39:41,93.38,33.6,0.7,1.16,0.81,366.53,306.75,273.85,274.31,0.0,1.0,-670.23,-560.92,-109.31
13:57:46,21/10/2024,94.3,93.4,93.4,88.2,91.6,32.7,32.5,34.6,34.6,-0.2,123,170,2024-10-21 13:57:46,63.2,0.93,58.9,DI water,60,60,90,90,13:39:41,92.18,33.6,2.43,1.16,0.81,365.33,306.75,275.58,274.31,0.0,0.98,-668.04,-560.92,-107.12
13:57:49,21/10/2024,94.3,93.4,93.4,88.2,91.6,32.7,32.5,34.6,36.4,-0.25,123,170,2024-10-21 13:57:49,63.2,0.93,58.9,DI water,60,60,90,90,13:39:41,92.18,34.05,2.43,1.83,0.76,365.33,307.2,275.58,274.98,0.0,0.97,-860.83,-723.86,-136.97
13:57:52,21/10/2024,94.3,93.4,93.4,88.2,91.6,32.7,32.5,34.6,36.4,-0.25,123,170,2024-10-21 13:57:52,63.2,0.93,58.9,DI water,60,60,90,90,13:39:41,92.18,34.05,2.43,1.83,0.76,365.33,307.2,275.58,274.98,0.0,0.97,-860.83,-723.86,-136.97
13:57:54,21/10/2024,94.3,93.4,93.4,92.1,92.0,32.7,32.5,34.6,36.4,-0.25,123,170,2024-10-21 13:57:54,63.2,0.93,58.9,DI water,60,60,90,90,13:39:41,93.04,34.05,0.98,1.83,0.76,366.19,307.2,274.13,274.98,0.0,0.98,-862.85,-723.86,-139.0
13:57:55,21/10/2024,94.3,93.4,93.4,92.1,92.0,32.7,32.5,34.8,36.1,-0.25,123,170,2024-10-21 13:57:55,63.2,0.93,58.9,DI water,60,60,90,90,13:39:41,93.04,34.02,0.98,1.73,0.76,366.19,307.17,274.13,274.88,0.0,0.98,-862.85,-723.8,-139.06
13:57:56,21/10/2024,94.3,93.4,93.4,92.1,92.0,32.7,32.5,34.8,36.1,-0.24,123,170,2024-10-21 13:57:56,63.2,0.93,58.8,DI water,60,60,90,90,13:39:41,93.04,34.02,0.98,1.73,0.77,366.19,307.17,274.13,274.88,0.0,0.98,-823.21,-690.54,-132.67
13:57:58,21/10/2024,94.3,93.4,93.4,92.1,92.0,32.7,32.5,34.8,36.1,-0.24,123,170,2024-10-21 13:57:58,63.2,0.93,58.9,DI water,60,60,90,90,13:39:41,93.04,34.02,0.98,1.73,0.77,366.19,307.17,274.13,274.88,0.0,0.98,-823.21,-690.54,-132.67
13:57:59,21/10/2024,94.3,93.4,93.4,92.1,92.0,32.7,32.5,34.8,36.1,-0.24,123,170,2024-10-21 13:57:59,63.2,0.93,58.9,DI water,60,60,90,90,13:39:41,93.04,34.02,0.98,1.73,0.77,366.19,307.17,274.13,274.88,0.0,0.98,-823.21,-690.54,-132.67
13:58:01,21/10/2024,94.4,93.4,93.4,93.6,92.3,32.7,32.5,34.8,36.1,-0.24,123,170,2024-10-21 13:58:01,63.2,0.93,58.8,DI water,60,60,90,90,13:39:41,93.42,34.02,0.75,1.73,0.77,366.57,307.17,273.9,274.88,0.0,0.99,-824.07,-690.54,-133.52
13:58:03,21/10/2024,94.4,93.4,93.4,93.6,92.3,32.7,32.5,34.9,35.7,-0.23,123,170,2024-10-21 13:58:03,63.2,0.93,58.8,DI water,60,60,90,90,13:39:41,93.42,33.95,0.75,1.59,0.78,366.57,307.1,273.9,274.74,0.0,0.99,-784.89,-657.56,-127.34
13:58:04,21/10/2024,94.4,93.4,93.4,93.6,92.3,32.7,32.5,34.9,35.7,-0.23,123,170,2024-10-21 13:58:04,63.2,0.93,58.8,DI water,60,60,90,90,13:39:41,93.42,33.95,0.75,1.59,0.78,366.57,307.1,273.9,274.74,0.0,0.99,-784.89,-657.56,-127.34
13:58:07,21/10/2024,94.4,93.4,93.4,93.8,92.4,32.7,32.5,34.9,35.4,-0.24,123,170,2024-10-21 13:58:07,63.2,0.93,58.9,DI water,60,60,90,90,13:39:41,93.48,33.88,0.73,1.49,0.77,366.63,307.02,273.88,274.64,0.0,0.99,-824.2,-690.21,-133.99
13:58:08,21/10/2024,94.4,93.4,93.4,93.8,92.4,32.7,32.5,34.9,35.4,-0.24,123,170,2024-10-21 13:58:08,63.2,0.93,58.9,DI water,60,60,90,90,13:39:41,93.48,33.88,0.73,1.49,0.77,366.63,307.02,273.88,274.64,0.0,0.99,-824.2,-690.21,-133.99
13:58:15,21/10/2024,94.6,93.6,93.6,94.0,92.6,32.7,32.5,34.9,35.4,-0.24,123,170,2024-10-21 13:58:15,63.2,0.93,58.9,DI water,60,60,90,90,13:39:41,93.68,33.88,0.73,1.49,0.77,366.83,307.02,273.88,274.64,0.0,1.0,-824.65,-690.21,-134.44
13:58:17,21/10/2024,94.6,93.6,93.6,94.0,92.6,32.7,32.5,34.8,35.0,-0.23,123,170,2024-10-21 13:58:17,63.2,0.93,58.9,DI water,60,60,90,90,13:39:41,93.68,33.75,0.73,1.33,0.78,366.83,306.9,273.88,274.48,0.0,1.0,-785.45,-657.13,-128.32
13:58:18,21/10/2024,94.6,93.6,93.6,94.0,92.6,32.7,32.5,34.8,35.0,-0.23,123,170,2024-10-21 13:58:18,63.2,0.93,58.9,DI water,60,60,90,90,13:39:41,93.68,33.75,0.73,1.33,0.78,366.83,306.9,273.88,274.48,0.0,1.0,-785.45,-657.13,-128.32
13:58:21,21/10/2024,94.6,93.6,93.6,94.0,92.6,32.7,32.5,34.8,35.0,-0.23,123,170,2024-10-21 13:58:21,63.2,0.93,58.8,DI water,60,60,90,90,13:39:41,93.68,33.75,0.73,1.33,0.78,366.83,306.9,273.88,274.48,0.0,1.0,-785.45,-657.13,-128.32
13:58:22,21/10/2024,94.6,93.7,93.6,94.1,92.7,32.7,32.5,34.8,35.0,-0.23,123,170,2024-10-21 13:58:22,63.2,0.93,58.8,DI water,60,60,90,90,13:39:41,93.74,33.75,0.7,1.33,0.78,366.89,306.9,273.85,274.48,0.0,1.0,-785.58,-657.13,-128.45
13:58:23,21/10/2024,94.6,93.7,93.6,94.1,92.7,32.7,32.5,34.8,35.0,-0.24,123,170,2024-10-21 13:58:23,63.2,0.93,58.8,DI water,60,60,90,90,13:39:41,93.74,33.75,0.7,1.33,0.77,366.89,306.9,273.85,274.48,0.0,1.0,-824.78,-689.92,-134.86
13:58:25,21/10/2024,94.6,93.7,93.6,94.1,92.7,32.7,32.5,34.8,35.0,-0.24,123,170,2024-10-21 13:58:25,63.2,0.93,58.8,DI water,60,60,90,90,13:39:41,93.74,33.75,0.7,1.33,0.77,366.89,306.9,273.85,274.48,0.0,1.0,-824.78,-689.92,-134.86
13:58:26,21/10/2024,94.6,93.7,93.6,94.1,92.7,32.7,32.5,34.8,35.0,-0.24,123,170,2024-10-21 13:58:26,63.2,0.93,58.8,DI water,60,60,90,90,13:39:41,93.74,33.75,0.7,1.33,0.77,366.89,306.9,273.85,274.48,0.0,1.0,-824.78,-689.92,-134.86
13:58:27,21/10/2024,94.6,93.7,93.6,94.1,92.7,32.7,32.5,34.8,35.0,-0.24,123,170,2024-10-21 13:58:27,63.2,0.93,58.8,DI water,60,60,90,90,13:39:41,93.74,33.75,0.7,1.33,0.77,366.89,306.9,273.85,274.48,0.0,1.0,-824.78,-689.92,-134.86
13:58:30,21/10/2024,94.7,93.7,93.7,94.2,92.8,32.7,32.5,34.8,34.7,-0.23,123,170,2024-10-21 13:58:30,63.2,0.93,58.8,DI water,60,60,90,90,13:39:41,93.82,33.67,0.7,1.24,0.78,366.97,306.82,273.85,274.39,0.0,1.0,-785.75,-656.97,-128.78
13:58:33,21/10/2024,94.7,93.7,93.7,94.2,92.8,32.7,32.5,34.8,34.7,-0.23,123,170,2024-10-21 13:58:33,63.2,0.93,58.8,DI water,60,60,90,90,13:39:41,93.82,33.67,0.7,1.24,0.78,366.97,306.82,273.85,274.39,0.0,1.0,-785.75,-656.97,-128.78
13:58:36,21/10/2024,94.7,93.7,93.7,94.2,92.8,32.7,32.5,34.8,34.7,-0.23,123,170,2024-10-21 13:58:36,63.2,0.93,58.8,DI water,60,60,90,90,13:39:41,93.82,33.67,0.7,1.24,0.78,366.97,306.82,273.85,274.39,0.0,1.0,-785.75,-656.97,-128.78
13:58:37,21/10/2024,94.7,93.8,93.8,93.2,92.9,32.7,32.5,34.8,34.7,-0.23,123,170,2024-10-21 13:58:37,63.2,0.93,58.8,DI water,60,60,90,90,13:39:41,93.68,33.67,0.69,1.24,0.78,366.83,306.82,273.84,274.39,0.0,1.0,-785.45,-656.97,-128.48
13:58:38,21/10/2024,94.7,93.8,93.8,93.2,92.9,32.7,32.5,34.6,34.9,-0.23,123,170,2024-10-21 13:58:38,63.2,0.93,58.8,DI water,60,60,90,90,13:39:41,93.68,33.68,0.69,1.25,0.78,366.83,306.82,273.84,274.4,0.0,1.0,-785.45,-656.97,-128.48
13:58:39,21/10/2024,94.7,93.8,93.8,93.2,92.9,32.7,32.5,34.6,34.9,-0.22,123,170,2024-10-21 13:58:39,63.2,0.93,58.9,DI water,60,60,90,90,13:39:41,93.68,33.68,0.69,1.25,0.79,366.83,306.82,273.84,274.4,0.0,1.0,-746.74,-624.59,-122.15
13:58:43,21/10/2024,94.7,93.8,93.8,93.2,92.9,32.7,32.5,34.6,34.9,-0.22,123,170,2024-10-21 13:58:43,63.1,0.93,58.8,DI water,60,60,90,90,13:39:41,93.68,33.68,0.69,1.25,0.79,366.83,306.82,273.84,274.4,0.0,1.0,-746.74,-624.59,-122.15
13:58:44,21/10/2024,94.7,93.8,93.8,93.2,92.9,32.7,32.5,34.6,34.9,-0.22,123,170,2024-10-21 13:58:44,63.2,0.93,58.8,DI water,60,60,90,90,13:39:41,93.68,33.68,0.69,1.25,0.79,366.83,306.82,273.84,274.4,0.0,1.0,-746.74,-624.59,-122.15
13:58:45,21/10/2024,94.8,93.9,93.8,93.1,92.9,32.7,32.5,34.6,34.9,-0.22,123,170,2024-10-21 13:58:45,63.1,0.93,58.8,DI water,60,60,90,90,13:39:41,93.7,33.68,0.75,1.25,0.79,366.85,306.82,273.9,274.4,0.0,1.0,-746.79,-624.59,-122.19
13:58:49,21/10/2024,94.8,93.9,93.8,93.1,92.9,32.7,32.5,34.8,35.2,-0.23,123,170,2024-10-21 13:58:49,63.2,0.93,58.8,DI water,60,60,90,90,13:39:41,93.7,33.8,0.75,1.4,0.78,366.85,306.95,273.9,274.55,0.0,1.0,-785.49,-657.23,-128.26
13:58:54,21/10/2024,94.9,93.9,93.9,94.2,93.1,32.7,32.5,34.8,35.2,-0.23,123,170,2024-10-21 13:58:54,63.1,0.93,58.8,DI water,60,60,90,90,13:39:41,94.0,33.8,0.65,1.4,0.78,367.15,306.95,273.8,274.55,0.0,1.0,-786.13,-657.23,-128.9
13:58:55,21/10/2024,94.9,93.9,93.9,94.2,93.1,32.8,32.5,35.0,34.9,-0.22,123,170,2024-10-21 13:58:55,63.2,0.93,58.8,DI water,60,60,90,90,13:39:41,94.0,33.8,0.65,1.33,0.79,367.15,306.95,273.8,274.48,0.0,1.0,-747.4,-624.85,-122.55
13:59:00,21/10/2024,94.9,93.9,93.9,94.2,93.1,32.8,32.5,35.0,34.9,-0.22,123,170,2024-10-21 13:59:00,63.2,0.93,58.7,DI water,60,60,90,90,13:39:41,94.0,33.8,0.65,1.33,0.79,367.15,306.95,273.8,274.48,0.0,1.0,-747.4,-624.85,-122.55
13:59:01,21/10/2024,94.9,93.9,93.9,94.2,93.1,32.8,32.5,35.0,34.9,-0.22,123,170,2024-10-21 13:59:01,63.2,0.93,58.7,DI water,60,60,90,90,13:39:41,94.0,33.8,0.65,1.33,0.79,367.15,306.95,273.8,274.48,0.0,1.0,-747.4,-624.85,-122.55
13:59:01,21/10/2024,94.9,93.9,93.9,94.2,93.1,32.8,32.5,35.0,34.9,-0.22,123,170,2024-10-21 13:59:01,63.2,0.93,58.8,DI water,60,60,90,90,13:39:41,94.0,33.8,0.65,1.33,0.79,367.15,306.95,273.8,274.48,0.0,1.0,-747.4,-624.85,-122.55
13:59:04,21/10/2024,94.9,94.0,93.9,94.4,93.2,32.8,32.5,35.0,34.9,-0.22,123,170,2024-10-21 13:59:04,63.1,0.93,58.8,DI water,60,60,90,90,13:39:41,94.08,33.8,0.63,1.33,0.79,367.23,306.95,273.78,274.48,0.0,1.0,-747.56,-624.85,-122.71
13:59:06,21/10/2024,94.9,94.0,93.9,94.4,93.2,32.8,32.5,35.0,34.9,-0.23,124,170,2024-10-21 13:59:06,63.2,0.93,58.8,DI water,60,60,90,90,13:39:41,94.08,33.8,0.63,1.33,0.78,367.23,306.95,273.78,274.48,0.0,1.0,-786.3,-657.23,-129.07
13:59:08,21/10/2024,94.9,94.0,93.9,94.4,93.2,32.8,32.5,35.0,34.9,-0.23,124,170,2024-10-21 13:59:08,63.2,0.93,58.7,DI water,60,60,90,90,13:39:41,94.08,33.8,0.63,1.33,0.78,367.23,306.95,273.78,274.48,0.0,1.0,-786.3,-657.23,-129.07
13:59:11,21/10/2024,94.9,94.0,93.9,94.4,93.2,32.8,32.5,35.0,34.9,-0.23,124,170,2024-10-21 13:59:11,63.2,0.93,58.7,DI water,60,60,90,90,13:39:41,94.08,33.8,0.63,1.33,0.78,367.23,306.95,273.78,274.48,0.0,1.0,-786.3,-657.23,-129.07
13:59:14,21/10/2024,95.0,94.0,94.1,94.6,93.4,32.8,32.5,35.0,34.9,-0.23,124,170,2024-10-21 13:59:14,63.1,0.93,58.8,DI water,60,60,90,90,13:39:41,94.22,33.8,0.61,1.33,0.78,367.37,306.95,273.76,274.48,0.0,1.01,-786.6,-657.23,-129.37
13:59:15,21/10/2024,95.0,94.0,94.1,94.6,93.4,32.8,32.5,34.9,34.5,-0.23,124,170,2024-10-21 13:59:15,63.1,0.93,58.8,DI water,60,60,90,90,13:39:41,94.22,33.67,0.61,1.2,0.78,367.37,306.82,273.76,274.35,0.0,1.01,-786.6,-656.97,-129.64
13:59:18,21/10/2024,95.0,94.0,94.1,94.6,93.4,32.8,32.5,34.9,34.5,-0.23,124,170,2024-10-21 13:59:18,63.1,0.93,58.7,DI water,60,60,90,90,13:39:41,94.22,33.67,0.61,1.2,0.78,367.37,306.82,273.76,274.35,0.0,1.01,-786.6,-656.97,-129.64
13:59:20,21/10/2024,95.0,94.1,94.2,94.7,93.4,32.8,32.5,34.8,34.5,-0.23,124,170,2024-10-21 13:59:20,63.1,0.93,58.7,DI water,60,60,90,90,13:39:41,94.28,33.65,0.61,1.17,0.78,367.43,306.8,273.76,274.32,0.0,1.01,-786.73,-656.91,-129.82
13:59:21,21/10/2024,95.0,94.1,94.2,94.7,93.4,32.8,32.5,34.8,34.2,-0.22,124,170,2024-10-21 13:59:21,63.1,0.93,58.7,DI water,60,60,90,90,13:39:41,94.28,33.58,0.61,1.1,0.79,367.43,306.72,273.76,274.25,0.0,1.01,-747.97,-624.39,-123.58
13:59:24,21/10/2024,95.1,94.1,94.2,94.7,93.5,32.8,32.5,34.8,34.2,-0.22,124,170,2024-10-21 13:59:24,63.1,0.93,58.7,DI water,60,60,90,90,13:39:41,94.32,33.58,0.61,1.1,0.79,367.47,306.72,273.76,274.25,0.0,1.01,-748.05,-624.39,-123.66
13:59:25,21/10/2024,95.1,94.1,94.2,94.7,93.5,32.8,32.5,34.7,34.0,-0.22,124,170,2024-10-21 13:59:25,63.1,0.93,58.8,DI water,60,60,90,90,13:39:41,94.32,33.5,0.61,1.03,0.79,367.47,306.65,273.76,274.18,0.0,1.01,-748.05,-624.24,-123.81
13:59:29,21/10/2024,95.1,94.1,94.2,94.7,93.5,32.8,32.5,34.7,34.0,-0.22,124,170,2024-10-21 13:59:29,63.1,0.93,58.7,DI water,60,60,90,90,13:39:41,94.32,33.5,0.61,1.03,0.79,367.47,306.65,273.76,274.18,0.0,1.01,-748.05,-624.24,-123.81
13:59:31,21/10/2024,95.1,94.1,94.2,94.7,93.5,32.8,32.5,34.7,34.0,-0.22,124,170,2024-10-21 13:59:31,63.1,0.93,58.6,DI water,60,60,90,90,13:39:41,94.32,33.5,0.61,1.03,0.79,367.47,306.65,273.76,274.18,0.0,1.01,-748.05,-624.24,-123.81
13:59:34,21/10/2024,95.2,94.1,94.2,94.7,93.5,32.8,32.5,34.7,34.0,-0.22,124,170,2024-10-21 13:59:34,63.1,0.93,58.8,DI water,60,60,90,90,13:39:41,94.34,33.5,0.64,1.03,0.79,367.49,306.65,273.79,274.18,0.0,1.01,-748.09,-624.24,-123.85
13:59:35,21/10/2024,95.2,94.2,94.3,94.9,93.7,32.8,32.5,34.7,34.0,-0.22,124,170,2024-10-21 13:59:35,63.1,0.93,58.8,DI water,60,60,90,90,13:39:41,94.46,33.5,0.59,1.03,0.79,367.61,306.65,273.74,274.18,0.0,1.02,-748.33,-624.24,-124.09
13:59:37,21/10/2024,95.2,94.2,94.3,94.9,93.7,32.8,32.5,34.6,33.9,-0.22,124,170,2024-10-21 13:59:37,63.1,0.93,58.8,DI water,60,60,90,90,13:39:41,94.46,33.45,0.59,0.97,0.79,367.61,306.6,273.74,274.12,0.0,1.02,-748.33,-624.14,-124.2
13:59:38,21/10/2024,95.2,94.2,94.3,94.9,93.7,32.8,32.5,34.6,33.9,-0.22,125,170,2024-10-21 13:59:38,63.1,0.93,58.7,DI water,60,60,90,90,13:39:41,94.46,33.45,0.59,0.97,0.79,367.61,306.6,273.74,274.12,0.0,1.02,-748.33,-624.14,-124.2
13:59:39,21/10/2024,95.2,94.2,94.3,94.9,93.7,32.8,32.5,34.6,33.9,-0.22,125,170,2024-10-21 13:59:39,63.1,0.93,58.6,DI water,60,60,90,90,13:39:41,94.46,33.45,0.59,0.97,0.79,367.61,306.6,273.74,274.12,0.0,1.02,-748.33,-624.14,-124.2
13:59:40,21/10/2024,95.2,94.3,94.4,94.9,93.7,32.8,32.5,34.6,33.9,-0.22,125,170,2024-10-21 13:59:40,63.2,0.93,58.7,DI water,60,60,90,90,13:39:41,94.5,33.45,0.58,0.97,0.79,367.65,306.6,273.73,274.12,0.0,1.02,-748.41,-624.14,-124.28
13:59:42,21/10/2024,95.2,94.3,94.4,94.9,93.7,32.8,32.5,34.6,33.8,-0.22,125,170,2024-10-21 13:59:42,63.1,0.93,58.7,DI water,60,60,90,90,13:39:41,94.5,33.42,0.58,0.96,0.79,367.65,306.58,273.73,274.11,0.0,1.02,-748.41,-624.09,-124.33
13:59:43,21/10/2024,95.2,94.3,94.4,94.9,93.7,32.8,32.5,34.6,33.8,-0.22,125,170,2024-10-21 13:59:43,63.1,0.93,58.7,DI water,60,60,90,90,13:39:41,94.5,33.42,0.58,0.96,0.79,367.65,306.58,273.73,274.11,0.0,1.02,-748.41,-624.09,-124.33
13:59:45,21/10/2024,95.2,94.3,94.4,94.9,93.7,32.8,32.5,34.6,33.8,-0.22,125,170,2024-10-21 13:59:45,63.1,0.93,58.7,DI water,60,60,90,90,13:39:41,94.5,33.42,0.58,0.96,0.79,367.65,306.58,273.73,274.11,0.0,1.02,-748.41,-624.09,-124.33
13:59:49,21/10/2024,95.2,94.3,94.4,94.9,93.7,32.8,32.5,34.6,33.8,-0.22,125,170,2024-10-21 13:59:49,63.1,0.93,58.5,DI water,60,60,90,90,13:39:41,94.5,33.42,0.58,0.96,0.79,367.65,306.58,273.73,274.11,0.0,1.02,-748.41,-624.09,-124.33
13:59:51,21/10/2024,95.3,94.4,94.5,95.0,93.8,32.8,32.5,34.6,33.9,-0.22,125,170,2024-10-21 13:59:51,63.1,0.93,58.6,DI water,60,60,90,90,13:39:41,94.6,33.45,0.58,0.97,0.79,367.75,306.6,273.73,274.12,0.0,1.02,-748.62,-624.14,-124.48
13:59:53,21/10/2024,95.3,94.4,94.5,95.0,93.8,32.8,32.5,34.6,33.9,-0.22,125,170,2024-10-21 13:59:53,63.1,0.93,58.7,DI water,60,60,90,90,13:39:41,94.6,33.45,0.58,0.97,0.79,367.75,306.6,273.73,274.12,0.0,1.02,-748.62,-624.14,-124.48
13:59:55,21/10/2024,95.3,94.4,94.5,95.1,93.9,32.8,32.5,34.6,33.9,-0.22,125,170,2024-10-21 13:59:55,63.1,0.93,58.7,DI water,60,60,90,90,13:39:41,94.64,33.45,0.56,0.97,0.79,367.79,306.6,273.71,274.12,0.0,1.02,-748.7,-624.14,-124.56
13:59:57,21/10/2024,95.3,94.4,94.5,95.1,93.9,32.8,32.5,34.5,33.6,-0.23,125,170,2024-10-21 13:59:57,63.1,0.93,58.6,DI water,60,60,90,90,13:39:41,94.64,33.35,0.56,0.9,0.78,367.79,306.5,273.71,274.05,0.0,1.02,-787.5,-656.27,-131.23
14:00:00,21/10/2024,95.3,94.4,94.5,95.1,93.9,32.8,32.5,34.5,33.6,-0.23,125,170,2024-10-21 14:00:00,63.1,0.93,58.7,DI water,60,60,90,90,13:39:41,94.64,33.35,0.56,0.9,0.78,367.79,306.5,273.71,274.05,0.0,1.02,-787.5,-656.27,-131.23
14:00:02,21/10/2024,95.4,94.5,94.6,95.2,93.9,32.8,32.5,34.5,33.6,-0.23,125,170,2024-10-21 14:00:02,63.1,0.93,58.7,DI water,60,60,90,90,13:39:41,94.72,33.35,0.6,0.9,0.78,367.87,306.5,273.75,274.05,0.0,1.02,-787.68,-656.27,-131.4
14:00:03,21/10/2024,95.4,94.5,94.6,95.2,94.0,32.8,32.5,34.5,33.6,-0.23,125,170,2024-10-21 14:00:03,63.1,0.93,58.6,DI water,60,60,90,90,13:39:41,94.74,33.35,0.56,0.9,0.78,367.89,306.5,273.71,274.05,0.0,1.02,-787.72,-656.27,-131.45
14:00:05,21/10/2024,95.4,94.5,94.6,95.2,94.0,32.8,32.5,34.5,33.6,-0.23,125,170,2024-10-21 14:00:05,63.1,0.93,58.5,DI water,60,60,90,90,13:39:41,94.74,33.35,0.56,0.9,0.78,367.89,306.5,273.71,274.05,0.0,1.02,-787.72,-656.27,-131.45
14:00:09,21/10/2024,95.4,94.5,94.6,95.2,94.0,32.8,32.5,34.5,33.6,-0.23,125,170,2024-10-21 14:00:09,63.1,0.93,58.7,DI water,60,60,90,90,13:39:41,94.74,33.35,0.56,0.9,0.78,367.89,306.5,273.71,274.05,0.0,1.02,-787.72,-656.27,-131.45
14:00:15,21/10/2024,95.5,94.6,94.5,89.6,90.6,32.8,32.6,35.7,39.8,-0.28,125,170,2024-10-21 14:00:15,63.1,0.93,58.5,DI water,60,60,90,90,13:39:41,92.96,35.22,2.66,3.36,0.73,366.11,308.38,275.81,276.51,0.0,0.96,-984.76,-829.47,-155.3
14:00:16,21/10/2024,95.5,94.6,94.5,89.6,90.6,32.8,32.6,35.7,39.8,-0.28,124,170,2024-10-21 14:00:16,63.0,0.93,58.6,DI water,60,60,90,90,13:39:41,92.96,35.22,2.66,3.36,0.73,366.11,308.38,275.81,276.51,0.0,0.96,-984.76,-829.47,-155.3
14:00:19,21/10/2024,95.6,94.6,94.5,93.7,92.9,32.8,32.6,35.7,39.8,-0.28,124,170,2024-10-21 14:00:19,63.0,0.93,58.6,DI water,60,60,90,90,13:39:41,94.26,35.22,1.02,3.36,0.73,367.41,308.38,274.17,276.51,0.0,0.98,-988.26,-829.47,-158.79
14:00:21,21/10/2024,95.6,94.6,94.5,93.7,92.9,32.8,32.7,36.5,39.4,-0.28,125,170,2024-10-21 14:00:21,63.0,0.93,58.4,DI water,60,60,90,90,13:39:41,94.26,35.35,1.02,3.23,0.73,367.41,308.5,274.17,276.38,0.0,0.98,-988.26,-829.8,-158.46
14:00:23,21/10/2024,95.6,94.6,94.5,93.7,92.9,32.8,32.7,36.5,39.4,-0.28,125,170,2024-10-21 14:00:23,63.0,0.93,58.5,DI water,60,60,90,90,13:39:41,94.26,35.35,1.02,3.23,0.73,367.41,308.5,274.17,276.38,0.0,0.98,-988.26,-829.8,-158.46
14:00:24,21/10/2024,95.6,94.6,94.5,93.7,92.9,32.8,32.7,36.5,39.4,-0.28,125,170,2024-10-21 14:00:24,63.0,0.93,58.5,DI water,60,60,90,90,13:39:41,94.26,35.35,1.02,3.23,0.73,367.41,308.5,274.17,276.38,0.0,0.98,-988.26,-829.8,-158.46
14:00:25,21/10/2024,95.6,94.6,94.5,93.7,92.9,32.8,32.7,36.5,39.4,-0.28,125,170,2024-10-21 14:00:25,63.0,0.93,58.6,DI water,60,60,90,90,13:39:41,94.26,35.35,1.02,3.23,0.73,367.41,308.5,274.17,276.38,0.0,0.98,-988.26,-829.8,-158.46
14:00:26,21/10/2024,95.6,94.6,94.5,93.3,93.5,32.8,32.7,36.5,39.4,-0.28,125,170,2024-10-21 14:00:26,63.0,0.93,58.6,DI water,60,60,90,90,13:39:41,94.3,35.35,0.93,3.23,0.73,367.45,308.5,274.08,276.38,0.0,0.98,-988.36,-829.8,-158.56
14:00:28,21/10/2024,95.6,94.6,94.5,93.3,93.5,32.8,32.6,36.8,39.6,-0.29,125,170,2024-10-21 14:00:28,63.0,0.93,58.4,DI water,60,60,90,90,13:39:41,94.3,35.45,0.93,3.38,0.72,367.45,308.6,274.08,276.53,0.0,0.98,-1030.33,-865.31,-165.02
14:00:29,21/10/2024,95.6,94.6,94.5,93.3,93.5,32.8,32.6,36.8,39.6,-0.29,125,170,2024-10-21 14:00:29,63.0,0.93,58.4,DI water,60,60,90,90,13:39:41,94.3,35.45,0.93,3.38,0.72,367.45,308.6,274.08,276.53,0.0,0.98,-1030.33,-865.31,-165.02
14:00:30,21/10/2024,95.6,94.6,94.5,93.3,93.5,32.8,32.6,36.8,39.6,-0.29,125,170,2024-10-21 14:00:30,63.0,0.93,58.5,DI water,60,60,90,90,13:39:41,94.3,35.45,0.93,3.38,0.72,367.45,308.6,274.08,276.53,0.0,0.98,-1030.33,-865.31,-165.02
14:00:34,21/10/2024,95.7,94.6,94.5,94.3,93.6,32.8,32.6,36.8,39.6,-0.29,125,170,2024-10-21 14:00:34,63.0,0.93,58.6,DI water,60,60,90,90,13:39:41,94.54,35.45,0.76,3.38,0.72,367.69,308.6,273.91,276.53,0.0,0.98,-1031.0,-865.31,-165.69
14:00:35,21/10/2024,95.7,94.6,94.5,94.3,93.6,32.8,32.7,37.0,39.4,-0.29,125,170,2024-10-21 14:00:35,63.1,0.93,58.5,DI water,60,60,90,90,13:39:41,94.54,35.48,0.76,3.3,0.72,367.69,308.62,273.91,276.45,0.0,0.98,-1031.0,-865.38,-165.62
14:00:37,21/10/2024,95.7,94.6,94.5,94.3,93.6,32.8,32.7,37.0,39.4,-0.29,125,170,2024-10-21 14:00:37,63.0,0.93,58.5,DI water,60,60,90,90,13:39:41,94.54,35.48,0.76,3.3,0.72,367.69,308.62,273.91,276.45,0.0,0.98,-1031.0,-865.38,-165.62
14:00:39,21/10/2024,95.7,94.6,94.5,94.3,93.6,32.8,32.7,37.0,39.4,-0.29,125,170,2024-10-21 14:00:39,63.0,0.93,58.6,DI water,60,60,90,90,13:39:41,94.54,35.48,0.76,3.3,0.72,367.69,308.62,273.91,276.45,0.0,0.98,-1031.0,-865.38,-165.62
14:00:41,21/10/2024,95.7,94.7,94.6,94.8,93.6,32.8,32.7,37.0,39.4,-0.29,125,170,2024-10-21 14:00:41,63.0,0.93,58.5,DI water,60,60,90,90,13:39:41,94.68,35.48,0.75,3.3,0.72,367.83,308.62,273.9,276.45,0.0,0.99,-1031.39,-865.38,-166.01
14:00:43,21/10/2024,95.7,94.7,94.6,94.8,93.6,32.8,32.7,37.0,38.2,-0.3,125,170,2024-10-21 14:00:43,63.0,0.93,58.4,DI water,60,60,90,90,13:39:41,94.68,35.17,0.75,2.84,0.71,367.83,308.32,273.9,275.99,0.0,0.99,-1073.99,-900.25,-173.74
14:00:44,21/10/2024,95.7,94.7,94.6,94.8,93.6,32.8,32.7,37.0,38.2,-0.3,125,170,2024-10-21 14:00:44,63.0,0.93,58.5,DI water,60,60,90,90,13:39:41,94.68,35.17,0.75,2.84,0.71,367.83,308.32,273.9,275.99,0.0,0.99,-1073.99,-900.25,-173.74
14:00:53,21/10/2024,95.8,94.7,94.7,94.6,93.8,32.8,32.7,37.0,38.2,-0.3,125,170,2024-10-21 14:00:53,63.1,0.93,58.6,DI water,60,60,90,90,13:39:41,94.72,35.17,0.71,2.84,0.71,367.87,308.32,273.86,275.99,0.0,0.99,-1074.1,-900.25,-173.86
14:00:54,21/10/2024,95.8,94.7,94.7,94.6,93.8,32.8,32.7,36.8,39.0,-0.33,125,170,2024-10-21 14:00:54,63.1,0.93,58.5,DI water,60,60,90,90,13:39:41,94.72,35.33,0.71,3.11,0.68,367.87,308.47,273.86,276.26,0.0,0.99,-1205.58,-1010.93,-194.65
14:00:57,21/10/2024,95.8,94.7,94.7,94.6,93.8,32.8,32.7,36.8,39.0,-0.33,125,170,2024-10-21 14:00:57,63.1,0.93,58.6,DI water,60,60,90,90,13:39:41,94.72,35.33,0.71,3.11,0.68,367.87,308.47,273.86,276.26,0.0,0.99,-1205.58,-1010.93,-194.65
14:00:58,21/10/2024,95.8,94.8,94.7,94.9,93.8,32.8,32.7,36.8,39.0,-0.33,125,170,2024-10-21 14:00:58,63.1,0.93,58.7,DI water,60,60,90,90,13:39:41,94.8,35.33,0.71,3.11,0.68,367.95,308.47,273.86,276.26,0.0,0.99,-1205.84,-1010.93,-194.91
14:01:00,21/10/2024,95.8,94.8,94.7,94.9,93.8,32.9,32.7,36.7,39.0,-0.33,125,170,2024-10-21 14:01:00,63.1,0.93,58.5,DI water,60,60,90,90,13:39:41,94.8,35.33,0.71,3.06,0.68,367.95,308.47,273.86,276.21,0.0,0.99,-1205.84,-1010.93,-194.91
14:01:01,21/10/2024,95.8,94.8,94.7,94.9,93.8,32.9,32.7,36.7,39.0,-0.3,125,170,2024-10-21 14:01:01,63.1,0.93,58.5,DI water,60,60,90,90,13:39:41,94.8,35.33,0.71,3.06,0.71,367.95,308.47,273.86,276.21,0.0,0.99,-1074.34,-900.68,-173.65
14:01:06,21/10/2024,95.8,94.8,94.7,94.9,93.8,32.9,32.7,36.7,39.0,-0.3,125,170,2024-10-21 14:01:06,63.1,0.93,58.7,DI water,60,60,90,90,13:39:41,94.8,35.33,0.71,3.06,0.71,367.95,308.47,273.86,276.21,0.0,0.99,-1074.34,-900.68,-173.65
14:01:08,21/10/2024,95.9,94.8,94.8,95.1,93.9,32.8,32.7,36.7,39.0,-0.3,125,170,2024-10-21 14:01:08,63.1,0.93,58.5,DI water,60,60,90,90,13:39:41,94.9,35.3,0.72,3.09,0.71,368.05,308.45,273.87,276.24,0.0,0.99,-1074.63,-900.61,-174.02
14:01:09,21/10/2024,95.9,94.8,94.8,95.1,93.9,32.8,32.7,36.5,37.4,-0.3,125,170,2024-10-21 14:01:09,63.0,0.93,58.5,DI water,60,60,90,90,13:39:41,94.9,34.85,0.72,2.45,0.71,368.05,308.0,273.87,275.6,0.0,1.0,-1074.63,-899.3,-175.33
14:01:10,21/10/2024,95.9,94.8,94.8,95.1,93.9,32.8,32.7,36.5,37.4,-0.3,125,170,2024-10-21 14:01:10,63.1,0.93,58.5,DI water,60,60,90,90,13:39:41,94.9,34.85,0.72,2.45,0.71,368.05,308.0,273.87,275.6,0.0,1.0,-1074.63,-899.3,-175.33
14:01:12,21/10/2024,95.9,94.8,94.8,95.1,93.9,32.8,32.7,36.5,37.4,-0.3,125,170,2024-10-21 14:01:12,63.1,0.93,58.7,DI water,60,60,90,90,13:39:41,94.9,34.85,0.72,2.45,0.71,368.05,308.0,273.87,275.6,0.0,1.0,-1074.63,-899.3,-175.33
14:01:14,21/10/2024,95.9,94.9,94.9,95.2,94.0,32.8,32.7,36.3,37.9,-0.23,125,170,2024-10-21 14:01:14,63.1,0.93,58.6,DI water,60,60,90,90,13:39:41,94.98,34.92,0.68,2.6,0.78,368.13,308.08,273.83,275.75,0.0,1.0,-788.23,-659.64,-128.59
14:01:17,21/10/2024,95.9,94.9,94.9,95.2,94.0,32.8,32.7,36.3,37.9,-0.23,125,170,2024-10-21 14:01:17,63.1,0.93,58.5,DI water,60,60,90,90,13:39:41,94.98,34.92,0.68,2.6,0.78,368.13,308.08,273.83,275.75,0.0,1.0,-788.23,-659.64,-128.59
14:01:19,21/10/2024,95.9,94.9,94.9,95.2,94.0,32.8,32.7,36.3,37.9,-0.23,125,170,2024-10-21 14:01:19,63.1,0.93,58.6,DI water,60,60,90,90,13:39:41,94.98,34.92,0.68,2.6,0.78,368.13,308.08,273.83,275.75,0.0,1.0,-788.23,-659.64,-128.59
14:01:20,21/10/2024,95.9,94.9,94.9,95.2,94.0,32.8,32.7,36.3,37.9,-0.23,125,170,2024-10-21 14:01:20,63.0,0.93,58.6,DI water,60,60,90,90,13:39:41,94.98,34.92,0.68,2.6,0.78,368.13,308.08,273.83,275.75,0.0,1.0,-788.23,-659.64,-128.59
14:01:21,21/10/2024,95.9,94.9,94.9,95.2,94.0,32.8,32.7,36.3,37.9,-0.23,125,170,2024-10-21 14:01:21,63.1,0.93,58.6,DI water,60,60,90,90,13:39:41,94.98,34.92,0.68,2.6,0.78,368.13,308.08,273.83,275.75,0.0,1.0,-788.23,-659.64,-128.59
14:01:23,21/10/2024,95.9,94.9,94.9,95.0,93.5,32.8,32.7,36.3,37.9,-0.23,125,170,2024-10-21 14:01:23,63.0,0.93,58.5,DI water,60,60,90,90,13:39:41,94.84,34.92,0.86,2.6,0.78,367.99,308.08,274.01,275.75,0.0,1.0,-787.93,-659.64,-128.29
14:01:24,21/10/2024,95.9,94.9,94.9,95.0,93.5,32.8,32.7,36.3,38.6,-0.23,125,170,2024-10-21 14:01:24,63.1,0.93,58.5,DI water,60,60,90,90,13:39:41,94.84,35.1,0.86,2.87,0.78,367.99,308.25,274.01,276.02,0.0,1.0,-787.93,-660.02,-127.91
14:01:28,21/10/2024,95.9,94.9,94.9,95.0,93.5,32.8,32.7,36.3,38.6,-0.26,125,170,2024-10-21 14:01:28,63.0,0.93,58.5,DI water,60,60,90,90,13:39:41,94.84,35.1,0.86,2.87,0.75,367.99,308.25,274.01,276.02,0.0,1.0,-907.46,-760.14,-147.32
14:01:31,21/10/2024,95.9,94.9,94.9,95.0,93.5,32.8,32.7,36.3,38.6,-0.26,125,170,2024-10-21 14:01:31,63.0,0.93,58.5,DI water,60,60,90,90,13:39:41,94.84,35.1,0.86,2.87,0.75,367.99,308.25,274.01,276.02,0.0,1.0,-907.46,-760.14,-147.32
14:01:32,21/10/2024,96.1,95.1,94.9,95.2,93.9,32.8,32.7,36.3,38.6,-0.26,125,170,2024-10-21 14:01:32,63.0,0.93,58.5,DI water,60,60,90,90,13:39:41,95.04,35.1,0.79,2.87,0.75,368.19,308.25,273.94,276.02,0.0,1.0,-907.95,-760.14,-147.81
14:01:33,21/10/2024,96.1,95.1,94.9,95.2,93.9,32.8,32.7,36.3,38.0,-0.26,125,170,2024-10-21 14:01:33,63.0,0.93,58.5,DI water,60,60,90,90,13:39:41,95.04,34.95,0.79,2.63,0.75,368.19,308.1,273.94,275.78,0.0,1.0,-907.95,-759.77,-148.18
14:01:43,21/10/2024,96.1,95.1,95.0,95.4,94.1,32.9,32.7,36.3,38.0,-0.26,125,170,2024-10-21 14:01:43,63.1,0.93,58.6,DI water,60,60,90,90,13:39:41,95.14,34.97,0.72,2.61,0.75,368.29,308.12,273.87,275.76,0.0,1.0,-908.2,-759.83,-148.37
14:01:43,21/10/2024,96.1,95.1,95.0,95.4,94.1,32.9,32.7,36.3,38.0,-0.26,125,170,2024-10-21 14:01:43,63.1,0.93,58.7,DI water,60,60,90,90,13:39:41,95.14,34.97,0.72,2.61,0.75,368.29,308.12,273.87,275.76,0.0,1.0,-908.2,-759.83,-148.37
14:01:44,21/10/2024,96.1,95.1,95.0,95.4,94.1,32.9,32.7,36.3,37.3,-0.22,125,170,2024-10-21 14:01:44,63.1,0.93,58.7,DI water,60,60,90,90,13:39:41,95.14,34.8,0.72,2.35,0.79,368.29,307.95,273.87,275.5,0.0,1.01,-749.72,-626.88,-122.83
14:01:48,21/10/2024,96.1,95.2,95.1,90.1,85.8,32.9,32.7,36.5,39.4,-0.25,126,170,2024-10-21 14:01:48,63.1,0.93,58.6,DI water,60,60,90,90,13:39:41,92.46,35.38,4.41,3.2,0.76,365.61,308.52,277.56,276.35,0.0,0.95,-861.49,-726.98,-134.51
14:01:49,21/10/2024,96.1,95.2,95.1,90.1,85.8,32.9,32.7,36.5,39.4,-0.25,125,170,2024-10-21 14:01:49,63.1,0.93,58.7,DI water,60,60,90,90,13:39:41,92.46,35.38,4.41,3.2,0.76,365.61,308.52,277.56,276.35,0.0,0.95,-861.49,-726.98,-134.51
14:01:53,21/10/2024,96.1,95.2,95.1,90.1,85.8,32.9,32.7,36.5,39.4,-0.25,125,170,2024-10-21 14:01:53,63.1,0.93,58.6,DI water,60,60,90,90,13:39:41,92.46,35.38,4.41,3.2,0.76,365.61,308.52,277.56,276.35,0.0,0.95,-861.49,-726.98,-134.51
14:01:58,21/10/2024,96.3,95.2,95.0,94.4,93.4,32.9,32.7,36.5,39.4,-0.25,125,170,2024-10-21 14:01:58,63.1,0.93,58.8,DI water,60,60,90,90,13:39:41,94.86,35.38,1.07,3.2,0.76,368.01,308.52,274.22,276.35,0.0,0.99,-867.14,-726.98,-140.16
14:01:59,21/10/2024,96.3,95.2,95.0,94.4,93.4,32.9,32.7,37.3,38.3,-0.25,125,170,2024-10-21 14:01:59,63.1,0.93,58.7,DI water,60,60,90,90,13:39:41,94.86,35.3,1.07,2.92,0.76,368.01,308.45,274.22,276.07,0.0,0.99,-867.14,-726.8,-140.34
14:02:00,21/10/2024,96.3,95.2,95.0,94.4,93.4,32.9,32.7,37.3,38.3,-0.24,125,170,2024-10-21 14:02:00,63.1,0.93,58.7,DI water,60,60,90,90,13:39:41,94.86,35.3,1.07,2.92,0.77,368.01,308.45,274.22,276.07,0.0,0.99,-827.3,-693.41,-133.89
14:02:01,21/10/2024,96.3,95.2,95.0,94.4,93.4,32.9,32.7,37.3,38.3,-0.24,125,170,2024-10-21 14:02:01,63.2,0.93,58.7,DI water,60,60,90,90,13:39:41,94.86,35.3,1.07,2.92,0.77,368.01,308.45,274.22,276.07,0.0,0.99,-827.3,-693.41,-133.89
14:02:08,21/10/2024,96.3,95.2,95.0,94.4,93.4,32.9,32.7,37.3,38.3,-0.24,125,170,2024-10-21 14:02:08,63.2,0.93,58.8,DI water,60,60,90,90,13:39:41,94.86,35.3,1.07,2.92,0.77,368.01,308.45,274.22,276.07,0.0,0.99,-827.3,-693.41,-133.89
14:02:09,21/10/2024,96.3,95.2,95.2,95.4,94.0,32.8,32.7,37.3,38.3,-0.24,125,170,2024-10-21 14:02:09,63.1,0.93,58.6,DI water,60,60,90,90,13:39:41,95.22,35.28,0.82,2.94,0.77,368.37,308.42,273.97,276.09,0.0,1.0,-828.11,-693.35,-134.76
14:02:12,21/10/2024,96.3,95.2,95.2,95.4,94.0,32.8,32.7,37.1,37.5,-0.23,126,170,2024-10-21 14:02:12,63.1,0.93,58.7,DI water,60,60,90,90,13:39:41,95.22,35.02,0.82,2.63,0.78,368.37,308.17,273.97,275.78,0.0,1.0,-788.75,-659.86,-128.89
14:02:13,21/10/2024,96.3,95.2,95.2,95.4,94.0,32.8,32.7,37.1,37.5,-0.23,126,170,2024-10-21 14:02:13,63.1,0.93,58.7,DI water,60,60,90,90,13:39:41,95.22,35.02,0.82,2.63,0.78,368.37,308.17,273.97,275.78,0.0,1.0,-788.75,-659.86,-128.89
14:02:14,21/10/2024,96.3,95.2,95.2,95.4,94.0,32.8,32.7,37.1,37.5,-0.23,126,170,2024-10-21 14:02:14,63.1,0.93,58.8,DI water,60,60,90,90,13:39:41,95.22,35.02,0.82,2.63,0.78,368.37,308.17,273.97,275.78,0.0,1.0,-788.75,-659.86,-128.89
14:02:15,21/10/2024,96.3,95.2,95.2,95.4,94.0,32.8,32.7,37.1,37.5,-0.23,126,170,2024-10-21 14:02:15,63.1,0.93,58.8,DI water,60,60,90,90,13:39:41,95.22,35.02,0.82,2.63,0.78,368.37,308.17,273.97,275.78,0.0,1.0,-788.75,-659.86,-128.89
14:02:19,21/10/2024,96.3,95.3,95.3,95.6,94.2,32.8,32.7,36.8,36.9,-0.24,126,170,2024-10-21 14:02:19,63.1,0.93,58.6,DI water,60,60,90,90,13:39:41,95.34,34.8,0.76,2.37,0.77,368.49,307.95,273.91,275.52,0.0,1.01,-828.38,-692.28,-136.1
14:02:24,21/10/2024,96.4,95.4,95.4,95.7,94.3,32.8,32.7,36.8,36.9,-0.24,126,170,2024-10-21 14:02:24,63.1,0.93,58.7,DI water,60,60,90,90,13:39:41,95.44,34.8,0.76,2.37,0.77,368.59,307.95,273.91,275.52,0.0,1.01,-828.61,-692.28,-136.32
14:02:25,21/10/2024,96.4,95.4,95.4,95.7,94.3,32.8,32.7,36.6,36.5,-0.24,126,170,2024-10-21 14:02:25,63.1,0.93,58.7,DI water,60,60,90,90,13:39:41,95.44,34.65,0.76,2.19,0.77,368.59,307.8,273.91,275.34,0.0,1.01,-828.61,-691.95,-136.66
14:02:26,21/10/2024,96.4,95.4,95.4,95.7,94.3,32.8,32.7,36.6,36.5,-0.26,126,170,2024-10-21 14:02:26,63.2,0.93,58.7,DI water,60,60,90,90,13:39:41,95.44,34.65,0.76,2.19,0.75,368.59,307.8,273.91,275.34,0.0,1.01,-908.94,-759.03,-149.91
14:02:33,21/10/2024,96.4,95.4,95.4,95.7,94.3,32.8,32.7,36.6,36.5,-0.26,126,170,2024-10-21 14:02:33,63.1,0.93,58.7,DI water,60,60,90,90,13:39:41,95.44,34.65,0.76,2.19,0.75,368.59,307.8,273.91,275.34,0.0,1.01,-908.94,-759.03,-149.91
14:02:36,21/10/2024,96.4,95.4,95.4,95.8,94.5,32.8,32.7,36.5,36.3,-0.25,126,170,2024-10-21 14:02:36,63.1,0.93,58.6,DI water,60,60,90,90,13:39:41,95.5,34.58,0.69,2.11,0.76,368.65,307.72,273.84,275.26,0.0,1.02,-868.65,-725.09,-143.56
14:02:38,21/10/2024,96.4,95.4,95.4,95.8,94.5,32.8,32.7,36.5,36.3,-0.25,126,170,2024-10-21 14:02:38,63.1,0.93,58.6,DI water,60,60,90,90,13:39:41,95.5,34.58,0.69,2.11,0.76,368.65,307.72,273.84,275.26,0.0,1.02,-868.65,-725.09,-143.56
14:02:42,21/10/2024,96.5,95.5,95.5,96.0,94.5,32.8,32.7,36.5,36.3,-0.25,126,170,2024-10-21 14:02:42,63.1,0.93,58.7,DI water,60,60,90,90,13:39:41,95.6,34.58,0.74,2.11,0.76,368.75,307.72,273.89,275.26,0.0,1.02,-868.89,-725.09,-143.79
14:02:44,21/10/2024,96.5,95.5,95.5,96.0,94.5,32.8,32.6,36.2,36.0,-0.25,126,170,2024-10-21 14:02:44,63.1,0.93,58.6,DI water,60,60,90,90,13:39:41,95.6,34.4,0.74,1.97,0.76,368.75,307.55,273.89,275.12,0.0,1.02,-868.89,-724.68,-144.21
14:02:46,21/10/2024,96.5,95.5,95.6,96.0,94.6,32.8,32.6,36.2,36.0,-0.25,126,170,2024-10-21 14:02:46,63.1,0.93,58.6,DI water,60,60,90,90,13:39:41,95.64,34.4,0.7,1.97,0.76,368.79,307.55,273.85,275.12,0.0,1.02,-868.98,-724.68,-144.3
14:02:47,21/10/2024,96.5,95.5,95.6,96.0,94.6,32.8,32.6,36.2,35.9,-0.25,126,170,2024-10-21 14:02:47,63.1,0.93,58.6,DI water,60,60,90,90,13:39:41,95.64,34.38,0.7,1.94,0.76,368.79,307.52,273.85,275.09,0.0,1.02,-868.98,-724.62,-144.36
14:02:54,21/10/2024,96.6,95.5,95.6,96.1,94.7,32.8,32.7,36.1,35.8,-0.25,126,170,2024-10-21 14:02:54,63.1,0.93,58.6,DI water,60,60,90,90,13:39:41,95.7,34.35,0.71,1.85,0.76,368.85,307.5,273.86,275.0,0.0,1.02,-869.12,-724.56,-144.56
14:02:56,21/10/2024,96.6,95.5,95.6,96.1,94.7,32.8,32.7,36.1,35.8,-0.25,126,170,2024-10-21 14:02:56,63.1,0.93,58.6,DI water,60,60,90,90,13:39:41,95.7,34.35,0.71,1.85,0.76,368.85,307.5,273.86,275.0,0.0,1.02,-869.12,-724.56,-144.56
14:02:57,21/10/2024,96.6,95.5,95.6,96.1,94.7,32.8,32.7,36.1,35.8,-0.25,126,170,2024-10-21 14:02:57,63.1,0.93,58.6,DI water,60,60,90,90,13:39:41,95.7,34.35,0.71,1.85,0.76,368.85,307.5,273.86,275.0,0.0,1.02,-869.12,-724.56,-144.56
14:02:59,21/10/2024,96.6,95.6,95.7,96.2,94.8,32.8,32.7,36.1,35.8,-0.25,126,170,2024-10-21 14:02:59,63.1,0.93,58.7,DI water,60,60,90,90,13:39:41,95.78,34.35,0.68,1.85,0.76,368.93,307.5,273.83,275.0,0.0,1.02,-869.31,-724.56,-144.75
14:03:01,21/10/2024,96.6,95.6,95.7,96.2,94.8,32.8,32.6,36.0,35.8,-0.26,127,170,2024-10-21 14:03:01,63.1,0.93,58.7,DI water,60,60,90,90,13:39:41,95.78,34.3,0.68,1.85,0.75,368.93,307.45,273.83,275.0,0.0,1.02,-909.78,-758.17,-151.61
14:03:02,21/10/2024,96.6,95.6,95.7,96.2,94.8,32.8,32.6,36.0,35.8,-0.26,127,170,2024-10-21 14:03:02,63.1,0.93,58.6,DI water,60,60,90,90,13:39:41,95.78,34.3,0.68,1.85,0.75,368.93,307.45,273.83,275.0,0.0,1.02,-909.78,-758.17,-151.61
14:03:03,21/10/2024,96.6,95.6,95.7,96.2,94.8,32.8,32.6,36.0,35.8,-0.26,127,170,2024-10-21 14:03:03,63.1,0.93,58.6,DI water,60,60,90,90,13:39:41,95.78,34.3,0.68,1.85,0.75,368.93,307.45,273.83,275.0,0.0,1.02,-909.78,-758.17,-151.61
14:03:12,21/10/2024,96.6,95.7,95.8,96.1,94.9,32.8,32.7,35.9,36.0,-0.28,127,170,2024-10-21 14:03:12,63.1,0.93,58.6,DI water,60,60,90,90,13:39:41,95.82,34.35,0.62,1.85,0.73,368.97,307.5,273.77,275.0,0.0,1.02,-992.45,-827.11,-165.34
14:03:18,21/10/2024,96.7,95.7,95.8,96.4,95.0,32.8,32.7,35.9,36.0,-0.28,127,170,2024-10-21 14:03:18,63.1,0.93,58.7,DI water,60,60,90,90,13:39:41,95.92,34.35,0.66,1.85,0.73,369.07,307.5,273.81,275.0,0.0,1.03,-992.72,-827.11,-165.61
14:03:20,21/10/2024,96.7,95.7,95.8,96.4,95.0,32.8,32.7,35.9,35.5,-0.28,127,170,2024-10-21 14:03:20,63.1,0.93,58.6,DI water,60,60,90,90,13:39:41,95.92,34.22,0.66,1.71,0.73,369.07,307.38,273.81,274.86,0.0,1.03,-992.72,-826.78,-165.95
14:03:22,21/10/2024,96.7,95.7,95.8,96.4,95.0,32.8,32.7,35.9,35.5,-0.28,127,170,2024-10-21 14:03:22,63.1,0.93,58.6,DI water,60,60,90,90,13:39:41,95.92,34.22,0.66,1.71,0.73,369.07,307.38,273.81,274.86,0.0,1.03,-992.72,-826.78,-165.95
14:03:23,21/10/2024,96.7,95.7,95.8,96.4,95.0,32.8,32.7,35.9,35.5,-0.28,127,170,2024-10-21 14:03:23,63.1,0.93,58.5,DI water,60,60,90,90,13:39:41,95.92,34.22,0.66,1.71,0.73,369.07,307.38,273.81,274.86,0.0,1.03,-992.72,-826.78,-165.95
14:03:25,21/10/2024,96.8,95.8,95.9,96.4,95.0,32.8,32.7,35.9,35.5,-0.28,127,170,2024-10-21 14:03:25,63.1,0.93,58.6,DI water,60,60,90,90,13:39:41,95.98,34.22,0.68,1.71,0.73,369.13,307.38,273.83,274.86,0.0,1.03,-992.88,-826.78,-166.11
14:03:27,21/10/2024,96.8,95.8,95.9,96.4,95.0,32.8,32.7,35.7,35.2,-0.29,127,170,2024-10-21 14:03:27,63.1,0.93,58.7,DI water,60,60,90,90,13:39:41,95.98,34.1,0.68,1.57,0.72,369.13,307.25,273.83,274.72,0.0,1.03,-1035.04,-861.53,-173.51
14:03:29,21/10/2024,96.8,95.8,95.9,96.4,95.0,32.8,32.7,35.7,35.2,-0.29,127,170,2024-10-21 14:03:29,63.1,0.93,58.7,DI water,60,60,90,90,13:39:41,95.98,34.1,0.68,1.57,0.72,369.13,307.25,273.83,274.72,0.0,1.03,-1035.04,-861.53,-173.51
14:03:31,21/10/2024,96.8,95.8,95.9,96.4,95.0,32.8,32.7,35.7,35.2,-0.29,127,170,2024-10-21 14:03:31,63.1,0.93,58.7,DI water,60,60,90,90,13:39:41,95.98,34.1,0.68,1.57,0.72,369.13,307.25,273.83,274.72,0.0,1.03,-1035.04,-861.53,-173.51
14:03:32,21/10/2024,96.8,95.8,95.9,96.4,95.0,32.8,32.7,35.7,35.2,-0.29,127,170,2024-10-21 14:03:32,63.1,0.93,58.6,DI water,60,60,90,90,13:39:41,95.98,34.1,0.68,1.57,0.72,369.13,307.25,273.83,274.72,0.0,1.03,-1035.04,-861.53,-173.51
14:03:34,21/10/2024,96.8,95.9,96.0,96.5,95.0,32.8,32.7,35.7,35.2,-0.29,127,170,2024-10-21 14:03:34,63.1,0.93,58.6,DI water,60,60,90,90,13:39:41,96.04,34.1,0.69,1.57,0.72,369.19,307.25,273.84,274.72,0.0,1.03,-1035.21,-861.53,-173.68
14:03:35,21/10/2024,96.8,95.9,96.0,96.5,95.2,32.9,32.7,35.7,35.2,-0.29,127,170,2024-10-21 14:03:35,63.1,0.93,58.7,DI water,60,60,90,90,13:39:41,96.08,34.12,0.61,1.55,0.72,369.23,307.27,273.76,274.7,0.0,1.03,-1035.32,-861.6,-173.72
14:03:38,21/10/2024,96.8,95.9,96.0,96.5,95.2,32.9,32.7,35.7,35.3,-0.3,127,170,2024-10-21 14:03:38,63.1,0.93,58.7,DI water,60,60,90,90,13:39:41,96.08,34.15,0.61,1.57,0.71,369.23,307.3,273.76,274.72,0.0,1.03,-1078.08,-897.25,-180.82
14:03:41,21/10/2024,96.9,95.9,96.1,96.6,95.2,32.8,32.7,35.6,35.2,-0.29,127,170,2024-10-21 14:03:41,63.1,0.93,58.6,DI water,60,60,90,90,13:39:41,96.14,34.08,0.66,1.54,0.72,369.29,307.22,273.81,274.69,0.0,1.03,-1035.49,-861.46,-174.03
14:03:42,21/10/2024,96.9,95.9,96.1,96.6,95.2,32.8,32.7,35.6,35.2,-0.29,127,170,2024-10-21 14:03:42,63.1,0.93,58.6,DI water,60,60,90,90,13:39:41,96.14,34.08,0.66,1.54,0.72,369.29,307.22,273.81,274.69,0.0,1.03,-1035.49,-861.46,-174.03
14:03:44,21/10/2024,96.9,95.9,96.1,96.6,95.2,32.8,32.7,35.6,35.2,-0.29,127,170,2024-10-21 14:03:44,63.1,0.93,58.6,DI water,60,60,90,90,13:39:41,96.14,34.08,0.66,1.54,0.72,369.29,307.22,273.81,274.69,0.0,1.03,-1035.49,-861.46,-174.03
14:03:49,21/10/2024,97.0,96.0,96.0,96.0,95.3,32.8,32.7,35.6,35.2,-0.29,127,170,2024-10-21 14:03:49,63.1,0.93,58.7,DI water,60,60,90,90,13:39:41,96.06,34.08,0.61,1.54,0.72,369.21,307.22,273.76,274.69,0.0,1.03,-1035.26,-861.46,-173.81
14:03:49,21/10/2024,97.0,96.0,96.0,96.0,95.3,32.8,32.7,35.6,35.2,-0.29,127,170,2024-10-21 14:03:49,63.1,0.93,58.6,DI water,60,60,90,90,13:39:41,96.06,34.08,0.61,1.54,0.72,369.21,307.22,273.76,274.69,0.0,1.03,-1035.26,-861.46,-173.81
14:03:51,21/10/2024,97.0,96.0,96.0,96.0,95.3,32.8,32.7,35.7,36.7,-0.24,127,170,2024-10-21 14:03:51,63.1,0.93,58.6,DI water,60,60,90,90,13:39:41,96.06,34.48,0.61,2.03,0.77,369.21,307.62,273.76,275.18,0.0,1.03,-830.0,-691.55,-138.45
14:03:54,21/10/2024,97.0,96.0,96.1,96.4,95.3,32.8,32.7,35.7,36.7,-0.24,127,170,2024-10-21 14:03:54,63.1,0.93,58.6,DI water,60,60,90,90,13:39:41,96.16,34.48,0.62,2.03,0.77,369.31,307.62,273.77,275.18,0.0,1.03,-830.22,-691.55,-138.67
14:03:55,21/10/2024,97.0,96.0,96.1,96.4,95.3,32.8,32.7,35.7,36.9,-0.24,127,170,2024-10-21 14:03:55,63.1,0.93,58.6,DI water,60,60,90,90,13:39:41,96.16,34.52,0.62,2.11,0.77,369.31,307.67,273.77,275.26,0.0,1.03,-830.22,-691.67,-138.56
14:03:56,21/10/2024,97.0,96.0,96.1,96.4,95.3,32.8,32.7,35.7,36.9,-0.24,127,170,2024-10-21 14:03:56,63.1,0.93,58.7,DI water,60,60,90,90,13:39:41,96.16,34.52,0.62,2.11,0.77,369.31,307.67,273.77,275.26,0.0,1.03,-830.22,-691.67,-138.56
14:04:00,21/10/2024,97.0,96.0,96.1,96.4,95.3,32.8,32.7,35.7,36.9,-0.24,127,170,2024-10-21 14:04:00,63.1,0.93,58.6,DI water,60,60,90,90,13:39:41,96.16,34.52,0.62,2.11,0.77,369.31,307.67,273.77,275.26,0.0,1.03,-830.22,-691.67,-138.56
14:04:01,21/10/2024,97.0,96.1,96.1,96.6,95.3,32.8,32.7,35.7,36.9,-0.24,127,170,2024-10-21 14:04:01,63.1,0.93,58.7,DI water,60,60,90,90,13:39:41,96.22,34.52,0.64,2.11,0.77,369.37,307.67,273.79,275.26,0.0,1.03,-830.36,-691.67,-138.69
14:04:04,21/10/2024,97.0,96.1,96.1,96.6,95.3,32.8,32.7,35.7,36.4,-0.25,127,170,2024-10-21 14:04:04,63.1,0.93,58.8,DI water,60,60,90,90,13:39:41,96.22,34.4,0.64,1.93,0.76,369.37,307.55,273.79,275.08,0.0,1.03,-870.35,-724.68,-145.67
14:04:06,21/10/2024,97.0,96.1,96.1,96.6,95.3,32.8,32.7,35.7,36.4,-0.25,127,170,2024-10-21 14:04:06,63.1,0.93,58.6,DI water,60,60,90,90,13:39:41,96.22,34.4,0.64,1.93,0.76,369.37,307.55,273.79,275.08,0.0,1.03,-870.35,-724.68,-145.67
14:04:11,21/10/2024,97.0,96.1,96.1,96.6,95.3,32.8,32.7,35.7,36.4,-0.25,127,170,2024-10-21 14:04:11,63.1,0.93,58.7,DI water,60,60,90,90,13:39:41,96.22,34.4,0.64,1.93,0.76,369.37,307.55,273.79,275.08,0.0,1.03,-870.35,-724.68,-145.67
14:04:13,21/10/2024,97.1,96.1,96.3,96.7,95.4,32.8,32.6,35.5,35.6,-0.25,127,170,2024-10-21 14:04:13,63.1,0.93,58.7,DI water,60,60,90,90,13:39:41,96.32,34.12,0.64,1.65,0.76,369.47,307.27,273.79,274.8,0.0,1.04,-870.58,-724.03,-146.55
14:04:16,21/10/2024,97.1,96.1,96.3,96.7,95.4,32.8,32.6,35.5,35.6,-0.25,127,170,2024-10-21 14:04:16,63.1,0.93,58.6,DI water,60,60,90,90,13:39:41,96.32,34.12,0.64,1.65,0.76,369.47,307.27,273.79,274.8,0.0,1.04,-870.58,-724.03,-146.55
14:04:19,21/10/2024,97.1,96.1,96.3,96.7,95.4,32.8,32.6,35.5,35.6,-0.25,127,170,2024-10-21 14:04:19,63.1,0.93,58.5,DI water,60,60,90,90,13:39:41,96.32,34.12,0.64,1.65,0.76,369.47,307.27,273.79,274.8,0.0,1.04,-870.58,-724.03,-146.55
14:04:20,21/10/2024,97.2,96.2,96.3,96.8,95.5,32.8,32.6,35.5,35.6,-0.25,127,170,2024-10-21 14:04:20,63.1,0.93,58.7,DI water,60,60,90,90,13:39:41,96.4,34.12,0.64,1.65,0.76,369.55,307.27,273.79,274.8,0.0,1.04,-870.77,-724.03,-146.74
14:04:22,21/10/2024,97.2,96.2,96.3,96.8,95.5,32.8,32.6,35.4,35.2,-0.27,127,170,2024-10-21 14:04:22,63.1,0.93,58.7,DI water,60,60,90,90,13:39:41,96.4,34.0,0.64,1.51,0.74,369.55,307.15,273.79,274.66,0.0,1.04,-952.38,-791.57,-160.81
14:04:23,21/10/2024,97.2,96.2,96.3,96.8,95.5,32.8,32.6,35.4,35.2,-0.27,127,170,2024-10-21 14:04:23,63.1,0.93,58.6,DI water,60,60,90,90,13:39:41,96.4,34.0,0.64,1.51,0.74,369.55,307.15,273.79,274.66,0.0,1.04,-952.38,-791.57,-160.81
14:04:24,21/10/2024,97.2,96.2,96.3,96.8,95.5,32.8,32.6,35.4,35.2,-0.27,127,170,2024-10-21 14:04:24,63.1,0.93,58.6,DI water,60,60,90,90,13:39:41,96.4,34.0,0.64,1.51,0.74,369.55,307.15,273.79,274.66,0.0,1.04,-952.38,-791.57,-160.81
14:04:27,21/10/2024,97.2,96.2,96.4,96.9,95.5,32.8,32.6,35.4,35.2,-0.27,127,170,2024-10-21 14:04:27,63.1,0.93,58.5,DI water,60,60,90,90,13:39:41,96.44,34.0,0.66,1.51,0.74,369.59,307.15,273.81,274.66,0.0,1.04,-952.48,-791.57,-160.92
14:04:28,21/10/2024,97.2,96.2,96.4,96.9,95.5,32.8,32.6,35.3,34.9,-0.26,127,170,2024-10-21 14:04:28,63.0,0.93,58.5,DI water,60,60,90,90,13:39:41,96.44,33.9,0.66,1.4,0.75,369.59,307.05,273.81,274.55,0.0,1.04,-911.4,-757.18,-154.22
14:04:29,21/10/2024,97.2,96.2,96.4,96.9,95.5,32.8,32.6,35.3,34.9,-0.26,127,170,2024-10-21 14:04:29,63.1,0.93,58.5,DI water,60,60,90,90,13:39:41,96.44,33.9,0.66,1.4,0.75,369.59,307.05,273.81,274.55,0.0,1.04,-911.4,-757.18,-154.22
14:04:31,21/10/2024,97.2,96.2,96.4,96.9,95.5,32.8,32.6,35.3,34.9,-0.26,127,170,2024-10-21 14:04:31,63.1,0.93,58.6,DI water,60,60,90,90,13:39:41,96.44,33.9,0.66,1.4,0.75,369.59,307.05,273.81,274.55,0.0,1.04,-911.4,-757.18,-154.22
14:04:34,21/10/2024,97.2,96.2,96.4,96.9,95.5,32.8,32.6,35.3,34.9,-0.26,127,170,2024-10-21 14:04:34,63.1,0.93,58.6,DI water,60,60,90,90,13:39:41,96.44,33.9,0.66,1.4,0.75,369.59,307.05,273.81,274.55,0.0,1.04,-911.4,-757.18,-154.22
14:04:35,21/10/2024,97.3,96.3,96.5,97.0,95.7,32.8,32.6,35.3,34.9,-0.26,127,170,2024-10-21 14:04:35,63.1,0.93,58.5,DI water,60,60,90,90,13:39:41,96.56,33.9,0.62,1.4,0.75,369.71,307.05,273.77,274.55,0.0,1.04,-911.7,-757.18,-154.52
14:04:37,21/10/2024,97.3,96.3,96.5,97.0,95.7,32.9,32.6,35.2,35.0,-0.26,127,170,2024-10-21 14:04:37,63.1,0.93,58.6,DI water,60,60,90,90,13:39:41,96.56,33.92,0.62,1.36,0.75,369.71,307.08,273.77,274.51,0.0,1.04,-911.7,-757.24,-154.46
14:04:40,21/10/2024,97.3,96.3,96.5,97.0,95.7,32.9,32.6,35.2,35.0,-0.28,127,170,2024-10-21 14:04:40,63.1,0.93,58.6,DI water,60,60,90,90,13:39:41,96.56,33.92,0.62,1.36,0.73,369.71,307.08,273.77,274.51,0.0,1.04,-994.44,-825.97,-168.48
14:04:44,21/10/2024,97.3,96.4,96.5,86.0,88.2,32.9,32.6,35.2,35.0,-0.28,127,170,2024-10-21 14:04:44,63.1,0.93,58.5,DI water,60,60,90,90,13:39:41,92.88,33.92,5.34,1.36,0.73,366.03,307.08,278.49,274.51,0.0,0.98,-984.55,-825.97,-158.58
14:04:45,21/10/2024,97.3,96.4,96.5,86.0,88.2,32.9,32.7,35.7,38.5,-0.29,127,170,2024-10-21 14:04:45,63.1,0.93,58.5,DI water,60,60,90,90,13:39:41,92.88,34.95,5.34,2.73,0.72,366.03,308.1,278.49,275.88,0.0,0.97,-1026.35,-863.91,-162.44
14:04:46,21/10/2024,97.3,96.4,96.5,86.0,88.2,32.9,32.7,35.7,38.5,-0.29,127,170,2024-10-21 14:04:46,63.1,0.93,58.7,DI water,60,60,90,90,13:39:41,92.88,34.95,5.34,2.73,0.72,366.03,308.1,278.49,275.88,0.0,0.97,-1026.35,-863.91,-162.44
14:04:50,21/10/2024,97.3,96.4,96.5,86.0,88.2,32.9,32.7,35.7,38.5,-0.29,127,170,2024-10-21 14:04:50,63.1,0.93,58.6,DI water,60,60,90,90,13:39:41,92.88,34.95,5.34,2.73,0.72,366.03,308.1,278.49,275.88,0.0,0.97,-1026.35,-863.91,-162.44
14:04:53,21/10/2024,97.4,96.4,96.5,86.0,88.2,32.9,32.7,35.7,38.5,-0.29,127,170,2024-10-21 14:04:53,63.1,0.93,58.5,DI water,60,60,90,90,13:39:41,92.9,34.95,5.37,2.73,0.72,366.05,308.1,278.52,275.88,0.0,0.97,-1026.4,-863.91,-162.49
14:04:54,21/10/2024,97.4,96.4,96.4,95.7,94.6,32.9,32.7,35.7,38.5,-0.29,127,170,2024-10-21 14:04:54,63.1,0.93,58.6,DI water,60,60,90,90,13:39:41,96.1,34.95,1.03,2.73,0.72,369.25,308.1,274.18,275.88,0.0,1.02,-1035.38,-863.91,-171.46
14:04:55,21/10/2024,97.4,96.4,96.4,95.7,94.6,32.9,32.7,36.4,38.4,-0.3,127,170,2024-10-21 14:04:55,63.1,0.93,58.6,DI water,60,60,90,90,13:39:41,96.1,35.1,1.03,2.78,0.71,369.25,308.25,274.18,275.93,0.0,1.02,-1078.13,-900.03,-178.11
14:04:59,21/10/2024,97.4,96.4,96.4,95.7,94.6,32.9,32.7,36.4,38.4,-0.3,127,170,2024-10-21 14:04:59,63.1,0.93,58.5,DI water,60,60,90,90,13:39:41,96.1,35.1,1.03,2.78,0.71,369.25,308.25,274.18,275.93,0.0,1.02,-1078.13,-900.03,-178.11
14:05:03,21/10/2024,97.4,96.4,96.4,95.7,94.6,32.9,32.7,36.4,38.4,-0.3,127,170,2024-10-21 14:05:03,63.1,0.93,58.7,DI water,60,60,90,90,13:39:41,96.1,35.1,1.03,2.78,0.71,369.25,308.25,274.18,275.93,0.0,1.02,-1078.13,-900.03,-178.11
14:05:08,21/10/2024,97.5,96.4,96.4,96.6,95.2,32.9,32.7,36.4,37.2,-0.29,127,170,2024-10-21 14:05:08,63.1,0.93,58.5,DI water,60,60,90,90,13:39:41,96.42,34.8,0.82,2.33,0.72,369.57,307.95,273.97,275.48,0.0,1.03,-1036.27,-863.49,-172.78
14:05:12,21/10/2024,97.5,96.4,96.4,96.6,95.2,32.9,32.7,36.4,37.2,-0.29,127,170,2024-10-21 14:05:12,63.1,0.93,58.5,DI water,60,60,90,90,13:39:41,96.42,34.8,0.82,2.33,0.72,369.57,307.95,273.97,275.48,0.0,1.03,-1036.27,-863.49,-172.78
14:05:14,21/10/2024,97.5,96.5,96.5,96.8,95.4,32.9,32.7,36.4,37.2,-0.29,127,170,2024-10-21 14:05:14,63.1,0.93,58.5,DI water,60,60,90,90,13:39:41,96.54,34.8,0.76,2.33,0.72,369.69,307.95,273.91,275.48,0.0,1.03,-1036.61,-863.49,-173.12
14:05:14,21/10/2024,97.5,96.5,96.5,96.8,95.4,32.9,32.7,36.4,37.2,-0.29,127,170,2024-10-21 14:05:14,63.0,0.93,58.5,DI water,60,60,90,90,13:39:41,96.54,34.8,0.76,2.33,0.72,369.69,307.95,273.91,275.48,0.0,1.03,-1036.61,-863.49,-173.12
14:05:16,21/10/2024,97.5,96.5,96.5,96.8,95.4,32.9,32.7,36.1,36.7,-0.29,127,170,2024-10-21 14:05:16,63.0,0.93,58.5,DI water,60,60,90,90,13:39:41,96.54,34.6,0.76,2.09,0.72,369.69,307.75,273.91,275.24,0.0,1.03,-1036.61,-862.93,-173.68
14:05:19,21/10/2024,97.5,96.5,96.5,96.8,95.4,32.9,32.7,36.1,36.7,-0.29,127,170,2024-10-21 14:05:19,63.0,0.93,58.5,DI water,60,60,90,90,13:39:41,96.54,34.6,0.76,2.09,0.72,369.69,307.75,273.91,275.24,0.0,1.03,-1036.61,-862.93,-173.68
14:05:20,21/10/2024,97.6,96.5,96.5,96.9,95.5,32.9,32.7,36.1,36.7,-0.29,127,170,2024-10-21 14:05:20,63.1,0.93,58.5,DI water,60,60,90,90,13:39:41,96.6,34.6,0.76,2.09,0.72,369.75,307.75,273.91,275.24,0.0,1.03,-1036.78,-862.93,-173.85
14:05:22,21/10/2024,97.6,96.5,96.5,96.9,95.5,32.9,32.6,36.0,36.9,-0.29,127,170,2024-10-21 14:05:22,63.1,0.93,58.5,DI water,60,60,90,90,13:39:41,96.6,34.6,0.76,2.17,0.72,369.75,307.75,273.91,275.32,0.0,1.03,-1036.78,-862.93,-173.85
14:05:23,21/10/2024,97.6,96.5,96.5,96.9,95.5,32.9,32.6,36.0,36.9,-0.3,127,170,2024-10-21 14:05:23,63.1,0.93,58.5,DI water,60,60,90,90,13:39:41,96.6,34.6,0.76,2.17,0.71,369.75,307.75,273.91,275.32,0.0,1.03,-1079.59,-898.57,-181.03
14:05:24,21/10/2024,97.6,96.5,96.5,96.9,95.5,32.9,32.6,36.0,36.9,-0.3,127,170,2024-10-21 14:05:24,63.0,0.93,58.6,DI water,60,60,90,90,13:39:41,96.6,34.6,0.76,2.17,0.71,369.75,307.75,273.91,275.32,0.0,1.03,-1079.59,-898.57,-181.03
14:05:25,21/10/2024,97.6,96.5,96.5,96.9,95.5,32.9,32.6,36.0,36.9,-0.3,127,170,2024-10-21 14:05:25,63.1,0.93,58.6,DI water,60,60,90,90,13:39:41,96.6,34.6,0.76,2.17,0.71,369.75,307.75,273.91,275.32,0.0,1.03,-1079.59,-898.57,-181.03
14:05:27,21/10/2024,97.6,96.5,96.5,96.9,95.5,32.9,32.6,36.0,36.9,-0.3,127,170,2024-10-21 14:05:27,63.0,0.93,58.5,DI water,60,60,90,90,13:39:41,96.6,34.6,0.76,2.17,0.71,369.75,307.75,273.91,275.32,0.0,1.03,-1079.59,-898.57,-181.03
14:05:28,21/10/2024,97.6,96.6,96.6,97.0,95.6,32.9,32.6,36.0,36.9,-0.3,127,170,2024-10-21 14:05:28,63.1,0.93,58.5,DI water,60,60,90,90,13:39:41,96.68,34.6,0.73,2.17,0.71,369.83,307.75,273.88,275.32,0.0,1.03,-1079.83,-898.57,-181.26
14:05:29,21/10/2024,97.6,96.6,96.6,97.0,95.6,32.9,32.7,35.8,36.6,-0.3,127,170,2024-10-21 14:05:29,63.1,0.93,58.5,DI water,60,60,90,90,13:39:41,96.68,34.5,0.73,1.99,0.71,369.83,307.65,273.88,275.14,0.0,1.04,-1079.83,-898.27,-181.55
14:05:31,21/10/2024,97.6,96.6,96.6,97.0,95.6,32.9,32.7,35.8,36.6,-0.31,127,170,2024-10-21 14:05:31,63.1,0.93,58.6,DI water,60,60,90,90,13:39:41,96.68,34.5,0.73,1.99,0.7,369.83,307.65,273.88,275.14,0.0,1.04,-1123.26,-934.4,-188.85
14:05:35,21/10/2024,97.6,96.6,96.6,97.0,95.6,32.9,32.7,35.8,36.6,-0.31,127,170,2024-10-21 14:05:35,63.1,0.93,58.6,DI water,60,60,90,90,13:39:41,96.68,34.5,0.73,1.99,0.7,369.83,307.65,273.88,275.14,0.0,1.04,-1123.26,-934.4,-188.85
14:05:37,21/10/2024,97.6,96.6,94.9,88.4,91.1,32.9,32.7,35.8,36.6,-0.31,127,170,2024-10-21 14:05:37,63.1,0.93,58.5,DI water,60,60,90,90,13:39:41,93.72,34.5,3.87,1.99,0.7,366.87,307.65,277.02,275.14,0.0,0.99,-1114.27,-934.4,-179.86
14:05:38,21/10/2024,97.6,96.6,94.9,88.4,91.1,32.9,32.7,36.1,40.8,-0.25,127,170,2024-10-21 14:05:38,63.1,0.93,58.5,DI water,60,60,90,90,13:39:41,93.72,35.62,3.87,3.79,0.76,366.87,308.77,277.02,276.94,0.0,0.97,-864.46,-727.57,-136.89
14:05:40,21/10/2024,97.6,96.6,94.9,88.4,91.1,32.9,32.7,36.1,40.8,-0.25,127,170,2024-10-21 14:05:40,63.1,0.93,58.5,DI water,60,60,90,90,13:39:41,93.72,35.62,3.87,3.79,0.76,366.87,308.77,277.02,276.94,0.0,0.97,-864.46,-727.57,-136.89
14:05:41,21/10/2024,97.6,96.6,94.9,88.4,91.1,32.9,32.7,36.1,40.8,-0.25,127,170,2024-10-21 14:05:41,63.1,0.93,58.6,DI water,60,60,90,90,13:39:41,93.72,35.62,3.87,3.79,0.76,366.87,308.77,277.02,276.94,0.0,0.97,-864.46,-727.57,-136.89
14:05:43,21/10/2024,97.7,96.6,95.7,82.0,93.2,32.9,32.7,36.1,40.8,-0.25,127,170,2024-10-21 14:05:43,63.0,0.93,58.6,DI water,60,60,90,90,13:39:41,93.04,35.62,6.39,3.79,0.76,366.19,308.77,279.54,276.94,0.0,0.96,-862.85,-727.57,-135.29
14:05:45,21/10/2024,97.7,96.6,95.7,82.0,93.2,32.9,32.9,37.6,46.3,-0.21,126,170,2024-10-21 14:05:45,63.1,0.93,58.6,DI water,60,60,90,90,13:39:41,93.04,37.42,6.39,6.32,0.8,366.19,310.58,279.54,279.47,0.0,0.93,-707.29,-599.87,-107.42
14:05:47,21/10/2024,97.7,96.6,95.7,82.0,93.2,32.9,32.9,37.6,46.3,-0.21,126,170,2024-10-21 14:05:47,63.1,0.93,58.5,DI water,60,60,90,90,13:39:41,93.04,37.42,6.39,6.32,0.8,366.19,310.58,279.54,279.47,0.0,0.93,-707.29,-599.87,-107.42
14:05:50,21/10/2024,97.7,96.6,95.7,82.0,93.2,32.9,32.9,37.6,46.3,-0.21,126,170,2024-10-21 14:05:50,63.1,0.93,58.6,DI water,60,60,90,90,13:39:41,93.04,37.42,6.39,6.32,0.8,366.19,310.58,279.54,279.47,0.0,0.93,-707.29,-599.87,-107.42
14:05:51,21/10/2024,97.7,96.5,95.8,93.3,94.4,32.9,32.9,37.6,46.3,-0.21,126,170,2024-10-21 14:05:51,63.2,0.93,58.7,DI water,60,60,90,90,13:39:41,95.54,37.42,1.73,6.32,0.8,368.69,310.58,274.88,279.47,0.0,0.97,-712.12,-599.87,-112.25
14:05:53,21/10/2024,97.7,96.5,95.8,93.3,94.4,32.9,33.0,38.9,46.5,-0.22,127,170,2024-10-21 14:05:53,63.2,0.93,58.8,DI water,60,60,90,90,13:39:41,95.54,37.83,1.73,6.43,0.79,368.69,310.97,274.88,279.58,0.0,0.96,-750.53,-633.04,-117.49
14:05:54,21/10/2024,97.7,96.5,95.8,93.3,94.4,32.9,33.0,38.9,46.5,-0.22,127,170,2024-10-21 14:05:54,63.2,0.93,58.8,DI water,60,60,90,90,13:39:41,95.54,37.83,1.73,6.43,0.79,368.69,310.97,274.88,279.58,0.0,0.96,-750.53,-633.04,-117.49
14:05:55,21/10/2024,97.7,96.5,95.8,93.3,94.4,32.9,33.0,38.9,46.5,-0.22,127,170,2024-10-21 14:05:55,63.2,0.93,58.8,DI water,60,60,90,90,13:39:41,95.54,37.83,1.73,6.43,0.79,368.69,310.97,274.88,279.58,0.0,0.96,-750.53,-633.04,-117.49
14:05:59,21/10/2024,97.7,96.5,95.8,93.3,94.4,32.9,33.0,38.9,46.5,-0.22,127,170,2024-10-21 14:05:59,63.2,0.93,58.8,DI water,60,60,90,90,13:39:41,95.54,37.83,1.73,6.43,0.79,368.69,310.97,274.88,279.58,0.0,0.96,-750.53,-633.04,-117.49
14:06:00,21/10/2024,97.7,96.4,96.0,95.8,94.7,32.9,33.0,38.9,46.5,-0.22,127,170,2024-10-21 14:06:00,63.2,0.93,58.8,DI water,60,60,90,90,13:39:41,96.12,37.83,1.08,6.43,0.79,369.27,310.97,274.23,279.58,0.0,0.97,-751.71,-633.04,-118.67
14:06:01,21/10/2024,97.7,96.4,96.0,95.8,94.7,32.9,33.1,39.3,44.8,-0.22,127,170,2024-10-21 14:06:01,63.2,0.93,58.8,DI water,60,60,90,90,13:39:41,96.12,37.52,1.08,5.69,0.79,369.27,310.67,274.23,278.84,0.0,0.98,-751.71,-632.43,-119.28
14:06:02,21/10/2024,97.7,96.4,96.0,95.8,94.7,32.9,33.1,39.3,44.8,-0.2,127,170,2024-10-21 14:06:02,63.2,0.93,58.8,DI water,60,60,90,90,13:39:41,96.12,37.52,1.08,5.69,0.81,369.27,310.67,274.23,278.84,0.0,0.98,-675.24,-568.1,-107.15
14:06:04,21/10/2024,97.7,96.4,96.0,95.8,94.7,32.9,33.1,39.3,44.8,-0.2,127,170,2024-10-21 14:06:04,63.2,0.93,58.8,DI water,60,60,90,90,13:39:41,96.12,37.52,1.08,5.69,0.81,369.27,310.67,274.23,278.84,0.0,0.98,-675.24,-568.1,-107.15
14:06:05,21/10/2024,97.7,96.4,96.0,95.8,94.7,32.9,33.1,39.3,44.8,-0.2,127,170,2024-10-21 14:06:05,63.2,0.93,58.8,DI water,60,60,90,90,13:39:41,96.12,37.52,1.08,5.69,0.81,369.27,310.67,274.23,278.84,0.0,0.98,-675.24,-568.1,-107.15
14:06:07,21/10/2024,97.7,96.4,96.1,96.1,94.8,32.9,33.1,39.3,44.8,-0.2,127,170,2024-10-21 14:06:07,63.2,0.93,58.8,DI water,60,60,90,90,13:39:41,96.22,37.52,1.03,5.69,0.81,369.37,310.67,274.18,278.84,0.0,0.98,-675.42,-568.1,-107.33
14:06:09,21/10/2024,97.7,96.4,96.1,96.1,94.8,32.9,33.1,39.1,43.5,-0.21,127,170,2024-10-21 14:06:09,63.2,0.93,58.8,DI water,60,60,90,90,13:39:41,96.22,37.15,1.03,5.12,0.8,369.37,310.3,274.18,278.27,0.0,0.98,-713.43,-599.34,-114.09
14:06:13,21/10/2024,97.8,96.6,96.2,96.3,94.9,32.9,33.1,39.1,43.5,-0.21,127,170,2024-10-21 14:06:13,63.2,0.93,58.7,DI water,60,60,90,90,13:39:41,96.36,37.15,1.04,5.12,0.8,369.51,310.3,274.19,278.27,0.0,0.99,-713.7,-599.34,-114.36
14:06:15,21/10/2024,97.8,96.6,96.2,96.3,94.9,32.9,33.1,38.9,42.7,-0.21,127,170,2024-10-21 14:06:15,63.2,0.93,58.7,DI water,60,60,90,90,13:39:41,96.36,36.9,1.04,4.76,0.8,369.51,310.05,274.19,277.91,0.0,0.99,-713.7,-598.86,-114.85
14:06:17,21/10/2024,97.8,96.6,96.2,96.3,94.9,32.9,33.1,38.9,42.7,-0.21,127,170,2024-10-21 14:06:17,63.2,0.93,58.8,DI water,60,60,90,90,13:39:41,96.36,36.9,1.04,4.76,0.8,369.51,310.05,274.19,277.91,0.0,0.99,-713.7,-598.86,-114.85
14:06:20,21/10/2024,97.8,96.6,96.3,96.5,95.1,32.9,33.1,38.9,42.7,-0.21,127,170,2024-10-21 14:06:20,63.2,0.93,58.8,DI water,60,60,90,90,13:39:41,96.46,36.9,0.96,4.76,0.8,369.61,310.05,274.11,277.91,0.0,0.99,-713.89,-598.86,-115.04
14:06:21,21/10/2024,97.8,96.6,96.3,96.5,95.1,32.9,33.2,38.5,41.5,-0.21,127,170,2024-10-21 14:06:21,63.2,0.93,58.8,DI water,60,60,90,90,13:39:41,96.46,36.52,0.96,4.2,0.8,369.61,309.67,274.11,277.35,0.0,1.0,-713.89,-598.13,-115.76
14:06:23,21/10/2024,97.8,96.6,96.3,96.5,95.1,32.9,33.2,38.5,41.5,-0.21,127,170,2024-10-21 14:06:23,63.2,0.93,58.8,DI water,60,60,90,90,13:39:41,96.46,36.52,0.96,4.2,0.8,369.61,309.67,274.11,277.35,0.0,1.0,-713.89,-598.13,-115.76
14:06:27,21/10/2024,97.8,96.6,96.3,96.5,95.1,32.9,33.2,38.5,41.5,-0.21,127,170,2024-10-21 14:06:27,63.2,0.93,58.8,DI water,60,60,90,90,13:39:41,96.46,36.52,0.96,4.2,0.8,369.61,309.67,274.11,277.35,0.0,1.0,-713.89,-598.13,-115.76
14:06:29,21/10/2024,97.8,96.6,96.3,96.5,95.1,32.9,33.2,38.5,41.5,-0.21,127,170,2024-10-21 14:06:29,63.2,0.93,58.8,DI water,60,60,90,90,13:39:41,96.46,36.52,0.96,4.2,0.8,369.61,309.67,274.11,277.35,0.0,1.0,-713.89,-598.13,-115.76
14:06:31,21/10/2024,97.8,96.6,96.3,91.3,88.8,32.9,33.2,38.5,41.5,-0.21,127,170,2024-10-21 14:06:31,63.1,0.93,58.8,DI water,60,60,90,90,13:39:41,94.16,36.52,3.9,4.2,0.8,367.31,309.67,277.05,277.35,0.0,0.96,-709.45,-598.13,-111.32
14:06:33,21/10/2024,97.8,96.6,96.3,91.3,88.8,32.9,33.1,37.9,43.8,-0.25,127,170,2024-10-21 14:06:33,63.2,0.93,58.7,DI water,60,60,90,90,13:39:41,94.16,36.92,3.9,5.13,0.76,367.31,310.08,277.05,278.28,0.0,0.95,-865.49,-730.63,-134.86
14:06:39,21/10/2024,97.8,96.6,96.3,95.7,94.2,32.9,33.1,38.1,43.1,-0.25,127,170,2024-10-21 14:06:39,63.2,0.93,58.7,DI water,60,60,90,90,13:39:41,96.12,36.8,1.32,4.84,0.76,369.27,309.95,274.47,277.99,0.0,0.99,-870.11,-730.34,-139.78
14:06:40,21/10/2024,97.8,96.6,96.3,95.7,94.2,32.9,33.1,38.1,43.1,-0.25,127,170,2024-10-21 14:06:40,63.2,0.93,58.7,DI water,60,60,90,90,13:39:41,96.12,36.8,1.32,4.84,0.76,369.27,309.95,274.47,277.99,0.0,0.99,-870.11,-730.34,-139.78
14:06:42,21/10/2024,97.8,96.7,96.3,95.7,94.2,32.9,33.1,38.1,43.1,-0.25,127,170,2024-10-21 14:06:42,63.2,0.93,58.7,DI water,60,60,90,90,13:39:41,96.14,36.8,1.33,4.84,0.76,369.29,309.95,274.48,277.99,0.0,0.99,-870.16,-730.34,-139.82
14:06:44,21/10/2024,97.8,96.7,96.3,96.3,95.0,32.9,33.1,38.1,43.1,-0.25,127,170,2024-10-21 14:06:44,63.2,0.93,58.8,DI water,60,60,90,90,13:39:41,96.42,36.8,1.0,4.84,0.76,369.57,309.95,274.15,277.99,0.0,0.99,-870.82,-730.34,-140.48
14:06:45,21/10/2024,97.8,96.7,96.3,96.3,95.0,32.9,33.1,38.1,42.2,-0.26,127,170,2024-10-21 14:06:45,63.2,0.93,58.7,DI water,60,60,90,90,13:39:41,96.42,36.58,1.0,4.46,0.75,369.57,309.72,274.15,277.61,0.0,1.0,-911.35,-763.78,-147.58
14:06:47,21/10/2024,97.8,96.7,96.3,96.3,95.0,32.9,33.1,38.1,42.2,-0.26,127,170,2024-10-21 14:06:47,63.2,0.93,58.7,DI water,60,60,90,90,13:39:41,96.42,36.58,1.0,4.46,0.75,369.57,309.72,274.15,277.61,0.0,1.0,-911.35,-763.78,-147.58
14:06:50,21/10/2024,97.8,96.7,96.4,96.6,95.2,32.9,33.1,38.1,42.2,-0.26,127,170,2024-10-21 14:06:50,63.1,0.93,58.7,DI water,60,60,90,90,13:39:41,96.54,36.58,0.93,4.46,0.75,369.69,309.72,274.08,277.61,0.0,1.0,-911.65,-763.78,-147.87
14:06:50,21/10/2024,97.8,96.7,96.4,96.6,95.2,32.9,33.1,38.1,42.2,-0.26,127,170,2024-10-21 14:06:50,63.2,0.93,58.7,DI water,60,60,90,90,13:39:41,96.54,36.58,0.93,4.46,0.75,369.69,309.72,274.08,277.61,0.0,1.0,-911.65,-763.78,-147.87
14:06:51,21/10/2024,97.8,96.7,96.4,96.6,95.2,32.9,33.1,37.9,41.4,-0.25,127,170,2024-10-21 14:06:51,63.2,0.93,58.7,DI water,60,60,90,90,13:39:41,96.54,36.33,0.93,4.1,0.76,369.69,309.47,274.08,277.25,0.0,1.0,-871.1,-729.22,-141.88
14:06:53,21/10/2024,97.8,96.7,96.4,96.6,95.2,32.9,33.1,37.9,41.4,-0.25,127,170,2024-10-21 14:06:53,63.2,0.93,58.7,DI water,60,60,90,90,13:39:41,96.54,36.33,0.93,4.1,0.76,369.69,309.47,274.08,277.25,0.0,1.0,-871.1,-729.22,-141.88
14:06:55,21/10/2024,97.8,96.7,96.4,96.6,95.2,32.9,33.1,37.9,41.4,-0.25,127,170,2024-10-21 14:06:55,63.2,0.93,58.7,DI water,60,60,90,90,13:39:41,96.54,36.33,0.93,4.1,0.76,369.69,309.47,274.08,277.25,0.0,1.0,-871.1,-729.22,-141.88
14:06:58,21/10/2024,97.8,96.7,96.5,96.7,95.3,32.9,33.1,37.9,40.9,-0.23,127,170,2024-10-21 14:06:58,63.2,0.93,58.8,DI water,60,60,90,90,13:39:41,96.6,36.2,0.89,3.89,0.78,369.75,309.35,274.04,277.04,0.0,1.01,-791.7,-662.37,-129.33
14:06:59,21/10/2024,97.8,96.7,96.5,96.7,95.3,32.9,33.1,37.9,40.9,-0.23,127,170,2024-10-21 14:06:59,63.2,0.93,58.8,DI water,60,60,90,90,13:39:41,96.6,36.2,0.89,3.89,0.78,369.75,309.35,274.04,277.04,0.0,1.01,-791.7,-662.37,-129.33
14:07:04,21/10/2024,97.8,96.7,96.5,96.7,95.3,32.9,33.1,37.9,40.9,-0.23,127,170,2024-10-21 14:07:04,63.2,0.93,58.7,DI water,60,60,90,90,13:39:41,96.6,36.2,0.89,3.89,0.78,369.75,309.35,274.04,277.04,0.0,1.01,-791.7,-662.37,-129.33
14:07:07,21/10/2024,97.9,96.8,96.5,96.9,95.5,32.9,33.1,37.6,40.2,-0.26,127,170,2024-10-21 14:07:07,63.2,0.93,58.7,DI water,60,60,90,90,13:39:41,96.72,35.95,0.86,3.57,0.75,369.87,309.1,274.01,276.72,0.0,1.01,-912.09,-762.24,-149.86
14:07:09,21/10/2024,97.9,96.8,96.5,96.9,95.5,32.9,33.1,37.6,40.2,-0.26,127,170,2024-10-21 14:07:09,63.2,0.93,58.8,DI water,60,60,90,90,13:39:41,96.72,35.95,0.86,3.57,0.75,369.87,309.1,274.01,276.72,0.0,1.01,-912.09,-762.24,-149.86
14:07:13,21/10/2024,97.9,96.8,96.6,97.0,95.6,32.8,33.1,37.6,40.2,-0.26,127,170,2024-10-21 14:07:13,63.2,0.93,58.8,DI water,60,60,90,90,13:39:41,96.78,35.92,0.83,3.6,0.75,369.93,309.08,273.98,276.75,0.0,1.01,-912.24,-762.17,-150.07
14:07:15,21/10/2024,97.9,96.8,96.6,97.0,95.6,32.8,33.1,37.4,39.5,-0.24,128,170,2024-10-21 14:07:15,63.2,0.93,58.8,DI water,60,60,90,90,13:39:41,96.78,35.7,0.83,3.29,0.77,369.93,308.85,273.98,276.44,0.0,1.02,-831.62,-694.31,-137.31
14:07:17,21/10/2024,97.9,96.8,96.6,97.0,95.6,32.8,33.1,37.4,39.5,-0.24,128,170,2024-10-21 14:07:17,63.2,0.93,58.8,DI water,60,60,90,90,13:39:41,96.78,35.7,0.83,3.29,0.77,369.93,308.85,273.98,276.44,0.0,1.02,-831.62,-694.31,-137.31
14:07:18,21/10/2024,97.9,96.8,96.6,97.0,95.6,32.8,33.1,37.4,39.5,-0.24,128,170,2024-10-21 14:07:18,63.2,0.93,58.8,DI water,60,60,90,90,13:39:41,96.78,35.7,0.83,3.29,0.77,369.93,308.85,273.98,276.44,0.0,1.02,-831.62,-694.31,-137.31
14:07:20,21/10/2024,97.9,96.8,96.7,97.1,95.7,32.8,33.1,37.3,39.4,-0.22,128,170,2024-10-21 14:07:20,63.2,0.93,58.8,DI water,60,60,90,90,13:39:41,96.84,35.65,0.79,3.24,0.79,369.99,308.8,273.94,276.39,0.0,1.02,-753.18,-628.61,-124.56
14:07:21,21/10/2024,97.9,96.8,96.7,97.1,95.7,32.8,33.1,37.3,39.4,-0.22,128,170,2024-10-21 14:07:21,63.2,0.93,58.8,DI water,60,60,90,90,13:39:41,96.84,35.65,0.79,3.24,0.79,369.99,308.8,273.94,276.39,0.0,1.02,-753.18,-628.61,-124.56
14:07:22,21/10/2024,97.9,96.8,96.7,97.1,95.7,32.8,33.1,37.3,39.4,-0.22,128,170,2024-10-21 14:07:22,63.2,0.93,58.8,DI water,60,60,90,90,13:39:41,96.84,35.65,0.79,3.24,0.79,369.99,308.8,273.94,276.39,0.0,1.02,-753.18,-628.61,-124.56
14:07:24,21/10/2024,97.9,96.8,96.7,97.1,95.7,32.8,33.1,37.3,39.4,-0.22,128,170,2024-10-21 14:07:24,63.2,0.93,58.8,DI water,60,60,90,90,13:39:41,96.84,35.65,0.79,3.24,0.79,369.99,308.8,273.94,276.39,0.0,1.02,-753.18,-628.61,-124.56
14:07:26,21/10/2024,97.9,96.8,96.7,97.1,95.7,32.8,33.1,37.3,39.4,-0.22,128,170,2024-10-21 14:07:26,63.2,0.93,58.7,DI water,60,60,90,90,13:39:41,96.84,35.65,0.79,3.24,0.79,369.99,308.8,273.94,276.39,0.0,1.02,-753.18,-628.61,-124.56
14:07:28,21/10/2024,98.0,96.9,96.8,97.2,95.9,32.9,33.1,37.1,39.3,-0.24,128,170,2024-10-21 14:07:28,63.1,0.93,58.7,DI water,60,60,90,90,13:39:41,96.96,35.6,0.76,3.13,0.77,370.11,308.75,273.91,276.28,0.0,1.02,-832.02,-694.08,-137.94
14:07:29,21/10/2024,98.0,96.9,96.8,97.2,95.9,32.9,33.1,37.1,39.3,-0.24,128,170,2024-10-21 14:07:29,63.2,0.93,58.8,DI water,60,60,90,90,13:39:41,96.96,35.6,0.76,3.13,0.77,370.11,308.75,273.91,276.28,0.0,1.02,-832.02,-694.08,-137.94
14:07:31,21/10/2024,98.0,96.9,96.8,97.2,95.9,32.9,33.1,37.1,39.3,-0.24,128,170,2024-10-21 14:07:31,63.2,0.93,58.7,DI water,60,60,90,90,13:39:41,96.96,35.6,0.76,3.13,0.77,370.11,308.75,273.91,276.28,0.0,1.02,-832.02,-694.08,-137.94
14:07:33,21/10/2024,98.0,96.9,96.8,97.3,95.9,32.9,33.1,37.0,38.8,-0.25,128,170,2024-10-21 14:07:33,63.2,0.93,58.7,DI water,60,60,90,90,13:39:41,96.98,35.45,0.77,2.92,0.76,370.13,308.6,273.92,276.07,0.0,1.03,-872.14,-727.15,-144.98
14:07:35,21/10/2024,98.0,96.9,96.8,97.3,95.9,32.9,33.1,37.0,38.8,-0.25,128,170,2024-10-21 14:07:35,63.2,0.93,58.8,DI water,60,60,90,90,13:39:41,96.98,35.45,0.77,2.92,0.76,370.13,308.6,273.92,276.07,0.0,1.03,-872.14,-727.15,-144.98
14:07:35,21/10/2024,98.0,96.9,96.8,97.3,95.9,32.9,33.1,37.0,38.8,-0.25,128,170,2024-10-21 14:07:35,63.2,0.93,58.7,DI water,60,60,90,90,13:39:41,96.98,35.45,0.77,2.92,0.76,370.13,308.6,273.92,276.07,0.0,1.03,-872.14,-727.15,-144.98
14:07:37,21/10/2024,98.0,97.0,96.9,97.4,96.0,32.9,33.1,37.0,38.8,-0.25,128,170,2024-10-21 14:07:37,63.2,0.93,58.8,DI water,60,60,90,90,13:39:41,97.06,35.45,0.73,2.92,0.76,370.21,308.6,273.88,276.07,0.0,1.03,-872.33,-727.15,-145.17
14:07:39,21/10/2024,98.0,97.0,96.9,97.4,96.0,32.9,33.1,36.9,38.5,-0.27,128,170,2024-10-21 14:07:39,63.2,0.93,58.8,DI water,60,60,90,90,13:39:41,97.06,35.35,0.73,2.79,0.74,370.21,308.5,273.88,275.94,0.0,1.03,-954.08,-795.05,-159.04
14:07:40,21/10/2024,98.0,97.0,96.9,97.4,96.0,32.9,33.1,36.9,38.5,-0.27,128,170,2024-10-21 14:07:40,63.2,0.93,58.8,DI water,60,60,90,90,13:39:41,97.06,35.35,0.73,2.79,0.74,370.21,308.5,273.88,275.94,0.0,1.03,-954.08,-795.05,-159.04
14:07:41,21/10/2024,98.0,97.0,96.9,97.4,96.0,32.9,33.1,36.9,38.5,-0.27,128,170,2024-10-21 14:07:41,63.2,0.93,58.8,DI water,60,60,90,90,13:39:41,97.06,35.35,0.73,2.79,0.74,370.21,308.5,273.88,275.94,0.0,1.03,-954.08,-795.05,-159.04
14:07:42,21/10/2024,98.0,97.0,96.9,97.4,96.0,32.9,33.1,36.9,38.5,-0.27,128,170,2024-10-21 14:07:42,63.2,0.93,58.9,DI water,60,60,90,90,13:39:41,97.06,35.35,0.73,2.79,0.74,370.21,308.5,273.88,275.94,0.0,1.03,-954.08,-795.05,-159.04
14:07:44,21/10/2024,98.1,97.0,96.9,97.4,96.0,32.9,33.1,36.9,38.5,-0.27,128,170,2024-10-21 14:07:44,63.2,0.93,58.9,DI water,60,60,90,90,13:39:41,97.08,35.35,0.77,2.79,0.74,370.23,308.5,273.92,275.94,0.0,1.03,-954.13,-795.05,-159.09
14:07:46,21/10/2024,98.1,97.0,97.0,97.4,96.1,32.9,33.1,36.9,38.5,-0.27,128,170,2024-10-21 14:07:46,63.2,0.93,58.9,DI water,60,60,90,90,13:39:41,97.12,35.35,0.73,2.79,0.74,370.27,308.5,273.88,275.94,0.0,1.03,-954.24,-795.05,-159.19
14:07:47,21/10/2024,98.1,97.0,97.0,97.4,96.1,32.9,33.1,36.8,38.6,-0.22,128,170,2024-10-21 14:07:47,63.2,0.93,58.9,DI water,60,60,90,90,13:39:41,97.12,35.35,0.73,2.81,0.79,370.27,308.5,273.88,275.96,0.0,1.03,-753.75,-628.0,-125.74
14:07:48,21/10/2024,98.1,97.0,97.0,97.4,96.1,32.9,33.1,36.8,38.6,-0.22,128,170,2024-10-21 14:07:48,63.2,0.93,58.9,DI water,60,60,90,90,13:39:41,97.12,35.35,0.73,2.81,0.79,370.27,308.5,273.88,275.96,0.0,1.03,-753.75,-628.0,-125.74
14:07:52,21/10/2024,98.1,97.0,97.0,97.4,96.1,32.9,33.1,36.8,38.6,-0.22,128,170,2024-10-21 14:07:52,63.3,0.93,58.9,DI water,60,60,90,90,13:39:41,97.12,35.35,0.73,2.81,0.79,370.27,308.5,273.88,275.96,0.0,1.03,-753.75,-628.0,-125.74
14:07:53,21/10/2024,98.1,97.1,97.0,97.0,96.3,32.9,33.1,36.8,38.6,-0.22,128,170,2024-10-21 14:07:53,63.3,0.93,58.9,DI water,60,60,90,90,13:39:41,97.1,35.35,0.64,2.81,0.79,370.25,308.5,273.79,275.96,0.0,1.03,-753.71,-628.0,-125.7
14:07:54,21/10/2024,98.1,97.1,97.0,97.0,96.3,32.9,33.1,36.8,38.7,-0.24,128,170,2024-10-21 14:07:54,63.2,0.93,58.9,DI water,60,60,90,90,13:39:41,97.1,35.38,0.64,2.85,0.77,370.25,308.52,273.79,276.0,0.0,1.03,-832.34,-693.58,-138.76
14:07:56,21/10/2024,98.1,97.1,97.0,97.0,96.3,32.9,33.1,36.8,38.7,-0.24,128,170,2024-10-21 14:07:56,63.1,0.93,58.7,DI water,60,60,90,90,13:39:41,97.1,35.38,0.64,2.85,0.77,370.25,308.52,273.79,276.0,0.0,1.03,-832.34,-693.58,-138.76
14:07:58,21/10/2024,98.1,97.1,97.1,97.4,96.2,32.9,33.1,36.8,38.6,-0.25,128,170,2024-10-21 14:07:58,63.2,0.93,58.7,DI water,60,60,90,90,13:39:41,97.18,35.35,0.68,2.81,0.76,370.33,308.5,273.83,275.96,0.0,1.03,-872.61,-726.92,-145.69
14:07:59,21/10/2024,98.1,97.1,97.1,97.4,96.2,32.9,33.1,36.8,38.6,-0.25,128,170,2024-10-21 14:07:59,63.1,0.93,58.7,DI water,60,60,90,90,13:39:41,97.18,35.35,0.68,2.81,0.76,370.33,308.5,273.83,275.96,0.0,1.03,-872.61,-726.92,-145.69
14:08:03,21/10/2024,98.1,97.1,97.1,97.4,96.2,32.9,33.1,36.8,38.6,-0.25,128,170,2024-10-21 14:08:03,63.2,0.93,58.7,DI water,60,60,90,90,13:39:41,97.18,35.35,0.68,2.81,0.76,370.33,308.5,273.83,275.96,0.0,1.03,-872.61,-726.92,-145.69
14:08:04,21/10/2024,98.1,97.1,97.1,97.4,96.2,32.9,33.1,36.8,38.6,-0.25,128,170,2024-10-21 14:08:04,63.1,0.93,58.6,DI water,60,60,90,90,13:39:41,97.18,35.35,0.68,2.81,0.76,370.33,308.5,273.83,275.96,0.0,1.03,-872.61,-726.92,-145.69
14:08:05,21/10/2024,98.2,97.2,97.1,97.6,96.4,32.9,33.1,36.8,38.6,-0.25,128,170,2024-10-21 14:08:05,63.1,0.93,58.7,DI water,60,60,90,90,13:39:41,97.3,35.35,0.66,2.81,0.76,370.45,308.5,273.81,275.96,0.0,1.03,-872.89,-726.92,-145.97
14:08:08,21/10/2024,98.2,97.2,97.1,97.6,96.4,33.0,33.1,36.7,38.0,-0.25,128,170,2024-10-21 14:08:08,63.1,0.93,58.7,DI water,60,60,90,90,13:39:41,97.3,35.2,0.66,2.54,0.76,370.45,308.35,273.81,275.69,0.0,1.04,-872.89,-726.56,-146.33
14:08:09,21/10/2024,98.2,97.2,97.1,97.6,96.4,33.0,33.1,36.7,38.0,-0.25,128,170,2024-10-21 14:08:09,63.1,0.93,58.7,DI water,60,60,90,90,13:39:41,97.3,35.2,0.66,2.54,0.76,370.45,308.35,273.81,275.69,0.0,1.04,-872.89,-726.56,-146.33
14:08:11,21/10/2024,98.2,97.2,97.3,97.2,96.4,33.0,33.1,36.7,38.0,-0.25,128,170,2024-10-21 14:08:11,63.1,0.93,58.7,DI water,60,60,90,90,13:39:41,97.26,35.2,0.64,2.54,0.76,370.41,308.35,273.79,275.69,0.0,1.03,-872.8,-726.56,-146.23
14:08:12,21/10/2024,98.2,97.2,97.3,97.2,96.5,33.0,33.1,36.5,38.0,-0.25,128,170,2024-10-21 14:08:12,63.1,0.93,58.7,DI water,60,60,90,90,13:39:41,97.28,35.15,0.61,2.5,0.76,370.43,308.3,273.76,275.65,0.0,1.04,-872.84,-726.45,-146.4
14:08:13,21/10/2024,98.2,97.2,97.3,97.2,96.5,33.0,33.1,36.5,38.6,-0.26,128,170,2024-10-21 14:08:13,63.1,0.93,58.7,DI water,60,60,90,90,13:39:41,97.28,35.3,0.61,2.74,0.75,370.43,308.45,273.76,275.89,0.0,1.03,-913.47,-760.63,-152.84
14:08:15,21/10/2024,98.2,97.2,97.3,97.2,96.5,33.0,33.1,36.5,38.6,-0.26,128,170,2024-10-21 14:08:15,63.1,0.93,58.7,DI water,60,60,90,90,13:39:41,97.28,35.3,0.61,2.74,0.75,370.43,308.45,273.76,275.89,0.0,1.03,-913.47,-760.63,-152.84
14:08:16,21/10/2024,98.2,97.2,97.3,97.2,96.5,33.0,33.1,36.5,38.6,-0.26,128,170,2024-10-21 14:08:16,63.1,0.93,58.7,DI water,60,60,90,90,13:39:41,97.28,35.3,0.61,2.74,0.75,370.43,308.45,273.76,275.89,0.0,1.03,-913.47,-760.63,-152.84
14:08:19,21/10/2024,98.3,97.2,97.3,97.2,96.5,33.0,33.1,36.5,38.6,-0.26,128,170,2024-10-21 14:08:19,63.1,0.93,58.7,DI water,60,60,90,90,13:39:41,97.3,35.3,0.64,2.74,0.75,370.45,308.45,273.79,275.89,0.0,1.03,-913.52,-760.63,-152.89
14:08:21,21/10/2024,98.3,97.3,97.3,97.8,96.4,32.9,33.1,36.5,38.6,-0.26,128,170,2024-10-21 14:08:21,63.2,0.93,58.7,DI water,60,60,90,90,13:39:41,97.42,35.28,0.7,2.76,0.75,370.57,308.42,273.85,275.91,0.0,1.04,-913.82,-760.57,-153.25
14:08:21,21/10/2024,98.3,97.3,97.3,97.8,96.4,32.9,33.1,36.5,38.6,-0.26,128,170,2024-10-21 14:08:21,63.1,0.93,58.6,DI water,60,60,90,90,13:39:41,97.42,35.28,0.7,2.76,0.75,370.57,308.42,273.85,275.91,0.0,1.04,-913.82,-760.57,-153.25
14:08:22,21/10/2024,98.3,97.3,97.3,97.8,96.4,32.9,33.1,36.5,38.8,-0.25,129,170,2024-10-21 14:08:22,63.1,0.93,58.7,DI water,60,60,90,90,13:39:41,97.42,35.33,0.7,2.85,0.76,370.57,308.47,273.85,276.0,0.0,1.03,-873.17,-726.86,-146.31
14:08:24,21/10/2024,98.3,97.3,97.3,97.8,96.4,32.9,33.1,36.5,38.8,-0.25,129,170,2024-10-21 14:08:24,63.1,0.93,58.7,DI water,60,60,90,90,13:39:41,97.42,35.33,0.7,2.85,0.76,370.57,308.47,273.85,276.0,0.0,1.03,-873.17,-726.86,-146.31
14:08:26,21/10/2024,98.3,97.3,97.4,97.9,96.6,33.1,33.1,36.5,38.8,-0.25,129,170,2024-10-21 14:08:26,63.2,0.93,58.7,DI water,60,60,90,90,13:39:41,97.5,35.38,0.64,2.79,0.76,370.65,308.52,273.79,275.94,0.0,1.04,-873.36,-726.98,-146.39
14:08:27,21/10/2024,98.3,97.3,97.4,97.9,96.6,33.1,33.1,36.5,38.8,-0.27,129,170,2024-10-21 14:08:27,63.1,0.93,58.7,DI water,60,60,90,90,13:39:41,97.5,35.38,0.64,2.79,0.74,370.65,308.52,273.79,275.94,0.0,1.04,-955.22,-795.11,-160.1
14:08:31,21/10/2024,98.4,97.3,97.4,97.9,96.7,33.1,33.1,36.5,38.8,-0.27,129,170,2024-10-21 14:08:31,63.1,0.93,58.7,DI water,60,60,90,90,13:39:41,97.54,35.38,0.64,2.79,0.74,370.69,308.52,273.79,275.94,0.0,1.04,-955.32,-795.11,-160.21
14:08:32,21/10/2024,98.4,97.3,97.4,97.9,96.7,33.0,33.1,36.5,38.0,-0.27,129,170,2024-10-21 14:08:32,63.1,0.93,58.7,DI water,60,60,90,90,13:39:41,97.54,35.15,0.64,2.5,0.74,370.69,308.3,273.79,275.65,0.0,1.04,-955.32,-794.53,-160.79
14:08:36,21/10/2024,98.4,97.3,97.4,97.9,96.7,33.0,33.1,36.5,38.0,-0.27,129,170,2024-10-21 14:08:36,63.2,0.93,58.7,DI water,60,60,90,90,13:39:41,97.54,35.15,0.64,2.5,0.74,370.69,308.3,273.79,275.65,0.0,1.04,-955.32,-794.53,-160.79
14:08:39,21/10/2024,98.4,97.4,97.5,98.0,96.8,33.0,33.1,36.3,37.9,-0.28,129,170,2024-10-21 14:08:39,63.1,0.93,58.7,DI water,60,60,90,90,13:39:41,97.62,35.07,0.61,2.43,0.73,370.77,308.22,273.76,275.58,0.0,1.04,-997.29,-829.06,-168.23
14:08:41,21/10/2024,98.4,97.4,97.5,98.0,96.8,33.0,33.1,36.3,37.9,-0.28,129,170,2024-10-21 14:08:41,63.1,0.93,58.7,DI water,60,60,90,90,13:39:41,97.62,35.07,0.61,2.43,0.73,370.77,308.22,273.76,275.58,0.0,1.04,-997.29,-829.06,-168.23
14:08:43,21/10/2024,98.4,97.5,97.6,98.0,96.8,33.0,33.1,36.3,37.9,-0.28,129,170,2024-10-21 14:08:43,63.2,0.93,58.7,DI water,60,60,90,90,13:39:41,97.66,35.07,0.6,2.43,0.73,370.81,308.22,273.75,275.58,0.0,1.04,-997.4,-829.06,-168.34
14:08:44,21/10/2024,98.4,97.5,97.6,98.1,96.8,33.0,33.1,36.3,37.9,-0.28,129,170,2024-10-21 14:08:44,63.1,0.93,58.7,DI water,60,60,90,90,13:39:41,97.68,35.07,0.61,2.43,0.73,370.83,308.22,273.76,275.58,0.0,1.04,-997.46,-829.06,-168.39
14:08:47,21/10/2024,98.4,97.5,97.6,98.1,96.8,33.0,33.1,36.3,37.6,-0.27,129,170,2024-10-21 14:08:47,63.1,0.93,58.6,DI water,60,60,90,90,13:39:41,97.68,35.0,0.61,2.31,0.74,370.83,308.15,273.76,275.46,0.0,1.04,-955.68,-794.14,-161.53
14:08:50,21/10/2024,98.5,97.5,97.6,98.1,96.9,33.0,33.1,36.2,37.4,-0.27,129,170,2024-10-21 14:08:50,63.1,0.93,58.6,DI water,60,60,90,90,13:39:41,97.72,34.92,0.61,2.22,0.74,370.87,308.08,273.76,275.37,0.0,1.05,-955.78,-793.95,-161.83
14:08:51,21/10/2024,98.5,97.5,97.6,98.1,96.9,33.0,33.1,36.2,37.4,-0.27,129,170,2024-10-21 14:08:51,63.1,0.93,58.6,DI water,60,60,90,90,13:39:41,97.72,34.92,0.61,2.22,0.74,370.87,308.08,273.76,275.37,0.0,1.05,-955.78,-793.95,-161.83
14:08:51,21/10/2024,98.5,97.5,97.6,98.1,96.9,33.0,33.1,36.2,37.4,-0.27,129,170,2024-10-21 14:08:51,63.1,0.93,58.5,DI water,60,60,90,90,13:39:41,97.72,34.92,0.61,2.22,0.74,370.87,308.08,273.76,275.37,0.0,1.05,-955.78,-793.95,-161.83
14:08:54,21/10/2024,98.5,97.5,97.6,98.2,96.9,33.0,33.1,36.2,37.4,-0.27,129,170,2024-10-21 14:08:54,63.1,0.93,58.5,DI water,60,60,90,90,13:39:41,97.74,34.92,0.63,2.22,0.74,370.89,308.08,273.78,275.37,0.0,1.05,-955.83,-793.95,-161.88
14:08:56,21/10/2024,98.5,97.5,97.6,98.2,96.9,33.0,33.1,36.2,37.3,-0.28,129,170,2024-10-21 14:08:56,63.1,0.93,58.5,DI water,60,60,90,90,13:39:41,97.74,34.9,0.63,2.18,0.73,370.89,308.05,273.78,275.33,0.0,1.05,-997.62,-828.59,-169.03
14:08:57,21/10/2024,98.5,97.5,97.6,98.2,96.9,33.0,33.1,36.2,37.3,-0.28,129,170,2024-10-21 14:08:57,63.1,0.93,58.6,DI water,60,60,90,90,13:39:41,97.74,34.9,0.63,2.18,0.73,370.89,308.05,273.78,275.33,0.0,1.05,-997.62,-828.59,-169.03
14:08:58,21/10/2024,98.5,97.5,97.6,98.2,96.9,33.0,33.1,36.2,37.3,-0.28,129,170,2024-10-21 14:08:58,63.1,0.93,58.6,DI water,60,60,90,90,13:39:41,97.74,34.9,0.63,2.18,0.73,370.89,308.05,273.78,275.33,0.0,1.05,-997.62,-828.59,-169.03
14:09:00,21/10/2024,98.5,97.5,97.6,98.2,96.9,33.0,33.1,36.2,37.3,-0.28,129,170,2024-10-21 14:09:00,63.1,0.93,58.6,DI water,60,60,90,90,13:39:41,97.74,34.9,0.63,2.18,0.73,370.89,308.05,273.78,275.33,0.0,1.05,-997.62,-828.59,-169.03
