TIME,DATE,TC-1,TC-2,TC-3,TC-4,TC-5,TC-6,TC-7,TC-8,TC-9,PRESSURE,HEATER,HEATER SET POINT
14:17:56,04/04/2025,34.9,35.3,35.3,35.3,35.3,31.4,31.1,31.3,30.1,-0.63,43,170
14:17:57,04/04/2025,34.9,35.3,35.3,35.3,35.3,31.4,31.1,31.3,30.1,-0.63,43,170
14:17:59,04/04/2025,34.9,35.3,35.3,35.3,35.3,31.4,31.1,31.3,30.1,-0.63,43,170
14:18:00,04/04/2025,34.9,35.3,35.3,35.3,35.3,31.4,31.1,31.3,30.1,-0.63,43,170
14:18:02,04/04/2025,35.3,36.3,35.6,35.6,35.3,31.4,31.1,31.3,30.1,-0.63,43,170
14:18:03,04/04/2025,35.3,36.3,35.6,35.6,35.5,31.5,31.3,31.3,30.2,-0.64,43,170
14:18:05,04/04/2025,35.3,36.3,35.6,35.6,35.5,31.5,31.3,31.3,30.2,-0.64,43,170
14:18:07,04/04/2025,35.5,37.7,35.7,35.8,35.7,31.5,31.3,31.3,30.2,-0.64,43,170
14:18:08,04/04/2025,35.5,37.7,35.7,35.8,35.7,31.5,31.3,31.3,30.2,-0.63,43,170
14:18:09,04/04/2025,35.5,37.7,35.7,35.8,35.7,31.5,31.3,31.3,30.2,-0.63,43,170
14:18:11,04/04/2025,35.5,37.7,35.7,35.8,35.7,31.5,31.3,31.3,30.2,-0.63,43,170
14:18:12,04/04/2025,35.8,38.0,36.0,36.0,35.8,31.5,31.3,31.3,30.2,-0.63,43,170
14:18:13,04/04/2025,35.8,38.0,36.0,36.0,35.8,31.4,31.2,31.3,30.2,-0.63,43,170
14:18:14,04/04/2025,35.8,38.0,36.0,36.0,35.8,31.4,31.2,31.3,30.2,-0.63,44,170
14:18:17,04/04/2025,35.8,38.0,36.0,36.0,35.8,31.4,31.2,31.3,30.2,-0.63,44,170
14:18:22,04/04/2025,35.8,38.0,36.0,36.0,35.8,31.4,31.2,31.3,30.2,-0.63,44,170
14:18:24,04/04/2025,35.8,38.0,36.0,36.0,35.8,31.4,31.2,31.3,30.2,-0.63,44,170
14:18:25,04/04/2025,36.2,38.3,36.2,36.2,35.8,31.4,31.2,31.3,30.2,-0.63,44,170
14:18:26,04/04/2025,36.2,38.3,36.2,36.2,36.3,31.5,31.3,31.3,30.2,-0.63,44,170
14:18:28,04/04/2025,36.2,38.3,36.2,36.2,36.3,31.5,31.3,31.3,30.2,-0.64,44,170
14:18:29,04/04/2025,36.2,38.3,36.2,36.2,36.3,31.5,31.3,31.3,30.2,-0.64,44,170
14:18:30,04/04/2025,36.2,38.3,36.2,36.2,36.3,31.5,31.3,31.3,30.2,-0.64,44,170
14:18:34,04/04/2025,36.2,38.3,36.2,36.2,36.3,31.5,31.3,31.3,30.2,-0.64,44,170
14:18:39,04/04/2025,36.2,38.3,36.2,36.2,36.3,31.5,31.3,31.3,30.2,-0.64,44,170
14:18:40,04/04/2025,36.5,38.6,36.5,36.5,36.5,31.5,31.3,31.3,30.2,-0.64,44,170
14:18:41,04/04/2025,36.5,38.6,36.5,36.5,36.5,31.5,31.3,31.4,30.2,-0.64,44,170
14:18:42,04/04/2025,36.5,38.6,36.5,36.5,36.5,31.5,31.3,31.4,30.2,-0.64,44,170
14:18:46,04/04/2025,36.5,38.6,36.5,36.5,36.5,31.5,31.3,31.4,30.2,-0.64,44,170
14:18:47,04/04/2025,36.5,38.6,36.5,36.5,36.5,31.5,31.3,31.4,30.2,-0.64,44,170
14:18:48,04/04/2025,36.7,38.8,36.7,36.7,36.7,31.5,31.3,31.4,30.2,-0.64,44,170
14:18:50,04/04/2025,36.7,38.8,36.7,36.7,36.7,31.6,31.3,31.4,30.2,-0.63,44,170
14:18:51,04/04/2025,36.7,38.8,36.7,36.7,36.7,31.6,31.3,31.4,30.2,-0.63,44,170
14:18:53,04/04/2025,36.7,38.8,36.7,36.7,36.7,31.6,31.3,31.4,30.2,-0.63,44,170
14:18:54,04/04/2025,36.7,38.8,36.7,36.7,36.8,31.6,31.3,31.4,30.2,-0.63,44,170
14:18:55,04/04/2025,36.7,38.8,36.7,36.7,36.8,31.6,31.3,31.4,30.3,-0.63,44,170
14:18:56,04/04/2025,36.7,38.8,36.7,36.7,36.8,31.6,31.3,31.4,30.3,-0.62,44,170
14:18:59,04/04/2025,36.7,38.8,36.7,36.7,36.8,31.6,31.3,31.4,30.3,-0.62,44,170
14:19:00,04/04/2025,36.7,38.8,36.7,36.7,36.8,31.6,31.3,31.4,30.3,-0.62,44,170
14:19:02,04/04/2025,36.7,38.8,36.7,36.7,36.8,31.6,31.3,31.4,30.3,-0.62,44,170
14:19:03,04/04/2025,36.8,38.8,36.8,36.8,36.9,31.6,31.3,31.4,30.3,-0.62,44,170
14:19:04,04/04/2025,36.8,38.8,36.8,36.8,36.9,31.7,31.4,31.5,30.2,-0.62,44,170
14:19:05,04/04/2025,36.8,38.8,36.8,36.8,36.9,31.7,31.4,31.5,30.2,-0.64,44,170
14:19:06,04/04/2025,36.8,38.8,36.8,36.8,36.9,31.7,31.4,31.5,30.2,-0.64,44,170
14:19:07,04/04/2025,36.8,38.8,36.8,36.8,36.9,31.7,31.4,31.5,30.2,-0.64,44,170
14:19:10,04/04/2025,36.8,38.8,36.8,36.8,36.9,31.7,31.4,31.5,30.2,-0.64,44,170
14:19:12,04/04/2025,36.8,38.8,36.8,36.8,36.9,31.7,31.4,31.5,30.2,-0.64,44,170
14:19:13,04/04/2025,36.9,38.9,36.8,36.9,37.0,31.7,31.4,31.5,30.2,-0.64,44,170
14:19:14,04/04/2025,36.9,38.9,36.8,36.9,37.0,31.6,31.4,31.5,30.2,-0.64,44,170
14:19:16,04/04/2025,36.9,38.9,36.8,36.9,37.0,31.6,31.4,31.5,30.2,-0.65,44,170
14:19:19,04/04/2025,36.9,38.9,36.8,36.9,37.0,31.6,31.4,31.5,30.2,-0.65,44,170
14:19:20,04/04/2025,36.9,38.9,36.8,36.9,37.0,31.6,31.4,31.5,30.2,-0.65,44,170
14:19:22,04/04/2025,36.9,38.9,36.8,36.9,37.0,31.6,31.4,31.5,30.2,-0.65,44,170
14:19:24,04/04/2025,36.9,38.9,37.0,37.0,37.0,31.6,31.4,31.5,30.2,-0.65,44,170
14:19:25,04/04/2025,36.9,38.9,37.0,37.0,37.1,31.7,31.4,31.5,30.2,-0.65,44,170
14:19:26,04/04/2025,36.9,38.9,37.0,37.0,37.1,31.7,31.4,31.5,30.2,-0.62,44,170
14:19:27,04/04/2025,36.9,38.9,37.0,37.0,37.1,31.7,31.4,31.5,30.2,-0.62,44,170
14:19:30,04/04/2025,36.9,38.9,37.0,37.0,37.1,31.7,31.4,31.5,30.2,-0.62,44,170
14:19:32,04/04/2025,36.9,38.9,37.0,37.0,37.1,31.7,31.4,31.5,30.2,-0.62,44,170
14:19:33,04/04/2025,37.0,38.3,37.2,37.2,37.2,31.7,31.4,31.5,30.2,-0.62,44,170
14:19:34,04/04/2025,37.0,38.3,37.2,37.2,37.2,31.7,31.4,31.5,30.3,-0.62,44,170
14:19:35,04/04/2025,37.0,38.3,37.2,37.2,37.2,31.7,31.4,31.5,30.3,-0.64,45,170
14:19:37,04/04/2025,37.0,38.3,37.2,37.2,37.2,31.7,31.4,31.5,30.3,-0.64,45,170
14:19:40,04/04/2025,37.0,38.3,37.2,37.2,37.2,31.7,31.4,31.5,30.3,-0.64,45,170
14:19:41,04/04/2025,36.8,38.3,37.3,37.2,35.9,31.7,31.4,31.5,30.3,-0.64,45,170
14:19:42,04/04/2025,36.8,38.3,37.3,37.2,35.9,31.8,31.5,31.8,30.3,-0.64,45,170
14:19:46,04/04/2025,36.8,38.3,37.3,37.2,35.9,31.8,31.5,31.8,30.3,-0.64,45,170
14:19:47,04/04/2025,36.8,38.3,37.3,37.2,35.9,31.8,31.5,31.8,30.3,-0.64,45,170
14:19:51,04/04/2025,37.5,39.0,37.6,37.1,36.8,31.8,31.5,31.8,30.3,-0.64,45,170
14:19:53,04/04/2025,37.5,39.0,37.6,37.1,36.8,31.8,31.5,32.6,30.3,-0.63,46,170
14:19:54,04/04/2025,37.5,39.0,37.6,37.1,36.8,31.8,31.5,32.6,30.3,-0.63,46,170
14:19:55,04/04/2025,37.5,39.0,37.6,37.1,36.8,31.8,31.5,32.6,30.3,-0.63,46,170
14:19:57,04/04/2025,37.5,39.0,37.6,37.1,36.8,31.8,31.5,32.6,30.3,-0.63,46,170
14:19:58,04/04/2025,37.8,39.3,37.9,37.6,37.4,31.8,31.5,32.6,30.3,-0.63,46,170
14:19:59,04/04/2025,37.8,39.3,37.9,37.6,37.4,31.8,31.6,32.8,30.4,-0.62,47,170
14:20:02,04/04/2025,37.8,39.3,37.9,37.6,37.4,31.8,31.6,32.8,30.4,-0.62,47,170
14:20:03,04/04/2025,37.8,39.3,37.9,37.6,37.4,31.8,31.6,32.8,30.4,-0.62,47,170
14:20:04,04/04/2025,38.1,39.6,38.1,37.9,37.7,31.8,31.6,32.8,30.4,-0.62,47,170
14:20:05,04/04/2025,38.1,39.6,38.1,37.9,37.7,31.7,31.6,32.7,30.4,-0.62,47,170
14:20:06,04/04/2025,38.1,39.6,38.1,37.9,37.7,31.7,31.6,32.7,30.4,-0.63,47,170
14:20:10,04/04/2025,38.1,39.6,38.1,37.9,37.7,31.7,31.6,32.7,30.4,-0.63,47,170
14:20:11,04/04/2025,38.5,40.0,38.5,38.4,38.1,31.7,31.6,32.7,30.4,-0.63,47,170
14:20:12,04/04/2025,38.5,40.0,38.5,38.4,38.1,31.8,31.6,32.5,30.4,-0.63,47,170
14:20:13,04/04/2025,38.5,40.0,38.5,38.4,38.1,31.8,31.6,32.5,30.4,-0.63,47,170
14:20:15,04/04/2025,38.5,40.0,38.5,38.4,38.1,31.8,31.6,32.5,30.4,-0.63,47,170
14:20:16,04/04/2025,38.7,40.2,38.6,38.5,38.2,31.8,31.6,32.5,30.4,-0.63,47,170
14:20:17,04/04/2025,38.7,40.2,38.6,38.5,38.2,31.8,31.6,32.5,30.3,-0.63,47,170
14:20:18,04/04/2025,38.7,40.2,38.6,38.5,38.2,31.8,31.6,32.5,30.3,-0.64,48,170
14:20:21,04/04/2025,38.7,40.2,38.6,38.5,38.2,31.8,31.6,32.5,30.3,-0.64,48,170
14:20:22,04/04/2025,38.7,40.2,38.6,38.5,38.2,31.8,31.6,32.5,30.3,-0.64,48,170
14:20:23,04/04/2025,39.0,40.5,39.0,38.8,38.5,31.8,31.6,32.5,30.3,-0.64,48,170
14:20:24,04/04/2025,39.0,40.5,39.0,38.8,38.5,31.8,31.6,32.4,30.4,-0.64,48,170
14:20:25,04/04/2025,39.0,40.5,39.0,38.8,38.5,31.8,31.6,32.4,30.4,-0.61,49,170
14:20:28,04/04/2025,39.0,40.5,39.0,38.8,38.5,31.8,31.6,32.4,30.4,-0.61,49,170
14:20:30,04/04/2025,39.0,40.5,39.0,38.8,38.5,31.8,31.6,32.4,30.4,-0.61,49,170
14:20:31,04/04/2025,39.5,41.0,39.4,39.3,38.5,31.8,31.6,32.4,30.4,-0.61,49,170
14:20:32,04/04/2025,39.5,41.0,39.4,39.3,38.9,31.9,31.6,32.3,30.4,-0.62,49,170
14:20:33,04/04/2025,39.5,41.0,39.4,39.3,38.9,31.9,31.6,32.3,30.4,-0.62,49,170
14:20:35,04/04/2025,39.5,41.0,39.4,39.3,38.9,31.9,31.6,32.3,30.4,-0.62,49,170
14:20:36,04/04/2025,39.5,41.0,39.4,39.3,38.9,31.9,31.6,32.3,30.4,-0.62,49,170
14:20:38,04/04/2025,39.9,41.4,39.7,39.5,39.2,31.9,31.6,32.3,30.4,-0.62,49,170
14:20:39,04/04/2025,39.9,41.4,39.7,39.5,39.2,31.8,31.6,32.2,30.4,-0.62,49,170
14:20:40,04/04/2025,39.9,41.4,39.7,39.5,39.2,31.8,31.6,32.2,30.4,-0.62,50,170
14:20:41,04/04/2025,39.9,41.4,39.7,39.5,39.2,31.8,31.6,32.2,30.4,-0.62,50,170
14:20:45,04/04/2025,39.9,41.4,39.7,39.5,39.2,31.8,31.6,32.2,30.4,-0.62,50,170
14:20:46,04/04/2025,40.3,41.8,40.2,40.0,39.2,31.8,31.6,32.2,30.4,-0.62,50,170
14:20:47,04/04/2025,40.3,41.8,40.2,40.0,39.5,31.8,31.6,32.2,30.3,-0.62,50,170
14:20:48,04/04/2025,40.3,41.8,40.2,40.0,39.5,31.8,31.6,32.2,30.3,-0.61,51,170
14:20:53,04/04/2025,40.3,41.8,40.2,40.0,39.5,31.8,31.6,32.2,30.3,-0.61,51,170
14:20:54,04/04/2025,40.3,41.8,40.2,40.0,39.5,31.8,31.6,32.2,30.3,-0.61,51,170
14:20:55,04/04/2025,40.3,41.8,40.2,40.0,39.5,31.8,31.6,32.2,30.3,-0.61,51,170
14:20:56,04/04/2025,40.8,42.3,40.6,40.5,40.1,31.8,31.6,32.2,30.3,-0.61,51,170
14:20:57,04/04/2025,40.8,42.3,40.6,40.5,40.1,32.0,31.6,32.1,30.3,-0.61,51,170
14:20:58,04/04/2025,40.8,42.3,40.6,40.5,40.1,32.0,31.6,32.1,30.3,-0.62,52,170
14:21:00,04/04/2025,40.8,42.3,40.6,40.5,40.1,32.0,31.6,32.1,30.3,-0.62,52,170
14:21:03,04/04/2025,40.8,42.3,40.6,40.5,40.1,32.0,31.6,32.1,30.3,-0.62,52,170
14:21:04,04/04/2025,40.8,42.3,40.6,40.5,40.1,32.0,31.6,32.1,30.3,-0.62,52,170
14:21:05,04/04/2025,41.3,42.8,41.1,41.0,40.5,32.0,31.6,32.1,30.3,-0.62,52,170
14:21:06,04/04/2025,41.3,42.8,41.1,41.0,40.5,31.9,31.7,32.2,30.4,-0.62,52,170
14:21:07,04/04/2025,41.3,42.8,41.1,41.0,40.5,31.9,31.7,32.2,30.4,-0.63,52,170
14:21:08,04/04/2025,41.3,42.8,41.1,41.0,40.5,31.9,31.7,32.2,30.4,-0.63,52,170
14:21:09,04/04/2025,41.3,42.8,41.1,41.0,40.5,31.9,31.7,32.2,30.4,-0.63,52,170
14:21:11,04/04/2025,41.3,42.8,41.1,41.0,40.5,31.9,31.7,32.2,30.4,-0.63,52,170
14:21:12,04/04/2025,41.6,43.1,41.4,41.2,40.9,32.0,31.7,32.2,30.4,-0.63,52,170
14:21:13,04/04/2025,41.6,43.1,41.4,41.2,40.9,32.0,31.7,32.2,30.4,-0.62,53,170
14:21:16,04/04/2025,41.6,43.1,41.4,41.2,40.9,32.0,31.7,32.2,30.4,-0.62,53,170
14:21:17,04/04/2025,41.6,43.1,41.4,41.2,40.9,32.0,31.7,32.2,30.4,-0.62,53,170
14:21:18,04/04/2025,42.0,43.5,41.8,41.2,40.9,32.0,31.7,32.2,30.4,-0.62,53,170
14:21:19,04/04/2025,42.0,43.5,41.8,41.6,41.2,32.0,31.8,32.2,30.4,-0.62,53,170
14:21:21,04/04/2025,42.0,43.5,41.8,41.6,41.2,32.0,31.8,32.2,30.4,-0.62,53,170
14:21:22,04/04/2025,42.0,43.5,41.8,41.6,41.2,32.0,31.8,32.2,30.4,-0.62,54,170
14:21:23,04/04/2025,42.0,43.5,41.8,41.6,41.2,32.0,31.8,32.2,30.4,-0.62,54,170
14:21:27,04/04/2025,42.0,43.5,41.8,41.6,41.2,32.0,31.8,32.2,30.4,-0.62,54,170
14:21:29,04/04/2025,42.6,44.1,42.3,42.2,41.7,32.0,31.8,32.2,30.4,-0.62,54,170
14:21:30,04/04/2025,42.6,44.1,42.3,42.2,41.7,32.0,31.8,32.2,30.5,-0.62,54,170
14:21:31,04/04/2025,42.6,44.1,42.3,42.2,41.7,32.0,31.8,32.2,30.5,-0.62,54,170
14:21:32,04/04/2025,42.6,44.1,42.3,42.2,41.7,32.0,31.8,32.2,30.5,-0.62,54,170
14:21:33,04/04/2025,42.8,44.3,42.3,42.2,41.7,32.0,31.8,32.2,30.5,-0.62,54,170
14:21:34,04/04/2025,42.8,44.3,42.6,42.4,42.0,32.1,31.8,32.2,30.5,-0.62,54,170
14:21:35,04/04/2025,42.8,44.3,42.6,42.4,42.0,32.1,31.8,32.2,30.5,-0.63,54,170
14:21:36,04/04/2025,42.8,44.3,42.6,42.4,42.0,32.1,31.8,32.2,30.5,-0.63,55,170
14:21:38,04/04/2025,42.8,44.3,42.6,42.4,42.0,32.1,31.8,32.2,30.5,-0.63,55,170
14:21:40,04/04/2025,42.8,44.3,42.6,42.4,42.0,32.1,31.8,32.2,30.5,-0.63,55,170
14:21:41,04/04/2025,42.8,44.3,42.6,42.4,42.0,32.1,31.8,32.2,30.5,-0.63,55,170
14:21:42,04/04/2025,43.4,44.9,43.0,42.9,42.4,32.1,31.8,32.2,30.5,-0.63,55,170
14:21:44,04/04/2025,43.4,44.9,43.0,42.9,42.4,32.0,31.9,32.2,30.4,-0.63,55,170
14:21:45,04/04/2025,43.4,44.9,43.0,42.9,42.4,32.0,31.9,32.2,30.4,-0.61,56,170
14:21:46,04/04/2025,43.4,44.9,43.0,42.9,42.4,32.0,31.9,32.2,30.4,-0.61,56,170
14:21:48,04/04/2025,43.4,44.9,43.0,42.9,42.4,32.0,31.9,32.2,30.4,-0.61,56,170
14:21:49,04/04/2025,43.7,45.2,43.3,43.2,42.7,32.0,31.9,32.2,30.4,-0.61,56,170
14:21:51,04/04/2025,43.7,45.2,43.3,43.2,42.7,32.0,31.9,32.2,30.4,-0.6,56,170
14:21:53,04/04/2025,43.7,45.2,43.3,43.2,42.7,32.0,31.9,32.2,30.4,-0.6,56,170
14:21:55,04/04/2025,43.7,45.2,43.3,43.2,42.7,32.0,31.9,32.2,30.4,-0.6,56,170
14:21:57,04/04/2025,44.1,45.6,43.7,43.6,43.1,32.0,31.9,32.2,30.4,-0.6,56,170
14:21:58,04/04/2025,44.1,45.6,43.7,43.6,43.1,32.0,31.8,32.2,30.4,-0.6,56,170
14:21:59,04/04/2025,44.1,45.6,43.7,43.6,43.1,32.0,31.8,32.2,30.4,-0.62,57,170
14:22:03,04/04/2025,44.1,45.6,43.7,43.6,43.1,32.0,31.8,32.2,30.4,-0.62,57,170
14:22:04,04/04/2025,44.5,46.0,44.2,44.1,43.5,32.0,31.8,32.2,30.4,-0.62,57,170
14:22:05,04/04/2025,44.5,46.0,44.2,44.1,43.5,32.1,31.8,32.2,30.4,-0.62,57,170
14:22:06,04/04/2025,44.5,46.0,44.2,44.1,43.5,32.1,31.8,32.2,30.4,-0.61,58,170
14:22:07,04/04/2025,44.5,46.0,44.2,44.1,43.5,32.1,31.8,32.2,30.4,-0.61,58,170
14:22:10,04/04/2025,44.5,46.0,44.2,44.1,43.5,32.1,31.8,32.2,30.4,-0.61,58,170
14:22:11,04/04/2025,44.9,46.4,44.6,44.4,43.9,32.1,31.8,32.2,30.4,-0.61,58,170
14:22:12,04/04/2025,44.9,46.4,44.6,44.4,43.9,32.1,31.9,32.2,30.4,-0.61,58,170
14:22:13,04/04/2025,44.9,46.4,44.6,44.4,43.9,32.1,31.9,32.2,30.4,-0.61,58,170
14:22:15,04/04/2025,44.9,46.4,44.6,44.4,43.9,32.1,31.9,32.2,30.4,-0.61,58,170
14:22:17,04/04/2025,44.9,46.4,44.6,44.4,43.9,32.1,31.9,32.2,30.4,-0.61,58,170
14:22:18,04/04/2025,44.9,46.4,44.6,44.4,43.9,32.1,31.9,32.2,30.4,-0.61,58,170
14:22:19,04/04/2025,45.4,46.9,44.9,44.8,44.2,32.1,31.9,32.2,30.4,-0.61,58,170
14:22:20,04/04/2025,45.4,46.9,44.9,44.8,44.2,32.1,31.9,32.2,30.5,-0.61,58,170
14:22:22,04/04/2025,45.4,46.9,44.9,44.8,44.2,32.1,31.9,32.2,30.5,-0.61,59,170
14:22:23,04/04/2025,45.4,46.9,44.9,44.8,44.2,32.1,31.9,32.2,30.5,-0.61,59,170
14:22:25,04/04/2025,45.4,46.9,44.9,44.8,44.2,32.1,31.9,32.2,30.5,-0.61,59,170
14:22:27,04/04/2025,45.8,47.3,45.4,45.2,44.7,32.2,31.9,32.2,30.5,-0.61,59,170
14:22:28,04/04/2025,45.8,47.3,45.4,45.2,44.7,32.2,31.9,32.1,30.5,-0.61,59,170
14:22:29,04/04/2025,45.8,47.3,45.4,45.2,44.7,32.2,31.9,32.1,30.5,-0.61,59,170
14:22:31,04/04/2025,45.8,47.3,45.4,45.2,44.7,32.2,31.9,32.1,30.5,-0.61,59,170
14:22:32,04/04/2025,45.8,47.3,45.4,45.2,44.7,32.2,31.9,32.1,30.5,-0.61,59,170
14:22:34,04/04/2025,46.2,47.7,45.8,45.6,44.7,32.2,31.9,32.1,30.5,-0.61,59,170
14:22:35,04/04/2025,46.2,47.7,45.8,45.6,45.0,32.1,31.9,32.2,30.5,-0.61,59,170
14:22:36,04/04/2025,46.2,47.7,45.8,45.6,45.0,32.1,31.9,32.2,30.5,-0.61,60,170
14:22:38,04/04/2025,46.2,47.7,45.8,45.6,45.0,32.1,31.9,32.2,30.5,-0.61,60,170
14:22:39,04/04/2025,46.2,47.7,45.8,45.6,45.0,32.1,31.9,32.2,30.5,-0.61,60,170
14:22:40,04/04/2025,46.2,47.7,45.8,45.6,45.0,32.1,31.9,32.2,30.5,-0.61,60,170
14:22:42,04/04/2025,46.6,48.1,46.2,46.1,45.4,32.1,31.9,32.2,30.5,-0.61,60,170
14:22:43,04/04/2025,46.6,48.1,46.2,46.1,45.4,32.1,31.9,32.2,30.4,-0.61,61,170
14:22:46,04/04/2025,46.6,48.1,46.2,46.1,45.4,32.1,31.9,32.2,30.4,-0.61,61,170
14:22:48,04/04/2025,46.6,48.1,46.2,46.1,45.4,32.1,31.9,32.2,30.4,-0.61,61,170
14:22:49,04/04/2025,47.0,48.5,46.6,46.4,45.9,32.3,31.9,32.2,30.4,-0.61,61,170
14:22:50,04/04/2025,47.0,48.5,46.6,46.4,45.9,32.3,31.9,32.2,30.5,-0.61,61,170
14:22:52,04/04/2025,47.0,48.5,46.6,46.4,45.9,32.3,31.9,32.2,30.5,-0.61,61,170
14:22:53,04/04/2025,47.0,48.5,46.6,46.4,45.9,32.3,31.9,32.2,30.5,-0.61,61,170
14:22:54,04/04/2025,47.3,48.8,46.9,46.4,45.9,32.3,31.9,32.2,30.5,-0.61,61,170
14:22:55,04/04/2025,47.3,48.8,46.9,46.8,46.2,32.2,32.0,32.2,30.5,-0.61,61,170
14:22:56,04/04/2025,47.3,48.8,46.9,46.8,46.2,32.2,32.0,32.3,30.5,-0.6,61,170
14:22:57,04/04/2025,47.3,48.8,46.9,46.8,46.2,32.2,32.0,32.3,30.5,-0.6,61,170
14:22:59,04/04/2025,47.3,48.8,46.9,46.8,46.2,32.2,32.0,32.3,30.5,-0.6,61,170
14:23:00,04/04/2025,47.7,49.2,46.9,46.8,46.2,32.2,32.0,32.3,30.5,-0.6,61,170
14:23:01,04/04/2025,47.7,49.2,47.2,47.1,46.5,32.2,32.0,32.3,30.5,-0.6,61,170
14:23:03,04/04/2025,47.7,49.2,47.2,47.1,46.5,32.2,32.0,32.2,30.5,-0.6,62,170
14:23:05,04/04/2025,47.7,49.2,47.2,47.1,46.5,32.2,32.0,32.2,30.5,-0.6,62,170
14:23:09,04/04/2025,47.7,49.2,47.2,47.1,46.5,32.2,32.0,32.2,30.5,-0.6,62,170
14:23:10,04/04/2025,48.2,49.7,47.7,47.6,47.0,32.2,32.0,32.2,30.5,-0.6,62,170
14:23:11,04/04/2025,48.2,49.7,47.7,47.6,47.0,32.3,32.0,32.2,30.5,-0.6,62,170
14:23:13,04/04/2025,48.2,49.7,47.7,47.6,47.0,32.3,32.0,32.2,30.5,-0.6,63,170
14:23:14,04/04/2025,48.2,49.7,47.7,47.6,47.0,32.3,32.0,32.2,30.5,-0.6,63,170
14:23:15,04/04/2025,48.2,49.7,47.7,47.6,47.0,32.3,32.0,32.2,30.5,-0.6,63,170
14:23:17,04/04/2025,48.4,49.9,48.0,47.9,47.3,32.3,32.0,32.2,30.5,-0.6,63,170
14:23:18,04/04/2025,48.4,49.9,48.0,47.9,47.3,32.3,32.1,32.3,30.5,-0.6,63,170
14:23:19,04/04/2025,48.4,49.9,48.0,47.9,47.3,32.3,32.1,32.3,30.5,-0.58,63,170
14:23:21,04/04/2025,48.4,49.9,48.0,47.9,47.3,32.3,32.1,32.3,30.5,-0.58,63,170
14:23:23,04/04/2025,48.9,50.4,48.4,48.3,47.6,32.3,32.1,32.3,30.5,-0.58,63,170
14:23:24,04/04/2025,48.9,50.4,48.4,48.3,47.6,32.3,32.0,32.2,30.5,-0.6,64,170
14:23:25,04/04/2025,48.9,50.4,48.4,48.3,47.6,32.3,32.0,32.2,30.5,-0.6,64,170
14:23:26,04/04/2025,49.1,50.6,48.4,48.3,47.6,32.3,32.0,32.2,30.5,-0.6,64,170
14:23:28,04/04/2025,49.1,50.6,48.6,48.5,47.9,32.3,32.0,32.2,30.5,-0.6,64,170
14:23:29,04/04/2025,49.1,50.6,48.6,48.5,47.9,32.3,32.0,32.2,30.6,-0.59,64,170
14:23:30,04/04/2025,49.1,50.6,48.6,48.5,47.9,32.3,32.0,32.2,30.6,-0.59,64,170
14:23:31,04/04/2025,49.1,50.6,48.6,48.5,47.9,32.3,32.0,32.2,30.6,-0.59,64,170
14:23:33,04/04/2025,49.1,50.6,48.6,48.5,47.9,32.3,32.0,32.2,30.6,-0.59,64,170
14:23:35,04/04/2025,49.5,51.0,48.9,48.8,48.2,32.3,32.0,32.2,30.6,-0.59,64,170
14:23:36,04/04/2025,49.5,51.0,48.9,48.8,48.2,32.3,32.0,32.2,30.6,-0.61,64,170
14:23:37,04/04/2025,49.5,51.0,48.9,48.8,48.2,32.3,32.0,32.2,30.6,-0.61,65,170
14:23:38,04/04/2025,49.5,51.0,48.9,48.8,48.2,32.3,32.0,32.2,30.6,-0.61,65,170
14:23:41,04/04/2025,49.5,51.0,48.9,48.8,48.2,32.3,32.0,32.2,30.6,-0.61,65,170
14:23:43,04/04/2025,49.5,51.0,48.9,48.8,48.2,32.3,32.0,32.2,30.6,-0.61,65,170
14:23:45,04/04/2025,49.5,51.0,48.9,48.8,48.2,32.3,32.0,32.2,30.6,-0.61,65,170
14:23:47,04/04/2025,50.1,51.6,49.7,49.6,48.9,32.3,32.1,32.2,30.6,-0.61,65,170
14:23:48,04/04/2025,50.1,51.6,49.7,49.6,48.9,32.3,32.1,32.3,30.5,-0.59,65,170
14:23:49,04/04/2025,50.1,51.6,49.7,49.6,48.9,32.3,32.1,32.3,30.5,-0.59,65,170
14:23:51,04/04/2025,50.1,51.6,49.7,49.6,48.9,32.3,32.1,32.3,30.5,-0.59,65,170
14:23:52,04/04/2025,50.1,51.6,49.7,49.6,48.9,32.3,32.1,32.3,30.5,-0.59,65,170
14:23:54,04/04/2025,50.5,52.0,50.0,49.9,49.2,32.3,32.1,32.3,30.5,-0.59,65,170
14:23:55,04/04/2025,50.5,52.0,50.0,49.9,49.2,32.3,32.1,32.3,30.5,-0.59,65,170
14:23:56,04/04/2025,50.5,52.0,50.0,49.9,49.2,32.3,32.1,32.3,30.5,-0.59,66,170
14:23:57,04/04/2025,50.5,52.0,50.0,49.9,49.2,32.3,32.1,32.3,30.5,-0.59,66,170
14:23:59,04/04/2025,50.5,52.0,50.0,49.9,49.2,32.3,32.1,32.3,30.5,-0.59,66,170
14:24:00,04/04/2025,50.9,52.4,50.3,50.2,49.7,32.4,32.1,32.3,30.5,-0.59,66,170
14:24:01,04/04/2025,50.9,52.4,50.3,50.2,49.7,32.4,32.2,32.4,30.5,-0.6,66,170
14:24:03,04/04/2025,50.9,52.4,50.3,50.2,49.7,32.4,32.2,32.4,30.5,-0.6,66,170
14:24:06,04/04/2025,50.9,52.4,50.3,50.2,49.7,32.4,32.2,32.4,30.5,-0.6,66,170
14:24:07,04/04/2025,51.2,52.7,50.8,50.7,49.7,32.4,32.2,32.4,30.5,-0.6,66,170
14:24:09,04/04/2025,51.2,52.7,50.8,50.7,50.0,32.4,32.2,32.4,30.5,-0.6,66,170
14:24:10,04/04/2025,51.2,52.7,50.8,50.7,50.0,32.4,32.2,32.4,30.6,-0.58,67,170
14:24:11,04/04/2025,51.2,52.7,50.8,50.7,50.0,32.4,32.2,32.4,30.6,-0.58,67,170
14:24:12,04/04/2025,51.2,52.7,50.8,50.7,50.0,32.4,32.2,32.4,30.6,-0.58,67,170
14:24:15,04/04/2025,51.2,52.7,50.8,50.7,50.0,32.4,32.2,32.4,30.6,-0.58,67,170
14:24:17,04/04/2025,51.2,52.7,50.8,50.7,50.0,32.4,32.2,32.4,30.6,-0.58,67,170
14:24:18,04/04/2025,51.8,53.3,51.3,51.2,50.7,32.4,32.2,32.4,30.6,-0.58,67,170
14:24:20,04/04/2025,51.8,53.3,51.3,51.2,50.7,32.4,32.1,32.3,30.5,-0.58,67,170
14:24:22,04/04/2025,51.8,53.3,51.3,51.2,50.7,32.4,32.1,32.3,30.5,-0.58,68,170
14:24:23,04/04/2025,51.8,53.3,51.3,51.2,50.7,32.4,32.1,32.3,30.5,-0.58,68,170
14:24:25,04/04/2025,51.8,53.3,51.3,51.2,50.7,32.4,32.1,32.3,30.5,-0.58,68,170
14:24:28,04/04/2025,52.4,53.9,51.3,51.2,50.7,32.4,32.1,32.3,30.5,-0.58,68,170
14:24:30,04/04/2025,52.4,53.9,51.9,51.8,51.2,32.4,32.1,32.3,30.5,-0.58,68,170
14:24:31,04/04/2025,52.4,53.9,51.9,51.8,51.2,32.4,32.2,32.4,30.5,-0.58,68,170
14:24:32,04/04/2025,52.4,53.9,51.9,51.8,51.2,32.4,32.2,32.4,30.5,-0.58,68,170
14:24:36,04/04/2025,52.4,53.9,51.9,51.8,51.2,32.4,32.2,32.4,30.5,-0.58,68,170
14:24:37,04/04/2025,52.4,53.9,51.9,51.8,51.2,32.4,32.2,32.4,30.5,-0.58,68,170
14:24:38,04/04/2025,52.9,54.4,52.3,52.3,51.6,32.4,32.2,32.4,30.5,-0.58,68,170
14:24:40,04/04/2025,52.9,54.4,52.3,52.3,51.6,32.4,32.2,32.4,30.5,-0.59,69,170
14:24:41,04/04/2025,52.9,54.4,52.3,52.3,51.6,32.4,32.2,32.4,30.5,-0.59,69,170
14:24:42,04/04/2025,52.9,54.4,52.3,52.3,51.6,32.4,32.2,32.4,30.5,-0.59,69,170
14:24:45,04/04/2025,52.9,54.4,52.3,52.3,51.6,32.4,32.2,32.4,30.5,-0.59,69,170
14:24:47,04/04/2025,53.3,54.8,52.8,52.7,52.0,32.5,32.2,32.4,30.5,-0.59,69,170
14:24:48,04/04/2025,53.3,54.8,52.8,52.7,52.0,32.5,32.2,32.3,30.7,-0.58,69,170
14:24:50,04/04/2025,53.3,54.8,52.8,52.7,52.0,32.5,32.2,32.3,30.7,-0.58,70,170
14:24:53,04/04/2025,53.3,54.8,52.8,52.7,52.0,32.5,32.2,32.3,30.7,-0.58,70,170
14:24:55,04/04/2025,53.7,55.2,53.2,53.1,52.4,32.5,32.2,32.3,30.7,-0.58,70,170
14:24:56,04/04/2025,53.7,55.2,53.2,53.1,52.4,32.5,32.2,32.4,30.6,-0.57,70,170
14:24:57,04/04/2025,53.7,55.2,53.2,53.1,52.4,32.5,32.2,32.4,30.6,-0.57,70,170
14:25:00,04/04/2025,53.7,55.2,53.2,53.1,52.4,32.5,32.2,32.4,30.6,-0.57,70,170
14:25:03,04/04/2025,53.7,55.2,53.2,53.1,52.4,32.5,32.2,32.4,30.6,-0.57,70,170
14:25:04,04/04/2025,53.7,55.2,53.2,53.1,52.4,32.5,32.2,32.4,30.6,-0.57,70,170
14:25:05,04/04/2025,54.2,55.7,53.7,53.7,52.9,32.4,32.2,32.4,30.6,-0.57,70,170
14:25:06,04/04/2025,54.2,55.7,53.7,53.7,52.9,32.4,32.2,32.4,30.6,-0.56,70,170
14:25:08,04/04/2025,54.2,55.7,53.7,53.7,52.9,32.4,32.2,32.4,30.6,-0.56,71,170
14:25:09,04/04/2025,54.2,55.7,53.7,53.7,52.9,32.4,32.2,32.4,30.6,-0.56,71,170
14:25:10,04/04/2025,54.5,56.0,54.0,53.7,52.9,32.4,32.2,32.4,30.6,-0.56,71,170
14:25:11,04/04/2025,54.5,56.0,54.0,54.0,53.2,32.4,32.2,32.4,30.6,-0.56,71,170
14:25:12,04/04/2025,54.5,56.0,54.0,54.0,53.2,32.4,32.2,32.4,30.6,-0.58,72,170
14:25:16,04/04/2025,54.5,56.0,54.0,54.0,53.2,32.4,32.2,32.4,30.6,-0.58,72,170
14:25:17,04/04/2025,54.5,56.0,54.0,54.0,53.2,32.4,32.2,32.4,30.6,-0.58,72,170
14:25:18,04/04/2025,54.9,56.4,54.3,54.4,53.7,32.4,32.2,32.4,30.6,-0.58,72,170
14:25:19,04/04/2025,54.9,56.4,54.3,54.4,53.7,32.6,32.3,32.5,30.6,-0.58,72,170
14:25:20,04/04/2025,54.9,56.4,54.3,54.4,53.7,32.6,32.3,32.5,30.6,-0.57,72,170
14:25:22,04/04/2025,54.9,56.4,54.3,54.4,53.7,32.6,32.3,32.5,30.6,-0.57,72,170
14:25:23,04/04/2025,54.9,56.4,54.3,54.4,53.7,32.6,32.3,32.5,30.6,-0.57,72,170
14:25:25,04/04/2025,55.2,56.7,54.7,54.4,53.7,32.6,32.3,32.5,30.6,-0.57,72,170
14:25:26,04/04/2025,55.2,56.7,54.7,54.7,54.0,32.6,32.3,32.5,30.6,-0.57,72,170
14:25:27,04/04/2025,55.2,56.7,54.7,54.7,54.0,32.6,32.3,32.5,30.6,-0.57,73,170
14:25:29,04/04/2025,55.2,56.7,54.7,54.7,54.0,32.6,32.3,32.5,30.6,-0.57,73,170
14:25:34,04/04/2025,55.7,57.2,55.1,55.1,54.4,32.5,32.3,32.5,30.6,-0.57,73,170
14:25:35,04/04/2025,55.7,57.2,55.1,55.1,54.4,32.5,32.3,32.5,30.5,-0.56,73,170
14:25:36,04/04/2025,55.7,57.2,55.1,55.1,54.4,32.5,32.3,32.5,30.5,-0.56,73,170
14:25:38,04/04/2025,55.7,57.2,55.1,55.1,54.4,32.5,32.3,32.5,30.5,-0.56,73,170
14:25:39,04/04/2025,55.7,57.2,55.1,55.1,54.4,32.5,32.3,32.5,30.5,-0.56,73,170
14:25:40,04/04/2025,56.0,57.5,55.4,55.4,54.8,32.5,32.3,32.5,30.5,-0.56,73,170
14:25:41,04/04/2025,56.0,57.5,55.4,55.4,54.8,32.6,32.4,32.5,30.7,-0.57,73,170
14:25:43,04/04/2025,56.0,57.5,55.4,55.4,54.8,32.6,32.4,32.5,30.7,-0.57,73,170
14:25:44,04/04/2025,56.0,57.5,55.4,55.4,54.8,32.6,32.4,32.5,30.7,-0.57,73,170
14:25:45,04/04/2025,56.0,57.5,55.4,55.4,54.8,32.6,32.4,32.5,30.7,-0.57,73,170
14:25:46,04/04/2025,56.3,57.8,55.8,55.8,55.0,32.6,32.4,32.5,30.7,-0.57,73,170
14:25:48,04/04/2025,56.3,57.8,55.8,55.8,55.0,32.6,32.4,32.5,30.7,-0.57,73,170
14:25:49,04/04/2025,56.3,57.8,55.8,55.8,55.0,32.6,32.4,32.5,30.7,-0.57,74,170
14:25:50,04/04/2025,56.3,57.8,55.8,55.8,55.0,32.6,32.4,32.5,30.7,-0.57,74,170
14:25:52,04/04/2025,56.6,58.1,56.0,56.1,55.3,32.6,32.4,32.5,30.7,-0.57,74,170
14:25:53,04/04/2025,56.6,58.1,56.0,56.1,55.3,32.6,32.4,32.5,30.7,-0.57,74,170
14:25:54,04/04/2025,56.6,58.1,56.0,56.1,55.3,32.6,32.4,32.5,30.7,-0.56,75,170
14:25:57,04/04/2025,56.6,58.1,56.0,56.1,55.3,32.6,32.4,32.5,30.7,-0.56,75,170
14:26:00,04/04/2025,56.6,58.1,56.0,56.1,55.3,32.6,32.4,32.5,30.7,-0.56,75,170
14:26:01,04/04/2025,57.1,58.6,56.5,56.5,55.7,32.6,32.4,32.5,30.7,-0.56,75,170
14:26:02,04/04/2025,57.1,58.6,56.5,56.5,55.7,32.6,32.3,32.5,30.6,-0.56,75,170
14:26:03,04/04/2025,57.1,58.6,56.5,56.5,55.7,32.6,32.3,32.5,30.6,-0.56,75,170
14:26:04,04/04/2025,57.1,58.6,56.5,56.5,55.7,32.6,32.3,32.5,30.6,-0.56,75,170
14:26:06,04/04/2025,57.3,58.8,56.7,56.5,55.7,32.6,32.3,32.5,30.6,-0.56,75,170
14:26:07,04/04/2025,57.3,58.8,56.7,56.7,56.0,32.6,32.3,32.5,30.6,-0.56,75,170
14:26:08,04/04/2025,57.3,58.8,56.7,56.7,56.0,32.6,32.3,32.5,30.6,-0.56,75,170
14:26:09,04/04/2025,57.3,58.8,56.7,56.7,56.0,32.6,32.3,32.5,30.6,-0.56,75,170
14:26:13,04/04/2025,57.3,58.8,56.7,56.7,56.0,32.6,32.3,32.5,30.6,-0.56,75,170
14:26:14,04/04/2025,57.6,59.1,57.1,57.2,56.3,32.6,32.3,32.5,30.6,-0.56,75,170
14:26:15,04/04/2025,57.6,59.1,57.1,57.2,56.3,32.6,32.3,32.4,30.6,-0.56,75,170
14:26:16,04/04/2025,57.6,59.1,57.1,57.2,56.3,32.6,32.3,32.4,30.6,-0.54,75,170
14:26:17,04/04/2025,57.6,59.1,57.1,57.2,56.3,32.6,32.3,32.4,30.6,-0.54,75,170
14:26:18,04/04/2025,57.6,59.1,57.1,57.2,56.3,32.6,32.3,32.4,30.6,-0.54,75,170
14:26:21,04/04/2025,57.6,59.1,57.1,57.2,56.3,32.6,32.3,32.4,30.6,-0.54,75,170
14:26:25,04/04/2025,57.6,59.1,57.1,57.2,56.3,32.6,32.3,32.4,30.6,-0.54,75,170
14:26:26,04/04/2025,58.3,59.8,57.7,57.7,56.9,32.6,32.3,32.4,30.6,-0.54,75,170
14:26:27,04/04/2025,58.3,59.8,57.7,57.7,56.9,32.6,32.4,32.5,30.7,-0.54,75,170
14:26:28,04/04/2025,58.3,59.8,57.7,57.7,56.9,32.6,32.4,32.5,30.7,-0.54,77,170
14:26:30,04/04/2025,58.3,59.8,57.7,57.7,56.9,32.6,32.4,32.5,30.7,-0.54,77,170
14:26:33,04/04/2025,58.6,60.1,57.7,57.7,56.9,32.6,32.4,32.5,30.7,-0.54,77,170
14:26:34,04/04/2025,58.6,60.1,58.1,58.1,57.3,32.6,32.4,32.5,30.7,-0.54,77,170
14:26:35,04/04/2025,58.6,60.1,58.1,58.1,57.3,32.6,32.4,32.5,30.7,-0.54,77,170
14:26:36,04/04/2025,58.6,60.1,58.1,58.1,57.3,32.6,32.4,32.5,30.7,-0.55,77,170
14:26:38,04/04/2025,58.6,60.1,58.1,58.1,57.3,32.6,32.4,32.5,30.7,-0.55,77,170
14:26:40,04/04/2025,58.6,60.1,58.1,58.1,57.3,32.6,32.4,32.5,30.7,-0.55,77,170
14:26:43,04/04/2025,59.2,60.7,58.5,58.5,57.8,32.7,32.4,32.5,30.7,-0.55,77,170
14:26:44,04/04/2025,59.2,60.7,58.5,58.5,57.8,32.7,32.5,32.6,30.7,-0.54,77,170
14:26:46,04/04/2025,59.2,60.7,58.5,58.5,57.8,32.7,32.5,32.6,30.7,-0.54,77,170
14:26:48,04/04/2025,59.2,60.7,58.5,58.5,57.8,32.7,32.5,32.6,30.7,-0.54,77,170
14:26:51,04/04/2025,59.2,60.7,58.5,58.5,57.8,32.7,32.5,32.6,30.7,-0.54,77,170
14:26:52,04/04/2025,59.6,61.1,58.9,59.0,57.8,32.7,32.5,32.6,30.7,-0.54,77,170
14:26:53,04/04/2025,59.6,61.1,58.9,59.0,58.3,32.7,32.5,32.6,30.7,-0.54,77,170
14:26:54,04/04/2025,59.6,61.1,58.9,59.0,58.3,32.7,32.5,32.6,30.7,-0.55,78,170
14:26:56,04/04/2025,59.6,61.1,58.9,59.0,58.3,32.7,32.5,32.6,30.7,-0.55,78,170
14:26:59,04/04/2025,59.6,61.1,58.9,59.0,58.3,32.7,32.5,32.6,30.7,-0.55,78,170
14:27:01,04/04/2025,59.6,61.1,58.9,59.0,58.3,32.7,32.5,32.6,30.7,-0.55,78,170
14:27:03,04/04/2025,60.0,61.5,59.5,59.6,58.7,32.7,32.5,32.6,30.7,-0.55,78,170
14:27:04,04/04/2025,60.0,61.5,59.5,59.6,58.7,32.7,32.5,32.5,30.6,-0.54,79,170
14:27:05,04/04/2025,60.0,61.5,59.5,59.6,58.7,32.7,32.5,32.5,30.6,-0.54,79,170
14:27:06,04/04/2025,60.0,61.5,59.5,59.6,58.7,32.7,32.5,32.5,30.6,-0.54,79,170
14:27:08,04/04/2025,60.0,61.5,59.5,59.6,58.7,32.7,32.5,32.5,30.6,-0.54,79,170
14:27:09,04/04/2025,60.4,61.9,59.8,59.6,58.7,32.7,32.5,32.5,30.6,-0.54,79,170
14:27:10,04/04/2025,60.4,61.9,59.8,59.8,59.0,32.6,32.4,32.5,30.6,-0.54,79,170
14:27:11,04/04/2025,60.4,61.9,59.8,59.8,59.0,32.6,32.4,32.5,30.6,-0.52,79,170
14:27:13,04/04/2025,60.4,61.9,59.8,59.8,59.0,32.6,32.4,32.5,30.6,-0.52,79,170
14:27:15,04/04/2025,60.4,61.9,59.8,59.8,59.0,32.6,32.4,32.5,30.6,-0.52,79,170
14:27:18,04/04/2025,60.4,61.9,59.8,59.8,59.0,32.6,32.4,32.5,30.6,-0.52,79,170
14:27:20,04/04/2025,60.9,62.4,60.3,60.3,59.5,32.7,32.5,32.6,30.7,-0.54,79,170
14:27:21,04/04/2025,60.9,62.4,60.3,60.3,59.5,32.7,32.5,32.6,30.7,-0.54,80,170
14:27:23,04/04/2025,60.9,62.4,60.3,60.3,59.5,32.7,32.5,32.6,30.7,-0.54,80,170
14:27:25,04/04/2025,60.9,62.4,60.3,60.3,59.5,32.7,32.5,32.6,30.7,-0.54,80,170
14:27:26,04/04/2025,61.1,62.6,60.6,60.7,59.5,32.7,32.5,32.6,30.7,-0.54,80,170
14:27:28,04/04/2025,61.1,62.6,60.6,60.7,59.9,32.7,32.5,32.5,30.7,-0.52,80,170
14:27:29,04/04/2025,61.1,62.6,60.6,60.7,59.9,32.7,32.5,32.5,30.7,-0.52,80,170
14:27:30,04/04/2025,61.1,62.6,60.6,60.7,59.9,32.7,32.5,32.5,30.7,-0.52,80,170
14:27:31,04/04/2025,61.1,62.6,60.6,60.7,59.9,32.7,32.5,32.5,30.7,-0.52,80,170
14:27:33,04/04/2025,61.1,62.6,60.6,60.7,59.9,32.7,32.5,32.5,30.7,-0.52,80,170
14:27:34,04/04/2025,61.5,63.0,60.9,61.0,60.2,32.7,32.5,32.5,30.7,-0.52,80,170
14:27:35,04/04/2025,61.5,63.0,60.9,61.0,60.2,32.7,32.5,32.5,30.7,-0.52,80,170
14:27:36,04/04/2025,61.5,63.0,60.9,61.0,60.2,32.7,32.5,32.5,30.7,-0.52,81,170
14:27:37,04/04/2025,61.5,63.0,60.9,61.0,60.2,32.7,32.5,32.5,30.7,-0.52,81,170
14:27:40,04/04/2025,61.5,63.0,60.9,61.0,60.2,32.7,32.5,32.5,30.7,-0.52,81,170
14:27:41,04/04/2025,61.5,63.0,60.9,61.0,60.2,32.7,32.5,32.5,30.7,-0.52,81,170
14:27:42,04/04/2025,61.5,63.0,60.9,61.0,60.2,32.7,32.5,32.5,30.7,-0.52,81,170
14:27:43,04/04/2025,62.0,63.5,61.3,61.5,60.7,32.8,32.5,32.5,30.7,-0.52,81,170
14:27:45,04/04/2025,62.0,63.5,61.3,61.5,60.7,32.8,32.5,32.6,30.7,-0.54,81,170
14:27:46,04/04/2025,62.0,63.5,61.3,61.5,60.7,32.8,32.5,32.6,30.7,-0.54,82,170
14:27:49,04/04/2025,62.0,63.5,61.3,61.5,60.7,32.8,32.5,32.6,30.7,-0.54,82,170
14:27:51,04/04/2025,62.0,63.5,61.3,61.5,60.7,32.8,32.5,32.6,30.7,-0.54,82,170
14:27:52,04/04/2025,62.4,63.9,61.8,61.9,61.1,32.8,32.5,32.6,30.7,-0.54,82,170
14:27:53,04/04/2025,62.4,63.9,61.8,61.9,61.1,32.8,32.5,32.6,30.7,-0.54,82,170
14:27:54,04/04/2025,62.4,63.9,61.8,61.9,61.1,32.8,32.5,32.6,30.7,-0.51,82,170
14:27:55,04/04/2025,62.4,63.9,61.8,61.9,61.1,32.8,32.5,32.6,30.7,-0.51,82,170
14:27:57,04/04/2025,62.4,63.9,61.8,61.9,61.1,32.8,32.5,32.6,30.7,-0.51,82,170
14:28:00,04/04/2025,62.4,63.9,61.8,61.9,61.1,32.8,32.5,32.6,30.7,-0.51,82,170
14:28:02,04/04/2025,62.4,63.9,61.8,61.9,61.1,32.8,32.5,32.6,30.7,-0.51,82,170
14:28:03,04/04/2025,62.9,64.4,62.3,62.4,61.5,32.7,32.5,32.6,30.7,-0.51,82,170
14:28:04,04/04/2025,62.9,64.4,62.3,62.4,61.5,32.7,32.5,32.6,30.7,-0.54,82,170
14:28:05,04/04/2025,62.9,64.4,62.3,62.4,61.5,32.7,32.5,32.6,30.7,-0.54,82,170
14:28:06,04/04/2025,63.1,64.6,62.3,62.4,61.5,32.7,32.5,32.6,30.7,-0.54,82,170
14:28:07,04/04/2025,63.1,64.6,62.4,62.6,61.7,32.7,32.5,32.6,30.7,-0.54,82,170
14:28:09,04/04/2025,63.1,64.6,62.4,62.6,61.7,32.7,32.5,32.6,30.8,-0.51,82,170
14:28:10,04/04/2025,63.1,64.6,62.4,62.6,61.7,32.7,32.5,32.6,30.8,-0.51,83,170
14:28:11,04/04/2025,63.1,64.6,62.4,62.6,61.7,32.7,32.5,32.6,30.8,-0.51,83,170
14:28:12,04/04/2025,63.3,64.8,62.7,62.6,61.7,32.7,32.5,32.6,30.8,-0.51,83,170
14:28:14,04/04/2025,63.3,64.8,62.7,62.8,62.1,32.9,32.6,32.6,30.8,-0.51,83,170
14:28:15,04/04/2025,63.3,64.8,62.7,62.8,62.1,32.9,32.6,32.7,30.8,-0.52,83,170
14:28:16,04/04/2025,63.3,64.8,62.7,62.8,62.1,32.9,32.6,32.7,30.8,-0.52,84,170
14:28:17,04/04/2025,63.3,64.8,62.7,62.8,62.1,32.9,32.6,32.7,30.8,-0.52,84,170
14:28:18,04/04/2025,63.3,64.8,62.7,62.8,62.1,32.9,32.6,32.7,30.8,-0.52,84,170
14:28:19,04/04/2025,63.3,64.8,62.7,62.8,62.1,32.9,32.6,32.7,30.8,-0.52,84,170
14:28:20,04/04/2025,63.7,65.2,63.1,63.3,62.4,32.9,32.6,32.7,30.8,-0.52,84,170
14:28:22,04/04/2025,63.7,65.2,63.1,63.3,62.4,32.9,32.6,32.7,30.8,-0.52,84,170
14:28:23,04/04/2025,63.7,65.2,63.1,63.3,62.4,32.9,32.6,32.7,30.8,-0.52,84,170
14:28:25,04/04/2025,63.7,65.2,63.1,63.3,62.4,32.9,32.6,32.7,30.8,-0.52,84,170
14:28:28,04/04/2025,63.9,65.4,63.4,63.5,62.7,32.8,32.6,32.7,30.8,-0.52,84,170
14:28:29,04/04/2025,63.9,65.4,63.4,63.5,62.7,32.8,32.6,32.7,30.8,-0.52,84,170
14:28:30,04/04/2025,63.9,65.4,63.4,63.5,62.7,32.8,32.6,32.7,30.8,-0.52,84,170
14:28:31,04/04/2025,63.9,65.4,63.4,63.5,62.7,32.8,32.6,32.7,30.8,-0.52,84,170
14:28:32,04/04/2025,63.9,65.4,63.4,63.5,62.7,32.8,32.6,32.7,30.8,-0.52,84,170
14:28:34,04/04/2025,64.3,65.8,63.6,63.8,62.9,32.8,32.6,32.7,30.8,-0.52,84,170
14:28:35,04/04/2025,64.3,65.8,63.6,63.8,62.9,32.8,32.6,32.7,30.8,-0.52,84,170
14:28:36,04/04/2025,64.3,65.8,63.6,63.8,62.9,32.8,32.6,32.7,30.8,-0.51,84,170
14:28:37,04/04/2025,64.5,66.0,63.8,63.8,62.9,32.8,32.6,32.7,30.8,-0.51,84,170
14:28:39,04/04/2025,64.5,66.0,63.8,64.0,63.1,32.8,32.6,32.7,30.8,-0.51,84,170
14:28:40,04/04/2025,64.5,66.0,63.8,64.0,63.1,32.8,32.6,32.7,30.8,-0.52,84,170
14:28:41,04/04/2025,64.5,66.0,63.8,64.0,63.1,32.8,32.6,32.7,30.8,-0.52,85,170
14:28:43,04/04/2025,64.5,66.0,63.8,64.0,63.1,32.8,32.6,32.7,30.8,-0.52,85,170
14:28:45,04/04/2025,64.5,66.0,63.8,64.0,63.1,32.8,32.6,32.7,30.8,-0.52,85,170
14:28:47,04/04/2025,64.5,66.0,63.8,64.0,63.1,32.8,32.6,32.7,30.8,-0.52,85,170
14:28:48,04/04/2025,64.9,66.4,64.3,64.5,63.6,32.8,32.6,32.7,30.8,-0.52,85,170
14:28:50,04/04/2025,64.9,66.4,64.3,64.5,63.6,32.8,32.6,32.6,30.8,-0.52,85,170
14:28:51,04/04/2025,64.9,66.4,64.3,64.5,63.6,32.8,32.6,32.6,30.8,-0.51,86,170
14:28:52,04/04/2025,64.9,66.4,64.3,64.5,63.6,32.8,32.6,32.6,30.8,-0.51,86,170
14:28:53,04/04/2025,64.9,66.4,64.3,64.5,63.6,32.8,32.6,32.6,30.8,-0.51,86,170
14:28:55,04/04/2025,64.9,66.4,64.3,64.5,63.6,32.8,32.6,32.6,30.8,-0.51,86,170
14:28:57,04/04/2025,65.3,66.8,64.7,64.9,64.0,32.8,32.6,32.6,30.8,-0.51,86,170
14:28:58,04/04/2025,65.3,66.8,64.7,64.9,64.0,32.9,32.7,32.7,30.8,-0.51,86,170
14:28:59,04/04/2025,65.3,66.8,64.7,64.9,64.0,32.9,32.7,32.7,30.8,-0.51,86,170
14:29:01,04/04/2025,65.3,66.8,64.7,64.9,64.0,32.9,32.7,32.7,30.8,-0.51,86,170
14:29:03,04/04/2025,65.3,66.8,64.7,64.9,64.0,32.9,32.7,32.7,30.8,-0.51,86,170
14:29:04,04/04/2025,65.6,67.1,64.9,65.2,64.0,32.9,32.7,32.7,30.8,-0.51,86,170
14:29:05,04/04/2025,65.6,67.1,64.9,65.2,64.3,32.9,32.6,32.7,30.8,-0.51,86,170
14:29:06,04/04/2025,65.6,67.1,64.9,65.2,64.3,32.9,32.6,32.7,30.8,-0.5,86,170
14:29:09,04/04/2025,65.6,67.1,64.9,65.2,64.3,32.9,32.6,32.7,30.8,-0.5,86,170
14:29:10,04/04/2025,65.6,67.1,64.9,65.2,64.3,32.9,32.6,32.7,30.8,-0.5,86,170
14:29:11,04/04/2025,65.9,67.4,65.2,65.5,64.6,32.9,32.6,32.7,30.8,-0.5,86,170
14:29:12,04/04/2025,65.9,67.4,65.2,65.5,64.6,32.9,32.6,32.7,30.8,-0.5,86,170
14:29:13,04/04/2025,65.9,67.4,65.2,65.5,64.6,32.9,32.6,32.7,30.8,-0.49,87,170
14:29:15,04/04/2025,65.9,67.4,65.2,65.5,64.6,32.9,32.6,32.7,30.8,-0.49,87,170
14:29:19,04/04/2025,65.9,67.4,65.2,65.5,64.6,32.9,32.6,32.7,30.8,-0.49,87,170
14:29:22,04/04/2025,66.5,68.0,65.2,65.5,64.6,32.9,32.6,32.7,30.8,-0.49,87,170
14:29:24,04/04/2025,66.5,68.0,65.8,66.1,65.1,32.8,32.6,32.7,30.8,-0.49,87,170
14:29:25,04/04/2025,66.5,68.0,65.8,66.1,65.1,32.8,32.6,32.7,30.8,-0.5,87,170
14:29:29,04/04/2025,66.5,68.0,65.8,66.1,65.1,32.8,32.6,32.7,30.8,-0.5,87,170
14:29:31,04/04/2025,66.8,68.3,66.1,66.4,65.5,32.9,32.6,32.7,30.8,-0.5,87,170
14:29:32,04/04/2025,66.8,68.3,66.1,66.4,65.5,32.9,32.7,32.7,30.8,-0.49,87,170
14:29:33,04/04/2025,66.8,68.3,66.1,66.4,65.5,32.9,32.7,32.7,30.8,-0.49,88,170
14:29:34,04/04/2025,66.8,68.3,66.1,66.4,65.5,32.9,32.7,32.7,30.8,-0.49,88,170
14:29:37,04/04/2025,66.8,68.3,66.1,66.4,65.5,32.9,32.7,32.7,30.8,-0.49,88,170
14:29:38,04/04/2025,66.8,68.3,66.1,66.4,65.5,32.9,32.7,32.7,30.8,-0.49,88,170
14:29:39,04/04/2025,67.2,68.7,66.4,66.7,65.8,32.9,32.7,32.7,30.8,-0.49,88,170
14:29:40,04/04/2025,67.2,68.7,66.4,66.7,65.8,32.9,32.7,32.7,30.8,-0.49,89,170
14:29:41,04/04/2025,67.2,68.7,66.4,66.7,65.8,32.9,32.7,32.7,30.8,-0.49,89,170
14:29:43,04/04/2025,67.2,68.7,66.4,66.7,65.8,32.9,32.7,32.7,30.8,-0.49,89,170
14:29:45,04/04/2025,67.2,68.7,66.4,66.7,65.8,32.9,32.7,32.7,30.8,-0.49,89,170
14:29:47,04/04/2025,67.5,69.0,66.9,67.1,66.1,32.9,32.6,32.7,30.8,-0.49,89,170
14:29:48,04/04/2025,67.5,69.0,66.9,67.1,66.1,32.9,32.6,32.7,30.8,-0.5,89,170
14:29:50,04/04/2025,67.5,69.0,66.9,67.1,66.1,32.9,32.6,32.7,30.8,-0.5,89,170
14:29:52,04/04/2025,67.5,69.0,66.9,67.1,66.1,32.9,32.6,32.7,30.8,-0.5,89,170
14:29:53,04/04/2025,67.8,69.3,67.1,67.4,66.4,32.9,32.6,32.7,30.8,-0.5,89,170
14:29:54,04/04/2025,67.8,69.3,67.1,67.4,66.4,32.9,32.6,32.7,30.8,-0.49,89,170
14:29:55,04/04/2025,67.8,69.3,67.1,67.4,66.4,32.9,32.6,32.7,30.8,-0.49,89,170
14:29:58,04/04/2025,67.8,69.3,67.1,67.4,66.4,32.9,32.6,32.7,30.8,-0.49,89,170
14:30:00,04/04/2025,67.8,69.3,67.1,67.4,66.4,32.9,32.6,32.7,30.8,-0.49,89,170
14:30:01,04/04/2025,68.2,69.7,67.4,67.7,66.7,32.9,32.6,32.7,30.8,-0.49,89,170
14:30:02,04/04/2025,68.2,69.7,67.4,67.7,66.7,32.9,32.8,32.8,30.8,-0.49,89,170
14:30:03,04/04/2025,68.2,69.7,67.4,67.7,66.7,32.9,32.8,32.8,30.8,-0.49,89,170
14:30:04,04/04/2025,68.2,69.7,67.4,67.7,66.7,32.9,32.8,32.8,30.8,-0.49,89,170
14:30:06,04/04/2025,68.2,69.7,67.4,67.7,66.7,32.9,32.8,32.8,30.8,-0.49,89,170
14:30:07,04/04/2025,68.2,69.7,67.4,67.7,66.7,32.9,32.8,32.8,30.8,-0.49,89,170
14:30:08,04/04/2025,68.5,70.0,67.7,68.0,67.1,32.9,32.8,32.8,30.8,-0.49,89,170
14:30:09,04/04/2025,68.5,70.0,67.7,68.0,67.1,33.0,32.8,32.8,30.8,-0.48,90,170
14:30:12,04/04/2025,68.5,70.0,67.7,68.0,67.1,33.0,32.8,32.8,30.8,-0.48,90,170
14:30:15,04/04/2025,68.5,70.0,67.7,68.0,67.1,33.0,32.8,32.8,30.8,-0.48,90,170
14:30:16,04/04/2025,68.9,70.4,68.1,68.4,67.5,33.0,32.8,32.8,30.8,-0.48,90,170
14:30:18,04/04/2025,68.9,70.4,68.1,68.4,67.5,33.0,32.8,32.8,30.9,-0.47,90,170
14:30:19,04/04/2025,68.9,70.4,68.1,68.4,67.5,33.0,32.8,32.8,30.9,-0.47,90,170
14:30:20,04/04/2025,68.9,70.4,68.1,68.4,67.5,33.0,32.8,32.8,30.9,-0.47,90,170
14:30:22,04/04/2025,68.9,70.4,68.1,68.4,67.5,33.0,32.8,32.8,30.9,-0.47,90,170
14:30:24,04/04/2025,68.9,70.4,68.1,68.4,67.5,33.0,32.8,32.8,30.9,-0.47,90,170
14:30:26,04/04/2025,69.4,70.9,68.5,68.8,67.8,33.0,32.8,32.8,30.9,-0.47,90,170
14:30:27,04/04/2025,69.4,70.9,68.5,68.8,67.8,33.0,32.8,32.8,30.9,-0.48,90,170
14:30:28,04/04/2025,69.4,70.9,68.5,68.8,67.8,33.0,32.8,32.8,30.9,-0.48,91,170
14:30:30,04/04/2025,69.4,70.9,68.5,68.8,67.8,33.0,32.8,32.8,30.9,-0.48,91,170
14:30:31,04/04/2025,69.4,70.9,68.5,68.8,67.8,33.0,32.8,32.8,30.9,-0.48,91,170
14:30:33,04/04/2025,69.7,71.2,68.8,69.1,67.8,33.0,32.8,32.8,30.9,-0.48,91,170
14:30:34,04/04/2025,69.7,71.2,68.8,69.1,68.1,32.9,32.8,32.8,30.9,-0.48,91,170
14:30:35,04/04/2025,69.7,71.2,68.8,69.1,68.1,32.9,32.8,32.8,30.8,-0.46,91,170
14:30:36,04/04/2025,69.7,71.2,68.8,69.1,68.1,32.9,32.8,32.8,30.8,-0.46,91,170
14:30:37,04/04/2025,69.7,71.2,68.8,69.1,68.1,32.9,32.8,32.8,30.8,-0.46,91,170
14:30:38,04/04/2025,69.7,71.2,68.8,69.1,68.1,32.9,32.8,32.8,30.8,-0.46,91,170
14:30:39,04/04/2025,69.7,71.2,68.8,69.1,68.1,32.9,32.8,32.8,30.8,-0.46,91,170
14:30:40,04/04/2025,69.7,71.2,68.8,69.1,68.1,32.9,32.8,32.8,30.8,-0.46,91,170
14:30:42,04/04/2025,70.0,71.5,69.3,69.6,68.6,32.9,32.8,32.8,30.8,-0.46,91,170
14:30:43,04/04/2025,70.0,71.5,69.3,69.6,68.6,33.0,32.8,32.8,30.8,-0.46,91,170
14:30:44,04/04/2025,70.0,71.5,69.3,69.6,68.6,33.0,32.8,32.8,30.8,-0.47,92,170
14:30:45,04/04/2025,70.1,71.6,69.3,69.6,68.6,33.0,32.8,32.8,30.8,-0.47,92,170
14:30:46,04/04/2025,70.1,71.6,69.4,69.7,68.7,33.0,32.8,32.8,30.8,-0.47,92,170
14:30:48,04/04/2025,70.1,71.6,69.4,69.7,68.7,33.0,32.8,32.8,30.8,-0.46,92,170
14:30:52,04/04/2025,70.1,71.6,69.4,69.7,68.7,33.0,32.8,32.8,30.8,-0.46,92,170
14:30:53,04/04/2025,70.1,71.6,69.4,69.7,68.7,33.0,32.8,32.8,30.8,-0.46,92,170
14:30:54,04/04/2025,70.1,71.6,69.4,69.7,68.7,33.0,32.8,32.8,30.8,-0.46,92,170
14:30:55,04/04/2025,70.2,71.7,69.9,70.1,69.1,33.0,32.8,32.8,30.8,-0.46,92,170
14:30:57,04/04/2025,70.2,71.7,69.9,70.1,69.1,33.0,32.8,32.8,30.8,-0.45,93,170
14:30:58,04/04/2025,70.2,71.7,69.9,70.1,69.1,33.0,32.8,32.8,30.8,-0.45,93,170
14:30:59,04/04/2025,70.2,71.7,69.9,70.1,69.1,33.0,32.8,32.8,30.8,-0.45,93,170
14:31:02,04/04/2025,70.2,71.7,69.9,70.1,69.1,33.0,32.8,32.8,30.8,-0.45,93,170
14:31:03,04/04/2025,70.4,71.9,70.1,70.4,69.4,33.0,32.8,32.8,30.8,-0.45,93,170
14:31:04,04/04/2025,70.4,71.9,70.1,70.4,69.4,33.0,32.8,32.8,30.9,-0.45,93,170
14:31:05,04/04/2025,70.4,71.9,70.1,70.4,69.4,33.0,32.8,32.8,30.9,-0.44,93,170
14:31:07,04/04/2025,70.4,71.9,70.1,70.4,69.4,33.0,32.8,32.8,30.9,-0.44,93,170
14:31:09,04/04/2025,70.4,71.9,70.1,70.4,69.4,33.0,32.8,32.8,30.9,-0.44,93,170
14:31:10,04/04/2025,70.4,71.9,70.0,70.7,69.6,33.0,32.8,32.8,30.9,-0.44,93,170
14:31:11,04/04/2025,70.4,71.9,70.0,70.7,69.6,33.0,32.8,32.8,30.9,-0.43,93,170
14:31:13,04/04/2025,70.4,71.9,70.0,70.7,69.6,33.0,32.8,32.8,30.9,-0.43,93,170
14:31:15,04/04/2025,70.4,71.9,70.0,70.7,69.6,33.0,32.8,32.8,30.9,-0.43,93,170
14:31:16,04/04/2025,70.4,71.9,70.0,70.7,69.6,33.0,32.8,32.8,30.9,-0.43,93,170
14:31:19,04/04/2025,70.4,71.9,70.0,70.7,69.6,33.0,32.8,32.8,30.9,-0.43,93,170
14:31:21,04/04/2025,71.3,72.8,70.6,71.1,69.6,33.0,32.8,32.8,30.9,-0.43,93,170
14:31:22,04/04/2025,71.3,72.8,70.6,71.1,70.2,33.1,32.9,32.9,30.9,-0.43,93,170
14:31:23,04/04/2025,71.3,72.8,70.6,71.1,70.2,33.1,32.9,32.9,30.9,-0.44,94,170
14:31:24,04/04/2025,71.5,73.0,70.9,71.3,70.2,33.1,32.9,32.9,30.9,-0.44,94,170
14:31:25,04/04/2025,71.5,73.0,70.9,71.3,70.3,33.1,32.9,32.9,30.9,-0.44,94,170
14:31:27,04/04/2025,71.5,73.0,70.9,71.3,70.3,33.1,32.9,32.9,30.9,-0.45,94,170
14:31:28,04/04/2025,71.5,73.0,70.9,71.3,70.3,33.1,32.9,32.9,30.9,-0.45,94,170
14:31:30,04/04/2025,71.5,73.0,70.9,71.3,70.3,33.1,32.9,32.9,30.9,-0.45,94,170
14:31:31,04/04/2025,71.9,73.4,71.2,71.6,70.3,33.1,32.9,32.9,30.9,-0.45,94,170
14:31:32,04/04/2025,71.9,73.4,71.2,71.6,70.6,33.1,32.9,32.9,30.9,-0.45,94,170
14:31:34,04/04/2025,71.9,73.4,71.2,71.6,70.6,33.1,32.9,32.9,30.9,-0.43,94,170
14:31:35,04/04/2025,71.9,73.4,71.2,71.6,70.6,33.1,32.9,32.9,30.9,-0.43,94,170
14:31:36,04/04/2025,71.9,73.4,71.2,71.6,70.6,33.1,32.9,32.9,30.9,-0.43,94,170
14:31:37,04/04/2025,71.9,73.4,71.2,71.6,70.6,33.1,32.9,32.9,30.9,-0.43,94,170
14:31:39,04/04/2025,72.1,73.6,71.5,72.0,70.9,33.1,32.9,32.9,30.9,-0.43,94,170
14:31:41,04/04/2025,72.1,73.6,71.5,72.0,70.9,33.1,32.9,32.9,30.9,-0.44,95,170
14:31:42,04/04/2025,72.1,73.6,71.5,72.0,70.9,33.1,32.9,32.9,30.9,-0.44,95,170
14:31:43,04/04/2025,72.1,73.6,71.5,72.0,70.9,33.1,32.9,32.9,30.9,-0.44,95,170
14:31:44,04/04/2025,72.4,73.9,71.5,72.0,70.9,33.1,32.9,32.9,30.9,-0.44,95,170
14:31:46,04/04/2025,72.4,73.9,71.7,72.2,71.1,33.1,32.9,32.9,30.9,-0.44,95,170
14:31:47,04/04/2025,72.4,73.9,71.7,72.2,71.1,33.1,32.9,32.9,30.9,-0.43,95,170
14:31:48,04/04/2025,72.4,73.9,71.7,72.2,71.1,33.1,32.9,32.9,30.9,-0.43,95,170
14:31:49,04/04/2025,72.6,74.1,71.7,72.2,71.1,33.1,32.9,32.9,30.9,-0.43,95,170
14:31:50,04/04/2025,72.6,74.1,71.9,72.3,71.3,33.1,32.9,32.9,30.9,-0.43,95,170
14:31:52,04/04/2025,72.6,74.1,71.9,72.3,71.3,33.1,32.9,32.9,30.9,-0.43,95,170
14:31:53,04/04/2025,72.6,74.1,71.9,72.3,71.3,33.1,32.9,32.9,30.9,-0.43,96,170
14:31:54,04/04/2025,72.6,74.1,71.9,72.3,71.3,33.1,32.9,32.9,30.9,-0.43,96,170
14:31:56,04/04/2025,72.6,74.1,71.9,72.3,71.3,33.1,32.9,32.9,30.9,-0.43,96,170
14:31:57,04/04/2025,72.6,74.1,71.9,72.3,71.3,33.1,32.9,32.9,30.9,-0.43,96,170
14:31:58,04/04/2025,73.0,74.5,72.3,72.6,71.6,33.1,32.9,32.9,30.9,-0.43,96,170
14:32:00,04/04/2025,73.0,74.5,72.3,72.6,71.6,33.1,32.9,32.9,30.9,-0.41,96,170
14:32:01,04/04/2025,73.0,74.5,72.3,72.6,71.6,33.1,32.9,32.9,30.9,-0.41,96,170
14:32:03,04/04/2025,73.0,74.5,72.3,72.6,71.6,33.1,32.9,32.9,30.9,-0.41,96,170
14:32:04,04/04/2025,73.2,74.7,72.4,72.7,71.9,33.1,32.9,32.9,30.9,-0.41,96,170
14:32:05,04/04/2025,73.2,74.7,72.4,72.7,71.9,33.2,32.9,32.9,31.0,-0.41,96,170
14:32:06,04/04/2025,73.2,74.7,72.4,72.7,71.9,33.2,32.9,32.9,31.0,-0.42,96,170
14:32:09,04/04/2025,73.2,74.7,72.4,72.7,71.9,33.2,32.9,32.9,31.0,-0.42,96,170
14:32:11,04/04/2025,73.2,74.7,72.4,72.7,71.9,33.2,32.9,32.9,31.0,-0.42,96,170
14:32:13,04/04/2025,73.2,74.7,72.4,72.7,71.9,33.2,32.9,32.9,31.0,-0.42,96,170
14:32:15,04/04/2025,73.6,75.1,72.8,73.0,71.9,33.2,32.9,32.9,31.0,-0.42,96,170
14:32:16,04/04/2025,73.6,75.1,72.8,73.0,72.2,33.2,33.0,33.0,31.0,-0.42,96,170
14:32:17,04/04/2025,73.6,75.1,72.8,73.0,72.2,33.2,33.0,33.0,31.0,-0.42,97,170
14:32:19,04/04/2025,73.6,75.1,72.8,73.0,72.2,33.2,33.0,33.0,31.0,-0.42,97,170
14:32:20,04/04/2025,73.6,75.1,72.8,73.0,72.2,33.2,33.0,33.0,31.0,-0.42,97,170
14:32:22,04/04/2025,73.8,75.3,73.1,73.1,72.6,33.2,33.0,33.0,31.0,-0.42,97,170
14:32:23,04/04/2025,73.8,75.3,73.1,73.1,72.6,33.2,32.9,33.0,31.0,-0.42,97,170
14:32:24,04/04/2025,73.8,75.3,73.1,73.1,72.6,33.2,32.9,33.0,31.0,-0.39,97,170
14:32:27,04/04/2025,73.8,75.3,73.1,73.1,72.6,33.2,32.9,33.0,31.0,-0.39,97,170
14:32:30,04/04/2025,73.8,75.3,73.1,73.1,72.6,33.2,32.9,33.0,31.0,-0.39,97,170
14:32:31,04/04/2025,74.3,75.8,72.3,72.6,73.6,33.2,32.9,33.0,31.0,-0.39,97,170
14:32:32,04/04/2025,74.3,75.8,72.3,72.6,73.6,33.1,32.9,33.3,31.1,-0.39,97,170
14:32:33,04/04/2025,74.3,75.8,72.3,72.6,73.6,33.1,32.9,33.3,31.1,-0.39,98,170
14:32:34,04/04/2025,74.3,75.8,72.3,72.6,73.6,33.1,32.9,33.3,31.1,-0.39,98,170
14:32:37,04/04/2025,74.3,75.8,72.3,72.6,73.6,33.1,32.9,33.3,31.1,-0.39,98,170
14:32:38,04/04/2025,74.3,75.8,72.3,72.6,73.6,33.1,32.9,33.3,31.1,-0.39,98,170
14:32:39,04/04/2025,74.6,76.1,72.5,73.8,74.0,33.1,32.9,33.3,31.1,-0.39,98,170
14:32:40,04/04/2025,74.6,76.1,72.5,73.8,74.0,33.2,32.9,33.5,31.2,-0.39,98,170
14:32:41,04/04/2025,74.6,76.1,72.5,73.8,74.0,33.2,32.9,33.5,31.2,-0.38,98,170
14:32:43,04/04/2025,74.6,76.1,72.5,73.8,74.0,33.2,32.9,33.5,31.2,-0.38,98,170
14:32:44,04/04/2025,74.6,76.1,72.5,73.8,74.0,33.2,32.9,33.5,31.2,-0.38,98,170
14:32:45,04/04/2025,74.6,76.1,72.5,73.8,74.0,33.2,32.9,33.5,31.2,-0.38,98,170
14:32:47,04/04/2025,74.8,76.3,72.7,74.1,74.2,33.2,32.9,33.5,31.2,-0.38,98,170
14:32:48,04/04/2025,74.8,76.3,72.7,74.1,74.2,33.2,33.0,33.5,31.2,-0.36,98,170
14:32:49,04/04/2025,74.8,76.3,72.7,74.1,74.2,33.2,33.0,33.5,31.2,-0.36,98,170
14:32:53,04/04/2025,74.8,76.3,72.7,74.1,74.2,33.2,33.0,33.5,31.2,-0.36,98,170
14:32:57,04/04/2025,75.1,76.6,72.7,74.1,74.2,33.2,33.0,33.5,31.2,-0.36,98,170
14:32:58,04/04/2025,75.1,76.6,73.0,74.3,74.4,33.2,33.0,33.5,31.2,-0.36,98,170
14:32:59,04/04/2025,75.1,76.6,73.0,74.3,74.4,33.2,33.1,33.5,31.3,-0.37,98,170
14:33:00,04/04/2025,75.1,76.6,73.0,74.3,74.4,33.2,33.1,33.5,31.3,-0.37,98,170
14:33:01,04/04/2025,75.1,76.6,73.0,74.3,74.4,33.2,33.1,33.5,31.3,-0.37,98,170
14:33:02,04/04/2025,75.3,76.8,73.0,74.3,74.5,33.2,33.1,33.5,31.3,-0.37,98,170
14:33:04,04/04/2025,75.3,76.8,73.0,74.3,74.5,33.2,33.1,33.5,31.3,-0.37,98,170
14:33:05,04/04/2025,75.3,76.8,73.0,74.3,74.5,33.2,33.1,33.5,31.3,-0.36,99,170
14:33:09,04/04/2025,75.3,76.8,73.0,74.3,74.5,33.2,33.1,33.5,31.3,-0.36,99,170
14:33:10,04/04/2025,75.3,76.8,73.0,74.3,74.5,33.2,33.1,33.5,31.3,-0.36,99,170
14:33:12,04/04/2025,75.3,76.8,73.0,74.3,74.5,33.2,33.1,33.5,31.3,-0.36,99,170
14:33:14,04/04/2025,75.7,77.2,73.3,74.5,74.6,33.2,33.1,33.5,31.3,-0.36,99,170
14:33:15,04/04/2025,75.7,77.2,73.3,74.5,74.6,33.2,33.1,33.4,31.4,-0.36,99,170
14:33:16,04/04/2025,75.7,77.2,73.3,74.5,74.6,33.2,33.1,33.4,31.4,-0.35,100,170
14:33:17,04/04/2025,75.7,77.2,73.3,74.5,74.6,33.2,33.1,33.4,31.4,-0.35,100,170
14:33:19,04/04/2025,75.9,77.4,74.2,74.4,74.4,33.2,33.1,33.4,31.4,-0.35,100,170
14:33:20,04/04/2025,75.9,77.4,74.2,74.4,74.4,33.2,33.1,33.4,31.4,-0.36,100,170
14:33:21,04/04/2025,75.9,77.4,74.2,74.4,74.4,33.2,33.1,33.4,31.4,-0.36,100,170
14:33:23,04/04/2025,75.9,77.4,74.2,74.4,74.4,33.2,33.1,33.4,31.4,-0.36,100,170
14:33:26,04/04/2025,75.9,77.4,74.2,74.4,74.4,33.2,33.1,33.4,31.4,-0.36,100,170
14:33:27,04/04/2025,76.1,77.6,75.1,74.5,74.4,33.2,33.1,33.4,31.4,-0.36,100,170
14:33:28,04/04/2025,76.1,77.6,75.1,74.5,74.6,33.3,33.1,33.4,31.4,-0.36,100,170
14:33:29,04/04/2025,76.1,77.6,75.1,74.5,74.6,33.3,33.1,33.4,31.4,-0.38,100,170
14:33:30,04/04/2025,76.3,77.8,75.1,74.5,74.6,33.3,33.1,33.4,31.4,-0.38,100,170
14:33:32,04/04/2025,76.3,77.8,75.3,74.7,74.7,33.3,33.1,33.4,31.4,-0.38,100,170
14:33:33,04/04/2025,76.3,77.8,75.3,74.7,74.7,33.3,33.1,33.4,31.4,-0.35,100,170
14:33:34,04/04/2025,76.3,77.8,75.3,74.7,74.7,33.3,33.1,33.4,31.4,-0.35,100,170
14:33:36,04/04/2025,76.3,77.8,75.3,74.7,74.7,33.3,33.1,33.4,31.4,-0.35,100,170
14:33:37,04/04/2025,76.3,77.8,75.3,74.7,74.7,33.3,33.1,33.4,31.4,-0.35,100,170
14:33:38,04/04/2025,76.3,77.8,75.3,74.7,74.7,33.3,33.1,33.4,31.4,-0.35,100,170
14:33:39,04/04/2025,76.5,78.0,73.6,74.8,75.0,33.3,33.1,33.4,31.4,-0.35,100,170
14:33:40,04/04/2025,76.5,78.0,73.6,74.8,75.0,33.3,33.3,33.5,31.5,-0.35,100,170
14:33:42,04/04/2025,76.5,78.0,73.6,74.8,75.0,33.3,33.3,33.5,31.5,-0.35,100,170
14:33:43,04/04/2025,76.5,78.0,73.6,74.8,75.0,33.3,33.3,33.5,31.5,-0.35,100,170
14:33:44,04/04/2025,76.8,78.3,73.7,74.9,75.1,33.3,33.3,33.5,31.5,-0.35,100,170
14:33:45,04/04/2025,76.8,78.3,73.7,74.9,75.1,33.3,33.3,33.5,31.6,-0.35,100,170
14:33:46,04/04/2025,76.8,78.3,73.7,74.9,75.1,33.3,33.3,33.5,31.6,-0.33,101,170
14:33:50,04/04/2025,76.8,78.3,73.7,74.9,75.1,33.3,33.3,33.5,31.6,-0.33,101,170
14:33:53,04/04/2025,77.2,78.7,73.7,74.9,75.1,33.3,33.3,33.5,31.6,-0.33,101,170
14:33:55,04/04/2025,77.2,78.7,74.1,75.3,75.5,33.3,33.4,33.5,31.6,-0.33,101,170
14:33:56,04/04/2025,77.2,78.7,74.1,75.3,75.5,33.3,33.4,33.5,31.7,-0.33,101,170
14:33:59,04/04/2025,77.2,78.7,74.1,75.3,75.5,33.3,33.4,33.5,31.7,-0.33,101,170
14:34:00,04/04/2025,77.2,78.7,74.1,75.3,75.5,33.3,33.4,33.5,31.7,-0.33,101,170
14:34:01,04/04/2025,77.2,78.7,74.1,75.3,75.5,33.3,33.4,33.5,31.7,-0.33,101,170
14:34:02,04/04/2025,77.4,78.9,74.4,75.5,75.6,33.3,33.4,33.5,31.7,-0.33,101,170
14:34:04,04/04/2025,77.4,78.9,74.4,75.5,75.6,33.3,33.4,33.5,31.6,-0.32,101,170
14:34:05,04/04/2025,77.4,78.9,74.4,75.5,75.6,33.3,33.4,33.5,31.6,-0.32,101,170
14:34:06,04/04/2025,77.4,78.9,74.4,75.5,75.6,33.3,33.4,33.5,31.6,-0.32,101,170
14:34:08,04/04/2025,77.4,78.9,74.4,75.5,75.6,33.3,33.4,33.5,31.6,-0.32,101,170
14:34:09,04/04/2025,77.6,79.1,74.5,75.9,75.6,33.3,33.4,33.5,31.6,-0.32,101,170
14:34:10,04/04/2025,77.6,79.1,74.5,75.9,75.8,33.3,33.4,33.4,31.6,-0.32,101,170
14:34:12,04/04/2025,77.6,79.1,74.5,75.9,75.8,33.3,33.4,33.4,31.6,-0.33,101,170
14:34:13,04/04/2025,77.6,79.1,74.5,75.9,75.8,33.3,33.4,33.4,31.6,-0.33,102,170
14:34:14,04/04/2025,77.6,79.1,74.5,75.9,75.8,33.3,33.4,33.4,31.6,-0.33,102,170
14:34:15,04/04/2025,77.6,79.1,74.5,75.9,75.8,33.3,33.4,33.4,31.6,-0.33,102,170
14:34:16,04/04/2025,77.9,79.4,74.6,76.8,75.8,33.3,33.4,33.4,31.6,-0.33,102,170
14:34:18,04/04/2025,77.9,79.4,74.6,76.8,75.8,33.3,33.4,33.4,31.6,-0.34,102,170
14:34:21,04/04/2025,77.9,79.4,74.6,76.8,75.8,33.3,33.4,33.4,31.6,-0.34,102,170
14:34:23,04/04/2025,77.9,79.4,74.6,76.8,75.8,33.3,33.4,33.4,31.6,-0.34,102,170
14:34:25,04/04/2025,77.9,79.4,74.6,76.8,75.8,33.3,33.4,33.4,31.6,-0.34,102,170
14:34:26,04/04/2025,78.2,79.7,75.7,77.3,75.8,33.3,33.4,33.4,31.6,-0.34,102,170
14:34:27,04/04/2025,78.2,79.7,75.7,77.3,75.9,33.3,33.5,33.5,31.7,-0.34,102,170
14:34:28,04/04/2025,78.2,79.7,75.7,77.3,75.9,33.3,33.5,33.5,31.7,-0.32,103,170
14:34:30,04/04/2025,78.2,79.7,75.7,77.3,75.9,33.3,33.5,33.5,31.7,-0.32,103,170
14:34:31,04/04/2025,78.2,79.7,75.7,77.3,75.9,33.3,33.5,33.5,31.7,-0.32,103,170
14:34:34,04/04/2025,78.2,79.7,75.7,77.3,75.9,33.3,33.5,33.5,31.7,-0.32,103,170
14:34:35,04/04/2025,78.5,80.0,77.1,77.7,76.0,33.3,33.5,33.5,31.7,-0.32,103,170
14:34:36,04/04/2025,78.5,80.0,77.1,77.7,76.0,33.3,33.5,33.5,31.6,-0.32,103,170
14:34:37,04/04/2025,78.5,80.0,77.1,77.7,76.0,33.3,33.5,33.5,31.6,-0.32,103,170
14:34:39,04/04/2025,78.5,80.0,77.1,77.7,76.0,33.3,33.5,33.5,31.6,-0.32,103,170
14:34:41,04/04/2025,78.5,80.0,77.1,77.7,76.0,33.3,33.5,33.5,31.6,-0.32,103,170
14:34:42,04/04/2025,78.5,80.0,77.1,77.7,76.0,33.3,33.5,33.5,31.6,-0.32,103,170
14:34:43,04/04/2025,78.7,80.2,75.0,77.8,77.0,33.3,33.5,33.5,31.6,-0.32,103,170
14:34:44,04/04/2025,78.7,80.2,75.0,77.8,77.0,33.3,33.9,33.4,31.7,-0.33,103,170
14:34:45,04/04/2025,78.7,80.2,75.0,77.8,77.0,33.3,33.9,33.4,31.7,-0.33,103,170
14:34:47,04/04/2025,78.7,80.2,75.0,77.8,77.0,33.3,33.9,33.4,31.7,-0.33,103,170
14:34:49,04/04/2025,78.7,80.2,75.0,77.8,77.0,33.3,33.9,33.4,31.7,-0.33,103,170
14:34:50,04/04/2025,78.7,80.2,75.0,77.8,77.0,33.3,33.9,33.4,31.7,-0.33,103,170
14:34:51,04/04/2025,79.0,80.5,77.2,78.2,77.0,33.3,33.9,33.4,31.7,-0.33,103,170
14:34:52,04/04/2025,79.0,80.5,77.2,78.2,77.3,33.3,34.2,33.4,31.9,-0.33,103,170
14:34:53,04/04/2025,79.0,80.5,77.2,78.2,77.3,33.3,34.2,33.4,31.9,-0.33,103,170
14:34:55,04/04/2025,79.0,80.5,77.2,78.2,77.3,33.3,34.2,33.4,31.9,-0.33,103,170
14:34:57,04/04/2025,79.0,80.5,77.2,78.2,77.3,33.3,34.2,33.4,31.9,-0.33,103,170
14:34:58,04/04/2025,79.0,80.5,77.2,78.2,77.3,33.3,34.2,33.4,31.9,-0.33,103,170
14:35:00,04/04/2025,79.3,80.8,78.0,78.6,77.6,33.3,34.2,33.4,31.9,-0.33,103,170
14:35:01,04/04/2025,79.3,80.8,78.0,78.6,77.6,33.3,34.3,33.4,31.9,-0.33,103,170
14:35:02,04/04/2025,79.3,80.8,78.0,78.6,77.6,33.3,34.3,33.4,31.9,-0.32,104,170
14:35:06,04/04/2025,79.3,80.8,78.0,78.6,77.6,33.3,34.3,33.4,31.9,-0.32,104,170
14:35:09,04/04/2025,79.3,80.8,78.0,78.6,77.6,33.3,34.3,33.4,31.9,-0.32,104,170
14:35:11,04/04/2025,79.7,81.2,78.6,79.1,78.1,33.4,34.3,33.4,31.9,-0.32,104,170
14:35:12,04/04/2025,79.7,81.2,78.6,79.1,78.1,33.4,34.4,33.5,31.8,-0.33,104,170
14:35:14,04/04/2025,79.7,81.2,78.6,79.1,78.1,33.4,34.4,33.5,31.8,-0.33,105,170
14:35:16,04/04/2025,79.7,81.2,78.6,79.1,78.1,33.4,34.4,33.5,31.8,-0.33,105,170
14:35:18,04/04/2025,79.7,81.2,78.6,79.1,78.1,33.4,34.4,33.5,31.8,-0.33,105,170
14:35:19,04/04/2025,79.9,81.4,78.8,76.4,78.1,33.4,34.4,33.5,31.8,-0.33,105,170
14:35:20,04/04/2025,79.9,81.4,78.8,76.4,76.6,33.4,34.7,33.5,31.8,-0.33,105,170
14:35:22,04/04/2025,79.9,81.4,78.8,76.4,76.6,33.4,34.7,33.5,32.0,-0.3,105,170
14:35:25,04/04/2025,79.9,81.4,78.8,76.4,76.6,33.4,34.7,33.5,32.0,-0.3,105,170
14:35:27,04/04/2025,79.9,81.4,78.8,76.4,76.6,33.4,34.7,33.5,32.0,-0.3,105,170
14:35:28,04/04/2025,79.9,81.4,78.8,76.4,76.6,33.4,34.7,33.5,32.0,-0.3,105,170
14:35:30,04/04/2025,80.2,81.7,79.1,76.9,76.8,33.4,34.7,33.5,32.0,-0.3,105,170
14:35:31,04/04/2025,80.2,81.7,79.1,76.9,76.8,33.4,34.8,33.5,32.1,-0.3,105,170
14:35:32,04/04/2025,80.2,81.7,79.1,76.9,76.8,33.4,34.8,33.5,32.1,-0.31,105,170
14:35:33,04/04/2025,80.2,81.7,79.1,76.9,76.8,33.4,34.8,33.5,32.1,-0.31,105,170
14:35:35,04/04/2025,80.5,82.0,79.1,76.9,76.8,33.4,34.8,33.5,32.1,-0.31,105,170
14:35:36,04/04/2025,80.5,82.0,79.3,78.7,78.2,33.4,34.8,33.5,32.1,-0.31,105,170
14:35:37,04/04/2025,80.5,82.0,79.3,78.7,78.2,33.4,34.7,33.5,32.0,-0.3,105,170
14:35:40,04/04/2025,80.5,82.0,79.3,78.7,78.2,33.4,34.7,33.5,32.0,-0.3,105,170
14:35:42,04/04/2025,80.5,82.0,79.3,78.7,78.2,33.4,34.7,33.5,32.0,-0.3,105,170
14:35:44,04/04/2025,80.5,82.0,79.3,78.7,78.2,33.4,34.7,33.5,32.0,-0.3,105,170
14:35:46,04/04/2025,80.9,82.4,79.8,80.1,78.9,33.4,34.7,33.5,32.0,-0.3,105,170
14:35:47,04/04/2025,80.9,82.4,79.8,80.1,78.9,33.4,34.6,33.4,31.9,-0.31,105,170
14:35:48,04/04/2025,80.9,82.4,79.8,80.1,78.9,33.4,34.6,33.4,31.9,-0.31,106,170
14:35:49,04/04/2025,80.9,82.4,79.8,80.1,78.9,33.4,34.6,33.4,31.9,-0.31,106,170
14:35:50,04/04/2025,81.1,82.6,79.8,80.1,78.9,33.4,34.6,33.4,31.9,-0.31,106,170
14:35:52,04/04/2025,81.1,82.6,80.0,80.4,79.4,33.5,34.5,33.4,31.9,-0.31,106,170
14:35:53,04/04/2025,81.1,82.6,80.0,80.4,79.4,33.5,34.5,33.4,31.9,-0.3,106,170
14:35:54,04/04/2025,81.1,82.6,80.0,80.4,79.4,33.5,34.5,33.4,31.9,-0.3,106,170
14:35:56,04/04/2025,81.1,82.6,80.0,80.4,79.4,33.5,34.5,33.4,31.9,-0.3,106,170
14:36:01,04/04/2025,81.1,82.6,80.0,80.4,79.4,33.5,34.5,33.4,31.9,-0.3,106,170
14:36:02,04/04/2025,81.3,82.8,80.4,80.9,79.8,33.5,34.5,33.4,31.9,-0.3,106,170
14:36:03,04/04/2025,81.3,82.8,80.4,80.9,79.8,33.5,34.6,33.6,31.9,-0.3,106,170
14:36:04,04/04/2025,81.3,82.8,80.4,80.9,79.8,33.5,34.6,33.6,31.9,-0.3,107,170
14:36:05,04/04/2025,81.3,82.8,80.4,80.9,79.8,33.5,34.6,33.6,31.9,-0.3,107,170
14:36:07,04/04/2025,81.3,82.8,80.4,80.9,79.8,33.5,34.6,33.6,31.9,-0.3,107,170
14:36:08,04/04/2025,81.3,82.8,80.4,80.9,79.8,33.5,34.6,33.6,31.9,-0.3,107,170
14:36:10,04/04/2025,81.6,83.1,80.7,81.2,80.1,33.4,34.5,33.6,31.9,-0.32,107,170
14:36:12,04/04/2025,81.6,83.1,80.7,81.2,80.1,33.4,34.5,33.6,31.9,-0.32,107,170
14:36:14,04/04/2025,81.6,83.1,80.7,81.2,80.1,33.4,34.5,33.6,31.9,-0.32,107,170
14:36:18,04/04/2025,81.6,83.1,80.7,81.2,80.1,33.4,34.5,33.6,31.9,-0.32,107,170
14:36:19,04/04/2025,82.0,83.5,81.1,81.5,80.5,33.4,34.5,33.6,31.9,-0.32,107,170
14:36:20,04/04/2025,82.0,83.5,81.1,81.5,80.5,33.4,34.5,33.5,32.0,-0.32,107,170
14:36:22,04/04/2025,82.0,83.5,81.1,81.5,80.5,33.4,34.5,33.5,32.0,-0.29,108,170
14:36:23,04/04/2025,82.0,83.5,81.1,81.5,80.5,33.4,34.5,33.5,32.0,-0.29,108,170
14:36:26,04/04/2025,82.0,83.5,81.1,81.5,80.5,33.4,34.5,33.5,32.0,-0.29,108,170
14:36:27,04/04/2025,82.3,83.8,81.5,82.0,80.8,33.4,34.5,33.5,32.0,-0.29,108,170
14:36:28,04/04/2025,82.3,83.8,81.5,82.0,80.8,33.4,34.5,33.5,32.0,-0.3,108,170
14:36:30,04/04/2025,82.3,83.8,81.5,82.0,80.8,33.4,34.5,33.5,32.0,-0.3,108,170
14:36:34,04/04/2025,82.3,83.8,81.5,82.0,80.8,33.4,34.5,33.5,32.0,-0.3,108,170
14:36:35,04/04/2025,82.5,84.0,81.7,82.3,81.1,33.4,34.5,33.5,32.0,-0.3,108,170
14:36:36,04/04/2025,82.5,84.0,81.7,82.3,81.1,33.4,34.5,33.5,32.0,-0.29,108,170
14:36:38,04/04/2025,82.5,84.0,81.7,82.3,81.1,33.4,34.5,33.5,32.0,-0.29,109,170
14:36:41,04/04/2025,82.5,84.0,81.7,82.3,81.1,33.4,34.5,33.5,32.0,-0.29,109,170
14:36:42,04/04/2025,82.5,84.0,81.7,82.3,81.1,33.4,34.5,33.5,32.0,-0.29,109,170
14:36:44,04/04/2025,82.5,84.0,81.7,82.3,81.1,33.4,34.5,33.5,32.0,-0.29,109,170
14:36:46,04/04/2025,82.8,84.3,82.1,82.7,81.5,33.4,34.5,33.5,32.0,-0.29,109,170
14:36:47,04/04/2025,82.8,84.3,82.1,82.7,81.5,33.5,34.4,33.5,31.9,-0.3,109,170
14:36:50,04/04/2025,82.8,84.3,82.1,82.7,81.5,33.5,34.4,33.5,31.9,-0.3,109,170
14:36:51,04/04/2025,82.8,84.3,82.1,82.7,81.5,33.5,34.4,33.5,31.9,-0.3,109,170
14:36:52,04/04/2025,83.0,84.5,82.3,82.9,81.8,33.5,34.4,33.5,31.9,-0.3,109,170
14:36:53,04/04/2025,83.0,84.5,82.3,82.9,81.8,33.6,34.5,33.6,31.8,-0.28,109,170
14:36:55,04/04/2025,83.0,84.5,82.3,82.9,81.8,33.6,34.5,33.6,31.8,-0.28,109,170
14:36:56,04/04/2025,83.0,84.5,82.3,82.9,81.8,33.6,34.5,33.6,31.8,-0.28,109,170
14:36:57,04/04/2025,83.0,84.5,82.3,82.9,81.8,33.6,34.5,33.6,31.8,-0.28,109,170
14:36:58,04/04/2025,83.3,84.8,82.5,83.1,81.8,33.6,34.5,33.6,31.8,-0.28,109,170
14:37:00,04/04/2025,83.3,84.8,82.5,83.1,82.0,33.6,34.4,33.6,31.8,-0.28,109,170
14:37:01,04/04/2025,83.3,84.8,82.5,83.1,82.0,33.6,34.4,33.6,31.8,-0.28,110,170
14:37:02,04/04/2025,83.3,84.8,82.5,83.1,82.0,33.6,34.4,33.6,31.8,-0.28,110,170
14:37:03,04/04/2025,83.3,84.8,82.5,83.1,82.0,33.6,34.4,33.6,31.8,-0.28,110,170
14:37:07,04/04/2025,83.3,84.8,82.5,83.1,82.0,33.6,34.4,33.6,31.8,-0.28,110,170
14:37:08,04/04/2025,83.6,85.1,82.9,83.5,82.3,33.6,34.4,33.6,31.8,-0.28,110,170
14:37:09,04/04/2025,83.6,85.1,82.9,83.5,82.3,33.5,34.4,33.6,31.9,-0.29,110,170
14:37:10,04/04/2025,83.6,85.1,82.9,83.5,82.3,33.5,34.4,33.6,31.9,-0.29,110,170
14:37:11,04/04/2025,83.6,85.1,82.9,83.5,82.3,33.5,34.4,33.6,31.9,-0.29,110,170
14:37:14,04/04/2025,83.6,85.1,82.9,83.5,82.3,33.5,34.4,33.6,31.9,-0.29,110,170
14:37:18,04/04/2025,83.6,85.1,82.9,83.5,82.3,33.5,34.4,33.6,31.9,-0.29,110,170
14:37:20,04/04/2025,83.6,85.1,82.9,83.5,82.3,33.5,34.4,33.6,31.9,-0.29,110,170
14:37:21,04/04/2025,84.1,85.6,83.4,84.0,82.9,33.5,34.4,33.6,31.9,-0.29,110,170
14:37:23,04/04/2025,84.1,85.6,83.4,84.0,82.9,33.6,34.3,33.6,31.7,-0.28,110,170
14:37:24,04/04/2025,84.1,85.6,83.4,84.0,82.9,33.6,34.3,33.6,31.7,-0.28,111,170
14:37:25,04/04/2025,84.1,85.6,83.4,84.0,82.9,33.6,34.3,33.6,31.7,-0.28,111,170
14:37:26,04/04/2025,84.1,85.6,83.4,84.0,82.9,33.6,34.3,33.6,31.7,-0.28,111,170
14:37:28,04/04/2025,84.3,85.8,83.6,84.2,83.1,33.6,34.3,33.6,31.7,-0.28,111,170
14:37:29,04/04/2025,84.3,85.8,83.6,84.2,83.1,33.6,34.3,33.5,31.9,-0.28,111,170
14:37:30,04/04/2025,84.3,85.8,83.6,84.2,83.1,33.6,34.3,33.5,31.9,-0.28,111,170
14:37:33,04/04/2025,84.3,85.8,83.6,84.2,83.1,33.6,34.3,33.5,31.9,-0.28,111,170
14:37:34,04/04/2025,84.3,85.8,83.6,84.2,83.1,33.6,34.3,33.5,31.9,-0.28,111,170
14:37:35,04/04/2025,84.6,86.1,83.8,84.5,83.3,33.6,34.3,33.5,31.9,-0.28,111,170
14:37:36,04/04/2025,84.6,86.1,83.8,84.5,83.3,33.6,34.3,33.5,31.9,-0.28,111,170
14:37:37,04/04/2025,84.6,86.1,83.8,84.5,83.3,33.6,34.3,33.5,31.9,-0.28,112,170
14:37:39,04/04/2025,84.6,86.1,83.8,84.5,83.3,33.6,34.3,33.5,31.9,-0.28,112,170
14:37:40,04/04/2025,84.6,86.1,83.8,84.5,83.3,33.6,34.3,33.5,31.9,-0.28,112,170
14:37:41,04/04/2025,84.8,86.3,84.1,84.7,83.5,33.6,34.3,33.5,31.9,-0.28,112,170
14:37:43,04/04/2025,84.8,86.3,84.1,84.7,83.5,33.6,34.3,33.6,31.9,-0.28,112,170
14:37:45,04/04/2025,84.8,86.3,84.1,84.7,83.5,33.6,34.3,33.6,31.9,-0.28,112,170
14:37:48,04/04/2025,84.8,86.3,84.1,84.7,83.5,33.6,34.3,33.6,31.9,-0.28,112,170
14:37:49,04/04/2025,84.8,86.3,84.1,84.7,83.5,33.6,34.3,33.6,31.9,-0.28,112,170
14:37:53,04/04/2025,84.8,86.3,84.1,84.7,83.5,33.6,34.3,33.6,31.9,-0.28,112,170
14:37:54,04/04/2025,85.2,86.7,84.5,85.1,83.9,33.6,34.3,33.6,31.9,-0.28,112,170
14:37:56,04/04/2025,85.2,86.7,84.5,85.1,83.9,33.6,34.3,33.6,31.7,-0.28,112,170
14:37:57,04/04/2025,85.2,86.7,84.5,85.1,83.9,33.6,34.3,33.6,31.7,-0.28,112,170
14:37:58,04/04/2025,85.2,86.7,84.5,85.1,83.9,33.6,34.3,33.6,31.7,-0.28,112,170
14:38:00,04/04/2025,85.5,87.0,84.6,85.2,84.1,33.6,34.3,33.6,31.7,-0.28,112,170
14:38:01,04/04/2025,85.5,87.0,84.6,85.2,84.1,33.6,34.3,33.6,31.8,-0.28,112,170
14:38:02,04/04/2025,85.5,87.0,84.6,85.2,84.1,33.6,34.3,33.6,31.8,-0.28,113,170
14:38:03,04/04/2025,85.5,87.0,84.6,85.2,84.1,33.6,34.3,33.6,31.8,-0.28,113,170
14:38:06,04/04/2025,85.5,87.0,84.6,85.2,84.1,33.6,34.3,33.6,31.8,-0.28,113,170
14:38:08,04/04/2025,85.7,87.2,84.9,85.5,84.4,33.6,34.3,33.6,31.8,-0.28,113,170
14:38:09,04/04/2025,85.7,87.2,84.9,85.5,84.4,33.6,34.3,33.6,31.7,-0.27,113,170
14:38:10,04/04/2025,85.7,87.2,84.9,85.5,84.4,33.6,34.3,33.6,31.7,-0.27,113,170
14:38:13,04/04/2025,85.7,87.2,84.9,85.5,84.4,33.6,34.3,33.6,31.7,-0.27,113,170
14:38:15,04/04/2025,85.7,87.2,84.9,85.5,84.4,33.6,34.3,33.6,31.7,-0.27,113,170
14:38:16,04/04/2025,86.0,87.5,85.2,85.9,84.8,33.7,34.3,33.6,31.7,-0.27,113,170
14:38:18,04/04/2025,86.0,87.5,85.2,85.9,84.8,33.7,34.2,33.6,31.7,-0.28,114,170
14:38:19,04/04/2025,86.0,87.5,85.2,85.9,84.8,33.7,34.2,33.6,31.7,-0.28,114,170
14:38:21,04/04/2025,86.0,87.5,85.2,85.9,84.8,33.7,34.2,33.6,31.7,-0.28,114,170
14:38:23,04/04/2025,86.0,87.5,85.2,85.9,84.8,33.7,34.2,33.6,31.7,-0.28,114,170
14:38:25,04/04/2025,86.3,87.8,85.5,86.2,85.1,33.7,34.2,33.6,31.7,-0.28,114,170
14:38:26,04/04/2025,86.3,87.8,85.5,86.2,85.1,33.7,34.2,33.6,31.7,-0.26,114,170
14:38:27,04/04/2025,86.3,87.8,85.5,86.2,85.1,33.7,34.2,33.6,31.7,-0.26,114,170
14:38:28,04/04/2025,86.3,87.8,85.5,86.2,85.1,33.7,34.2,33.6,31.7,-0.26,114,170
14:38:30,04/04/2025,86.5,88.0,85.7,86.4,85.2,33.7,34.2,33.6,31.7,-0.26,114,170
14:38:31,04/04/2025,86.5,88.0,85.7,86.4,85.2,33.7,34.2,33.6,31.7,-0.26,114,170
14:38:32,04/04/2025,86.5,88.0,85.7,86.4,85.2,33.7,34.2,33.6,31.7,-0.26,114,170
14:38:34,04/04/2025,86.5,88.0,85.7,86.4,85.2,33.7,34.2,33.6,31.7,-0.26,114,170
14:38:35,04/04/2025,86.7,88.2,85.9,86.6,85.2,33.7,34.2,33.6,31.7,-0.26,114,170
14:38:36,04/04/2025,86.7,88.2,85.9,86.6,85.4,33.7,34.2,33.5,31.7,-0.26,114,170
14:38:38,04/04/2025,86.7,88.2,85.9,86.6,85.4,33.7,34.2,33.5,31.7,-0.26,114,170
14:38:40,04/04/2025,86.7,88.2,85.9,86.6,85.4,33.7,34.2,33.5,31.7,-0.26,114,170
14:38:42,04/04/2025,86.8,88.3,86.1,86.7,85.6,33.7,34.2,33.5,31.7,-0.26,114,170
14:38:43,04/04/2025,86.8,88.3,86.1,86.7,85.6,33.7,34.2,33.6,31.7,-0.26,115,170
14:38:45,04/04/2025,86.8,88.3,86.1,86.7,85.6,33.7,34.2,33.6,31.7,-0.26,115,170
14:38:49,04/04/2025,86.8,88.3,86.1,86.7,85.6,33.7,34.2,33.6,31.7,-0.26,115,170
14:38:50,04/04/2025,87.2,88.7,86.4,87.0,85.9,33.7,34.2,33.6,31.7,-0.26,115,170
14:38:52,04/04/2025,87.2,88.7,86.4,87.0,85.9,33.7,34.2,33.6,31.6,-0.26,115,170
14:38:53,04/04/2025,87.2,88.7,86.4,87.0,85.9,33.7,34.2,33.6,31.6,-0.26,115,170
14:38:54,04/04/2025,87.4,88.9,86.4,87.0,85.9,33.7,34.2,33.6,31.6,-0.26,115,170
14:38:55,04/04/2025,87.4,88.9,86.6,87.3,86.1,33.7,34.2,33.6,31.6,-0.26,115,170
14:38:56,04/04/2025,87.4,88.9,86.6,87.3,86.1,33.7,34.2,33.6,31.6,-0.25,115,170
14:39:00,04/04/2025,87.4,88.9,86.6,87.3,86.1,33.7,34.2,33.6,31.6,-0.25,115,170
14:39:03,04/04/2025,87.6,89.1,86.6,87.3,86.1,33.7,34.2,33.6,31.6,-0.25,115,170
14:39:04,04/04/2025,87.6,89.1,86.9,87.6,86.3,33.7,34.2,33.6,31.6,-0.25,115,170
14:39:05,04/04/2025,87.6,89.1,86.9,87.6,86.3,33.7,34.2,33.6,31.6,-0.25,115,170
14:39:07,04/04/2025,87.6,89.1,86.9,87.6,86.3,33.7,34.2,33.6,31.6,-0.26,116,170
14:39:08,04/04/2025,87.6,89.1,86.9,87.6,86.3,33.7,34.2,33.6,31.6,-0.26,116,170
14:39:09,04/04/2025,87.6,89.1,86.9,87.6,86.3,33.7,34.2,33.6,31.6,-0.26,116,170
14:39:10,04/04/2025,87.6,89.1,86.9,87.6,86.3,33.7,34.2,33.6,31.6,-0.26,116,170
14:39:12,04/04/2025,87.6,89.1,86.9,87.6,86.3,33.7,34.2,33.6,31.6,-0.26,116,170
14:39:13,04/04/2025,87.9,89.4,87.2,87.8,86.6,33.7,34.2,33.6,31.6,-0.26,116,170
14:39:14,04/04/2025,87.9,89.4,87.2,87.8,86.6,33.7,34.2,33.6,31.6,-0.26,116,170
14:39:16,04/04/2025,87.9,89.4,87.2,87.8,86.6,33.7,34.2,33.6,31.6,-0.25,116,170
14:39:19,04/04/2025,87.9,89.4,87.2,87.8,86.6,33.7,34.2,33.6,31.6,-0.25,116,170
14:39:21,04/04/2025,88.2,89.7,87.3,88.0,86.8,33.7,34.2,33.6,31.6,-0.25,116,170
14:39:22,04/04/2025,88.2,89.7,87.3,88.0,86.8,33.7,34.2,33.6,31.6,-0.25,117,170
14:39:24,04/04/2025,88.2,89.7,87.3,88.0,86.8,33.7,34.2,33.6,31.6,-0.25,117,170
14:39:26,04/04/2025,88.2,89.7,87.3,88.0,86.8,33.7,34.2,33.6,31.6,-0.25,117,170
14:39:28,04/04/2025,88.2,89.7,87.3,88.0,86.8,33.7,34.2,33.6,31.6,-0.25,117,170
14:39:29,04/04/2025,88.4,89.9,87.6,88.3,86.8,33.7,34.2,33.6,31.6,-0.25,117,170
14:39:30,04/04/2025,88.4,89.9,87.6,88.3,87.2,33.7,34.1,33.6,31.6,-0.25,117,170
14:39:31,04/04/2025,88.4,89.9,87.6,88.3,87.2,33.7,34.1,33.6,31.7,-0.26,117,170
14:39:33,04/04/2025,88.4,89.9,87.6,88.3,87.2,33.7,34.1,33.6,31.7,-0.26,117,170
14:39:35,04/04/2025,88.4,89.9,87.6,88.3,87.2,33.7,34.1,33.6,31.7,-0.26,117,170
14:39:36,04/04/2025,88.6,90.1,87.9,88.5,87.2,33.7,34.1,33.6,31.7,-0.26,117,170
14:39:37,04/04/2025,88.6,90.1,87.9,88.5,87.4,33.7,34.2,33.6,31.7,-0.26,117,170
14:39:38,04/04/2025,88.6,90.1,87.9,88.5,87.4,33.7,34.2,33.6,31.7,-0.24,117,170
14:39:40,04/04/2025,88.6,90.1,87.9,88.5,87.4,33.7,34.2,33.6,31.7,-0.24,117,170
14:39:41,04/04/2025,88.6,90.1,87.9,88.5,87.4,33.7,34.2,33.6,31.7,-0.24,117,170
14:39:42,04/04/2025,88.6,90.1,87.9,88.5,87.4,33.7,34.2,33.6,31.7,-0.24,117,170
14:39:44,04/04/2025,88.6,90.1,87.9,88.5,87.4,33.7,34.2,33.6,31.7,-0.24,117,170
14:39:46,04/04/2025,88.6,90.1,87.9,88.5,87.4,33.7,34.2,33.6,31.7,-0.24,117,170
14:39:47,04/04/2025,89.0,90.5,88.3,88.9,87.6,33.7,34.2,33.6,31.7,-0.24,117,170
14:39:48,04/04/2025,89.0,90.5,88.3,88.9,87.6,33.7,34.2,33.6,31.7,-0.24,117,170
14:39:49,04/04/2025,89.0,90.5,88.3,88.9,87.6,33.7,34.2,33.6,31.7,-0.23,117,170
14:39:50,04/04/2025,89.0,90.5,88.3,88.9,87.6,33.7,34.2,33.6,31.7,-0.23,117,170
14:39:53,04/04/2025,89.0,90.5,88.3,88.9,87.6,33.7,34.2,33.6,31.7,-0.23,117,170
14:39:54,04/04/2025,89.2,90.7,83.9,89.0,87.9,33.7,34.2,33.6,31.7,-0.23,117,170
14:39:55,04/04/2025,89.2,90.7,83.9,89.0,87.9,33.7,34.2,33.6,31.7,-0.23,117,170
14:39:56,04/04/2025,89.2,90.7,83.9,89.0,87.9,33.7,34.2,33.6,31.7,-0.25,117,170
14:39:58,04/04/2025,89.2,90.7,83.9,89.0,87.9,33.7,34.2,33.6,31.7,-0.25,117,170
14:39:59,04/04/2025,89.4,90.9,87.3,88.9,88.0,33.7,34.2,33.6,31.7,-0.25,117,170
14:40:01,04/04/2025,89.4,90.9,87.3,88.9,88.0,33.7,34.2,33.6,31.8,-0.25,117,170
14:40:03,04/04/2025,89.4,90.9,87.3,88.9,88.0,33.7,34.2,33.6,31.8,-0.25,117,170
14:40:08,04/04/2025,89.4,90.9,87.3,88.9,88.0,33.7,34.2,33.6,31.8,-0.25,117,170
14:40:10,04/04/2025,89.6,91.1,88.5,89.2,88.1,33.7,34.2,33.6,31.9,-0.23,117,170
14:40:11,04/04/2025,89.6,91.1,88.5,89.2,88.1,33.7,34.2,33.6,31.9,-0.23,118,170
14:40:14,04/04/2025,89.6,91.1,88.5,89.2,88.1,33.7,34.2,33.6,31.9,-0.23,118,170
14:40:15,04/04/2025,89.6,91.1,88.5,89.2,88.1,33.7,34.2,33.6,31.9,-0.23,118,170
14:40:16,04/04/2025,89.6,91.1,88.5,89.2,88.1,33.7,34.2,33.6,31.9,-0.23,118,170
14:40:17,04/04/2025,89.8,91.3,88.7,89.4,88.3,33.7,34.2,33.6,31.9,-0.23,118,170
14:40:18,04/04/2025,89.8,91.3,88.7,89.4,88.3,33.7,34.3,33.6,31.9,-0.23,118,170
14:40:19,04/04/2025,89.8,91.3,88.7,89.4,88.3,33.7,34.3,33.6,31.9,-0.25,118,170
14:40:21,04/04/2025,89.8,91.3,88.7,89.4,88.3,33.7,34.3,33.6,31.9,-0.25,118,170
14:40:22,04/04/2025,89.8,91.3,88.7,89.4,88.3,33.7,34.3,33.6,31.9,-0.25,118,170
14:40:24,04/04/2025,89.8,91.3,88.7,89.4,88.3,33.7,34.3,33.6,31.9,-0.25,118,170
14:40:25,04/04/2025,90.0,91.5,89.0,89.6,88.5,33.7,34.3,33.6,31.9,-0.25,118,170
14:40:26,04/04/2025,90.0,91.5,89.0,89.6,88.5,33.7,34.3,33.6,31.9,-0.23,118,170
14:40:28,04/04/2025,90.0,91.5,89.0,89.6,88.5,33.7,34.3,33.6,31.9,-0.23,119,170
14:40:29,04/04/2025,90.0,91.5,89.0,89.6,88.5,33.7,34.3,33.6,31.9,-0.23,119,170
14:40:30,04/04/2025,90.0,91.5,89.0,89.6,88.5,33.7,34.3,33.6,31.9,-0.23,119,170
14:40:31,04/04/2025,90.0,91.5,89.0,89.6,88.5,33.7,34.3,33.6,31.9,-0.23,119,170
14:40:32,04/04/2025,90.2,91.7,89.2,89.8,88.6,33.7,34.3,33.6,31.9,-0.23,119,170
14:40:34,04/04/2025,90.2,91.7,89.2,89.8,88.6,33.7,34.3,33.6,32.0,-0.25,119,170
14:40:35,04/04/2025,90.2,91.7,89.2,89.8,88.6,33.7,34.3,33.6,32.0,-0.25,119,170
14:40:36,04/04/2025,90.2,91.7,89.2,89.8,88.6,33.7,34.3,33.6,32.0,-0.25,119,170
14:40:37,04/04/2025,90.2,91.7,89.2,89.8,88.6,33.7,34.3,33.6,32.0,-0.25,119,170
14:40:39,04/04/2025,90.5,92.0,89.4,90.1,88.8,33.7,34.3,33.6,32.0,-0.25,119,170
14:40:40,04/04/2025,90.5,92.0,89.4,90.1,88.8,33.7,34.3,33.6,31.9,-0.24,119,170
14:40:41,04/04/2025,90.5,92.0,89.4,90.1,88.8,33.7,34.3,33.6,31.9,-0.24,119,170
14:40:42,04/04/2025,90.5,92.0,89.4,90.1,88.8,33.7,34.3,33.6,31.9,-0.24,119,170
14:40:43,04/04/2025,90.6,92.1,89.4,90.1,88.8,33.7,34.3,33.6,31.9,-0.24,119,170
14:40:45,04/04/2025,90.6,92.1,89.6,90.2,88.8,33.7,34.3,33.6,31.9,-0.24,119,170
14:40:46,04/04/2025,90.6,92.1,89.6,90.2,88.8,33.7,34.3,33.6,32.1,-0.24,119,170
14:40:47,04/04/2025,90.6,92.1,89.6,90.2,88.8,33.7,34.3,33.6,32.1,-0.24,119,170
14:40:48,04/04/2025,90.6,92.1,89.6,90.2,88.8,33.7,34.3,33.6,32.1,-0.24,119,170
14:40:50,04/04/2025,90.7,92.2,89.7,90.2,88.8,33.7,34.3,33.6,32.1,-0.24,119,170
14:40:51,04/04/2025,90.7,92.2,89.7,90.4,89.0,33.7,34.4,33.7,32.1,-0.25,119,170
14:40:52,04/04/2025,90.7,92.2,89.7,90.4,89.0,33.7,34.4,33.7,32.1,-0.25,119,170
14:40:56,04/04/2025,90.7,92.2,89.7,90.4,89.0,33.7,34.4,33.7,32.1,-0.25,119,170
14:40:58,04/04/2025,90.7,92.2,89.7,90.4,89.0,33.7,34.4,33.7,32.1,-0.25,119,170
14:41:01,04/04/2025,91.1,92.6,89.7,90.4,89.0,33.7,34.4,33.7,32.1,-0.25,119,170
14:41:02,04/04/2025,91.1,92.6,89.9,90.6,89.4,33.8,34.4,33.7,32.1,-0.25,119,170
14:41:04,04/04/2025,91.1,92.6,89.9,90.6,89.4,33.8,34.7,33.8,32.2,-0.22,120,170
14:41:05,04/04/2025,91.1,92.6,89.9,90.6,89.4,33.8,34.7,33.8,32.2,-0.22,120,170
14:41:07,04/04/2025,91.1,92.6,89.9,90.6,89.4,33.8,34.7,33.8,32.2,-0.22,120,170
14:41:09,04/04/2025,91.2,92.7,90.1,90.8,89.6,33.8,34.7,33.8,32.2,-0.22,120,170
14:41:10,04/04/2025,91.2,92.7,90.1,90.8,89.6,33.8,34.7,33.8,32.4,-0.21,120,170
14:41:13,04/04/2025,91.2,92.7,90.1,90.8,89.6,33.8,34.7,33.8,32.4,-0.21,120,170
14:41:16,04/04/2025,91.2,92.7,90.1,90.8,89.6,33.8,34.7,33.8,32.4,-0.21,120,170
14:41:18,04/04/2025,91.2,92.7,90.1,90.8,89.6,33.8,34.7,33.8,32.4,-0.21,120,170
14:41:19,04/04/2025,91.4,92.9,90.4,91.1,89.8,33.8,34.7,33.8,32.4,-0.21,120,170
14:41:21,04/04/2025,91.4,92.9,90.4,91.1,89.8,33.7,34.7,33.8,32.5,-0.21,120,170
14:41:22,04/04/2025,91.4,92.9,90.4,91.1,89.8,33.7,34.7,33.8,32.5,-0.25,121,170
14:41:23,04/04/2025,91.4,92.9,90.4,91.1,89.8,33.7,34.7,33.8,32.5,-0.25,121,170
14:41:24,04/04/2025,91.4,92.9,90.4,91.1,89.8,33.7,34.7,33.8,32.5,-0.25,121,170
14:41:26,04/04/2025,91.4,92.9,90.4,91.1,89.8,33.7,34.7,33.8,32.5,-0.25,121,170
14:41:27,04/04/2025,91.4,92.9,90.4,91.1,89.8,33.7,34.7,33.8,32.5,-0.25,121,170
14:41:28,04/04/2025,91.8,93.3,89.3,89.1,89.3,33.7,34.7,33.8,32.5,-0.25,121,170
14:41:29,04/04/2025,91.8,93.3,89.3,89.1,89.3,33.7,35.3,34.8,33.5,-0.25,121,170
14:41:30,04/04/2025,91.8,93.3,89.3,89.1,89.3,33.7,35.3,34.8,33.5,-0.23,121,170
14:41:32,04/04/2025,91.8,93.3,89.3,89.1,89.3,33.7,35.3,34.8,33.5,-0.23,121,170
14:41:33,04/04/2025,91.8,93.3,89.3,89.1,89.3,33.7,35.3,34.8,33.5,-0.23,121,170
14:41:34,04/04/2025,91.9,93.4,90.3,90.7,89.3,33.7,35.3,34.8,33.5,-0.23,121,170
14:41:35,04/04/2025,91.9,93.4,90.3,90.7,89.7,33.7,35.5,34.8,33.5,-0.23,121,170
14:41:36,04/04/2025,91.9,93.4,90.3,90.7,89.7,33.7,35.5,35.1,33.8,-0.22,121,170
14:41:37,04/04/2025,91.9,93.4,90.3,90.7,89.7,33.7,35.5,35.1,33.8,-0.22,121,170
14:41:39,04/04/2025,91.9,93.4,90.3,90.7,89.7,33.7,35.5,35.1,33.8,-0.22,121,170
14:41:41,04/04/2025,91.9,93.4,90.3,90.7,89.7,33.7,35.5,35.1,33.8,-0.22,121,170
14:41:43,04/04/2025,91.9,93.4,90.3,90.7,89.7,33.7,35.5,35.1,33.8,-0.22,121,170
14:41:45,04/04/2025,91.9,93.4,90.3,90.7,89.7,33.7,35.5,35.1,33.8,-0.22,121,170
14:41:46,04/04/2025,92.1,93.6,90.9,91.5,90.1,33.7,35.5,35.1,33.8,-0.22,121,170
14:41:47,04/04/2025,92.1,93.6,90.9,91.5,90.1,33.7,35.6,34.9,33.5,-0.21,121,170
14:41:49,04/04/2025,92.1,93.6,90.9,91.5,90.1,33.7,35.6,34.9,33.5,-0.21,121,170
14:41:50,04/04/2025,92.1,93.6,90.9,91.5,90.1,33.7,35.6,34.9,33.5,-0.21,121,170
14:41:52,04/04/2025,92.1,93.6,90.9,91.5,90.1,33.7,35.6,34.9,33.5,-0.21,121,170
14:41:53,04/04/2025,92.2,93.7,91.1,91.7,90.3,33.7,35.5,34.9,33.5,-0.21,121,170
14:41:55,04/04/2025,92.2,93.7,91.1,91.7,90.3,33.7,35.5,34.8,33.3,-0.22,121,170
14:41:58,04/04/2025,92.2,93.7,91.1,91.7,90.3,33.7,35.5,34.8,33.3,-0.22,121,170
14:42:00,04/04/2025,92.2,93.7,91.1,91.7,90.3,33.7,35.5,34.8,33.3,-0.22,121,170
14:42:01,04/04/2025,92.2,93.7,91.1,91.7,90.3,33.7,35.5,34.8,33.3,-0.22,121,170
14:42:03,04/04/2025,92.5,94.0,91.4,92.0,90.7,33.7,35.5,34.8,33.3,-0.22,121,170
14:42:04,04/04/2025,92.5,94.0,91.4,92.0,90.7,33.9,35.5,34.8,33.2,-0.22,121,170
14:42:05,04/04/2025,92.5,94.0,91.4,92.0,90.7,33.9,35.5,34.8,33.2,-0.22,122,170
14:42:08,04/04/2025,92.5,94.0,91.4,92.0,90.7,33.9,35.5,34.8,33.2,-0.22,122,170
14:42:09,04/04/2025,92.5,94.0,91.4,92.0,90.7,33.9,35.5,34.8,33.2,-0.22,122,170
14:42:10,04/04/2025,92.7,94.2,91.6,92.2,90.9,33.9,35.5,34.8,33.2,-0.22,122,170
14:42:11,04/04/2025,92.7,94.2,91.6,92.2,90.9,33.9,35.5,34.8,33.0,-0.23,122,170
14:42:12,04/04/2025,92.7,94.2,91.6,92.2,90.9,33.9,35.5,34.8,33.0,-0.23,122,170
14:42:14,04/04/2025,92.7,94.2,91.6,92.2,90.9,33.9,35.5,34.8,33.0,-0.23,122,170
14:42:16,04/04/2025,92.7,94.2,91.6,92.2,90.9,33.9,35.5,34.8,33.0,-0.23,122,170
14:42:17,04/04/2025,92.7,94.2,91.6,92.2,90.9,33.9,35.5,34.8,33.0,-0.23,122,170
14:42:19,04/04/2025,92.9,94.4,91.9,92.5,91.2,33.9,35.5,34.8,33.0,-0.23,122,170
14:42:20,04/04/2025,92.9,94.4,91.9,92.5,91.2,33.9,35.5,34.7,33.1,-0.23,122,170
14:42:22,04/04/2025,92.9,94.4,91.9,92.5,91.2,33.9,35.5,34.7,33.1,-0.22,123,170
14:42:24,04/04/2025,92.9,94.4,91.9,92.5,91.2,33.9,35.5,34.7,33.1,-0.22,123,170
14:42:25,04/04/2025,92.9,94.4,91.9,92.5,91.2,33.9,35.5,34.7,33.1,-0.22,123,170
14:42:26,04/04/2025,92.9,94.4,91.9,92.5,91.2,33.9,35.5,34.7,33.1,-0.22,123,170
14:42:27,04/04/2025,92.9,94.4,91.9,92.5,91.2,33.9,35.5,34.7,33.1,-0.22,123,170
14:42:29,04/04/2025,93.2,94.7,92.2,92.8,91.5,33.9,35.5,34.7,33.1,-0.22,123,170
14:42:30,04/04/2025,93.2,94.7,92.2,92.8,91.5,33.9,35.4,34.7,33.0,-0.22,123,170
14:42:31,04/04/2025,93.2,94.7,92.2,92.8,91.5,33.9,35.4,34.7,33.0,-0.22,123,170
14:42:32,04/04/2025,93.2,94.7,92.2,92.8,91.5,33.9,35.4,34.7,33.0,-0.22,123,170
14:42:35,04/04/2025,93.2,94.7,92.2,92.8,91.5,33.9,35.4,34.7,33.0,-0.22,123,170
14:42:37,04/04/2025,93.2,94.7,92.2,92.8,91.5,33.9,35.4,34.7,33.0,-0.22,123,170
14:42:38,04/04/2025,93.4,94.9,92.5,93.1,91.8,33.9,35.4,34.7,33.0,-0.22,123,170
14:42:39,04/04/2025,93.4,94.9,92.5,93.1,91.8,33.9,35.4,34.6,32.9,-0.21,123,170
14:42:41,04/04/2025,93.4,94.9,92.5,93.1,91.8,33.9,35.4,34.6,32.9,-0.21,123,170
14:42:43,04/04/2025,93.4,94.9,92.5,93.1,91.8,33.9,35.4,34.6,32.9,-0.21,123,170
14:42:44,04/04/2025,93.5,95.0,92.6,93.3,92.0,33.9,35.4,34.6,32.9,-0.21,123,170
14:42:46,04/04/2025,93.5,95.0,92.6,93.3,92.0,33.9,35.3,34.6,32.8,-0.21,123,170
14:42:47,04/04/2025,93.5,95.0,92.6,93.3,92.0,33.9,35.3,34.6,32.8,-0.21,124,170
14:42:48,04/04/2025,93.5,95.0,92.6,93.3,92.0,33.9,35.3,34.6,32.8,-0.21,124,170
14:42:49,04/04/2025,93.7,95.2,92.6,93.3,92.0,33.9,35.3,34.6,32.8,-0.21,124,170
14:42:51,04/04/2025,93.7,95.2,92.8,93.5,92.1,33.9,35.3,34.5,32.8,-0.21,124,170
14:42:52,04/04/2025,93.7,95.2,92.8,93.5,92.1,33.9,35.3,34.5,32.8,-0.21,124,170
14:42:54,04/04/2025,93.7,95.2,92.8,93.5,92.1,33.9,35.3,34.5,32.8,-0.21,124,170
14:42:57,04/04/2025,93.7,95.2,92.8,93.5,92.1,33.9,35.3,34.5,32.8,-0.21,124,170
14:42:58,04/04/2025,93.7,95.2,92.8,93.5,92.1,33.9,35.3,34.5,32.8,-0.21,124,170
14:42:59,04/04/2025,93.9,95.4,93.1,93.8,92.4,33.9,35.3,34.5,32.8,-0.21,124,170
14:43:01,04/04/2025,93.9,95.4,93.1,93.8,92.4,33.9,35.3,34.5,32.9,-0.21,124,170
14:43:03,04/04/2025,93.9,95.4,93.1,93.8,92.4,33.9,35.3,34.5,32.9,-0.21,124,170
14:43:06,04/04/2025,93.9,95.4,93.1,93.8,92.4,33.9,35.3,34.5,32.9,-0.21,124,170
14:43:10,04/04/2025,93.9,95.4,93.1,93.8,92.4,33.9,35.3,34.5,32.9,-0.21,124,170
14:43:11,04/04/2025,94.3,95.8,93.4,94.1,92.8,33.9,35.3,34.5,32.9,-0.21,124,170
14:43:12,04/04/2025,94.3,95.8,93.4,94.1,92.8,34.0,35.2,34.5,32.9,-0.21,124,170
14:43:13,04/04/2025,94.3,95.8,93.4,94.1,92.8,34.0,35.2,34.5,32.9,-0.18,124,170
14:43:15,04/04/2025,94.3,95.8,93.4,94.1,92.8,34.0,35.2,34.5,32.9,-0.18,124,170
14:43:16,04/04/2025,94.5,96.0,86.6,89.2,88.9,34.0,35.2,34.5,32.9,-0.18,124,170
14:43:17,04/04/2025,94.5,96.0,86.6,89.2,88.9,34.0,37.4,35.2,34.1,-0.2,124,170
14:43:19,04/04/2025,94.5,96.0,86.6,89.2,88.9,34.0,37.4,35.2,34.1,-0.2,124,170
14:43:20,04/04/2025,94.5,96.0,86.6,89.2,88.9,34.0,37.4,35.2,34.1,-0.2,124,170
14:43:22,04/04/2025,94.5,96.0,86.6,89.2,88.9,34.0,37.4,35.2,34.1,-0.2,124,170
14:43:24,04/04/2025,94.5,96.0,86.6,89.2,88.9,34.0,37.4,35.2,34.1,-0.2,124,170
14:43:26,04/04/2025,94.6,96.1,90.4,91.7,92.1,34.0,37.4,35.2,34.1,-0.2,124,170
14:43:27,04/04/2025,94.6,96.1,90.4,91.7,92.1,34.0,39.0,36.2,35.1,-0.18,124,170
14:43:28,04/04/2025,94.6,96.1,90.4,91.7,92.1,34.0,39.0,36.2,35.1,-0.18,124,170
14:43:30,04/04/2025,94.6,96.1,90.4,91.7,92.1,34.0,39.0,36.2,35.1,-0.18,124,170
14:43:32,04/04/2025,94.6,96.1,90.4,91.7,92.1,34.0,39.0,36.2,35.1,-0.18,124,170
14:43:33,04/04/2025,94.7,96.2,92.5,93.3,92.5,34.0,39.0,36.2,35.1,-0.18,124,170
14:43:34,04/04/2025,94.7,96.2,92.5,93.3,92.5,34.0,39.1,36.5,35.1,-0.18,124,170
14:43:36,04/04/2025,94.7,96.2,92.5,93.3,92.5,34.0,39.1,36.5,35.1,-0.2,124,170
14:43:37,04/04/2025,94.7,96.2,92.5,93.3,92.5,34.0,39.1,36.5,35.1,-0.2,124,170
14:43:38,04/04/2025,94.7,96.2,92.5,93.3,92.5,34.0,39.1,36.5,35.1,-0.2,124,170
14:43:40,04/04/2025,94.8,96.3,93.2,93.9,92.7,34.0,39.1,36.5,35.1,-0.2,124,170
14:43:41,04/04/2025,94.8,96.3,93.2,93.9,92.7,34.0,38.6,36.3,34.5,-0.21,124,170
14:43:42,04/04/2025,94.8,96.3,93.2,93.9,92.7,34.0,38.6,36.3,34.5,-0.21,125,170
14:43:44,04/04/2025,94.8,96.3,93.2,93.9,92.7,34.0,38.6,36.3,34.5,-0.21,125,170
14:43:45,04/04/2025,94.9,96.4,93.4,94.1,92.8,34.0,38.6,36.3,34.5,-0.21,125,170
14:43:47,04/04/2025,94.9,96.4,93.4,94.1,92.8,34.0,38.3,36.1,34.1,-0.21,125,170
14:43:48,04/04/2025,94.9,96.4,93.4,94.1,92.8,34.0,38.3,36.1,34.1,-0.21,125,170
14:43:50,04/04/2025,94.9,96.4,93.4,94.1,92.8,34.0,38.3,36.1,34.1,-0.21,125,170
14:43:51,04/04/2025,94.9,96.4,93.4,94.1,92.8,34.0,38.3,36.1,34.1,-0.21,125,170
14:43:53,04/04/2025,94.9,96.4,93.4,94.1,92.8,34.0,38.3,36.1,34.1,-0.21,125,170
14:43:55,04/04/2025,95.0,96.5,91.0,94.4,93.0,34.1,38.3,36.1,34.1,-0.21,125,170
14:43:56,04/04/2025,95.0,96.5,91.0,94.4,93.0,34.1,38.3,36.0,34.4,-0.11,125,170
14:43:59,04/04/2025,95.0,96.5,91.0,94.4,93.0,34.1,38.3,36.0,34.4,-0.11,125,170
14:44:00,04/04/2025,95.0,96.5,91.0,94.4,93.0,34.1,38.3,36.0,34.4,-0.11,125,170
14:44:01,04/04/2025,95.0,96.5,91.0,94.4,93.0,34.1,38.3,36.0,34.4,-0.11,125,170
14:44:02,04/04/2025,95.1,96.6,89.6,85.3,82.0,34.1,38.3,36.0,34.4,-0.11,125,170
14:44:03,04/04/2025,95.1,96.6,89.6,85.3,82.0,34.1,40.1,37.6,36.5,-0.11,125,170
14:44:05,04/04/2025,95.1,96.6,89.6,85.3,82.0,34.1,40.1,37.6,36.5,-0.13,124,170
14:44:07,04/04/2025,95.1,96.6,89.6,85.3,82.0,34.1,40.1,37.6,36.5,-0.13,124,170
14:44:09,04/04/2025,95.1,96.6,89.6,85.3,82.0,34.1,40.1,37.6,36.5,-0.13,124,170
14:44:10,04/04/2025,95.3,96.8,87.2,86.6,83.5,34.1,40.1,37.6,36.5,-0.13,124,170
14:44:12,04/04/2025,95.3,96.8,87.2,86.6,83.5,34.1,41.6,39.6,37.7,-0.14,124,170
14:44:14,04/04/2025,95.3,96.8,87.2,86.6,83.5,34.1,41.6,39.6,37.7,-0.14,124,170
14:44:15,04/04/2025,95.3,96.8,87.2,86.6,83.5,34.1,41.6,39.6,37.7,-0.14,124,170
14:44:17,04/04/2025,95.4,96.9,91.7,91.2,89.5,34.3,41.6,39.6,37.7,-0.14,124,170
14:44:18,04/04/2025,95.4,96.9,91.7,91.2,89.5,34.3,42.3,40.2,38.5,-0.13,124,170
14:44:19,04/04/2025,95.4,96.9,91.7,91.2,89.5,34.3,42.3,40.2,38.5,-0.13,124,170
14:44:21,04/04/2025,95.4,96.9,91.7,91.2,89.5,34.3,42.3,40.2,38.5,-0.13,124,170
14:44:22,04/04/2025,95.4,96.9,91.7,91.2,89.5,34.3,42.3,40.2,38.5,-0.13,124,170
14:44:23,04/04/2025,95.4,96.9,92.3,90.9,91.2,34.3,42.3,40.2,38.5,-0.13,124,170
14:44:26,04/04/2025,95.4,96.9,92.3,90.9,91.2,34.3,42.4,40.5,38.9,-0.14,124,170
14:44:27,04/04/2025,95.4,96.9,92.3,90.9,91.2,34.3,42.4,40.5,38.9,-0.14,124,170
14:44:29,04/04/2025,95.4,96.9,92.3,90.9,91.2,34.3,42.4,40.5,38.9,-0.14,124,170
14:44:32,04/04/2025,95.4,96.9,92.3,90.9,91.2,34.3,42.4,40.5,38.9,-0.14,124,170
14:44:33,04/04/2025,95.4,96.9,92.9,93.0,91.2,34.3,42.4,40.5,38.9,-0.14,124,170
14:44:34,04/04/2025,95.4,96.9,92.9,93.0,91.8,34.3,42.0,40.2,38.9,-0.14,124,170
14:44:35,04/04/2025,95.4,96.9,92.9,93.0,91.8,34.3,42.0,40.2,38.6,-0.13,124,170
14:44:36,04/04/2025,95.4,96.9,92.9,93.0,91.8,34.3,42.0,40.2,38.6,-0.13,124,170
14:44:39,04/04/2025,95.4,96.9,92.9,93.0,91.8,34.3,42.0,40.2,38.6,-0.13,124,170
14:44:40,04/04/2025,95.4,96.9,92.9,93.0,91.8,34.3,42.0,40.2,38.6,-0.13,124,170
14:44:41,04/04/2025,95.4,96.9,92.9,93.0,91.8,34.3,42.0,40.2,38.6,-0.13,124,170
14:44:43,04/04/2025,95.4,96.9,93.5,93.8,92.2,34.3,42.0,40.2,38.6,-0.13,124,170
14:44:44,04/04/2025,95.4,96.9,93.5,93.8,92.2,34.2,41.6,40.0,38.5,-0.12,125,170
14:44:45,04/04/2025,95.4,96.9,93.5,93.8,92.2,34.2,41.6,40.0,38.5,-0.12,125,170
14:44:47,04/04/2025,95.4,96.9,93.5,93.8,92.2,34.2,41.6,40.0,38.5,-0.12,125,170
14:44:48,04/04/2025,95.5,97.0,93.7,94.0,92.5,34.2,41.6,40.0,38.5,-0.12,125,170
14:44:49,04/04/2025,95.5,97.0,93.7,94.0,92.5,34.2,41.3,39.8,38.8,-0.12,125,170
14:44:50,04/04/2025,95.5,97.0,93.7,94.0,92.5,34.2,41.3,39.8,38.8,-0.13,125,170
14:44:51,04/04/2025,95.5,97.0,93.7,94.0,92.5,34.2,41.3,39.8,38.8,-0.13,125,170
14:44:54,04/04/2025,95.5,97.0,93.7,94.0,92.5,34.2,41.3,39.8,38.8,-0.13,125,170
14:44:56,04/04/2025,95.5,97.0,93.7,94.0,92.5,34.2,41.3,39.8,38.8,-0.13,125,170
14:44:57,04/04/2025,95.7,97.2,94.0,94.4,92.8,34.2,41.3,39.8,38.8,-0.13,125,170
14:44:58,04/04/2025,95.7,97.2,94.0,94.4,92.8,34.2,41.0,39.2,37.8,-0.12,126,170
14:45:00,04/04/2025,95.7,97.2,94.0,94.4,92.8,34.2,41.0,39.2,37.8,-0.12,126,170
14:45:01,04/04/2025,95.7,97.2,94.0,94.4,92.8,34.2,41.0,39.2,37.8,-0.12,126,170
14:45:03,04/04/2025,95.7,97.2,94.2,94.6,93.1,34.2,41.0,39.2,37.8,-0.12,126,170
14:45:04,04/04/2025,95.7,97.2,94.2,94.6,93.1,34.2,40.8,39.1,37.7,-0.12,126,170
14:45:05,04/04/2025,95.7,97.2,94.2,94.6,93.1,34.2,40.8,39.1,37.7,-0.13,126,170
14:45:06,04/04/2025,95.7,97.2,94.2,94.6,93.1,34.2,40.8,39.1,37.7,-0.13,126,170
14:45:08,04/04/2025,95.7,97.2,94.2,94.6,93.1,34.2,40.8,39.1,37.7,-0.13,126,170
14:45:10,04/04/2025,95.7,97.2,94.2,94.6,93.1,34.2,40.8,39.1,37.7,-0.13,126,170
14:45:11,04/04/2025,95.9,97.4,94.4,94.9,93.4,34.2,40.8,39.1,37.7,-0.13,126,170
14:45:12,04/04/2025,95.9,97.4,94.4,94.9,93.4,34.2,41.3,38.9,37.6,-0.13,126,170
14:45:13,04/04/2025,95.9,97.4,94.4,94.9,93.4,34.2,41.3,38.9,37.6,-0.17,126,170
14:45:14,04/04/2025,95.9,97.4,94.4,94.9,93.4,34.2,41.3,38.9,37.6,-0.17,126,170
14:45:17,04/04/2025,96.0,97.5,94.4,94.9,93.4,34.2,41.3,38.9,37.6,-0.17,126,170
14:45:18,04/04/2025,96.0,97.5,94.7,95.2,93.6,34.2,41.3,38.9,37.6,-0.17,126,170
14:45:20,04/04/2025,96.0,97.5,94.7,95.2,93.6,34.2,40.6,38.5,37.1,-0.17,126,170
14:45:21,04/04/2025,96.0,97.5,94.7,95.2,93.6,34.2,40.6,38.5,37.1,-0.17,126,170
14:45:22,04/04/2025,96.0,97.5,94.7,95.2,93.6,34.2,40.6,38.5,37.1,-0.17,126,170
14:45:24,04/04/2025,96.0,97.5,94.7,95.2,93.6,34.2,40.6,38.5,37.1,-0.17,126,170
14:45:25,04/04/2025,96.3,97.8,94.8,95.4,93.8,34.2,40.6,38.5,37.1,-0.17,126,170
14:45:26,04/04/2025,96.3,97.8,94.8,95.4,93.8,34.2,40.3,38.5,37.3,-0.17,126,170
14:45:27,04/04/2025,96.3,97.8,94.8,95.4,93.8,34.2,40.3,38.5,37.3,-0.17,127,170
14:45:29,04/04/2025,96.3,97.8,94.8,95.4,93.8,34.2,40.3,38.5,37.3,-0.17,127,170
14:45:33,04/04/2025,96.3,97.8,94.8,95.4,93.8,34.2,40.3,38.5,37.3,-0.17,127,170
14:45:34,04/04/2025,96.5,98.0,95.1,95.4,93.8,34.2,40.3,38.5,37.3,-0.17,127,170
14:45:36,04/04/2025,96.5,98.0,95.1,95.7,94.3,34.3,40.0,38.5,37.3,-0.17,127,170
14:45:37,04/04/2025,96.5,98.0,95.1,95.7,94.3,34.3,40.0,38.2,37.0,-0.18,127,170
14:45:38,04/04/2025,96.5,98.0,95.1,95.7,94.3,34.3,40.0,38.2,37.0,-0.18,127,170
14:45:39,04/04/2025,96.6,98.1,95.3,95.8,94.4,34.3,40.0,38.2,37.0,-0.18,127,170
14:45:41,04/04/2025,96.6,98.1,95.3,95.8,94.4,34.3,39.9,38.1,36.9,-0.19,128,170
14:45:42,04/04/2025,96.6,98.1,95.3,95.8,94.4,34.3,39.9,38.1,36.9,-0.19,128,170
14:45:43,04/04/2025,96.6,98.1,95.3,95.8,94.4,34.3,39.9,38.1,36.9,-0.19,128,170
14:45:44,04/04/2025,96.6,98.1,95.3,95.8,94.4,34.3,39.9,38.1,36.9,-0.19,128,170
14:45:46,04/04/2025,96.6,98.1,95.3,95.8,94.4,34.3,39.9,38.1,36.9,-0.19,128,170
14:45:47,04/04/2025,96.8,98.3,88.3,96.1,93.4,34.3,39.9,38.1,36.9,-0.19,128,170
14:45:48,04/04/2025,96.8,98.3,88.3,96.1,93.4,34.3,40.6,38.0,36.7,-0.09,128,170
14:45:50,04/04/2025,96.8,98.3,88.3,96.1,93.4,34.3,40.6,38.0,36.7,-0.09,128,170
14:45:51,04/04/2025,96.8,98.3,91.4,95.9,90.4,34.4,40.6,38.0,36.7,-0.09,128,170
14:45:53,04/04/2025,96.8,98.3,91.4,95.9,90.4,34.4,41.6,38.7,37.0,-0.1,127,170
14:45:54,04/04/2025,96.8,98.3,91.4,95.9,90.4,34.4,41.6,38.7,37.0,-0.1,127,170
14:45:55,04/04/2025,96.8,98.3,91.4,95.9,90.4,34.4,41.6,38.7,37.0,-0.1,127,170
14:45:57,04/04/2025,96.8,98.3,91.4,95.9,90.4,34.4,41.6,38.7,37.0,-0.1,127,170
14:45:58,04/04/2025,96.8,98.3,86.4,87.3,93.5,34.4,41.6,38.7,37.0,-0.1,127,170
14:45:59,04/04/2025,96.8,98.3,86.4,87.3,93.5,34.7,46.8,39.7,38.8,-0.1,127,170
14:46:00,04/04/2025,96.8,98.3,86.4,87.3,93.5,34.7,46.8,39.7,38.8,-0.08,126,170
14:46:01,04/04/2025,96.8,98.3,86.4,87.3,93.5,34.7,46.8,39.7,38.8,-0.08,126,170
14:46:03,04/04/2025,96.8,98.3,86.4,87.3,93.5,34.7,46.8,39.7,38.8,-0.08,126,170
14:46:05,04/04/2025,96.8,98.3,86.4,87.3,93.5,34.7,46.8,39.7,38.8,-0.08,126,170
14:46:06,04/04/2025,96.8,98.3,86.4,87.3,93.5,34.7,46.8,39.7,38.8,-0.08,126,170
14:46:07,04/04/2025,96.5,98.0,90.8,93.2,93.8,36.2,46.8,39.7,38.8,-0.08,126,170
14:46:08,04/04/2025,96.5,98.0,90.8,93.2,93.8,36.2,49.6,42.2,41.2,-0.1,126,170
14:46:09,04/04/2025,96.5,98.0,90.8,93.2,93.8,36.2,49.6,42.2,41.2,-0.1,126,170
14:46:13,04/04/2025,96.5,98.0,90.8,93.2,93.8,36.2,49.6,42.2,41.2,-0.1,126,170
14:46:15,04/04/2025,96.5,98.0,90.8,93.2,93.8,36.2,49.6,42.2,41.2,-0.1,126,170
14:46:18,04/04/2025,96.5,98.0,90.8,93.2,93.8,36.2,49.6,42.2,41.2,-0.1,126,170
14:46:19,04/04/2025,96.4,97.9,94.1,94.9,94.1,36.2,49.6,42.2,41.2,-0.1,126,170
14:46:21,04/04/2025,96.4,97.9,94.1,94.9,94.1,36.1,48.0,41.7,40.9,-0.1,126,170
14:46:22,04/04/2025,96.4,97.9,94.1,94.9,94.1,36.1,48.0,41.7,40.9,-0.1,127,170
14:46:24,04/04/2025,96.4,97.9,94.1,94.9,94.1,36.1,48.0,41.7,40.9,-0.1,127,170
14:46:27,04/04/2025,96.4,97.9,94.1,94.9,94.1,36.1,48.0,41.7,40.9,-0.1,127,170
14:46:29,04/04/2025,96.5,98.0,94.7,95.4,94.3,36.1,48.0,41.7,40.9,-0.1,127,170
14:46:30,04/04/2025,96.5,98.0,94.7,95.4,94.3,36.0,46.6,41.5,40.5,-0.1,127,170
14:46:31,04/04/2025,96.5,98.0,94.7,95.4,94.3,36.0,46.6,41.5,40.5,-0.1,127,170
14:46:32,04/04/2025,96.5,98.0,94.7,95.4,94.3,36.0,46.6,41.5,40.5,-0.1,127,170
14:46:35,04/04/2025,96.5,98.0,94.7,95.4,94.3,36.0,46.6,41.5,40.5,-0.1,127,170
14:46:36,04/04/2025,96.6,98.1,95.0,95.7,94.5,36.0,46.6,41.5,40.5,-0.1,127,170
14:46:37,04/04/2025,96.6,98.1,95.0,95.7,94.5,35.7,46.0,40.8,39.9,-0.11,127,170
14:46:39,04/04/2025,96.6,98.1,95.0,95.7,94.5,35.7,46.0,40.8,39.9,-0.11,128,170
14:46:40,04/04/2025,96.6,98.1,95.0,95.7,94.5,35.7,46.0,40.8,39.9,-0.11,128,170
14:46:41,04/04/2025,96.6,98.1,95.0,95.7,94.5,35.7,46.0,40.8,39.9,-0.11,128,170
14:46:43,04/04/2025,96.7,98.2,95.3,96.0,94.7,35.7,46.0,40.8,39.9,-0.11,128,170
14:46:44,04/04/2025,96.7,98.2,95.3,96.0,94.7,35.7,45.6,40.6,39.7,-0.11,128,170
14:46:45,04/04/2025,96.7,98.2,95.3,96.0,94.7,35.7,45.6,40.6,39.7,-0.11,128,170
14:46:46,04/04/2025,96.8,98.3,95.3,96.0,94.7,35.7,45.6,40.6,39.7,-0.11,128,170
14:46:47,04/04/2025,96.8,98.3,95.5,96.2,94.8,35.7,45.6,40.6,39.7,-0.11,128,170
14:46:48,04/04/2025,96.8,98.3,95.5,96.2,94.8,35.7,45.3,40.3,39.2,-0.1,128,170
14:46:50,04/04/2025,96.8,98.3,95.5,96.2,94.8,35.7,45.3,40.3,39.2,-0.1,128,170
14:46:51,04/04/2025,96.8,98.3,95.5,96.2,94.8,35.7,45.3,40.3,39.2,-0.1,128,170
14:46:53,04/04/2025,96.9,98.4,95.7,96.3,95.0,35.7,45.3,40.3,39.2,-0.1,128,170
14:46:54,04/04/2025,96.9,98.4,95.7,96.3,95.0,35.7,45.2,40.0,38.7,-0.13,128,170
14:46:55,04/04/2025,96.9,98.4,95.7,96.3,95.0,35.7,45.2,40.0,38.7,-0.13,128,170
14:46:56,04/04/2025,96.9,98.4,95.7,96.3,95.0,35.7,45.2,40.0,38.7,-0.13,128,170
14:46:58,04/04/2025,96.9,98.4,95.7,96.3,95.0,35.7,45.2,40.0,38.7,-0.13,128,170
14:46:59,04/04/2025,96.9,98.4,95.7,96.3,95.0,35.7,45.2,40.0,38.7,-0.13,128,170
14:47:00,04/04/2025,97.2,98.7,96.0,96.6,95.2,35.7,45.2,40.0,38.7,-0.13,128,170
14:47:02,04/04/2025,97.2,98.7,96.0,96.6,95.2,35.5,44.8,39.7,38.9,-0.12,128,170
14:47:03,04/04/2025,97.2,98.7,96.0,96.6,95.2,35.5,44.8,39.7,38.9,-0.12,128,170
14:47:07,04/04/2025,97.4,98.9,96.0,96.6,95.2,35.5,44.8,39.7,38.9,-0.12,128,170
14:47:08,04/04/2025,97.4,98.9,96.2,96.8,95.4,35.5,44.8,39.7,38.9,-0.12,128,170
14:47:09,04/04/2025,97.4,98.9,96.2,96.8,95.4,35.6,44.3,39.4,38.3,-0.15,128,170
14:47:10,04/04/2025,97.4,98.9,96.2,96.8,95.4,35.6,44.3,39.4,38.3,-0.15,129,170
14:47:12,04/04/2025,97.5,99.0,96.3,96.9,95.6,35.6,44.3,39.4,38.3,-0.15,129,170
14:47:13,04/04/2025,97.5,99.0,96.3,96.9,95.6,35.5,44.3,39.4,38.4,-0.13,129,170
14:47:14,04/04/2025,97.5,99.0,96.3,96.9,95.6,35.5,44.3,39.4,38.4,-0.13,129,170
14:47:15,04/04/2025,97.5,99.0,96.3,96.9,95.6,35.5,44.3,39.4,38.4,-0.13,129,170
14:47:18,04/04/2025,97.5,99.0,96.3,96.9,95.6,35.5,44.3,39.4,38.4,-0.13,129,170
14:47:20,04/04/2025,97.5,99.0,96.3,96.9,95.6,35.5,44.3,39.4,38.4,-0.13,129,170
14:47:21,04/04/2025,97.7,99.2,96.6,97.2,95.9,35.7,43.8,39.4,38.4,-0.13,129,170
14:47:23,04/04/2025,97.7,99.2,96.6,97.2,95.9,35.7,43.8,39.4,38.1,-0.14,129,170
14:47:24,04/04/2025,97.7,99.2,96.6,97.2,95.9,35.7,43.8,39.4,38.1,-0.14,129,170
14:47:26,04/04/2025,97.7,99.2,96.6,97.2,95.9,35.7,43.8,39.4,38.1,-0.14,129,170
14:47:30,04/04/2025,97.7,99.2,96.6,97.2,95.9,35.7,43.8,39.4,38.1,-0.14,129,170
14:47:31,04/04/2025,97.9,99.4,96.8,97.5,95.9,35.7,43.8,39.4,38.1,-0.14,129,170
14:47:33,04/04/2025,97.9,99.4,96.8,97.5,96.2,35.7,43.3,39.1,37.8,-0.05,130,170
14:47:34,04/04/2025,97.9,99.4,96.8,97.5,96.2,35.7,43.3,39.1,37.8,-0.05,130,170
14:47:35,04/04/2025,97.9,99.4,96.8,97.5,96.2,35.7,43.3,39.1,37.8,-0.05,130,170
14:47:37,04/04/2025,97.9,99.4,96.8,97.5,96.2,35.7,43.3,39.1,37.8,-0.05,130,170
14:47:38,04/04/2025,98.1,99.6,85.1,87.2,90.3,35.6,43.3,39.1,37.8,-0.05,130,170
14:47:39,04/04/2025,98.1,99.6,85.1,87.2,90.3,35.6,47.7,40.4,39.2,-0.1,129,170
14:47:42,04/04/2025,98.1,99.6,85.1,87.2,90.3,35.6,47.7,40.4,39.2,-0.1,129,170
14:47:44,04/04/2025,98.1,99.6,85.1,87.2,90.3,35.6,47.7,40.4,39.2,-0.1,129,170
14:47:48,04/04/2025,98.2,99.7,94.2,94.0,93.4,36.4,47.7,40.4,39.2,-0.1,129,170
14:47:50,04/04/2025,98.2,99.7,94.2,94.0,93.4,36.4,50.6,42.5,42.1,-0.1,128,170
14:47:52,04/04/2025,98.2,99.7,94.2,94.0,93.4,36.4,50.6,42.5,42.1,-0.1,128,170
14:47:54,04/04/2025,98.2,99.7,94.2,94.0,93.4,36.4,50.6,42.5,42.1,-0.1,128,170
14:47:56,04/04/2025,98.2,99.7,94.2,94.0,93.4,36.4,50.6,42.5,42.1,-0.1,128,170
14:47:57,04/04/2025,97.8,99.3,87.9,85.5,94.8,36.4,50.6,42.5,42.1,-0.1,128,170
14:47:58,04/04/2025,97.8,99.3,87.9,85.5,94.8,40.8,59.0,46.4,45.4,0.01,128,170
14:48:00,04/04/2025,97.8,99.3,87.9,85.5,94.8,40.8,59.0,46.4,45.4,0.01,127,170
14:48:01,04/04/2025,97.8,99.3,87.9,85.5,94.8,40.8,59.0,46.4,45.4,0.01,127,170
14:48:03,04/04/2025,97.8,99.3,87.9,85.5,94.8,40.8,59.0,46.4,45.4,0.01,127,170
14:48:04,04/04/2025,97.8,99.3,87.9,85.5,94.8,40.8,59.0,46.4,45.4,0.01,127,170
14:48:07,04/04/2025,97.0,98.5,87.9,85.5,94.8,40.8,59.0,46.4,45.4,0.01,127,170
14:48:10,04/04/2025,97.0,98.5,93.8,94.5,93.4,45.6,59.9,47.8,47.2,-0.06,127,170
14:48:11,04/04/2025,97.0,98.5,93.8,94.5,93.4,45.6,59.9,47.8,47.2,-0.06,128,170
14:48:12,04/04/2025,97.0,98.5,93.8,94.5,93.4,45.6,59.9,47.8,47.2,-0.06,128,170
14:48:15,04/04/2025,97.0,98.5,93.8,94.5,93.4,45.6,59.9,47.8,47.2,-0.06,128,170
14:48:18,04/04/2025,96.6,98.1,94.4,95.3,94.4,45.0,59.9,47.8,47.2,-0.06,128,170
14:48:19,04/04/2025,96.6,98.1,94.4,95.3,94.4,45.0,58.5,46.8,45.6,-0.06,128,170
14:48:20,04/04/2025,96.6,98.1,94.4,95.3,94.4,45.0,58.5,46.8,45.6,-0.06,128,170
14:48:21,04/04/2025,96.6,98.1,94.4,95.3,94.4,45.0,58.5,46.8,45.6,-0.06,128,170
14:48:23,04/04/2025,96.6,98.1,94.7,95.6,94.5,45.0,58.5,46.8,45.6,-0.06,128,170
14:48:24,04/04/2025,96.6,98.1,94.7,95.6,94.5,44.2,57.6,46.6,46.3,-0.06,128,170
14:48:25,04/04/2025,96.6,98.1,94.7,95.6,94.5,44.2,57.6,46.6,46.3,-0.06,128,170
14:48:27,04/04/2025,96.6,98.1,94.7,95.6,94.5,44.2,57.6,46.6,46.3,-0.06,128,170
14:48:28,04/04/2025,96.7,98.2,95.0,95.8,94.7,44.2,57.6,46.6,46.3,-0.06,128,170
14:48:29,04/04/2025,96.7,98.2,95.0,95.8,94.7,43.7,56.6,46.0,44.7,-0.06,128,170
14:48:30,04/04/2025,96.7,98.2,95.0,95.8,94.7,43.7,56.6,46.0,44.7,-0.06,128,170
14:48:31,04/04/2025,96.7,98.2,95.0,95.8,94.7,43.7,56.6,46.0,44.7,-0.06,128,170
14:48:35,04/04/2025,96.7,98.2,95.0,95.8,94.7,43.7,56.6,46.0,44.7,-0.06,128,170
14:48:37,04/04/2025,96.9,98.4,95.4,96.2,95.0,43.7,56.6,46.0,44.7,-0.06,128,170
14:48:38,04/04/2025,96.9,98.4,95.4,96.2,95.0,42.1,55.6,45.5,45.0,-0.05,128,170
14:48:39,04/04/2025,96.9,98.4,95.4,96.2,95.0,42.1,55.6,45.5,45.0,-0.05,128,170
14:48:40,04/04/2025,96.9,98.4,95.4,96.2,95.0,42.1,55.6,45.5,45.0,-0.05,128,170
14:48:42,04/04/2025,96.9,98.4,95.4,96.2,95.0,42.1,55.6,45.5,45.0,-0.05,128,170
14:48:44,04/04/2025,96.9,98.4,95.4,96.2,95.0,42.1,55.6,45.5,45.0,-0.05,128,170
14:48:45,04/04/2025,97.1,98.6,95.7,96.4,95.2,41.4,55.6,45.5,45.0,-0.05,128,170
14:48:46,04/04/2025,97.1,98.6,95.7,96.4,95.2,41.4,54.8,44.6,44.5,-0.08,129,170
14:48:47,04/04/2025,97.1,98.6,95.7,96.4,95.2,41.4,54.8,44.6,44.5,-0.08,129,170
14:48:49,04/04/2025,97.1,98.6,95.7,96.4,95.2,41.4,54.8,44.6,44.5,-0.08,129,170
14:48:51,04/04/2025,97.2,98.7,95.9,96.6,95.4,41.2,54.3,44.4,44.2,-0.1,129,170
14:48:52,04/04/2025,97.2,98.7,95.9,96.6,95.4,41.2,54.3,44.4,44.2,-0.1,129,170
14:48:56,04/04/2025,97.2,98.7,95.9,96.6,95.4,41.2,54.3,44.4,44.2,-0.1,129,170
14:48:59,04/04/2025,97.2,98.7,95.9,96.6,95.4,41.2,54.3,44.4,44.2,-0.1,129,170
14:49:00,04/04/2025,97.2,98.7,95.9,96.6,95.4,41.2,54.3,44.4,44.2,-0.1,129,170
14:49:01,04/04/2025,97.4,98.9,88.4,90.2,93.4,41.2,54.3,44.4,44.2,-0.1,129,170
14:49:03,04/04/2025,97.4,98.9,88.4,90.2,93.4,42.8,62.1,46.6,47.4,-0.1,128,170
14:49:04,04/04/2025,97.4,98.9,88.4,90.2,93.4,42.8,62.1,46.6,47.4,-0.1,128,170
14:49:06,04/04/2025,97.4,98.9,88.4,90.2,93.4,42.8,62.1,46.6,47.4,-0.1,128,170
14:49:07,04/04/2025,97.4,98.9,88.4,90.2,93.4,42.8,62.1,46.6,47.4,-0.1,128,170
14:49:09,04/04/2025,97.2,98.7,94.2,94.5,89.8,42.8,62.1,46.6,47.4,-0.1,128,170
14:49:11,04/04/2025,97.2,98.7,94.2,94.5,89.8,44.0,60.2,47.1,47.6,-0.04,128,170
14:49:12,04/04/2025,97.2,98.7,94.2,94.5,89.8,44.0,60.2,47.1,47.6,-0.04,128,170
14:49:14,04/04/2025,97.2,98.7,94.2,94.5,89.8,44.0,60.2,47.1,47.6,-0.04,128,170
14:49:18,04/04/2025,97.2,98.7,94.2,94.5,89.8,44.0,60.2,47.1,47.6,-0.04,128,170
14:49:19,04/04/2025,97.2,98.7,95.0,92.8,93.5,44.0,60.2,47.1,47.6,-0.04,128,170
14:49:20,04/04/2025,97.2,98.7,95.0,92.8,93.5,45.1,57.9,47.3,47.7,-0.08,128,170
14:49:21,04/04/2025,97.2,98.7,95.0,92.8,93.5,45.1,57.9,47.3,47.7,-0.08,128,170
14:49:23,04/04/2025,97.2,98.7,95.0,92.8,93.5,45.1,57.9,47.3,47.7,-0.08,128,170
14:49:25,04/04/2025,97.2,98.7,95.3,95.3,94.4,44.6,57.9,47.3,47.7,-0.08,128,170
14:49:26,04/04/2025,97.2,98.7,95.3,95.3,94.4,44.6,57.1,47.3,47.3,-0.09,128,170
14:49:27,04/04/2025,97.2,98.7,95.3,95.3,94.4,44.6,57.1,47.3,47.3,-0.09,128,170
14:49:28,04/04/2025,97.2,98.7,95.3,95.3,94.4,44.6,57.1,47.3,47.3,-0.09,128,170
14:49:29,04/04/2025,97.2,98.7,95.3,95.3,94.4,44.6,57.1,47.3,47.3,-0.09,128,170
14:49:31,04/04/2025,97.2,98.7,95.3,95.3,94.4,44.6,57.1,47.3,47.3,-0.09,128,170
14:49:32,04/04/2025,97.2,98.7,95.3,95.3,94.4,44.6,57.1,47.3,47.3,-0.09,128,170
14:49:34,04/04/2025,97.2,98.7,90.5,92.6,88.9,44.6,57.1,47.3,47.3,-0.09,128,170
14:49:35,04/04/2025,97.2,98.7,90.5,92.6,88.9,45.0,57.9,47.0,48.7,-0.09,128,170
14:49:36,04/04/2025,97.2,98.7,90.5,92.6,88.9,45.0,57.9,47.0,48.7,-0.09,128,170
14:49:37,04/04/2025,97.2,98.7,90.5,92.6,88.9,45.0,57.9,47.0,48.7,-0.09,128,170
14:49:38,04/04/2025,97.2,98.7,90.5,92.6,88.9,45.0,57.9,47.0,48.7,-0.09,128,170
14:49:40,04/04/2025,97.2,98.7,90.5,92.6,88.9,45.0,57.9,47.0,48.7,-0.09,128,170
14:49:41,04/04/2025,97.2,98.7,90.5,92.6,88.9,45.0,57.9,47.0,48.7,-0.09,128,170
14:49:42,04/04/2025,97.2,98.7,90.9,87.4,88.9,45.0,57.9,47.0,48.7,-0.09,128,170
14:49:44,04/04/2025,97.2,98.7,90.9,87.4,86.0,49.4,61.1,48.8,51.4,-0.09,128,170
14:49:45,04/04/2025,97.2,98.7,90.9,87.4,86.0,49.4,61.1,48.8,51.4,-0.04,128,170
14:49:46,04/04/2025,97.2,98.7,90.9,87.4,86.0,49.4,61.1,48.8,51.4,-0.04,127,170
14:49:47,04/04/2025,97.2,98.7,90.9,87.4,86.0,49.4,61.1,48.8,51.4,-0.04,127,170
14:49:48,04/04/2025,97.2,98.7,90.9,87.4,86.0,49.4,61.1,48.8,51.4,-0.04,127,170
14:49:49,04/04/2025,97.0,98.5,94.1,93.1,86.0,49.4,61.1,48.8,51.4,-0.04,127,170
14:49:50,04/04/2025,97.0,98.5,94.1,93.1,91.8,51.6,61.6,48.8,51.4,-0.04,127,170
14:49:51,04/04/2025,97.0,98.5,94.1,93.1,91.8,51.6,61.6,50.9,51.8,-0.05,127,170
14:49:53,04/04/2025,97.0,98.5,94.1,93.1,91.8,51.6,61.6,50.9,51.8,-0.05,128,170
14:49:54,04/04/2025,97.0,98.5,94.1,93.1,91.8,51.6,61.6,50.9,51.8,-0.05,128,170
14:49:55,04/04/2025,97.0,98.5,94.1,93.1,91.8,51.6,61.6,50.9,51.8,-0.05,128,170
14:49:56,04/04/2025,97.0,98.5,94.1,93.1,91.8,51.6,61.6,50.9,51.8,-0.05,128,170
14:49:58,04/04/2025,96.9,98.4,94.7,94.9,93.7,50.7,60.1,50.5,51.5,-0.06,128,170
14:50:00,04/04/2025,96.9,98.4,94.7,94.9,93.7,50.7,60.1,50.5,51.5,-0.06,128,170
14:50:02,04/04/2025,96.9,98.4,94.7,94.9,93.7,50.7,60.1,50.5,51.5,-0.06,128,170
14:50:06,04/04/2025,96.9,98.4,94.7,94.9,93.7,50.7,60.1,50.5,51.5,-0.06,128,170
14:50:10,04/04/2025,97.0,98.5,94.6,93.7,94.1,48.8,60.1,50.5,51.5,-0.06,128,170
14:50:12,04/04/2025,97.0,98.5,94.6,93.7,94.1,48.8,58.5,48.4,50.4,-0.09,128,170
14:50:16,04/04/2025,97.0,98.5,94.6,93.7,94.1,48.8,58.5,48.4,50.4,-0.09,128,170
14:50:18,04/04/2025,97.0,98.5,94.6,93.7,94.1,48.8,58.5,48.4,50.4,-0.09,128,170
14:50:20,04/04/2025,97.2,98.7,95.3,95.5,94.3,48.8,58.5,48.4,50.4,-0.09,128,170
14:50:21,04/04/2025,97.2,98.7,95.3,95.5,94.3,47.4,57.2,48.2,50.4,-0.09,128,170
14:50:22,04/04/2025,97.2,98.7,95.3,95.5,94.3,47.4,57.2,48.2,50.4,-0.11,128,170
14:50:23,04/04/2025,97.2,98.7,95.3,95.5,94.3,47.4,57.2,48.2,50.4,-0.11,128,170
14:50:24,04/04/2025,97.3,98.8,95.5,95.8,94.3,47.4,57.2,48.2,50.4,-0.11,128,170
14:50:26,04/04/2025,97.3,98.8,95.5,95.8,94.5,46.3,56.6,47.9,50.4,-0.11,128,170
14:50:27,04/04/2025,97.3,98.8,95.5,95.8,94.5,46.3,56.6,47.9,49.7,-0.12,128,170
14:50:28,04/04/2025,97.3,98.8,95.5,95.8,94.5,46.3,56.6,47.9,49.7,-0.12,128,170
14:50:29,04/04/2025,97.3,98.8,95.5,95.8,94.5,46.3,56.6,47.9,49.7,-0.12,128,170
14:50:31,04/04/2025,97.3,98.8,95.5,95.8,94.5,46.3,56.6,47.9,49.7,-0.12,128,170
14:50:33,04/04/2025,97.3,98.8,95.5,95.8,94.5,46.3,56.6,47.9,49.7,-0.12,128,170
14:50:34,04/04/2025,97.5,99.0,95.1,95.4,94.5,46.3,56.6,47.9,49.7,-0.12,128,170
14:50:35,04/04/2025,97.5,99.0,95.1,95.4,94.7,44.9,55.8,47.4,49.7,-0.12,128,170
14:50:37,04/04/2025,97.5,99.0,95.1,95.4,94.7,44.9,55.8,47.4,50.2,-0.12,128,170
14:50:40,04/04/2025,97.5,99.0,95.1,95.4,94.7,44.9,55.8,47.4,50.2,-0.12,128,170
14:50:43,04/04/2025,97.5,99.0,95.1,95.4,94.7,44.9,55.8,47.4,50.2,-0.12,128,170
14:50:45,04/04/2025,97.6,99.1,88.3,86.8,93.7,47.8,60.8,50.0,53.8,-0.06,128,170
14:50:46,04/04/2025,97.6,99.1,88.3,86.8,93.7,47.8,60.8,50.0,53.8,-0.06,128,170
14:50:47,04/04/2025,97.6,99.1,88.3,86.8,93.7,47.8,60.8,50.0,53.8,-0.06,128,170
14:50:50,04/04/2025,97.6,99.1,88.3,86.8,93.7,47.8,60.8,50.0,53.8,-0.06,128,170
14:50:53,04/04/2025,97.6,99.1,88.3,86.8,93.7,47.8,60.8,50.0,53.8,-0.06,128,170
14:50:54,04/04/2025,97.2,98.7,85.7,85.9,86.7,47.8,60.8,50.0,53.8,-0.06,128,170
14:50:55,04/04/2025,97.2,98.7,85.7,85.9,86.7,53.7,65.5,52.8,57.8,-0.06,128,170
14:50:56,04/04/2025,97.2,98.7,85.7,85.9,86.7,53.7,65.5,52.8,57.8,-0.01,126,170
14:51:00,04/04/2025,97.2,98.7,85.7,85.9,86.7,53.7,65.5,52.8,57.8,-0.01,126,170
14:51:01,04/04/2025,97.2,98.7,85.7,85.9,86.7,53.7,65.5,52.8,57.8,-0.01,126,170
14:51:02,04/04/2025,96.9,98.4,87.1,86.6,89.3,53.7,65.5,52.8,57.8,-0.01,126,170
14:51:03,04/04/2025,96.9,98.4,87.1,86.6,89.3,54.6,66.2,52.5,58.0,-0.01,126,170
14:51:04,04/04/2025,96.9,98.4,87.1,86.6,89.3,54.6,66.2,52.5,58.0,-0.01,126,170
14:51:06,04/04/2025,96.9,98.4,87.1,86.6,89.3,54.6,66.2,52.5,58.0,-0.01,126,170
14:51:10,04/04/2025,96.9,98.4,87.1,86.6,89.3,54.6,66.2,52.5,58.0,-0.01,126,170
14:51:12,04/04/2025,96.9,98.4,87.1,86.6,89.3,54.6,66.2,52.5,58.0,-0.01,126,170
14:51:13,04/04/2025,96.9,98.4,87.1,86.6,89.3,54.6,66.2,52.5,58.0,-0.01,126,170
14:51:14,04/04/2025,96.6,98.1,89.9,89.8,92.7,54.6,66.2,52.5,58.0,-0.01,126,170
14:51:15,04/04/2025,96.6,98.1,89.9,89.8,92.7,52.6,66.5,53.5,59.4,-0.01,126,170
14:51:16,04/04/2025,96.6,98.1,89.9,89.8,92.7,52.6,66.5,53.5,59.4,-0.02,126,170
14:51:18,04/04/2025,96.6,98.1,89.9,89.8,92.7,52.6,66.5,53.5,59.4,-0.02,126,170
14:51:19,04/04/2025,96.6,98.1,89.9,89.8,92.7,52.6,66.5,53.5,59.4,-0.02,126,170
14:51:20,04/04/2025,96.6,98.1,92.6,92.9,93.0,52.6,66.5,53.5,59.4,-0.02,126,170
14:51:21,04/04/2025,96.6,98.1,92.6,92.9,93.0,51.4,64.6,51.8,57.0,-0.02,126,170
14:51:22,04/04/2025,96.6,98.1,92.6,92.9,93.0,51.4,64.6,51.8,57.0,-0.03,126,170
14:51:23,04/04/2025,96.6,98.1,92.6,92.9,93.0,51.4,64.6,51.8,57.0,-0.03,126,170
14:51:24,04/04/2025,96.6,98.1,92.6,92.9,93.0,51.4,64.6,51.8,57.0,-0.03,126,170
14:51:27,04/04/2025,96.6,98.1,92.6,92.9,93.0,51.4,64.6,51.8,57.0,-0.03,126,170
14:51:28,04/04/2025,96.6,98.1,93.9,94.3,93.4,51.4,64.6,51.8,57.0,-0.03,126,170
14:51:29,04/04/2025,96.6,98.1,93.9,94.3,93.4,48.9,62.8,50.5,56.6,-0.05,126,170
14:51:30,04/04/2025,96.6,98.1,93.9,94.3,93.4,48.9,62.8,50.5,56.6,-0.05,127,170
14:51:32,04/04/2025,96.6,98.1,93.9,94.3,93.4,48.9,62.8,50.5,56.6,-0.05,127,170
14:51:33,04/04/2025,96.6,98.1,93.9,94.3,93.4,48.9,62.8,50.5,56.6,-0.05,127,170
14:51:35,04/04/2025,96.7,98.2,94.4,94.8,93.7,47.5,62.8,50.5,56.6,-0.05,127,170
14:51:37,04/04/2025,96.7,98.2,94.4,94.8,93.7,47.5,62.2,50.5,56.9,-0.04,127,170
14:51:38,04/04/2025,96.7,98.2,94.4,94.8,93.7,47.5,62.2,50.5,56.9,-0.04,127,170
14:51:39,04/04/2025,96.7,98.2,94.4,94.8,93.7,47.5,62.2,50.5,56.9,-0.04,127,170
14:51:41,04/04/2025,96.7,98.2,94.4,95.0,93.9,48.3,62.2,50.5,56.9,-0.04,127,170
14:51:42,04/04/2025,96.7,98.2,94.4,95.0,93.9,48.3,63.3,49.8,56.4,-0.07,128,170
14:51:43,04/04/2025,96.7,98.2,94.4,95.0,93.9,48.3,63.3,49.8,56.4,-0.07,128,170
14:51:45,04/04/2025,96.7,98.2,94.4,95.0,93.9,48.3,63.3,49.8,56.4,-0.07,128,170
14:51:47,04/04/2025,96.7,98.2,94.4,95.0,93.9,48.3,63.3,49.8,56.4,-0.07,128,170
14:51:48,04/04/2025,96.8,98.3,88.7,88.8,93.9,48.3,63.3,49.8,56.4,-0.07,128,170
14:51:49,04/04/2025,96.8,98.3,88.7,88.8,87.9,48.9,64.2,51.2,57.6,-0.07,128,170
14:51:52,04/04/2025,96.8,98.3,88.7,88.8,87.9,48.9,64.2,51.2,57.6,0.06,126,170
14:51:53,04/04/2025,96.8,98.3,88.7,88.8,87.9,48.9,64.2,51.2,57.6,0.06,126,170
14:51:54,04/04/2025,96.8,98.3,88.7,88.8,87.9,48.9,64.2,51.2,57.6,0.06,126,170
14:51:55,04/04/2025,96.8,98.3,88.7,88.8,87.9,48.9,64.2,51.2,57.6,0.06,126,170
14:51:57,04/04/2025,96.8,98.3,88.7,88.8,87.9,48.9,64.2,51.2,57.6,0.06,126,170
14:51:59,04/04/2025,96.6,98.1,88.0,86.8,88.3,53.7,64.2,51.2,57.6,0.06,126,170
14:52:00,04/04/2025,96.6,98.1,88.0,86.8,88.3,53.7,68.9,53.3,61.8,0.18,126,170
14:52:01,04/04/2025,96.6,98.1,88.0,86.8,88.3,53.7,68.9,53.3,61.8,0.18,126,170
14:52:03,04/04/2025,96.6,98.1,88.0,86.8,88.3,53.7,68.9,53.3,61.8,0.18,126,170
14:52:04,04/04/2025,96.6,98.1,88.0,86.8,88.3,53.7,68.9,53.3,61.8,0.18,126,170
14:52:06,04/04/2025,96.6,98.1,88.0,86.8,88.3,53.7,68.9,53.3,61.8,0.18,126,170
14:52:07,04/04/2025,96.1,97.6,88.0,87.6,92.1,53.7,68.9,53.3,61.8,0.18,126,170
14:52:08,04/04/2025,96.1,97.6,88.0,87.6,92.1,54.3,74.5,53.4,63.9,0.18,126,170
14:52:09,04/04/2025,96.1,97.6,88.0,87.6,92.1,54.3,74.5,53.4,63.9,0.22,125,170
14:52:10,04/04/2025,96.1,97.6,88.0,87.6,92.1,54.3,74.5,53.4,63.9,0.22,125,170
14:52:11,04/04/2025,96.1,97.6,88.0,87.6,92.1,54.3,74.5,53.4,63.9,0.22,125,170
14:52:14,04/04/2025,96.1,97.6,88.0,87.6,92.1,54.3,74.5,53.4,63.9,0.22,125,170
14:52:18,04/04/2025,95.6,97.1,88.1,89.2,89.5,54.1,74.5,53.4,63.9,0.22,125,170
14:52:19,04/04/2025,95.6,97.1,88.1,89.2,89.5,54.1,75.2,54.6,65.5,0.23,125,170
14:52:20,04/04/2025,95.6,97.1,88.1,89.2,89.5,54.1,75.2,54.6,65.5,0.23,125,170
14:52:22,04/04/2025,95.6,97.1,88.1,89.2,89.5,54.1,75.2,54.6,65.5,0.23,125,170
14:52:24,04/04/2025,95.6,97.1,88.1,89.2,89.5,54.1,75.2,54.6,65.5,0.23,125,170
14:52:25,04/04/2025,95.6,97.1,88.1,89.2,89.5,54.1,75.2,54.6,65.5,0.23,125,170
14:52:26,04/04/2025,95.2,96.7,87.8,88.9,89.5,54.1,75.2,54.6,65.5,0.23,125,170
14:52:28,04/04/2025,95.2,96.7,87.8,88.9,89.2,53.4,75.6,54.2,65.8,0.28,124,170
14:52:29,04/04/2025,95.2,96.7,87.8,88.9,89.2,53.4,75.6,54.2,65.8,0.28,124,170
14:52:30,04/04/2025,95.2,96.7,87.8,88.9,89.2,53.4,75.6,54.2,65.8,0.28,124,170
14:52:31,04/04/2025,95.2,96.7,88.3,89.5,89.6,53.4,75.6,54.2,65.8,0.28,124,170
14:52:33,04/04/2025,95.2,96.7,88.3,89.5,89.6,53.3,76.0,54.1,65.4,0.22,124,170
14:52:34,04/04/2025,95.2,96.7,88.3,89.5,89.6,53.3,76.0,54.1,65.4,0.22,124,170
14:52:36,04/04/2025,95.2,96.7,88.3,89.5,89.6,53.3,76.0,54.1,65.4,0.22,124,170
14:52:37,04/04/2025,95.2,96.7,88.3,89.5,89.6,53.3,76.0,54.1,65.4,0.22,124,170
14:52:39,04/04/2025,95.0,96.5,88.3,89.7,91.3,53.3,76.0,54.1,65.4,0.22,124,170
14:52:40,04/04/2025,95.0,96.5,88.3,89.7,91.3,53.5,76.9,53.2,65.7,0.27,124,170
14:52:41,04/04/2025,95.0,96.5,88.3,89.7,91.3,53.5,76.9,53.2,65.7,0.27,124,170
14:52:42,04/04/2025,95.0,96.5,88.3,89.7,91.3,53.5,76.9,53.2,65.7,0.27,124,170
14:52:43,04/04/2025,95.0,96.5,88.3,89.7,91.3,53.5,76.9,53.2,65.7,0.27,124,170
14:52:46,04/04/2025,95.0,96.5,88.3,89.7,91.3,53.5,76.9,53.2,65.7,0.27,124,170
14:52:47,04/04/2025,94.9,96.4,88.6,91.9,91.9,52.3,76.9,53.2,65.7,0.27,124,170
14:52:48,04/04/2025,94.9,96.4,88.6,91.9,91.9,52.3,74.8,52.9,67.5,0.24,124,170
14:52:49,04/04/2025,94.9,96.4,88.6,91.9,91.9,52.3,74.8,52.9,67.5,0.24,125,170
14:52:50,04/04/2025,94.9,96.4,88.6,91.9,91.9,52.3,74.8,52.9,67.5,0.24,125,170
14:52:52,04/04/2025,94.9,96.4,88.6,91.9,91.9,52.3,74.8,52.9,67.5,0.24,125,170
14:52:53,04/04/2025,94.8,96.3,88.9,91.7,92.2,52.3,74.8,52.9,67.5,0.24,125,170
14:52:55,04/04/2025,94.8,96.3,88.9,91.7,92.2,51.2,74.8,51.9,66.3,0.18,125,170
14:52:56,04/04/2025,94.8,96.3,88.9,91.7,92.2,51.2,74.8,51.9,66.3,0.18,125,170
14:52:57,04/04/2025,94.8,96.3,88.9,91.7,92.2,51.2,74.8,51.9,66.3,0.18,125,170
14:52:59,04/04/2025,94.9,96.4,90.9,92.8,92.4,49.8,74.8,51.9,66.3,0.18,125,170
14:53:00,04/04/2025,94.9,96.4,90.9,92.8,92.4,49.8,75.0,50.8,65.5,0.18,125,170
14:53:01,04/04/2025,94.9,96.4,90.9,92.8,92.4,49.8,75.0,50.8,65.5,0.18,125,170
14:53:02,04/04/2025,94.9,96.4,90.9,92.8,92.4,49.8,75.0,50.8,65.5,0.18,125,170
14:53:05,04/04/2025,94.9,96.4,90.9,92.8,92.4,49.8,75.0,50.8,65.5,0.18,125,170
14:53:06,04/04/2025,94.9,96.4,90.9,92.8,92.4,49.8,75.0,50.8,65.5,0.18,125,170
14:53:08,04/04/2025,95.0,96.5,91.6,93.4,92.7,49.6,74.5,51.0,66.1,0.18,125,170
14:53:09,04/04/2025,95.0,96.5,91.6,93.4,92.7,49.6,74.5,51.0,66.1,0.18,126,170
14:53:11,04/04/2025,95.0,96.5,91.6,93.4,92.7,49.6,74.5,51.0,66.1,0.18,126,170
14:53:12,04/04/2025,95.1,96.6,92.4,93.3,92.8,48.9,74.5,51.0,66.1,0.18,126,170
14:53:13,04/04/2025,95.1,96.6,92.4,93.3,92.8,48.9,73.7,51.3,67.6,0.15,126,170
14:53:14,04/04/2025,95.1,96.6,92.4,93.3,92.8,48.9,73.7,51.3,67.6,0.15,126,170
14:53:16,04/04/2025,95.1,96.6,92.4,93.3,92.8,48.9,73.7,51.3,67.6,0.15,126,170
14:53:17,04/04/2025,95.1,96.6,92.4,93.3,92.8,48.9,73.7,51.3,67.6,0.15,126,170
14:53:19,04/04/2025,95.1,96.6,92.4,93.3,92.8,48.9,73.7,51.3,67.6,0.15,126,170
14:53:20,04/04/2025,94.5,96.0,89.2,90.4,92.6,48.9,73.7,51.3,67.6,0.15,126,170
14:53:22,04/04/2025,94.5,96.0,89.2,90.4,92.6,49.8,74.9,50.8,65.0,0.17,126,170
14:53:23,04/04/2025,94.5,96.0,89.2,90.4,92.6,49.8,74.9,50.8,65.0,0.17,125,170
14:53:25,04/04/2025,94.5,96.0,89.2,90.4,92.6,49.8,74.9,50.8,65.0,0.17,125,170
14:53:26,04/04/2025,94.5,96.0,89.2,90.4,92.6,49.8,74.9,50.8,65.0,0.17,125,170
14:53:27,04/04/2025,94.5,96.0,89.2,90.4,92.6,49.8,74.9,50.8,65.0,0.17,125,170
14:53:29,04/04/2025,94.7,96.2,90.1,90.4,92.6,49.8,74.9,50.8,65.0,0.17,125,170
14:53:30,04/04/2025,94.7,96.2,90.1,90.4,90.4,50.7,75.3,50.2,65.0,0.17,125,170
14:53:31,04/04/2025,94.7,96.2,90.1,90.4,90.4,50.7,75.3,50.2,65.6,0.23,125,170
14:53:32,04/04/2025,94.7,96.2,90.1,90.4,90.4,50.7,75.3,50.2,65.6,0.23,125,170
14:53:35,04/04/2025,94.7,96.2,90.1,90.4,90.4,50.7,75.3,50.2,65.6,0.23,125,170
14:53:38,04/04/2025,94.7,96.2,90.1,90.4,90.4,50.7,75.3,50.2,65.6,0.23,125,170
14:53:40,04/04/2025,95.1,96.6,89.6,88.5,91.6,49.2,75.3,50.2,65.6,0.23,125,170
14:53:41,04/04/2025,95.1,96.6,89.6,88.5,91.6,49.2,74.4,50.2,65.7,0.18,125,170
14:53:42,04/04/2025,95.2,96.7,89.6,88.5,91.6,49.2,74.4,50.2,65.7,0.18,125,170
14:53:43,04/04/2025,95.2,96.7,90.4,88.7,89.2,49.2,74.4,50.2,65.7,0.18,125,170
14:53:44,04/04/2025,95.2,96.7,90.4,88.7,89.2,49.0,74.4,50.1,66.0,0.18,125,170
14:53:45,04/04/2025,95.2,96.7,90.4,88.7,89.2,49.0,74.4,50.1,66.0,0.24,125,170
14:53:47,04/04/2025,95.2,96.7,90.4,88.7,89.2,49.0,74.4,50.1,66.0,0.24,125,170
14:53:49,04/04/2025,95.2,96.7,90.4,88.7,89.2,49.0,74.4,50.1,66.0,0.24,125,170
14:53:51,04/04/2025,95.3,96.8,90.9,89.1,89.2,49.0,74.4,50.1,66.0,0.24,125,170
14:53:52,04/04/2025,95.3,96.8,90.9,89.1,89.2,48.5,74.8,49.7,65.8,0.19,125,170
14:53:54,04/04/2025,95.3,96.8,90.9,89.1,89.2,48.5,74.8,49.7,65.8,0.19,125,170
14:53:58,04/04/2025,95.3,96.8,90.9,89.1,89.2,48.5,74.8,49.7,65.8,0.19,125,170
14:54:00,04/04/2025,95.3,96.8,90.9,89.1,89.2,48.5,74.8,49.7,65.8,0.19,125,170
14:54:02,04/04/2025,95.3,96.8,90.9,89.1,89.2,48.5,74.8,49.7,65.8,0.19,125,170
14:54:03,04/04/2025,90.5,92.0,89.0,90.1,90.2,48.5,74.8,49.7,65.8,0.19,125,170
14:54:04,04/04/2025,90.5,92.0,89.0,90.1,90.2,51.0,77.5,51.3,66.3,0.27,125,170
14:54:06,04/04/2025,90.5,92.0,89.0,90.1,90.2,51.0,77.5,51.3,66.3,0.27,125,170
14:54:08,04/04/2025,90.5,92.0,89.0,90.1,90.2,51.0,77.5,51.3,66.3,0.27,125,170
14:54:11,04/04/2025,93.2,94.7,89.0,90.2,91.0,50.1,77.2,50.5,66.8,0.27,125,170
14:54:14,04/04/2025,93.2,94.7,89.0,90.2,91.0,50.1,77.2,50.5,66.8,0.27,125,170
14:54:16,04/04/2025,93.2,94.7,89.0,90.2,91.0,50.1,77.2,50.5,66.8,0.27,125,170
14:54:17,04/04/2025,93.2,94.7,89.0,90.2,91.0,50.1,77.2,50.5,66.8,0.27,125,170
14:54:19,04/04/2025,94.2,95.7,88.6,92.5,92.3,50.1,77.2,50.5,66.8,0.27,125,170
14:54:20,04/04/2025,94.2,95.7,88.6,92.5,92.3,50.3,76.6,50.2,66.2,0.27,125,170
14:54:21,04/04/2025,94.2,95.7,88.6,92.5,92.3,50.3,76.6,50.2,66.2,0.26,125,170
14:54:24,04/04/2025,94.2,95.7,88.6,92.5,92.3,50.3,76.6,50.2,66.2,0.26,125,170
14:54:26,04/04/2025,94.2,95.7,88.6,92.5,92.3,50.3,76.6,50.2,66.2,0.26,125,170
14:54:29,04/04/2025,94.2,95.7,88.6,92.5,92.3,50.3,76.6,50.2,66.2,0.26,125,170
14:54:30,04/04/2025,94.5,96.0,88.7,90.5,92.1,50.3,76.6,50.2,66.2,0.26,125,170
14:54:31,04/04/2025,94.5,96.0,88.7,90.5,92.1,50.3,77.4,50.4,66.1,0.26,125,170
14:54:32,04/04/2025,94.5,96.0,88.7,90.5,92.1,50.3,77.4,50.4,66.1,0.24,125,170
14:54:33,04/04/2025,94.5,96.0,88.7,90.5,92.1,50.3,77.4,50.4,66.1,0.24,125,170
14:54:35,04/04/2025,94.5,96.0,88.7,90.5,92.1,50.3,77.4,50.4,66.1,0.24,125,170
14:54:36,04/04/2025,94.5,96.0,88.7,90.5,92.1,50.3,77.4,50.4,66.1,0.24,125,170
14:54:37,04/04/2025,94.6,96.1,88.8,89.7,92.4,50.3,77.4,50.4,66.1,0.24,125,170
14:54:38,04/04/2025,94.6,96.1,88.8,89.7,92.4,49.6,76.3,49.7,66.8,0.24,125,170
14:54:39,04/04/2025,94.6,96.1,88.8,89.7,92.4,49.6,76.3,49.7,66.8,0.33,125,170
14:54:41,04/04/2025,94.6,96.1,88.8,89.7,92.4,49.6,76.3,49.7,66.8,0.33,125,170
14:54:44,04/04/2025,94.6,96.1,88.8,89.7,92.4,49.6,76.3,49.7,66.8,0.33,125,170
14:54:47,04/04/2025,94.6,96.1,88.8,89.7,92.4,49.6,76.3,49.7,66.8,0.33,125,170
14:54:49,04/04/2025,94.7,96.2,89.8,90.5,92.6,49.1,77.2,49.8,67.2,0.28,125,170
14:54:50,04/04/2025,94.7,96.2,89.8,90.5,92.6,49.1,77.2,49.8,67.2,0.28,125,170
14:54:53,04/04/2025,94.7,96.2,89.8,90.5,92.6,49.1,77.2,49.8,67.2,0.28,125,170
14:54:55,04/04/2025,94.7,96.2,89.8,90.5,92.6,49.1,77.2,49.8,67.2,0.28,125,170
14:54:58,04/04/2025,94.7,96.2,89.8,90.5,92.6,49.1,77.2,49.8,67.2,0.28,125,170
14:55:00,04/04/2025,94.7,96.2,89.2,91.1,92.7,49.5,77.7,49.8,67.2,0.28,125,170
14:55:01,04/04/2025,94.7,96.2,89.2,91.1,92.7,49.5,77.7,49.8,66.6,0.34,125,170
14:55:03,04/04/2025,94.7,96.2,89.2,91.1,92.7,49.5,77.7,49.8,66.6,0.34,125,170
14:55:05,04/04/2025,94.7,96.2,89.2,91.1,92.7,49.5,77.7,49.8,66.6,0.34,125,170
14:55:06,04/04/2025,94.7,96.2,89.2,91.1,92.7,49.5,77.7,49.8,66.6,0.34,125,170
14:55:07,04/04/2025,94.0,95.5,89.3,90.7,92.7,49.5,77.7,49.8,66.6,0.34,125,170
14:55:08,04/04/2025,94.0,95.5,89.3,90.7,92.7,49.2,77.6,49.4,67.0,0.34,125,170
14:55:10,04/04/2025,94.0,95.5,89.3,90.7,92.7,49.2,77.6,49.4,67.0,0.28,125,170
14:55:11,04/04/2025,94.0,95.5,89.3,90.7,92.7,49.2,77.6,49.4,67.0,0.28,125,170
14:55:13,04/04/2025,94.0,95.5,89.3,90.7,92.7,49.2,77.6,49.4,67.0,0.28,125,170
14:55:14,04/04/2025,94.5,96.0,89.8,90.8,92.8,49.2,77.6,49.4,67.0,0.28,125,170
14:55:16,04/04/2025,94.5,96.0,89.8,90.8,92.8,48.6,77.0,48.9,67.0,0.28,125,170
14:55:17,04/04/2025,94.5,96.0,89.8,90.8,92.8,48.6,77.0,48.9,67.0,0.3,125,170
14:55:18,04/04/2025,94.5,96.0,89.8,90.8,92.8,48.6,77.0,48.9,67.0,0.3,125,170
14:55:19,04/04/2025,94.5,96.0,89.8,90.8,92.8,48.6,77.0,48.9,67.0,0.3,125,170
14:55:23,04/04/2025,94.7,96.2,89.9,90.3,92.8,48.8,77.0,48.9,67.0,0.3,125,170
14:55:24,04/04/2025,94.7,96.2,89.9,90.3,92.8,48.8,76.8,48.6,65.6,0.26,125,170
14:55:26,04/04/2025,94.7,96.2,89.9,90.3,92.8,48.8,76.8,48.6,65.6,0.26,125,170
14:55:29,04/04/2025,94.7,96.2,89.9,90.3,92.8,48.8,76.8,48.6,65.6,0.26,125,170
14:55:30,04/04/2025,94.8,96.3,89.1,91.7,90.4,48.8,76.8,48.6,65.6,0.26,125,170
14:55:32,04/04/2025,94.8,96.3,89.1,91.7,90.4,48.8,76.5,47.6,64.8,0.29,125,170
14:55:33,04/04/2025,94.8,96.3,89.1,91.7,90.4,48.8,76.5,47.6,64.8,0.29,125,170
14:55:36,04/04/2025,94.8,96.3,89.1,91.7,90.4,48.8,76.5,47.6,64.8,0.29,125,170
14:55:37,04/04/2025,94.8,96.3,88.8,92.7,90.6,48.8,76.5,47.6,64.8,0.29,125,170
14:55:38,04/04/2025,94.8,96.3,88.8,92.7,90.6,49.5,77.4,47.6,65.8,0.29,125,170
14:55:40,04/04/2025,94.8,96.3,88.8,92.7,90.6,49.5,77.4,47.6,65.8,0.3,125,170
14:55:41,04/04/2025,94.8,96.3,88.8,92.7,90.6,49.5,77.4,47.6,65.8,0.3,125,170
14:55:42,04/04/2025,94.8,96.3,88.8,92.7,90.6,49.5,77.4,47.6,65.8,0.3,125,170
14:55:44,04/04/2025,94.8,96.3,89.0,91.0,92.1,49.5,77.4,47.6,65.8,0.3,125,170
14:55:45,04/04/2025,94.8,96.3,89.0,91.0,92.1,49.0,77.0,47.9,66.7,0.3,125,170
14:55:46,04/04/2025,94.8,96.3,89.0,91.0,92.1,49.0,77.0,47.9,66.7,0.25,125,170
14:55:47,04/04/2025,94.8,96.3,89.0,91.0,92.1,49.0,77.0,47.9,66.7,0.25,125,170
14:55:50,04/04/2025,94.8,96.3,89.0,91.0,92.1,49.0,77.0,47.9,66.7,0.25,125,170
14:55:51,04/04/2025,94.9,96.4,89.5,92.7,92.7,49.0,77.0,47.9,66.7,0.25,125,170
14:55:52,04/04/2025,94.9,96.4,89.5,92.7,92.7,49.1,76.9,47.7,65.6,0.25,125,170
14:55:53,04/04/2025,94.9,96.4,89.5,92.7,92.7,49.1,76.9,47.7,65.6,0.28,125,170
14:55:54,04/04/2025,94.9,96.4,89.5,92.7,92.7,49.1,76.9,47.7,65.6,0.28,125,170
14:55:56,04/04/2025,95.1,96.6,92.0,93.1,90.5,49.2,76.9,47.7,65.6,0.28,125,170
14:55:57,04/04/2025,95.1,96.6,92.0,93.1,90.5,49.2,77.1,47.4,65.4,0.27,125,170
14:55:59,04/04/2025,95.1,96.6,92.0,93.1,90.5,49.2,77.1,47.4,65.4,0.27,126,170
14:56:01,04/04/2025,95.1,96.6,92.0,93.1,90.5,49.2,77.1,47.4,65.4,0.27,126,170
14:56:03,04/04/2025,95.1,96.6,92.0,93.1,90.5,49.2,77.1,47.4,65.4,0.27,126,170
14:56:05,04/04/2025,95.0,96.5,92.3,90.1,92.9,49.2,77.1,47.4,65.4,0.27,126,170
14:56:06,04/04/2025,95.0,96.5,92.3,90.1,92.9,49.6,76.5,48.2,66.2,0.27,126,170
14:56:07,04/04/2025,95.0,96.5,92.3,90.1,92.9,49.6,76.5,48.2,66.2,0.27,125,170
14:56:09,04/04/2025,95.0,96.5,92.3,90.1,92.9,49.6,76.5,48.2,66.2,0.27,125,170
14:56:11,04/04/2025,95.0,96.5,92.3,90.1,92.9,49.6,76.5,48.2,66.2,0.27,125,170
14:56:15,04/04/2025,95.0,96.5,92.3,90.1,92.9,49.6,76.5,48.2,66.2,0.27,125,170
14:56:16,04/04/2025,95.2,96.7,89.2,89.9,93.3,49.6,76.5,48.2,66.2,0.27,125,170
14:56:17,04/04/2025,95.2,96.7,89.2,89.9,93.3,49.9,77.1,48.0,65.7,0.26,125,170
14:56:19,04/04/2025,95.2,96.7,89.2,89.9,93.3,49.9,77.1,48.0,65.7,0.26,125,170
14:56:20,04/04/2025,95.2,96.7,89.2,89.9,93.3,49.9,77.1,48.0,65.7,0.26,125,170
14:56:21,04/04/2025,95.2,96.7,89.2,89.9,93.3,49.9,77.1,48.0,65.7,0.26,125,170
14:56:22,04/04/2025,95.3,96.8,89.1,90.1,93.3,49.9,77.1,48.0,65.7,0.26,125,170
14:56:23,04/04/2025,95.3,96.8,89.1,90.1,93.2,50.5,77.0,49.0,64.9,0.26,125,170
14:56:25,04/04/2025,95.3,96.8,89.1,90.1,93.2,50.5,77.0,49.0,64.9,0.26,125,170
14:56:26,04/04/2025,95.3,96.8,89.1,90.1,93.2,50.5,77.0,49.0,64.9,0.26,125,170
14:56:28,04/04/2025,95.3,96.8,89.8,91.5,93.2,50.0,77.0,49.0,64.9,0.26,125,170
14:56:29,04/04/2025,95.3,96.8,89.8,91.5,93.2,50.0,76.4,48.6,65.4,0.27,125,170
14:56:30,04/04/2025,95.3,96.8,89.8,91.5,93.2,50.0,76.4,48.6,65.4,0.27,125,170
14:56:33,04/04/2025,95.3,96.8,89.8,91.5,93.2,50.0,76.4,48.6,65.4,0.27,125,170
14:56:35,04/04/2025,95.3,96.8,89.8,91.5,93.2,50.0,76.4,48.6,65.4,0.27,125,170
14:56:36,04/04/2025,95.0,96.5,88.9,91.0,93.1,50.0,76.4,48.6,65.4,0.27,125,170
14:56:37,04/04/2025,95.0,96.5,88.9,91.0,93.1,49.7,76.6,49.3,67.1,0.27,125,170
14:56:38,04/04/2025,95.0,96.5,88.9,91.0,93.1,49.7,76.6,49.3,67.1,0.27,125,170
14:56:41,04/04/2025,95.0,96.5,88.9,91.0,93.1,49.7,76.6,49.3,67.1,0.27,125,170
14:56:43,04/04/2025,95.0,96.5,88.9,91.0,93.1,49.7,76.6,49.3,67.1,0.27,125,170
14:56:44,04/04/2025,95.1,96.6,91.7,93.6,92.7,49.3,76.6,49.3,67.1,0.27,125,170
14:56:46,04/04/2025,95.1,96.6,91.7,93.6,92.7,49.3,76.7,49.1,67.2,0.31,125,170
14:56:47,04/04/2025,95.1,96.6,91.7,93.6,92.7,49.3,76.7,49.1,67.2,0.31,126,170
14:56:50,04/04/2025,95.1,96.6,91.7,93.6,92.7,49.3,76.7,49.1,67.2,0.31,126,170
14:56:52,04/04/2025,95.1,96.6,91.7,93.6,92.7,49.3,76.7,49.1,67.2,0.31,126,170
14:56:53,04/04/2025,95.2,96.7,88.7,90.6,91.1,48.9,76.7,49.1,67.2,0.31,126,170
14:56:54,04/04/2025,95.2,96.7,88.7,90.6,91.1,48.9,76.7,49.5,67.0,0.25,126,170
14:56:55,04/04/2025,95.2,96.7,88.7,90.6,91.1,48.9,76.7,49.5,67.0,0.25,125,170
14:56:56,04/04/2025,95.2,96.7,88.7,90.6,91.1,48.9,76.7,49.5,67.0,0.25,125,170
14:56:58,04/04/2025,95.2,96.7,88.7,90.6,91.1,48.9,76.7,49.5,67.0,0.25,125,170
14:57:00,04/04/2025,95.2,96.7,88.7,90.6,91.1,48.9,76.7,49.5,67.0,0.25,125,170
14:57:02,04/04/2025,95.2,96.7,88.7,92.2,92.8,48.9,76.7,49.5,67.0,0.25,125,170
14:57:03,04/04/2025,95.2,96.7,88.7,92.2,92.8,48.9,77.1,49.5,66.9,0.25,125,170
14:57:04,04/04/2025,95.2,96.7,88.7,92.2,92.8,48.9,77.1,49.5,66.9,0.23,126,170
14:57:06,04/04/2025,95.2,96.7,88.7,92.2,92.8,48.9,77.1,49.5,66.9,0.23,126,170
14:57:07,04/04/2025,95.2,96.7,88.7,92.2,92.8,48.9,77.1,49.5,66.9,0.23,126,170
14:57:09,04/04/2025,95.2,96.7,88.7,92.2,92.8,48.9,77.1,49.5,66.9,0.23,126,170
14:57:10,04/04/2025,95.1,96.6,88.7,90.1,92.6,48.9,77.1,49.5,66.9,0.23,126,170
14:57:11,04/04/2025,95.1,96.6,88.7,90.1,92.6,49.8,77.5,50.1,67.0,0.23,126,170
14:57:12,04/04/2025,95.1,96.6,88.7,90.1,92.6,49.8,77.5,50.1,67.0,0.27,125,170
14:57:17,04/04/2025,95.1,96.6,88.7,90.1,92.6,49.8,77.5,50.1,67.0,0.27,125,170
14:57:18,04/04/2025,95.1,96.6,88.7,90.1,92.6,49.8,77.5,50.1,67.0,0.27,125,170
14:57:21,04/04/2025,95.1,96.6,88.7,90.1,92.6,49.8,77.5,50.1,67.0,0.27,125,170
14:57:22,04/04/2025,95.2,96.7,91.5,91.9,92.7,49.8,77.5,50.1,67.0,0.27,125,170
14:57:23,04/04/2025,95.2,96.7,91.5,91.9,92.7,48.7,76.2,49.0,66.6,0.27,125,170
14:57:25,04/04/2025,95.2,96.7,91.5,91.9,92.7,48.7,76.2,49.0,66.6,0.32,126,170
14:57:26,04/04/2025,95.2,96.7,91.5,91.9,92.7,48.7,76.2,49.0,66.6,0.32,126,170
14:57:27,04/04/2025,95.2,96.7,91.5,91.9,92.7,48.7,76.2,49.0,66.6,0.32,126,170
14:57:28,04/04/2025,95.2,96.7,91.5,91.9,92.7,48.7,76.2,49.0,66.6,0.32,126,170
14:57:30,04/04/2025,94.9,96.4,90.1,90.1,92.7,48.7,76.2,49.0,66.6,0.32,126,170
14:57:31,04/04/2025,94.9,96.4,90.1,90.1,90.6,49.7,77.3,49.0,66.6,0.32,126,170
14:57:32,04/04/2025,94.9,96.4,90.1,90.1,90.6,49.7,77.3,49.5,66.4,0.25,125,170
14:57:34,04/04/2025,94.9,96.4,90.1,90.1,90.6,49.7,77.3,49.5,66.4,0.25,125,170
14:57:35,04/04/2025,94.9,96.4,90.1,90.1,90.6,49.7,77.3,49.5,66.4,0.25,125,170
14:57:36,04/04/2025,94.9,96.4,90.1,90.1,90.6,49.7,77.3,49.5,66.4,0.25,125,170
14:57:37,04/04/2025,94.9,96.4,90.1,90.1,90.6,49.7,77.3,49.5,66.4,0.25,125,170
14:57:38,04/04/2025,95.1,96.6,89.5,91.0,90.6,49.7,77.3,49.5,66.4,0.25,125,170
14:57:39,04/04/2025,95.1,96.6,89.5,91.0,92.8,49.5,76.2,49.1,64.0,0.25,125,170
14:57:41,04/04/2025,95.1,96.6,89.5,91.0,92.8,49.5,76.2,49.1,64.0,0.22,126,170
14:57:42,04/04/2025,95.1,96.6,89.5,91.0,92.8,49.5,76.2,49.1,64.0,0.22,126,170
14:57:43,04/04/2025,95.1,96.6,89.5,91.0,92.8,49.5,76.2,49.1,64.0,0.22,126,170
14:57:45,04/04/2025,95.1,96.6,89.5,91.0,92.8,49.5,76.2,49.1,64.0,0.22,126,170
14:57:49,04/04/2025,95.1,96.6,89.5,91.0,92.8,49.5,76.2,49.1,64.0,0.22,126,170
14:57:51,04/04/2025,95.3,96.8,90.1,91.0,93.3,49.5,76.2,49.1,64.0,0.22,126,170
14:57:52,04/04/2025,95.3,96.8,90.1,91.0,93.3,49.3,76.4,48.6,66.2,0.24,126,170
14:57:53,04/04/2025,95.3,96.8,90.1,91.0,93.3,49.3,76.4,48.6,66.2,0.24,126,170
14:57:56,04/04/2025,95.3,96.8,90.1,91.0,93.3,49.3,76.4,48.6,66.2,0.24,126,170
14:58:00,04/04/2025,92.4,93.9,89.0,90.4,93.3,49.2,76.4,48.6,66.2,0.24,126,170
14:58:01,04/04/2025,92.4,93.9,89.0,90.4,93.3,49.2,77.2,48.9,67.7,0.24,126,170
14:58:02,04/04/2025,92.4,93.9,89.0,90.4,93.3,49.2,77.2,48.9,67.7,0.24,125,170
14:58:04,04/04/2025,92.4,93.9,89.0,90.4,93.3,49.2,77.2,48.9,67.7,0.24,125,170
14:58:08,04/04/2025,92.4,93.9,89.0,90.4,93.3,49.2,77.2,48.9,67.7,0.24,125,170
14:58:09,04/04/2025,92.4,93.9,89.0,90.4,93.3,49.2,77.2,48.9,67.7,0.24,125,170
14:58:11,04/04/2025,94.4,95.9,91.9,90.3,93.4,48.9,76.8,48.9,67.7,0.24,125,170
14:58:12,04/04/2025,94.4,95.9,91.9,90.3,93.4,48.9,76.8,49.1,65.1,0.24,125,170
14:58:14,04/04/2025,94.4,95.9,91.9,90.3,93.4,48.9,76.8,49.1,65.1,0.24,125,170
14:58:15,04/04/2025,94.4,95.9,91.9,90.3,93.4,48.9,76.8,49.1,65.1,0.24,125,170
14:58:17,04/04/2025,94.4,95.9,91.9,90.3,93.4,48.9,76.8,49.1,65.1,0.24,125,170
14:58:18,04/04/2025,94.5,96.0,88.7,89.5,93.3,48.9,76.8,49.1,65.1,0.24,125,170
14:58:19,04/04/2025,94.5,96.0,88.7,89.5,93.3,48.5,76.7,49.7,67.2,0.25,125,170
14:58:20,04/04/2025,94.5,96.0,88.7,89.5,93.3,48.5,76.7,49.7,67.2,0.25,125,170
14:58:21,04/04/2025,94.5,96.0,88.7,89.5,93.3,48.5,76.7,49.7,67.2,0.25,125,170
14:58:24,04/04/2025,94.5,96.0,88.7,89.5,93.3,48.5,76.7,49.7,67.2,0.25,125,170
14:58:25,04/04/2025,94.5,96.0,88.7,89.5,93.3,48.5,76.7,49.7,67.2,0.25,125,170
14:58:27,04/04/2025,94.5,96.0,88.7,89.5,93.3,48.5,76.7,49.7,67.2,0.25,125,170
14:58:28,04/04/2025,94.8,96.3,91.7,90.8,93.3,48.5,76.7,49.7,67.2,0.25,125,170
14:58:29,04/04/2025,94.8,96.3,91.7,90.8,93.4,49.2,76.8,49.2,67.2,0.25,125,170
14:58:30,04/04/2025,94.8,96.3,91.7,90.8,93.4,49.2,76.8,49.2,67.8,0.29,125,170
14:58:31,04/04/2025,94.8,96.3,91.7,90.8,93.4,49.2,76.8,49.2,67.8,0.29,126,170
14:58:34,04/04/2025,94.8,96.3,91.7,90.8,93.4,49.2,76.8,49.2,67.8,0.29,126,170
14:58:36,04/04/2025,94.8,96.3,91.7,90.8,93.4,49.2,76.8,49.2,67.8,0.29,126,170
14:58:37,04/04/2025,95.0,96.5,89.5,90.0,93.4,49.2,76.8,49.2,67.8,0.29,126,170
14:58:39,04/04/2025,95.0,96.5,89.5,90.0,93.4,49.1,76.4,49.7,66.8,0.27,126,170
14:58:40,04/04/2025,95.0,96.5,89.5,90.0,93.4,49.1,76.4,49.7,66.8,0.27,126,170
14:58:43,04/04/2025,95.0,96.5,89.5,90.0,93.4,49.1,76.4,49.7,66.8,0.27,126,170
14:58:45,04/04/2025,95.0,96.5,89.5,90.0,93.4,49.1,76.4,49.7,66.8,0.27,126,170
14:58:46,04/04/2025,95.1,96.6,88.7,91.5,93.4,49.1,76.4,49.7,66.8,0.27,126,170
14:58:47,04/04/2025,95.1,96.6,88.7,91.5,92.3,49.5,76.6,49.4,66.7,0.27,126,170
14:58:48,04/04/2025,95.1,96.6,88.7,91.5,92.3,49.5,76.6,49.4,66.7,0.25,126,170
14:58:49,04/04/2025,95.1,96.6,88.7,91.5,92.3,49.5,76.6,49.4,66.7,0.25,126,170
14:58:54,04/04/2025,95.1,96.6,88.7,91.5,92.3,49.5,76.6,49.4,66.7,0.25,126,170
14:58:55,04/04/2025,95.1,96.6,88.7,91.5,92.3,49.5,76.6,49.4,66.7,0.25,126,170
14:58:56,04/04/2025,95.2,96.7,88.2,94.0,93.4,49.5,76.6,49.4,66.7,0.25,126,170
14:58:57,04/04/2025,95.2,96.7,88.2,94.0,93.4,49.3,76.8,49.3,68.2,0.23,126,170
14:58:58,04/04/2025,95.2,96.7,88.2,94.0,93.4,49.3,76.8,49.3,68.2,0.23,126,170
14:59:00,04/04/2025,95.2,96.7,88.2,94.0,93.4,49.3,76.8,49.3,68.2,0.23,126,170
14:59:01,04/04/2025,95.2,96.7,88.2,94.0,93.4,49.3,76.8,49.3,68.2,0.23,126,170
14:59:02,04/04/2025,95.2,96.7,88.2,94.0,93.4,49.3,76.8,49.3,68.2,0.23,126,170
14:59:04,04/04/2025,95.2,96.7,88.2,94.0,93.4,49.3,76.8,49.3,68.2,0.23,126,170
14:59:05,04/04/2025,95.2,96.7,88.9,90.9,93.6,49.3,76.8,49.3,68.2,0.23,126,170
14:59:07,04/04/2025,95.2,96.7,88.9,90.9,93.6,49.2,77.1,49.5,68.4,0.25,126,170
14:59:08,04/04/2025,95.2,96.7,88.9,90.9,93.6,49.2,77.1,49.5,68.4,0.25,126,170
14:59:09,04/04/2025,95.2,96.7,88.9,90.9,93.6,49.2,77.1,49.5,68.4,0.25,126,170
14:59:13,04/04/2025,95.2,96.7,88.9,90.9,93.6,49.2,77.1,49.5,68.4,0.25,126,170
14:59:14,04/04/2025,95.1,96.6,89.8,90.9,93.6,49.2,77.1,49.5,68.4,0.25,126,170
14:59:16,04/04/2025,95.1,96.6,89.8,93.5,93.3,49.5,76.6,49.0,68.0,0.28,126,170
14:59:17,04/04/2025,95.1,96.6,89.8,93.5,93.3,49.5,76.6,49.0,68.0,0.28,126,170
14:59:19,04/04/2025,95.1,96.6,89.8,93.5,93.3,49.5,76.6,49.0,68.0,0.28,126,170
14:59:20,04/04/2025,95.1,96.6,89.8,93.5,93.3,49.5,76.6,49.0,68.0,0.28,126,170
14:59:23,04/04/2025,90.7,92.2,89.8,93.5,93.3,49.5,76.6,49.0,68.0,0.28,126,170
14:59:24,04/04/2025,90.7,92.2,88.7,90.7,93.5,49.5,76.6,49.0,68.0,0.28,126,170
14:59:25,04/04/2025,90.7,92.2,88.7,90.7,93.5,51.0,77.3,49.3,66.4,0.24,126,170
14:59:27,04/04/2025,90.7,92.2,88.7,90.7,93.5,51.0,77.3,49.3,66.4,0.24,125,170
14:59:29,04/04/2025,90.7,92.2,88.7,90.7,93.5,51.0,77.3,49.3,66.4,0.24,125,170
14:59:32,04/04/2025,90.7,92.2,88.7,90.7,93.5,51.0,77.3,49.3,66.4,0.24,125,170
14:59:34,04/04/2025,93.2,94.7,89.4,90.2,93.4,52.3,77.3,49.3,66.4,0.24,125,170
14:59:35,04/04/2025,93.2,94.7,89.4,90.2,93.4,52.3,77.8,49.9,65.4,0.26,125,170
14:59:36,04/04/2025,93.2,94.7,89.4,90.2,93.4,52.3,77.8,49.9,65.4,0.26,125,170
14:59:37,04/04/2025,93.2,94.7,89.4,90.2,93.4,52.3,77.8,49.9,65.4,0.26,125,170
14:59:41,04/04/2025,93.2,94.7,89.4,90.2,93.4,52.3,77.8,49.9,65.4,0.26,125,170
14:59:42,04/04/2025,93.2,94.7,89.4,90.2,93.4,52.3,77.8,49.9,65.4,0.26,125,170
14:59:43,04/04/2025,91.4,92.9,89.2,93.3,93.6,52.3,77.8,49.9,65.4,0.26,125,170
14:59:44,04/04/2025,91.4,92.9,89.2,93.3,93.6,52.3,77.7,48.9,67.1,0.27,125,170
14:59:45,04/04/2025,91.4,92.9,89.2,93.3,93.6,52.3,77.7,48.9,67.1,0.27,125,170
14:59:47,04/04/2025,91.4,92.9,89.2,93.3,93.6,52.3,77.7,48.9,67.1,0.27,125,170
14:59:48,04/04/2025,91.4,92.9,89.2,93.3,93.6,52.3,77.7,48.9,67.1,0.27,125,170
14:59:49,04/04/2025,91.6,93.1,92.2,90.9,93.6,52.3,77.7,48.9,67.1,0.27,125,170
14:59:51,04/04/2025,91.6,93.1,92.2,90.9,93.6,51.5,77.0,48.9,67.5,0.22,125,170
14:59:52,04/04/2025,91.6,93.1,92.2,90.9,93.6,51.5,77.0,48.9,67.5,0.22,126,170
14:59:53,04/04/2025,91.6,93.1,92.2,90.9,93.6,51.5,77.0,48.9,67.5,0.22,126,170
14:59:56,04/04/2025,91.6,93.1,92.2,90.9,93.6,51.5,77.0,48.9,67.5,0.22,126,170
14:59:57,04/04/2025,91.3,92.8,89.3,90.3,93.4,51.9,77.0,48.9,67.5,0.22,126,170
14:59:58,04/04/2025,91.3,92.8,89.3,90.3,93.4,51.9,77.3,48.5,66.6,0.26,126,170
15:00:00,04/04/2025,91.3,92.8,89.3,90.3,93.4,51.9,77.3,48.5,66.6,0.26,126,170
15:00:01,04/04/2025,91.3,92.8,89.3,90.3,93.4,51.9,77.3,48.5,66.6,0.26,126,170
15:00:03,04/04/2025,91.3,92.8,89.3,90.3,93.4,51.9,77.3,48.5,66.6,0.26,126,170
15:00:04,04/04/2025,93.2,94.7,88.6,91.0,93.4,51.9,77.3,48.5,66.6,0.26,126,170
15:00:05,04/04/2025,93.2,94.7,88.6,91.0,93.5,51.8,77.6,48.3,67.3,0.26,126,170
15:00:07,04/04/2025,93.2,94.7,88.6,91.0,93.5,51.8,77.6,48.3,67.3,0.24,126,170
15:00:09,04/04/2025,93.2,94.7,88.6,91.0,93.5,51.8,77.6,48.3,67.3,0.24,126,170
15:00:10,04/04/2025,94.0,95.5,91.3,91.0,93.5,51.8,77.6,48.3,67.3,0.24,126,170
15:00:11,04/04/2025,94.0,95.5,91.3,93.5,93.6,51.2,77.1,48.3,67.3,0.24,126,170
15:00:12,04/04/2025,94.0,95.5,91.3,93.5,93.6,51.2,77.1,48.1,66.3,0.22,126,170
15:00:14,04/04/2025,94.0,95.5,91.3,93.5,93.6,51.2,77.1,48.1,66.3,0.22,126,170
15:00:15,04/04/2025,94.0,95.5,91.3,93.5,93.6,51.2,77.1,48.1,66.3,0.22,126,170
15:00:18,04/04/2025,94.0,95.5,91.3,93.5,93.6,51.2,77.1,48.1,66.3,0.22,126,170
15:00:20,04/04/2025,94.5,96.0,90.0,91.9,90.6,51.2,77.1,48.1,66.3,0.22,126,170
15:00:21,04/04/2025,94.5,96.0,90.0,91.9,90.6,51.5,77.4,47.9,67.1,0.25,126,170
15:00:22,04/04/2025,94.5,96.0,90.0,91.9,90.6,51.5,77.4,47.9,67.1,0.25,126,170
15:00:23,04/04/2025,94.5,96.0,90.0,91.9,90.6,51.5,77.4,47.9,67.1,0.25,126,170
15:00:24,04/04/2025,94.5,96.0,90.0,91.9,90.6,51.5,77.4,47.9,67.1,0.25,126,170
15:00:26,04/04/2025,94.5,96.0,90.0,91.9,90.6,51.5,77.4,47.9,67.1,0.25,126,170
15:00:27,04/04/2025,94.5,96.0,90.0,91.9,90.6,51.5,77.4,47.9,67.1,0.25,126,170
15:00:28,04/04/2025,94.7,96.2,88.5,93.1,90.6,51.5,77.4,47.9,67.1,0.25,126,170
15:00:29,04/04/2025,94.7,96.2,88.5,93.1,92.7,51.7,76.4,47.1,67.1,0.25,126,170
15:00:30,04/04/2025,94.7,96.2,88.5,93.1,92.7,51.7,76.4,47.1,65.9,0.29,126,170
15:00:31,04/04/2025,94.7,96.2,88.5,93.1,92.7,51.7,76.4,47.1,65.9,0.29,126,170
15:00:34,04/04/2025,94.7,96.2,88.5,93.1,92.7,51.7,76.4,47.1,65.9,0.29,126,170
15:00:36,04/04/2025,94.8,96.3,90.2,94.0,93.4,51.7,76.4,47.1,65.9,0.29,126,170
15:00:37,04/04/2025,94.8,96.3,90.2,94.0,93.4,50.6,76.6,47.0,66.4,0.29,126,170
15:00:38,04/04/2025,94.8,96.3,90.2,94.0,93.4,50.6,76.6,47.0,66.4,0.28,126,170
15:00:39,04/04/2025,94.8,96.3,90.2,94.0,93.4,50.6,76.6,47.0,66.4,0.28,126,170
15:00:42,04/04/2025,94.8,96.3,90.2,94.0,93.4,50.6,76.6,47.0,66.4,0.28,126,170
15:00:44,04/04/2025,94.8,96.3,90.2,94.0,93.4,50.6,76.6,47.0,66.4,0.28,126,170
15:00:45,04/04/2025,93.4,94.9,92.2,92.9,93.7,50.6,76.6,47.0,66.4,0.28,126,170
15:00:47,04/04/2025,93.4,94.9,92.2,92.9,93.7,50.6,76.9,46.5,65.2,0.29,126,170
15:00:48,04/04/2025,93.4,94.9,92.2,92.9,93.7,50.6,76.9,46.5,65.2,0.29,126,170
15:00:50,04/04/2025,93.4,94.9,92.2,92.9,93.7,50.6,76.9,46.5,65.2,0.29,126,170
15:00:52,04/04/2025,93.4,94.9,92.2,92.9,93.7,50.6,76.9,46.5,65.2,0.29,126,170
15:00:54,04/04/2025,92.5,94.0,89.7,90.4,93.6,50.6,76.9,46.5,65.2,0.29,126,170
15:00:55,04/04/2025,92.5,94.0,89.7,90.4,93.6,52.4,77.4,47.2,64.4,0.29,126,170
15:00:56,04/04/2025,92.5,94.0,89.7,90.4,93.6,52.4,77.4,47.2,64.4,0.29,125,170
15:00:57,04/04/2025,92.5,94.0,89.7,90.4,93.6,52.4,77.4,47.2,64.4,0.29,125,170
15:00:58,04/04/2025,93.7,95.2,89.7,90.4,93.6,52.4,77.4,47.2,64.4,0.29,125,170
15:00:59,04/04/2025,93.7,95.2,89.7,89.8,93.6,52.7,77.5,47.2,64.4,0.29,125,170
15:01:01,04/04/2025,93.7,95.2,89.7,89.8,93.6,52.7,77.5,47.3,65.6,0.24,125,170
15:01:02,04/04/2025,93.7,95.2,89.7,89.8,93.6,52.7,77.5,47.3,65.6,0.24,125,170
15:01:03,04/04/2025,93.7,95.2,89.7,89.8,93.6,52.7,77.5,47.3,65.6,0.24,125,170
15:01:04,04/04/2025,93.7,95.2,89.7,90.3,93.4,52.9,77.5,47.3,65.6,0.24,125,170
15:01:05,04/04/2025,93.7,95.2,89.7,90.3,93.4,52.9,78.1,47.2,66.2,0.28,125,170
15:01:10,04/04/2025,93.7,95.2,89.7,90.3,93.4,52.9,78.1,47.2,66.2,0.28,125,170
15:01:11,04/04/2025,93.7,95.2,89.7,90.3,93.4,52.9,78.1,47.2,66.2,0.28,125,170
15:01:13,04/04/2025,92.2,93.7,89.6,91.5,93.4,52.9,78.1,47.2,66.2,0.28,125,170
15:01:14,04/04/2025,92.2,93.7,89.6,91.5,91.2,53.7,77.6,47.9,66.2,0.31,125,170
15:01:15,04/04/2025,92.2,93.7,89.6,91.5,91.2,53.7,77.6,47.9,66.2,0.31,126,170
15:01:17,04/04/2025,92.2,93.7,89.6,91.5,91.2,53.7,77.6,47.9,66.2,0.31,126,170
15:01:19,04/04/2025,92.2,93.7,89.6,91.5,91.2,53.7,77.6,47.9,66.2,0.31,126,170
15:01:20,04/04/2025,93.8,95.3,88.8,91.3,91.7,53.6,77.6,47.9,66.2,0.31,126,170
15:01:21,04/04/2025,93.8,95.3,88.8,91.3,91.7,53.6,77.5,48.2,67.5,0.3,126,170
15:01:23,04/04/2025,93.8,95.3,88.8,91.3,91.7,53.6,77.5,48.2,67.5,0.3,125,170
15:01:26,04/04/2025,93.8,95.3,88.8,91.3,91.7,53.6,77.5,48.2,67.5,0.3,125,170
15:01:27,04/04/2025,92.5,94.0,89.3,91.3,91.7,53.6,77.5,48.2,67.5,0.3,125,170
15:01:28,04/04/2025,92.5,94.0,89.3,92.6,93.2,53.2,77.9,47.7,67.5,0.3,125,170
15:01:29,04/04/2025,92.5,94.0,89.3,92.6,93.2,53.2,77.9,47.7,67.3,0.32,125,170
15:01:31,04/04/2025,92.5,94.0,89.3,92.6,93.2,53.2,77.9,47.7,67.3,0.32,125,170
15:01:34,04/04/2025,92.5,94.0,89.3,92.6,93.2,53.2,77.9,47.7,67.3,0.32,125,170
15:01:37,04/04/2025,93.6,95.1,89.1,91.7,93.4,53.5,78.2,47.4,67.8,0.27,125,170
15:01:38,04/04/2025,93.6,95.1,89.1,91.7,93.4,53.5,78.2,47.4,67.8,0.27,125,170
15:01:41,04/04/2025,93.6,95.1,89.1,91.7,93.4,53.5,78.2,47.4,67.8,0.27,125,170
15:01:42,04/04/2025,93.6,95.1,89.1,91.7,93.4,53.5,78.2,47.4,67.8,0.27,125,170
15:01:43,04/04/2025,94.3,95.8,88.9,90.4,93.4,53.5,78.2,47.4,67.8,0.27,125,170
15:01:44,04/04/2025,94.3,95.8,88.9,90.4,93.4,52.2,77.6,47.7,66.5,0.27,125,170
15:01:45,04/04/2025,94.3,95.8,88.9,90.4,93.4,52.2,77.6,47.7,66.5,0.26,125,170
15:01:46,04/04/2025,94.3,95.8,88.9,90.4,93.4,52.2,77.6,47.7,66.5,0.26,125,170
15:01:50,04/04/2025,94.3,95.8,88.9,90.4,93.4,52.2,77.6,47.7,66.5,0.26,125,170
15:01:54,04/04/2025,94.3,95.8,88.9,90.4,93.4,52.2,77.6,47.7,66.5,0.26,125,170
15:01:55,04/04/2025,91.3,92.8,89.4,90.5,93.4,52.2,77.6,47.7,66.5,0.26,125,170
15:01:56,04/04/2025,91.3,92.8,89.4,90.5,93.4,52.4,78.3,47.7,66.5,0.26,125,170
15:01:57,04/04/2025,91.3,92.8,89.4,90.5,93.4,52.4,78.3,47.8,67.1,0.35,125,170
15:01:58,04/04/2025,91.3,92.8,89.4,90.5,93.4,52.4,78.3,47.8,67.1,0.35,125,170
15:02:00,04/04/2025,91.3,92.8,89.4,90.5,93.4,52.4,78.3,47.8,67.1,0.35,125,170
15:02:01,04/04/2025,91.3,92.8,89.4,90.5,93.4,52.4,78.3,47.8,67.1,0.35,125,170
15:02:04,04/04/2025,91.3,92.8,89.4,90.5,93.4,52.4,78.3,47.8,67.1,0.35,125,170
15:02:05,04/04/2025,93.0,94.5,90.9,90.8,93.3,53.4,78.3,47.8,67.1,0.35,125,170
15:02:07,04/04/2025,93.0,94.5,90.9,90.8,93.3,53.4,78.3,47.3,67.7,0.34,125,170
15:02:08,04/04/2025,93.0,94.5,90.9,90.8,93.3,53.4,78.3,47.3,67.7,0.34,125,170
15:02:09,04/04/2025,93.0,94.5,90.9,90.8,93.3,53.4,78.3,47.3,67.7,0.34,125,170
15:02:11,04/04/2025,91.7,93.2,89.6,91.5,93.4,53.5,77.7,47.3,67.7,0.34,125,170
15:02:12,04/04/2025,91.7,93.2,89.6,91.5,93.4,53.5,77.7,46.7,67.3,0.27,125,170
15:02:13,04/04/2025,91.7,93.2,89.6,91.5,93.4,53.5,77.7,46.7,67.3,0.27,125,170
15:02:15,04/04/2025,91.7,93.2,89.6,91.5,93.4,53.5,77.7,46.7,67.3,0.27,125,170
15:02:18,04/04/2025,91.7,93.2,89.6,91.5,93.4,53.5,77.7,46.7,67.3,0.27,125,170
15:02:19,04/04/2025,91.7,93.2,89.6,91.5,93.4,53.5,77.7,46.7,67.3,0.27,125,170
15:02:20,04/04/2025,93.7,95.2,89.7,93.4,93.5,53.5,77.7,46.7,67.3,0.27,125,170
15:02:22,04/04/2025,93.7,95.2,89.7,93.4,93.5,53.3,77.6,46.1,66.3,0.27,125,170
15:02:23,04/04/2025,93.7,95.2,89.7,93.4,93.5,53.3,77.6,46.1,66.3,0.27,125,170
15:02:26,04/04/2025,93.7,95.2,89.7,93.4,93.5,53.3,77.6,46.1,66.3,0.27,125,170
15:02:27,04/04/2025,93.7,95.2,89.7,93.4,93.5,53.3,77.6,46.1,66.3,0.27,125,170
15:02:29,04/04/2025,94.3,95.8,92.9,94.2,93.6,53.3,77.6,46.1,66.3,0.27,125,170
15:02:30,04/04/2025,94.3,95.8,92.9,94.2,93.6,52.3,76.7,45.8,67.1,0.25,125,170
15:02:31,04/04/2025,94.3,95.8,92.9,94.2,93.6,52.3,76.7,45.8,67.1,0.25,126,170
15:02:33,04/04/2025,94.3,95.8,92.9,94.2,93.6,52.3,76.7,45.8,67.1,0.25,126,170
15:02:36,04/04/2025,94.3,95.8,92.9,94.2,93.6,52.3,76.7,45.8,67.1,0.25,126,170
15:02:37,04/04/2025,94.6,96.1,89.5,90.9,93.6,52.3,76.7,45.8,67.1,0.25,126,170
15:02:38,04/04/2025,94.6,96.1,89.5,90.9,93.7,52.3,77.5,46.3,67.1,0.25,126,170
15:02:39,04/04/2025,94.6,96.1,89.5,90.9,93.7,52.3,77.5,46.3,67.2,0.27,126,170
15:02:40,04/04/2025,94.6,96.1,89.5,90.9,93.7,52.3,77.5,46.3,67.2,0.27,126,170
15:02:41,04/04/2025,94.6,96.1,89.5,90.9,93.7,52.3,77.5,46.3,67.2,0.27,126,170
15:02:44,04/04/2025,94.6,96.1,89.5,90.9,93.7,52.3,77.5,46.3,67.2,0.27,126,170
15:02:45,04/04/2025,94.3,95.8,89.2,90.3,93.7,52.3,77.5,46.3,67.2,0.27,126,170
15:02:46,04/04/2025,94.3,95.8,89.2,90.3,93.6,52.4,77.4,46.6,68.0,0.27,126,170
15:02:47,04/04/2025,94.3,95.8,89.2,90.3,93.6,52.4,77.4,46.6,68.0,0.31,126,170
15:02:48,04/04/2025,94.3,95.8,89.2,90.3,93.6,52.4,77.4,46.6,68.0,0.31,126,170
15:02:50,04/04/2025,94.3,95.8,89.2,90.3,93.6,52.4,77.4,46.6,68.0,0.31,126,170
15:02:51,04/04/2025,94.3,95.8,89.2,90.3,93.6,52.4,77.4,46.6,68.0,0.31,126,170
15:02:53,04/04/2025,93.8,95.3,89.1,92.8,93.6,52.4,77.4,46.6,68.0,0.31,126,170
15:02:54,04/04/2025,93.8,95.3,89.1,92.8,93.6,53.3,77.4,47.1,66.7,0.25,126,170
15:02:55,04/04/2025,93.8,95.3,89.1,92.8,93.6,53.3,77.4,47.1,66.7,0.25,126,170
15:02:57,04/04/2025,93.8,95.3,89.1,92.8,93.6,53.3,77.4,47.1,66.7,0.25,126,170
15:02:59,04/04/2025,93.8,95.3,89.1,92.8,93.6,53.3,77.4,47.1,66.7,0.25,126,170
15:03:00,04/04/2025,93.1,94.6,89.0,94.0,93.7,53.3,77.4,47.1,66.7,0.25,126,170
15:03:01,04/04/2025,93.1,94.6,89.0,94.0,93.7,53.5,77.3,46.3,66.7,0.25,126,170
15:03:03,04/04/2025,93.1,94.6,89.0,94.0,93.7,53.5,77.3,46.3,66.7,0.24,126,170
15:03:05,04/04/2025,93.1,94.6,89.0,94.0,93.7,53.5,77.3,46.3,66.7,0.24,126,170
15:03:07,04/04/2025,93.1,94.6,89.0,94.0,93.7,53.5,77.3,46.3,66.7,0.24,126,170
15:03:08,04/04/2025,93.1,94.6,89.0,94.0,93.7,53.5,77.3,46.3,66.7,0.24,126,170
15:03:10,04/04/2025,91.7,93.2,90.1,91.9,93.8,53.3,77.3,46.3,66.7,0.24,126,170
15:03:11,04/04/2025,91.7,93.2,90.1,91.9,93.8,53.3,77.3,46.6,67.0,0.27,126,170
15:03:12,04/04/2025,91.7,93.2,90.1,91.9,93.8,53.3,77.3,46.6,67.0,0.27,126,170
15:03:14,04/04/2025,91.7,93.2,90.1,91.9,93.8,53.3,77.3,46.6,67.0,0.27,126,170
15:03:17,04/04/2025,91.7,93.2,90.1,91.9,93.8,53.3,77.3,46.6,67.0,0.27,126,170
15:03:18,04/04/2025,91.7,93.2,90.1,91.9,93.8,53.3,77.3,46.6,67.0,0.27,126,170
15:03:19,04/04/2025,92.8,94.3,89.2,93.3,93.8,53.3,77.3,46.6,67.0,0.27,126,170
15:03:21,04/04/2025,92.8,94.3,89.2,93.3,93.7,54.2,77.4,46.9,65.9,0.32,126,170
15:03:23,04/04/2025,92.8,94.3,89.2,93.3,93.7,54.2,77.4,46.9,65.9,0.32,126,170
15:03:24,04/04/2025,92.8,94.3,89.2,93.3,93.7,54.2,77.4,46.9,65.9,0.32,126,170
15:03:27,04/04/2025,94.1,95.6,89.2,93.3,93.7,54.2,77.4,46.9,65.9,0.32,126,170
15:03:28,04/04/2025,94.1,95.6,89.4,93.9,93.4,54.2,77.4,46.9,65.9,0.32,126,170
15:03:29,04/04/2025,94.1,95.6,89.4,93.9,93.4,55.1,77.6,47.0,65.5,0.32,126,170
15:03:31,04/04/2025,94.1,95.6,89.4,93.9,93.4,55.1,77.6,47.0,65.5,0.27,126,170
15:03:33,04/04/2025,94.1,95.6,89.4,93.9,93.4,55.1,77.6,47.0,65.5,0.27,126,170
15:03:35,04/04/2025,94.1,95.6,89.4,93.9,93.4,55.1,77.6,47.0,65.5,0.27,126,170
15:03:37,04/04/2025,94.3,95.8,88.9,94.2,93.4,55.1,77.6,47.0,65.5,0.27,126,170
15:03:38,04/04/2025,94.3,95.8,88.9,94.2,93.4,55.3,77.6,46.6,65.8,0.25,126,170
15:03:39,04/04/2025,94.3,95.8,88.9,94.2,93.4,55.3,77.6,46.6,65.8,0.25,126,170
15:03:40,04/04/2025,94.3,95.8,88.9,94.2,93.4,55.3,77.6,46.6,65.8,0.25,126,170
15:03:41,04/04/2025,94.5,96.0,88.9,94.2,93.4,55.3,77.6,46.6,65.8,0.25,126,170
15:03:43,04/04/2025,94.5,96.0,91.3,93.7,93.5,55.6,77.6,46.6,65.8,0.25,126,170
15:03:44,04/04/2025,94.5,96.0,91.3,93.7,93.5,55.6,77.3,46.6,65.4,0.29,126,170
15:03:45,04/04/2025,94.5,96.0,91.3,93.7,93.5,55.6,77.3,46.6,65.4,0.29,126,170
15:03:46,04/04/2025,94.5,96.0,91.3,93.7,93.5,55.6,77.3,46.6,65.4,0.29,126,170
15:03:49,04/04/2025,94.5,96.0,91.3,93.7,93.5,55.6,77.3,46.6,65.4,0.29,126,170
15:03:50,04/04/2025,89.9,91.4,91.8,93.7,93.5,55.6,77.3,46.6,65.4,0.29,126,170
15:03:51,04/04/2025,89.9,91.4,91.8,91.6,93.7,56.0,77.4,46.6,65.4,0.29,126,170
15:03:52,04/04/2025,89.9,91.4,91.8,91.6,93.7,56.0,77.4,46.7,65.6,0.29,126,170
15:03:53,04/04/2025,89.9,91.4,91.8,91.6,93.7,56.0,77.4,46.7,65.6,0.29,126,170
15:03:56,04/04/2025,89.9,91.4,91.8,91.6,93.7,56.0,77.4,46.7,65.6,0.29,126,170
15:04:00,04/04/2025,89.9,91.4,91.8,91.6,93.7,56.0,77.4,46.7,65.6,0.29,126,170
15:04:01,04/04/2025,92.7,94.2,89.8,91.3,93.8,56.0,77.4,46.7,65.6,0.29,126,170
15:04:02,04/04/2025,92.7,94.2,89.8,91.3,93.8,55.0,77.1,46.2,63.5,0.29,126,170
15:04:04,04/04/2025,92.7,94.2,89.8,91.3,93.8,55.0,77.1,46.2,63.5,0.31,126,170
15:04:05,04/04/2025,92.7,94.2,89.8,91.3,93.8,55.0,77.1,46.2,63.5,0.31,126,170
15:04:07,04/04/2025,92.7,94.2,89.8,91.3,93.8,55.0,77.1,46.2,63.5,0.31,126,170
15:04:09,04/04/2025,92.7,94.2,89.8,91.3,93.8,55.0,77.1,46.2,63.5,0.31,126,170
15:04:10,04/04/2025,93.3,94.8,90.1,91.4,93.8,55.0,77.1,46.2,63.5,0.31,126,170
15:04:11,04/04/2025,93.3,94.8,90.1,91.4,93.8,55.0,77.1,46.1,64.2,0.28,126,170
15:04:12,04/04/2025,93.3,94.8,90.1,91.4,93.8,55.0,77.1,46.1,64.2,0.28,126,170
15:04:13,04/04/2025,93.3,94.8,90.1,91.4,93.8,55.0,77.1,46.1,64.2,0.28,126,170
15:04:15,04/04/2025,93.3,94.8,90.1,91.4,93.8,55.0,77.1,46.1,64.2,0.28,126,170
15:04:16,04/04/2025,93.3,94.8,90.1,91.4,93.8,55.0,77.1,46.1,64.2,0.28,126,170
15:04:17,04/04/2025,93.7,95.2,91.5,92.1,93.8,54.6,77.1,46.1,64.2,0.28,126,170
15:04:19,04/04/2025,93.7,95.2,91.5,92.1,93.8,54.6,76.5,46.0,63.7,0.3,126,170
15:04:20,04/04/2025,93.7,95.2,91.5,92.1,93.8,54.6,76.5,46.0,63.7,0.3,126,170
15:04:22,04/04/2025,93.8,95.3,90.6,93.1,93.9,54.6,76.5,46.0,63.7,0.3,126,170
15:04:23,04/04/2025,93.8,95.3,90.6,93.1,93.9,54.0,77.5,46.3,66.6,0.3,126,170
15:04:24,04/04/2025,93.8,95.3,90.6,93.1,93.9,54.0,77.5,46.3,66.6,0.35,126,170
15:04:26,04/04/2025,93.8,95.3,90.6,93.1,93.9,54.0,77.5,46.3,66.6,0.35,126,170
15:04:30,04/04/2025,93.8,95.3,90.6,93.1,93.9,54.0,77.5,46.3,66.6,0.35,126,170
15:04:33,04/04/2025,93.4,94.9,90.6,93.1,93.9,54.0,77.5,46.3,66.6,0.35,126,170
15:04:34,04/04/2025,93.4,94.9,89.1,90.2,93.8,53.2,76.8,46.3,66.6,0.35,126,170
15:04:35,04/04/2025,93.4,94.9,89.1,90.2,93.8,53.2,76.8,46.3,67.7,0.25,126,170
15:04:37,04/04/2025,93.4,94.9,89.1,90.2,93.8,53.2,76.8,46.3,67.7,0.25,126,170
15:04:39,04/04/2025,93.4,94.9,89.1,90.2,93.8,53.2,76.8,46.3,67.7,0.25,126,170
15:04:42,04/04/2025,93.4,94.9,89.1,90.2,93.8,53.2,76.8,46.3,67.7,0.25,126,170
15:04:43,04/04/2025,93.6,95.1,92.1,90.2,90.9,53.2,76.8,46.3,67.7,0.25,126,170
15:04:45,04/04/2025,93.6,95.1,92.1,90.2,90.9,53.6,77.0,46.2,66.7,0.34,126,170
15:04:46,04/04/2025,93.6,95.1,92.1,90.2,90.9,53.6,77.0,46.2,66.7,0.34,126,170
15:04:47,04/04/2025,93.6,95.1,92.1,90.2,90.9,53.6,77.0,46.2,66.7,0.34,126,170
15:04:50,04/04/2025,93.6,95.1,92.1,90.2,90.9,53.6,77.0,46.2,66.7,0.34,126,170
15:04:52,04/04/2025,93.6,95.1,89.7,90.5,91.8,53.9,77.0,46.2,66.7,0.34,126,170
15:04:53,04/04/2025,93.6,95.1,89.7,90.5,91.8,53.9,77.4,46.8,66.2,0.27,126,170
15:04:54,04/04/2025,93.6,95.1,89.7,90.5,91.8,53.9,77.4,46.8,66.2,0.27,125,170
15:04:56,04/04/2025,93.6,95.1,89.7,90.5,91.8,53.9,77.4,46.8,66.2,0.27,125,170
15:04:58,04/04/2025,93.6,95.1,89.7,90.5,91.8,53.9,77.4,46.8,66.2,0.27,125,170
15:05:00,04/04/2025,93.6,95.1,89.7,90.5,91.8,53.9,77.4,46.8,66.2,0.27,125,170
15:05:01,04/04/2025,94.3,95.8,89.2,90.3,91.8,53.9,77.4,46.8,66.2,0.27,125,170
15:05:02,04/04/2025,94.3,95.8,89.2,90.3,93.4,54.7,77.7,46.8,66.2,0.27,125,170
15:05:03,04/04/2025,94.3,95.8,89.2,90.3,93.4,54.7,77.7,47.2,66.7,0.31,125,170
15:05:04,04/04/2025,94.3,95.8,89.2,90.3,93.4,54.7,77.7,47.2,66.7,0.31,125,170
15:05:09,04/04/2025,94.3,95.8,89.2,90.3,93.4,54.7,77.7,47.2,66.7,0.31,125,170
15:05:10,04/04/2025,94.3,95.8,89.4,90.8,93.0,54.7,77.7,47.2,66.7,0.31,125,170
15:05:11,04/04/2025,94.3,95.8,89.4,90.8,93.0,55.5,77.3,47.1,66.0,0.34,125,170
15:05:12,04/04/2025,94.3,95.8,89.4,90.8,93.0,55.5,77.3,47.1,66.0,0.34,125,170
15:05:13,04/04/2025,94.3,95.8,89.4,90.8,93.0,55.5,77.3,47.1,66.0,0.34,125,170
15:05:14,04/04/2025,94.3,95.8,89.4,90.8,93.0,55.5,77.3,47.1,66.0,0.34,125,170
15:05:16,04/04/2025,94.3,95.8,89.4,90.8,93.0,55.5,77.3,47.1,66.0,0.34,125,170
15:05:17,04/04/2025,94.3,95.8,89.4,90.8,93.0,55.5,77.3,47.1,66.0,0.34,125,170
15:05:18,04/04/2025,92.0,93.5,89.5,91.1,93.0,55.5,77.3,47.1,66.0,0.34,125,170
15:05:19,04/04/2025,92.0,93.5,89.5,91.1,93.3,54.9,77.0,46.6,66.0,0.31,125,170
15:05:20,04/04/2025,92.0,93.5,89.5,91.1,93.3,54.9,77.0,46.6,66.0,0.31,125,170
15:05:22,04/04/2025,92.0,93.5,89.5,91.1,93.3,54.9,77.0,46.6,66.0,0.31,125,170
15:05:25,04/04/2025,92.0,93.5,89.5,91.1,93.3,54.9,77.0,46.6,66.0,0.31,125,170
15:05:26,04/04/2025,90.3,91.8,89.3,90.6,93.4,54.9,77.0,46.6,66.0,0.31,125,170
15:05:27,04/04/2025,90.3,91.8,89.3,90.6,93.4,55.4,77.8,46.8,67.0,0.28,125,170
15:05:29,04/04/2025,90.3,91.8,89.3,90.6,93.4,55.4,77.8,46.8,67.0,0.28,125,170
15:05:30,04/04/2025,90.3,91.8,89.3,90.6,93.4,55.4,77.8,46.8,67.0,0.28,125,170
15:05:31,04/04/2025,90.3,91.8,89.3,90.6,93.4,55.4,77.8,46.8,67.0,0.28,125,170
15:05:32,04/04/2025,92.0,93.5,89.6,91.0,91.2,55.4,77.8,46.8,67.0,0.28,125,170
15:05:34,04/04/2025,92.0,93.5,89.6,91.0,91.2,56.1,77.5,47.6,68.8,0.33,125,170
15:05:35,04/04/2025,92.0,93.5,89.6,91.0,91.2,56.1,77.5,47.6,68.8,0.33,125,170
15:05:36,04/04/2025,92.0,93.5,89.6,91.0,91.2,56.1,77.5,47.6,68.8,0.33,125,170
15:05:38,04/04/2025,92.0,93.5,89.6,91.0,91.2,56.1,77.5,47.6,68.8,0.33,125,170
15:05:41,04/04/2025,92.0,93.5,89.6,91.0,91.2,56.1,77.5,47.6,68.8,0.33,125,170
15:05:42,04/04/2025,91.9,93.4,89.4,92.3,91.2,56.1,77.5,47.6,68.8,0.33,125,170
15:05:43,04/04/2025,91.9,93.4,89.4,92.3,92.4,56.5,78.2,48.0,66.8,0.3,125,170
15:05:47,04/04/2025,91.9,93.4,89.4,92.3,92.4,56.5,78.2,48.0,66.8,0.3,125,170
15:05:50,04/04/2025,91.9,93.4,89.4,92.3,92.4,56.5,78.2,48.0,66.8,0.3,125,170
15:05:52,04/04/2025,93.2,94.7,89.4,93.7,93.5,55.8,78.2,48.0,66.8,0.3,125,170
15:05:53,04/04/2025,93.2,94.7,89.4,93.7,93.5,55.8,77.9,47.0,67.8,0.27,125,170
15:05:54,04/04/2025,93.2,94.7,89.4,93.7,93.5,55.8,77.9,47.0,67.8,0.27,126,170
15:05:55,04/04/2025,93.2,94.7,89.4,93.7,93.5,55.8,77.9,47.0,67.8,0.27,126,170
15:05:56,04/04/2025,93.2,94.7,89.4,93.7,93.5,55.8,77.9,47.0,67.8,0.27,126,170
15:05:58,04/04/2025,93.2,94.7,89.4,93.7,93.5,55.8,77.9,47.0,67.8,0.27,126,170
15:06:02,04/04/2025,93.2,94.7,89.4,93.7,93.5,55.8,77.9,47.0,67.8,0.27,126,170
15:06:03,04/04/2025,94.3,95.8,89.6,90.7,93.6,55.0,77.1,47.0,67.8,0.27,126,170
15:06:04,04/04/2025,94.3,95.8,89.6,90.7,93.6,55.0,77.1,46.7,68.9,0.29,125,170
15:06:06,04/04/2025,94.3,95.8,89.6,90.7,93.6,55.0,77.1,46.7,68.9,0.29,125,170
15:06:07,04/04/2025,94.3,95.8,89.6,90.7,93.6,55.0,77.1,46.7,68.9,0.29,125,170
15:06:10,04/04/2025,94.4,95.9,90.1,91.1,91.2,55.6,78.0,46.8,68.0,0.33,125,170
15:06:11,04/04/2025,94.4,95.9,90.1,91.1,91.2,55.6,78.0,46.8,68.0,0.33,125,170
15:06:15,04/04/2025,94.4,95.9,90.1,91.1,91.2,55.6,78.0,46.8,68.0,0.33,125,170
15:06:16,04/04/2025,91.9,93.4,89.4,90.6,91.3,55.6,78.0,46.8,68.0,0.33,125,170
15:06:18,04/04/2025,91.9,93.4,89.4,90.6,91.3,55.9,77.1,46.3,64.8,0.33,125,170
15:06:19,04/04/2025,91.9,93.4,89.4,90.6,91.3,55.9,77.1,46.3,64.8,0.33,125,170
15:06:21,04/04/2025,91.9,93.4,89.4,90.6,91.3,55.9,77.1,46.3,64.8,0.33,125,170
15:06:23,04/04/2025,91.1,92.6,89.8,91.4,91.6,55.8,77.1,46.3,64.8,0.33,125,170
15:06:24,04/04/2025,91.1,92.6,89.8,91.4,91.6,55.8,78.1,46.1,66.5,0.32,125,170
15:06:25,04/04/2025,91.1,92.6,89.8,91.4,91.6,55.8,78.1,46.1,66.5,0.32,125,170
15:06:26,04/04/2025,91.1,92.6,89.8,91.4,91.6,55.8,78.1,46.1,66.5,0.32,125,170
15:06:28,04/04/2025,91.1,92.6,89.8,91.4,91.6,55.8,78.1,46.1,66.5,0.32,125,170
15:06:30,04/04/2025,90.6,92.1,89.9,91.5,91.6,56.5,77.9,45.9,65.8,0.33,125,170
15:06:32,04/04/2025,90.6,92.1,89.9,91.5,91.6,56.5,77.9,45.9,65.8,0.33,125,170
15:06:33,04/04/2025,90.6,92.1,89.9,91.5,91.6,56.5,77.9,45.9,65.8,0.33,125,170
15:06:35,04/04/2025,92.4,93.9,90.2,91.1,92.0,56.5,77.9,45.9,65.8,0.33,125,170
15:06:36,04/04/2025,92.4,93.9,90.2,91.1,92.0,56.9,77.8,46.3,65.7,0.33,125,170
15:06:37,04/04/2025,92.4,93.9,90.2,91.1,92.0,56.9,77.8,46.3,65.7,0.35,125,170
15:06:41,04/04/2025,92.4,93.9,90.2,91.1,92.0,56.9,77.8,46.3,65.7,0.35,125,170
15:06:42,04/04/2025,92.4,93.9,90.2,91.1,92.0,56.9,77.8,46.3,65.7,0.35,125,170
15:06:44,04/04/2025,92.4,93.9,90.2,91.1,92.0,56.9,77.8,46.3,65.7,0.35,125,170
15:06:46,04/04/2025,91.7,93.2,91.3,93.8,93.5,56.4,77.6,46.1,68.0,0.26,125,170
15:06:47,04/04/2025,91.7,93.2,91.3,93.8,93.5,56.4,77.6,46.1,68.0,0.26,126,170
15:06:49,04/04/2025,91.7,93.2,91.3,93.8,93.5,56.4,77.6,46.1,68.0,0.26,126,170
15:06:51,04/04/2025,93.2,94.7,89.8,91.9,91.2,56.6,77.6,46.1,68.0,0.26,126,170
15:06:52,04/04/2025,93.2,94.7,89.8,91.9,91.2,56.6,78.1,46.6,68.2,0.34,125,170
15:06:54,04/04/2025,93.2,94.7,89.8,91.9,91.2,56.6,78.1,46.6,68.2,0.34,125,170
15:06:55,04/04/2025,93.2,94.7,89.8,91.9,91.2,56.6,78.1,46.6,68.2,0.34,125,170
15:06:57,04/04/2025,93.2,94.7,89.8,91.9,91.2,56.6,78.1,46.6,68.2,0.34,125,170
15:06:58,04/04/2025,93.2,94.7,89.8,91.9,91.2,56.6,78.1,46.6,68.2,0.34,125,170
15:06:59,04/04/2025,93.3,94.8,89.7,90.5,91.7,56.6,78.1,46.6,68.2,0.34,125,170
15:07:01,04/04/2025,93.3,94.8,89.7,90.5,91.7,55.3,77.2,47.0,68.2,0.34,125,170
15:07:02,04/04/2025,93.3,94.8,89.7,90.5,91.7,55.3,77.2,47.0,68.2,0.34,125,170
15:07:03,04/04/2025,93.3,94.8,89.7,90.5,91.7,55.3,77.2,47.0,68.2,0.34,125,170
15:07:04,04/04/2025,90.9,92.4,89.7,90.9,92.7,55.3,77.2,47.0,68.2,0.34,125,170
15:07:05,04/04/2025,90.9,92.4,89.7,90.9,92.7,56.1,77.8,47.8,67.6,0.34,125,170
15:07:06,04/04/2025,90.9,92.4,89.7,90.9,92.7,56.1,77.8,47.8,67.6,0.33,125,170
15:07:07,04/04/2025,90.9,92.4,89.7,90.9,92.7,56.1,77.8,47.8,67.6,0.33,125,170
15:07:09,04/04/2025,90.9,92.4,89.7,90.9,92.7,56.1,77.8,47.8,67.6,0.33,125,170
15:07:10,04/04/2025,91.5,93.0,89.7,92.1,93.3,56.1,77.8,47.8,67.6,0.33,125,170
15:07:11,04/04/2025,91.5,93.0,89.7,92.1,93.3,56.3,77.9,47.7,67.1,0.3,125,170
15:07:13,04/04/2025,91.5,93.0,89.7,92.1,93.3,56.3,77.9,47.7,67.1,0.3,125,170
15:07:14,04/04/2025,91.5,93.0,89.7,92.1,93.3,56.3,77.9,47.7,67.1,0.3,125,170
15:07:15,04/04/2025,92.5,94.0,90.1,92.1,93.3,56.3,77.9,47.7,67.1,0.3,125,170
15:07:17,04/04/2025,92.5,94.0,90.1,91.6,91.7,56.0,77.9,47.1,68.1,0.33,125,170
15:07:18,04/04/2025,92.5,94.0,90.1,91.6,91.7,56.0,77.9,47.1,68.1,0.33,125,170
15:07:19,04/04/2025,92.5,94.0,90.1,91.6,91.7,56.0,77.9,47.1,68.1,0.33,125,170
15:07:22,04/04/2025,92.5,94.0,90.1,91.6,91.7,56.0,77.9,47.1,68.1,0.33,125,170
15:07:23,04/04/2025,93.2,94.7,89.9,91.1,91.5,56.4,77.9,47.1,68.1,0.33,125,170
15:07:24,04/04/2025,93.2,94.7,89.9,91.1,91.5,56.4,78.2,47.3,66.3,0.34,125,170
15:07:25,04/04/2025,93.2,94.7,89.9,91.1,91.5,56.4,78.2,47.3,66.3,0.34,125,170
15:07:28,04/04/2025,93.2,94.7,89.9,91.1,91.5,56.4,78.2,47.3,66.3,0.34,125,170
15:07:30,04/04/2025,90.8,92.3,90.0,91.3,93.0,56.4,78.2,47.3,66.3,0.34,125,170
15:07:31,04/04/2025,90.8,92.3,90.0,91.3,93.0,56.4,78.6,47.2,67.0,0.35,125,170
15:07:32,04/04/2025,90.8,92.3,90.0,91.3,93.0,56.4,78.6,47.2,67.0,0.35,125,170
15:07:34,04/04/2025,90.8,92.3,90.0,91.3,93.0,56.4,78.6,47.2,67.0,0.35,125,170
15:07:38,04/04/2025,92.7,94.2,89.4,92.5,93.3,56.3,78.6,47.2,67.0,0.35,125,170
15:07:39,04/04/2025,92.7,94.2,89.4,92.5,93.3,56.3,78.4,46.8,67.3,0.33,125,170
15:07:44,04/04/2025,92.7,94.2,89.4,92.5,93.3,56.3,78.4,46.8,67.3,0.33,125,170
15:07:45,04/04/2025,92.7,94.2,89.4,92.5,93.3,56.3,78.4,46.8,67.3,0.33,125,170
15:07:47,04/04/2025,93.8,95.3,89.9,93.7,91.6,56.3,78.4,46.8,67.3,0.33,125,170
15:07:48,04/04/2025,93.8,95.3,89.9,93.7,91.6,57.3,78.8,46.9,67.1,0.33,125,170
15:07:49,04/04/2025,93.8,95.3,89.9,93.7,91.6,57.3,78.8,46.9,67.1,0.3,125,170
15:07:50,04/04/2025,93.8,95.3,89.9,93.7,91.6,57.3,78.8,46.9,67.1,0.3,125,170
15:07:52,04/04/2025,93.8,95.3,89.9,93.7,91.6,57.3,78.8,46.9,67.1,0.3,125,170
15:07:54,04/04/2025,93.8,95.3,89.9,93.7,91.6,57.3,78.8,46.9,67.1,0.3,125,170
15:07:55,04/04/2025,94.1,95.6,90.0,91.7,91.4,57.3,78.8,46.9,67.1,0.3,125,170
15:07:57,04/04/2025,94.1,95.6,90.0,91.7,91.4,56.8,78.1,46.6,68.5,0.35,125,170
15:07:58,04/04/2025,94.1,95.6,90.0,91.7,91.4,56.8,78.1,46.6,68.5,0.35,125,170
15:07:59,04/04/2025,94.1,95.6,90.0,91.7,91.4,56.8,78.1,46.6,68.5,0.35,125,170
15:08:02,04/04/2025,94.1,95.6,90.0,91.7,91.4,56.8,78.1,46.6,68.5,0.35,125,170
15:08:03,04/04/2025,94.1,95.6,90.0,91.7,91.4,56.8,78.1,46.6,68.5,0.35,125,170
15:08:05,04/04/2025,93.2,94.7,91.0,90.8,91.3,56.5,78.1,46.6,68.5,0.35,125,170
15:08:06,04/04/2025,93.2,94.7,91.0,90.8,91.3,56.5,78.0,46.6,66.5,0.26,125,170
15:08:07,04/04/2025,93.2,94.7,91.0,90.8,91.3,56.5,78.0,46.6,66.5,0.26,125,170
15:08:10,04/04/2025,93.2,94.7,91.0,90.8,91.3,56.5,78.0,46.6,66.5,0.26,125,170
15:08:11,04/04/2025,92.3,93.8,91.1,90.8,91.1,56.5,78.0,46.6,66.5,0.26,125,170
15:08:12,04/04/2025,92.3,93.8,91.1,90.8,91.1,56.2,77.2,46.2,67.0,0.26,125,170
15:08:13,04/04/2025,92.3,93.8,91.1,90.8,91.1,56.2,77.2,46.2,67.0,0.33,125,170
15:08:15,04/04/2025,92.3,93.8,91.1,90.8,91.1,56.2,77.2,46.2,67.0,0.33,125,170
15:08:17,04/04/2025,92.3,93.8,91.1,90.8,91.1,56.2,77.2,46.2,67.0,0.33,125,170
15:08:21,04/04/2025,90.2,91.7,91.1,90.8,91.1,56.2,77.2,46.2,67.0,0.33,125,170
15:08:22,04/04/2025,90.2,91.7,89.6,93.1,91.3,56.2,77.2,46.2,67.0,0.33,125,170
15:08:23,04/04/2025,90.2,91.7,89.6,93.1,91.3,56.8,78.5,46.0,67.3,0.34,125,170
15:08:24,04/04/2025,90.2,91.7,89.6,93.1,91.3,56.8,78.5,46.0,67.3,0.34,125,170
15:08:26,04/04/2025,90.2,91.7,89.6,93.1,91.3,56.8,78.5,46.0,67.3,0.34,125,170
15:08:28,04/04/2025,90.2,91.7,89.6,93.1,91.3,56.8,78.5,46.0,67.3,0.34,125,170
15:08:29,04/04/2025,90.2,91.7,89.6,93.1,91.3,56.8,78.5,46.0,67.3,0.34,125,170
15:08:30,04/04/2025,91.5,93.0,89.9,91.6,93.1,57.3,78.5,46.0,67.3,0.34,125,170
15:08:31,04/04/2025,91.5,93.0,89.9,91.6,93.1,57.3,77.8,45.1,65.7,0.31,125,170
15:08:32,04/04/2025,91.5,93.0,89.9,91.6,93.1,57.3,77.8,45.1,65.7,0.31,125,170
15:08:34,04/04/2025,91.5,93.0,89.9,91.6,93.1,57.3,77.8,45.1,65.7,0.31,125,170
15:08:35,04/04/2025,91.5,93.0,89.9,91.6,93.1,57.3,77.8,45.1,65.7,0.31,125,170
15:08:37,04/04/2025,93.6,95.1,89.5,91.3,93.5,57.3,77.8,45.1,65.7,0.31,125,170
15:08:38,04/04/2025,93.6,95.1,89.5,91.3,93.5,57.0,76.7,45.2,66.4,0.33,125,170
15:08:39,04/04/2025,93.6,95.1,89.5,91.3,93.5,57.0,76.7,45.2,66.4,0.33,125,170
15:08:40,04/04/2025,93.6,95.1,89.5,91.3,93.5,57.0,76.7,45.2,66.4,0.33,125,170
15:08:41,04/04/2025,93.6,95.1,89.5,91.3,93.5,57.0,76.7,45.2,66.4,0.33,125,170
15:08:43,04/04/2025,93.6,95.1,89.5,91.3,93.5,57.0,76.7,45.2,66.4,0.33,125,170
15:08:45,04/04/2025,91.2,92.7,91.4,93.3,93.6,57.0,76.7,45.2,66.4,0.33,125,170
15:08:46,04/04/2025,91.2,92.7,91.4,93.3,93.6,57.2,77.6,45.5,67.5,0.28,125,170
15:08:47,04/04/2025,91.2,92.7,91.4,93.3,93.6,57.2,77.6,45.5,67.5,0.28,126,170
15:08:48,04/04/2025,91.2,92.7,91.4,93.3,93.6,57.2,77.6,45.5,67.5,0.28,126,170
15:08:51,04/04/2025,91.2,92.7,91.4,93.3,93.6,57.2,77.6,45.5,67.5,0.28,126,170
15:08:53,04/04/2025,91.2,92.7,91.4,93.3,93.6,57.2,77.6,45.5,67.5,0.28,126,170
15:08:57,04/04/2025,89.9,91.4,89.9,93.1,91.6,56.7,77.6,45.5,67.5,0.28,126,170
15:08:58,04/04/2025,89.9,91.4,89.9,93.1,91.6,56.7,78.3,46.2,68.8,0.37,125,170
15:08:59,04/04/2025,89.9,91.4,89.9,93.1,91.6,56.7,78.3,46.2,68.8,0.37,125,170
15:09:01,04/04/2025,89.9,91.4,89.9,93.1,91.6,56.7,78.3,46.2,68.8,0.37,125,170
15:09:02,04/04/2025,89.9,91.4,89.9,93.1,91.6,56.7,78.3,46.2,68.8,0.37,125,170
15:09:03,04/04/2025,89.9,91.4,89.9,93.1,91.6,56.7,78.3,46.2,68.8,0.37,125,170
15:09:04,04/04/2025,91.1,92.6,90.2,91.7,93.4,56.7,78.3,46.2,68.8,0.37,125,170
15:09:05,04/04/2025,91.1,92.6,90.2,91.7,93.4,57.2,77.7,45.6,68.4,0.37,125,170
15:09:06,04/04/2025,91.1,92.6,90.2,91.7,93.4,57.2,77.7,45.6,68.4,0.34,125,170
15:09:10,04/04/2025,91.1,92.6,90.2,91.7,93.4,57.2,77.7,45.6,68.4,0.34,125,170
15:09:11,04/04/2025,91.1,92.6,90.2,91.7,93.4,57.2,77.7,45.6,68.4,0.34,125,170
15:09:12,04/04/2025,91.1,92.6,90.2,91.7,93.4,57.2,77.7,45.6,68.4,0.34,125,170
15:09:14,04/04/2025,90.9,92.4,89.8,91.3,93.6,56.8,77.7,45.6,68.4,0.34,125,170
15:09:15,04/04/2025,90.9,92.4,89.8,91.3,93.6,56.8,77.7,45.5,65.2,0.33,125,170
15:09:16,04/04/2025,90.9,92.4,89.8,91.3,93.6,56.8,77.7,45.5,65.2,0.33,125,170
15:09:18,04/04/2025,90.9,92.4,89.8,91.3,93.6,56.8,77.7,45.5,65.2,0.33,125,170
15:09:21,04/04/2025,90.9,92.4,89.8,91.3,93.6,56.8,77.7,45.5,65.2,0.33,125,170
15:09:23,04/04/2025,90.9,92.4,89.8,91.3,93.6,56.8,77.7,45.5,65.2,0.33,125,170
15:09:24,04/04/2025,90.2,91.7,89.3,94.0,93.7,56.8,77.7,45.5,65.2,0.33,125,170
15:09:25,04/04/2025,90.2,91.7,89.3,94.0,93.7,57.2,77.0,45.0,65.8,0.33,125,170
15:09:26,04/04/2025,90.2,91.7,89.3,94.0,93.7,57.2,77.0,45.0,65.8,0.28,125,170
15:09:27,04/04/2025,90.2,91.7,89.3,94.0,93.7,57.2,77.0,45.0,65.8,0.28,125,170
15:09:29,04/04/2025,91.5,93.0,91.1,94.1,93.8,57.2,77.0,45.0,65.8,0.28,125,170
15:09:30,04/04/2025,91.5,93.0,91.1,94.1,93.8,57.6,76.8,45.2,65.1,0.25,125,170
15:09:31,04/04/2025,91.5,93.0,91.1,94.1,93.8,57.6,76.8,45.2,65.1,0.25,126,170
15:09:33,04/04/2025,91.5,93.0,91.1,94.1,93.8,57.6,76.8,45.2,65.1,0.25,126,170
15:09:35,04/04/2025,91.5,93.0,91.1,94.1,93.8,57.6,76.8,45.2,65.1,0.25,126,170
15:09:36,04/04/2025,91.5,93.0,92.5,93.9,93.8,57.6,76.8,45.2,65.1,0.25,126,170
15:09:37,04/04/2025,91.5,93.0,92.5,93.9,93.8,56.6,77.4,44.9,65.6,0.26,126,170
15:09:38,04/04/2025,91.5,93.0,92.5,93.9,93.8,56.6,77.4,44.9,65.6,0.26,126,170
15:09:39,04/04/2025,91.5,93.0,92.5,93.9,93.8,56.6,77.4,44.9,65.6,0.26,126,170
15:09:42,04/04/2025,91.5,93.0,92.5,93.9,93.8,56.6,77.4,44.9,65.6,0.26,126,170
15:09:43,04/04/2025,91.5,93.0,92.5,93.9,93.8,56.6,77.4,44.9,65.6,0.26,126,170
15:09:44,04/04/2025,89.9,91.4,90.1,92.7,93.9,57.0,77.4,44.9,65.6,0.26,126,170
15:09:46,04/04/2025,89.9,91.4,90.1,92.7,93.9,57.0,77.1,45.3,63.6,0.3,126,170
15:09:47,04/04/2025,89.9,91.4,90.1,92.7,93.9,57.0,77.1,45.3,63.6,0.3,125,170
15:09:48,04/04/2025,89.9,91.4,90.1,92.7,93.9,57.0,77.1,45.3,63.6,0.3,125,170
15:09:49,04/04/2025,89.9,91.4,90.1,92.7,93.9,57.0,77.1,45.3,63.6,0.3,125,170
15:09:53,04/04/2025,89.9,91.4,90.1,92.7,93.9,57.0,77.1,45.3,63.6,0.3,125,170
15:09:55,04/04/2025,91.9,93.4,89.4,91.6,93.8,56.3,77.1,45.3,63.6,0.3,125,170
15:09:56,04/04/2025,91.9,93.4,89.4,91.6,93.8,56.3,77.6,45.0,66.1,0.29,125,170
15:09:57,04/04/2025,91.9,93.4,89.4,91.6,93.8,56.3,77.6,45.0,66.1,0.29,126,170
15:10:02,04/04/2025,91.9,93.4,89.4,91.6,93.8,56.3,77.6,45.0,66.1,0.29,126,170
15:10:03,04/04/2025,91.9,93.4,89.4,91.6,93.8,56.3,77.6,45.0,66.1,0.29,126,170
15:10:05,04/04/2025,90.1,91.6,89.9,94.2,93.9,56.1,77.6,45.0,66.1,0.29,126,170
15:10:06,04/04/2025,90.1,91.6,89.9,94.2,93.9,56.1,77.4,44.9,66.3,0.26,126,170
15:10:08,04/04/2025,90.1,91.6,89.9,94.2,93.9,56.1,77.4,44.9,66.3,0.26,126,170
15:10:12,04/04/2025,90.1,91.6,89.9,94.2,93.9,56.1,77.4,44.9,66.3,0.26,126,170
15:10:14,04/04/2025,93.1,94.6,89.5,94.5,94.0,56.4,77.4,44.9,66.3,0.26,126,170
15:10:15,04/04/2025,93.1,94.6,89.5,94.5,94.0,56.4,77.2,45.1,65.9,0.23,126,170
15:10:19,04/04/2025,93.1,94.6,89.5,94.5,94.0,56.4,77.2,45.1,65.9,0.23,126,170
15:10:22,04/04/2025,93.1,94.6,89.5,94.5,94.0,56.4,77.2,45.1,65.9,0.23,126,170
15:10:24,04/04/2025,93.1,94.6,89.5,94.5,94.0,56.4,77.2,45.1,65.9,0.23,126,170
15:10:25,04/04/2025,93.7,95.2,88.8,90.1,94.0,56.4,77.2,45.1,65.9,0.23,126,170
15:10:26,04/04/2025,93.7,95.2,88.8,90.1,94.1,56.3,76.6,44.8,65.9,0.23,126,170
15:10:28,04/04/2025,93.7,95.2,88.8,90.1,94.1,56.3,76.6,44.8,65.4,0.22,126,170
15:10:29,04/04/2025,92.8,94.3,90.5,91.0,94.1,56.3,76.6,44.8,65.4,0.22,126,170
15:10:30,04/04/2025,92.8,94.3,90.5,91.0,94.1,56.5,76.6,45.0,65.4,0.22,126,170
15:10:31,04/04/2025,92.8,94.3,90.5,91.0,94.1,56.5,76.6,45.0,65.1,0.28,125,170
15:10:32,04/04/2025,92.8,94.3,90.5,91.0,94.1,56.5,76.6,45.0,65.1,0.28,125,170
15:10:35,04/04/2025,92.8,94.3,90.5,91.0,94.1,56.5,76.6,45.0,65.1,0.28,125,170
15:10:36,04/04/2025,91.0,92.5,90.2,89.9,93.9,56.5,76.6,45.0,65.1,0.28,125,170
15:10:37,04/04/2025,91.0,92.5,90.2,89.9,93.9,55.5,76.5,44.8,67.7,0.29,125,170
15:10:38,04/04/2025,91.0,92.5,90.2,89.9,93.9,55.5,76.5,44.8,67.7,0.29,125,170
15:10:41,04/04/2025,91.0,92.5,90.2,89.9,93.9,55.5,76.5,44.8,67.7,0.29,125,170
15:10:42,04/04/2025,91.5,93.0,89.4,90.8,93.9,56.7,76.5,44.8,67.7,0.29,125,170
15:10:43,04/04/2025,91.5,93.0,89.4,90.8,93.9,56.7,76.8,44.6,65.1,0.26,126,170
15:10:44,04/04/2025,91.5,93.0,89.4,90.8,93.9,56.7,76.8,44.6,65.1,0.26,126,170
15:10:47,04/04/2025,91.5,93.0,89.4,90.8,93.9,56.7,76.8,44.6,65.1,0.26,126,170
15:10:48,04/04/2025,91.5,93.0,89.4,90.8,93.9,56.7,76.8,44.6,65.1,0.26,126,170
15:10:50,04/04/2025,92.0,93.5,89.7,91.6,93.9,57.3,77.2,44.6,65.1,0.26,126,170
15:10:51,04/04/2025,92.0,93.5,89.7,91.6,93.9,57.3,77.2,44.3,65.0,0.23,126,170
15:10:52,04/04/2025,92.0,93.5,89.7,91.6,93.9,57.3,77.2,44.3,65.0,0.23,126,170
15:10:53,04/04/2025,92.0,93.5,89.7,91.6,93.9,57.3,77.2,44.3,65.0,0.23,126,170
15:10:54,04/04/2025,92.0,93.5,89.7,91.6,93.9,57.3,77.2,44.3,65.0,0.23,126,170
15:10:57,04/04/2025,92.0,93.5,89.7,91.6,93.9,57.3,77.2,44.3,65.0,0.23,126,170
15:10:59,04/04/2025,90.0,91.5,89.1,90.2,93.9,56.6,76.6,44.6,65.0,0.26,126,170
15:11:00,04/04/2025,90.0,91.5,89.1,90.2,93.9,56.6,76.6,44.6,65.0,0.26,126,170
15:11:01,04/04/2025,90.0,91.5,89.1,90.2,93.9,56.6,76.6,44.6,65.0,0.26,126,170
15:11:03,04/04/2025,90.0,91.5,89.1,90.2,93.9,56.6,76.6,44.6,65.0,0.26,126,170
15:11:04,04/04/2025,92.3,93.8,89.3,92.6,93.7,56.6,76.6,44.6,65.0,0.26,126,170
15:11:06,04/04/2025,92.3,93.8,89.3,92.6,93.7,57.0,76.7,45.1,65.6,0.27,126,170
15:11:08,04/04/2025,92.3,93.8,89.3,92.6,93.7,57.0,76.7,45.1,65.6,0.27,126,170
15:11:10,04/04/2025,92.3,93.8,89.3,92.6,93.7,57.0,76.7,45.1,65.6,0.27,126,170
15:11:12,04/04/2025,92.3,93.8,89.3,92.6,93.7,57.0,76.7,45.1,65.6,0.27,126,170
15:11:13,04/04/2025,90.0,91.5,89.9,92.4,93.7,57.0,76.7,45.1,65.6,0.27,126,170
15:11:15,04/04/2025,90.0,91.5,89.9,92.4,93.7,56.4,77.4,45.0,64.9,0.3,126,170
15:11:16,04/04/2025,90.0,91.5,89.9,92.4,93.7,56.4,77.4,45.0,64.9,0.3,125,170
15:11:17,04/04/2025,90.0,91.5,89.9,92.4,93.7,56.4,77.4,45.0,64.9,0.3,125,170
15:11:18,04/04/2025,91.0,91.5,89.9,92.4,93.7,56.4,77.4,45.0,64.9,0.3,125,170
15:11:19,04/04/2025,91.0,90.7,89.3,90.4,93.7,56.4,77.4,45.0,64.9,0.3,125,170
15:11:21,04/04/2025,91.0,90.7,89.3,90.4,93.7,56.5,77.9,44.7,65.8,0.32,125,170
15:11:22,04/04/2025,91.0,90.7,89.3,90.4,93.7,56.5,77.9,44.7,65.8,0.32,125,170
15:11:25,04/04/2025,91.0,90.7,89.3,90.4,93.7,56.5,77.9,44.7,65.8,0.32,125,170
15:11:27,04/04/2025,91.5,90.7,89.7,90.6,93.7,56.5,77.9,44.7,65.8,0.32,125,170
15:11:28,04/04/2025,91.5,90.7,89.7,90.6,93.6,57.1,77.6,45.0,66.7,0.32,125,170
15:11:29,04/04/2025,91.5,90.7,89.7,90.6,93.6,57.1,77.6,45.0,66.7,0.33,125,170
15:11:31,04/04/2025,91.5,90.7,89.7,90.6,93.6,57.1,77.6,45.0,66.7,0.33,125,170
15:11:32,04/04/2025,91.5,90.7,89.7,90.6,93.6,57.1,77.6,45.0,66.7,0.33,125,170
15:11:34,04/04/2025,91.5,90.7,89.7,90.6,93.6,57.1,77.6,45.0,66.7,0.33,125,170
15:11:36,04/04/2025,89.9,91.2,89.9,90.8,93.6,57.1,77.6,45.0,66.7,0.33,125,170
15:11:37,04/04/2025,89.9,91.2,89.9,90.8,93.6,57.1,77.9,44.8,66.3,0.31,125,170
15:11:38,04/04/2025,89.9,91.2,89.9,90.8,93.6,57.1,77.9,44.8,66.3,0.31,125,170
15:11:39,04/04/2025,89.9,91.2,89.9,90.8,93.6,57.1,77.9,44.8,66.3,0.31,125,170
15:11:40,04/04/2025,89.9,91.2,89.9,90.8,93.6,57.1,77.9,44.8,66.3,0.31,125,170
15:11:42,04/04/2025,89.9,91.2,89.9,90.8,93.6,57.1,77.9,44.8,66.3,0.31,125,170
15:11:43,04/04/2025,91.0,91.6,89.4,90.9,93.5,57.1,77.9,44.8,66.3,0.31,125,170
15:11:44,04/04/2025,91.0,91.6,89.4,90.9,93.5,57.8,77.3,44.5,66.0,0.31,125,170
15:11:45,04/04/2025,91.0,91.6,89.4,90.9,93.5,57.8,77.3,44.5,66.0,0.29,125,170
15:11:46,04/04/2025,91.0,91.6,89.4,90.9,93.5,57.8,77.3,44.5,66.0,0.29,125,170
15:11:50,04/04/2025,91.0,91.6,89.4,90.9,93.5,57.8,77.3,44.5,66.0,0.29,125,170
15:11:52,04/04/2025,91.0,91.6,89.4,90.9,93.5,57.8,77.3,44.5,66.0,0.29,125,170
15:11:53,04/04/2025,91.8,93.1,89.9,90.8,93.5,57.8,77.3,44.5,66.0,0.29,125,170
15:11:54,04/04/2025,91.8,93.1,89.9,90.8,93.5,56.4,78.1,44.8,67.5,0.29,125,170
15:11:56,04/04/2025,91.8,93.1,89.9,90.8,93.5,56.4,78.1,44.8,67.5,0.33,125,170
15:11:58,04/04/2025,91.8,93.1,89.9,90.8,93.5,56.4,78.1,44.8,67.5,0.33,125,170
15:12:00,04/04/2025,91.8,93.1,89.9,90.8,93.5,56.4,78.1,44.8,67.5,0.33,125,170
15:12:02,04/04/2025,90.1,90.8,89.5,92.9,93.5,56.4,78.1,44.8,67.5,0.33,125,170
15:12:03,04/04/2025,90.1,90.8,89.5,92.9,93.5,57.1,77.9,44.7,67.5,0.33,125,170
15:12:04,04/04/2025,90.1,90.8,89.5,92.9,93.5,57.1,77.9,44.7,67.5,0.28,125,170
15:12:05,04/04/2025,90.1,90.8,89.5,92.9,93.5,57.1,77.9,44.7,67.5,0.28,125,170
15:12:06,04/04/2025,90.1,90.8,89.5,92.9,93.5,57.1,77.9,44.7,67.5,0.28,125,170
15:12:08,04/04/2025,90.1,90.8,89.5,92.9,93.5,57.1,77.9,44.7,67.5,0.28,125,170
15:12:09,04/04/2025,90.0,90.9,89.7,91.9,93.6,57.1,77.9,44.7,67.5,0.28,125,170
15:12:11,04/04/2025,90.0,90.9,89.7,91.9,93.6,57.4,76.7,43.9,64.0,0.29,125,170
15:12:14,04/04/2025,90.0,90.9,89.7,91.9,93.6,57.4,76.7,43.9,64.0,0.29,125,170
15:12:15,04/04/2025,90.0,90.9,89.7,91.9,93.6,57.4,76.7,43.9,64.0,0.29,125,170
15:12:17,04/04/2025,90.9,92.6,89.0,90.0,93.4,57.4,76.7,43.9,64.0,0.29,125,170
15:12:18,04/04/2025,90.9,92.6,89.0,90.0,93.4,58.0,77.4,45.0,64.7,0.29,125,170
15:12:19,04/04/2025,90.9,92.6,89.0,90.0,93.4,58.0,77.4,45.0,64.7,0.24,125,170
15:12:20,04/04/2025,90.9,92.6,89.0,90.0,93.4,58.0,77.4,45.0,64.7,0.24,125,170
15:12:24,04/04/2025,91.4,92.6,89.0,90.0,93.4,58.0,77.4,45.0,64.7,0.24,125,170
15:12:25,04/04/2025,91.4,91.8,89.5,90.8,93.5,58.0,77.4,45.0,64.7,0.24,125,170
15:12:26,04/04/2025,91.4,91.8,89.5,90.8,93.5,58.3,77.9,45.5,64.3,0.24,125,170
15:12:27,04/04/2025,91.4,91.8,89.5,90.8,93.5,58.3,77.9,45.5,64.3,0.32,125,170
15:12:31,04/04/2025,91.4,91.8,89.5,90.8,93.5,58.3,77.9,45.5,64.3,0.32,125,170
15:12:32,04/04/2025,91.4,91.8,89.5,90.8,93.5,58.3,77.9,45.5,64.3,0.32,125,170
15:12:33,04/04/2025,91.4,91.8,89.5,90.8,93.5,58.3,77.9,45.5,64.3,0.32,125,170
15:12:34,04/04/2025,90.2,95.1,89.4,91.6,93.5,58.3,77.9,45.5,64.3,0.32,125,170
15:12:36,04/04/2025,90.2,95.1,89.4,91.6,93.5,57.8,77.6,45.5,67.9,0.33,125,170
15:12:37,04/04/2025,90.2,95.1,89.4,91.6,93.5,57.8,77.6,45.5,67.9,0.33,125,170
15:12:38,04/04/2025,90.2,95.1,89.4,91.6,93.5,57.8,77.6,45.5,67.9,0.33,125,170
15:12:39,04/04/2025,90.2,95.1,89.4,91.6,93.5,57.8,77.6,45.5,67.9,0.33,125,170
15:12:40,04/04/2025,90.2,95.1,89.4,91.6,93.5,57.8,77.6,45.5,67.9,0.33,125,170
15:12:41,04/04/2025,90.7,94.2,89.9,91.2,93.5,57.8,77.6,45.5,67.9,0.33,125,170
15:12:43,04/04/2025,90.7,94.2,89.9,91.2,93.5,58.4,78.2,45.7,68.6,0.29,125,170
15:12:45,04/04/2025,90.7,94.2,89.9,91.2,93.5,58.4,78.2,45.7,68.6,0.29,125,170
15:12:49,04/04/2025,90.7,94.2,89.9,91.2,93.5,58.4,78.2,45.7,68.6,0.29,125,170
15:12:51,04/04/2025,90.7,94.2,89.9,91.2,93.5,58.4,78.2,45.7,68.6,0.29,125,170
15:12:52,04/04/2025,92.7,93.0,89.4,92.9,93.5,58.4,78.2,45.7,68.6,0.29,125,170
15:12:54,04/04/2025,92.7,93.0,89.4,92.9,93.5,56.9,78.1,45.5,68.1,0.29,125,170
15:12:55,04/04/2025,92.7,93.0,89.4,92.9,93.5,56.9,78.1,45.5,68.1,0.29,125,170
15:12:56,04/04/2025,92.7,93.0,89.4,92.9,93.5,56.9,78.1,45.5,68.1,0.29,125,170
15:12:57,04/04/2025,93.3,93.8,89.7,90.5,93.5,56.9,78.1,45.5,68.1,0.29,125,170
15:12:58,04/04/2025,93.3,93.8,89.7,90.5,93.5,57.1,76.9,45.3,66.8,0.32,125,170
15:12:59,04/04/2025,93.3,93.8,89.7,90.5,93.5,57.1,76.9,45.3,66.8,0.32,125,170
15:13:02,04/04/2025,93.3,93.8,89.7,90.5,93.5,57.1,76.9,45.3,66.8,0.32,125,170
15:13:03,04/04/2025,93.3,93.8,89.7,90.5,93.5,57.1,76.9,45.3,66.8,0.32,125,170
15:13:04,04/04/2025,90.6,93.5,89.7,90.5,93.4,57.1,76.9,45.3,66.8,0.32,125,170
15:13:05,04/04/2025,90.6,93.5,89.7,90.5,93.4,56.8,77.7,45.3,67.7,0.32,125,170
15:13:07,04/04/2025,90.6,93.5,89.7,90.5,93.4,56.8,77.7,45.3,67.7,0.3,125,170
15:13:08,04/04/2025,90.6,93.5,89.7,90.5,93.4,56.8,77.7,45.3,67.7,0.3,125,170
15:13:10,04/04/2025,90.6,93.5,89.7,90.5,93.4,56.8,77.7,45.3,67.7,0.3,125,170
15:13:11,04/04/2025,90.6,93.5,89.7,90.5,93.4,56.8,77.7,45.3,67.7,0.3,125,170
15:13:13,04/04/2025,90.2,93.3,89.5,91.4,93.4,56.8,77.7,45.3,67.7,0.3,125,170
15:13:14,04/04/2025,90.2,93.3,89.5,91.4,93.4,57.0,77.6,45.2,66.4,0.3,125,170
15:13:15,04/04/2025,90.2,93.3,89.5,91.4,93.4,57.0,77.6,45.2,66.4,0.31,125,170
15:13:16,04/04/2025,90.2,93.3,89.5,91.4,93.4,57.0,77.6,45.2,66.4,0.31,125,170
15:13:19,04/04/2025,90.2,93.3,89.5,91.4,93.4,57.0,77.6,45.2,66.4,0.31,125,170
15:13:21,04/04/2025,90.4,93.8,89.8,91.4,93.4,57.0,77.6,45.2,66.4,0.31,125,170
15:13:22,04/04/2025,90.4,93.8,89.8,92.4,91.6,57.0,77.8,45.2,66.4,0.31,125,170
15:13:23,04/04/2025,90.4,93.8,89.8,92.4,91.6,57.0,77.8,45.6,66.0,0.29,125,170
15:13:24,04/04/2025,90.4,93.8,89.8,92.4,91.6,57.0,77.8,45.6,66.0,0.29,125,170
15:13:26,04/04/2025,90.4,93.8,89.8,92.4,91.6,57.0,77.8,45.6,66.0,0.29,125,170
15:13:28,04/04/2025,90.4,93.8,89.8,92.4,91.6,57.0,77.8,45.6,66.0,0.29,125,170
15:13:29,04/04/2025,92.7,95.7,90.2,91.7,91.6,57.0,77.8,45.6,66.0,0.29,125,170
15:13:31,04/04/2025,92.7,95.7,90.2,91.7,91.0,56.5,77.7,45.4,66.0,0.29,125,170
15:13:32,04/04/2025,92.7,95.7,90.2,91.7,91.0,56.5,77.7,45.4,67.0,0.32,125,170
15:13:33,04/04/2025,92.7,95.7,90.2,91.7,91.0,56.5,77.7,45.4,67.0,0.32,125,170
15:13:34,04/04/2025,92.7,95.7,90.2,91.7,91.0,56.5,77.7,45.4,67.0,0.32,125,170
15:13:36,04/04/2025,90.2,96.4,89.7,90.8,91.0,56.5,77.7,45.4,67.0,0.32,125,170
15:13:37,04/04/2025,90.2,96.4,89.7,90.8,90.9,56.8,78.2,45.4,67.0,0.32,125,170
15:13:38,04/04/2025,90.2,96.4,89.7,90.8,90.9,56.8,78.2,45.4,67.8,0.3,125,170
15:13:40,04/04/2025,90.2,96.4,89.7,90.8,90.9,56.8,78.2,45.4,67.8,0.3,125,170
15:13:41,04/04/2025,90.2,96.4,89.7,90.8,90.9,56.8,78.2,45.4,67.8,0.3,125,170
15:13:42,04/04/2025,91.8,97.2,91.0,90.8,90.9,56.8,78.2,45.4,67.8,0.3,125,170
15:13:43,04/04/2025,91.8,97.2,91.0,91.1,92.3,57.2,77.8,45.4,67.8,0.3,125,170
15:13:44,04/04/2025,91.8,97.2,91.0,91.1,92.3,57.2,77.8,45.1,67.2,0.25,125,170
15:13:46,04/04/2025,91.8,97.2,91.0,91.1,92.3,57.2,77.8,45.1,67.2,0.25,125,170
15:13:48,04/04/2025,91.8,97.2,91.0,91.1,92.3,57.2,77.8,45.1,67.2,0.25,125,170
15:13:49,04/04/2025,91.8,97.2,91.0,91.1,92.3,57.2,77.8,45.1,67.2,0.25,125,170
15:13:52,04/04/2025,90.4,97.0,89.9,91.2,93.2,57.6,77.8,45.1,67.0,0.32,125,170
15:13:53,04/04/2025,90.4,97.0,89.9,91.2,93.2,57.6,77.8,45.1,67.0,0.32,125,170
15:13:54,04/04/2025,90.4,97.0,89.9,91.2,93.2,57.6,77.8,45.1,67.0,0.32,125,170
15:13:56,04/04/2025,90.4,97.0,89.9,91.2,93.2,57.6,77.8,45.1,67.0,0.32,125,170
15:13:58,04/04/2025,90.0,98.4,89.7,91.4,93.2,57.7,77.8,45.1,67.0,0.32,125,170
15:13:59,04/04/2025,90.0,98.4,89.7,91.4,93.2,57.7,77.6,45.1,67.0,0.3,125,170
15:14:00,04/04/2025,90.0,98.4,89.7,91.4,93.2,57.7,77.6,45.1,67.0,0.3,125,170
15:14:03,04/04/2025,90.0,98.4,89.7,91.4,93.2,57.7,77.6,45.1,67.0,0.3,125,170
15:14:04,04/04/2025,90.0,98.4,89.7,91.4,93.2,57.7,77.6,45.1,67.0,0.3,125,170
15:14:05,04/04/2025,90.4,99.6,89.3,93.2,93.4,57.7,77.6,45.1,67.0,0.3,125,170
15:14:06,04/04/2025,90.4,99.6,89.3,93.2,93.4,57.0,77.6,45.2,67.5,0.3,125,170
15:14:08,04/04/2025,90.4,99.6,89.3,93.2,93.4,57.0,77.6,45.2,67.5,0.29,125,170
15:14:09,04/04/2025,90.4,99.6,89.3,93.2,93.4,57.0,77.6,45.2,67.5,0.29,125,170
15:14:13,04/04/2025,90.4,99.6,89.3,93.2,93.4,57.0,77.6,45.2,67.5,0.29,125,170
15:14:15,04/04/2025,91.4,98.7,89.2,93.1,93.4,57.0,77.6,45.2,67.5,0.29,125,170
15:14:16,04/04/2025,91.4,98.7,89.2,93.1,93.4,57.4,77.8,45.0,66.8,0.29,125,170
15:14:17,04/04/2025,91.4,98.7,89.2,93.1,93.4,57.4,77.8,45.0,66.8,0.23,125,170
15:14:19,04/04/2025,91.4,98.7,89.2,93.1,93.4,57.4,77.8,45.0,66.8,0.23,125,170
15:14:21,04/04/2025,91.4,98.7,89.2,93.1,93.4,57.4,77.8,45.0,66.8,0.23,125,170
15:14:23,04/04/2025,91.4,98.7,89.2,93.1,93.4,57.4,77.8,45.0,66.8,0.23,125,170
15:14:24,04/04/2025,93.5,101.7,89.3,90.4,93.0,57.4,77.8,45.0,66.8,0.23,125,170
15:14:25,04/04/2025,93.5,101.7,89.3,90.4,93.0,56.5,76.8,44.4,62.8,0.23,125,170
15:14:26,04/04/2025,93.5,101.7,89.3,90.4,93.0,56.5,76.8,44.4,62.8,0.3,125,170
15:14:28,04/04/2025,93.5,101.7,89.3,90.4,93.0,56.5,76.8,44.4,62.8,0.3,125,170
15:14:30,04/04/2025,93.5,101.7,89.3,90.4,93.0,56.5,76.8,44.4,62.8,0.3,125,170
15:14:33,04/04/2025,89.8,101.7,89.3,90.4,93.0,56.5,76.8,44.4,62.8,0.3,125,170
15:14:35,04/04/2025,89.8,98.4,89.2,91.3,90.5,56.5,76.8,44.4,62.8,0.3,125,170
15:14:36,04/04/2025,89.8,98.4,89.2,91.3,90.5,56.3,77.5,44.1,67.1,0.31,125,170
15:14:37,04/04/2025,89.8,98.4,89.2,91.3,90.5,56.3,77.5,44.1,67.1,0.31,125,170
15:14:38,04/04/2025,89.8,98.4,89.2,91.3,90.5,56.3,77.5,44.1,67.1,0.31,125,170
15:14:39,04/04/2025,89.8,98.4,89.2,91.3,90.5,56.3,77.5,44.1,67.1,0.31,125,170
15:14:42,04/04/2025,89.8,98.4,89.2,91.3,90.5,56.3,77.5,44.1,67.1,0.31,125,170
15:14:43,04/04/2025,89.9,98.3,90.0,90.8,91.1,56.3,77.5,44.1,67.1,0.31,125,170
15:14:44,04/04/2025,89.9,98.3,90.0,90.8,91.1,56.3,77.2,43.6,66.6,0.33,125,170
15:14:45,04/04/2025,89.9,98.3,90.0,90.8,91.1,56.3,77.2,43.6,66.6,0.33,125,170
15:14:47,04/04/2025,89.9,98.3,90.0,90.8,91.1,56.3,77.2,43.6,66.6,0.33,125,170
15:14:48,04/04/2025,89.9,98.3,90.0,90.8,91.1,56.3,77.2,43.6,66.6,0.33,125,170
15:14:49,04/04/2025,89.9,98.3,90.0,90.8,91.1,56.3,77.2,43.6,66.6,0.33,125,170
15:14:50,04/04/2025,90.2,97.7,89.2,91.7,92.9,56.8,77.2,43.6,66.6,0.33,125,170
15:14:52,04/04/2025,90.2,97.7,89.2,91.7,92.9,56.8,76.8,43.3,64.6,0.27,125,170
15:14:53,04/04/2025,90.2,97.7,89.2,91.7,92.9,56.8,76.8,43.3,64.6,0.27,125,170
15:14:55,04/04/2025,90.2,97.7,89.2,91.7,92.9,56.8,76.8,43.3,64.6,0.27,125,170
15:14:57,04/04/2025,91.7,96.3,89.4,93.6,93.4,56.8,76.8,43.3,64.6,0.27,125,170
15:14:58,04/04/2025,91.7,96.3,89.4,93.6,93.4,56.5,76.9,43.4,65.8,0.27,125,170
15:14:59,04/04/2025,91.7,96.3,89.4,93.6,93.4,56.5,76.9,43.4,65.8,0.31,125,170
15:15:01,04/04/2025,91.7,96.3,89.4,93.6,93.4,56.5,76.9,43.4,65.8,0.31,125,170
15:15:02,04/04/2025,91.7,96.3,89.4,93.6,93.4,56.5,76.9,43.4,65.8,0.31,125,170
15:15:03,04/04/2025,90.2,94.7,89.7,91.1,91.4,56.5,76.9,43.4,65.8,0.31,125,170
15:15:05,04/04/2025,90.2,94.7,89.7,91.1,91.4,56.8,77.9,43.8,66.7,0.31,125,170
15:15:06,04/04/2025,90.2,94.7,89.7,91.1,91.4,56.8,77.9,43.8,66.7,0.31,125,170
15:15:07,04/04/2025,90.2,94.7,89.7,91.1,91.4,56.8,77.9,43.8,66.7,0.31,125,170
15:15:09,04/04/2025,89.7,94.6,89.3,90.4,91.0,56.3,77.9,43.8,66.7,0.31,125,170
15:15:10,04/04/2025,89.7,94.6,89.3,90.4,91.0,56.3,77.3,43.5,66.6,0.28,125,170
15:15:11,04/04/2025,89.7,94.6,89.3,90.4,91.0,56.3,77.3,43.5,66.6,0.28,125,170
15:15:12,04/04/2025,89.7,94.6,89.3,90.4,91.0,56.3,77.3,43.5,66.6,0.28,125,170
15:15:15,04/04/2025,89.7,94.6,89.3,90.4,91.0,56.3,77.3,43.5,66.6,0.28,125,170
15:15:16,04/04/2025,89.7,94.6,89.3,90.4,91.0,56.3,77.3,43.5,66.6,0.28,125,170
15:15:17,04/04/2025,90.7,95.9,89.2,92.5,90.9,56.3,77.3,43.5,66.6,0.28,125,170
15:15:18,04/04/2025,90.7,95.9,89.2,92.5,90.9,55.4,77.8,43.4,66.3,0.28,125,170
15:15:19,04/04/2025,90.7,95.9,89.2,92.5,90.9,55.4,77.8,43.4,66.3,0.28,125,170
15:15:21,04/04/2025,90.7,95.9,89.2,92.5,90.9,55.4,77.8,43.4,66.3,0.28,125,170
15:15:23,04/04/2025,90.7,95.9,89.2,92.5,90.9,55.4,77.8,43.4,66.3,0.28,125,170
15:15:25,04/04/2025,90.7,95.9,89.2,92.5,90.9,55.4,77.8,43.4,66.3,0.28,125,170
15:15:27,04/04/2025,91.4,94.1,89.0,93.7,90.9,55.4,77.8,43.4,66.3,0.28,125,170
15:15:28,04/04/2025,91.4,94.1,89.0,93.7,91.3,55.8,76.9,42.6,66.3,0.28,125,170
15:15:29,04/04/2025,91.4,94.1,89.0,93.7,91.3,55.8,76.9,42.6,65.8,0.23,125,170
15:15:30,04/04/2025,91.4,94.1,89.0,93.7,91.3,55.8,76.9,42.6,65.8,0.23,125,170
15:15:32,04/04/2025,91.4,94.1,89.0,93.7,91.3,55.8,76.9,42.6,65.8,0.23,125,170
15:15:33,04/04/2025,91.4,94.1,89.0,93.7,91.3,55.8,76.9,42.6,65.8,0.23,125,170
15:15:34,04/04/2025,90.0,92.8,89.0,93.6,91.3,55.8,76.9,42.6,65.8,0.23,125,170
15:15:36,04/04/2025,90.0,92.8,89.0,93.6,93.0,55.6,77.3,42.4,66.2,0.3,125,170
15:15:39,04/04/2025,90.0,92.8,89.0,93.6,93.0,55.6,77.3,42.4,66.2,0.3,125,170
15:15:40,04/04/2025,90.0,92.8,89.0,93.6,93.0,55.6,77.3,42.4,66.2,0.3,125,170
15:15:41,04/04/2025,90.0,92.8,89.0,93.6,93.0,55.6,77.3,42.4,66.2,0.3,125,170
15:15:42,04/04/2025,91.1,92.3,89.0,93.9,93.4,55.6,77.3,42.4,66.2,0.3,125,170
15:15:44,04/04/2025,91.1,92.3,89.0,93.9,93.4,57.0,76.8,42.4,64.6,0.24,125,170
15:15:45,04/04/2025,91.1,92.3,89.0,93.9,93.4,57.0,76.8,42.4,64.6,0.24,125,170
15:15:47,04/04/2025,91.1,92.3,89.0,93.9,93.4,57.0,76.8,42.4,64.6,0.24,125,170
15:15:49,04/04/2025,91.2,92.7,89.7,91.3,93.6,57.9,76.8,42.4,64.6,0.24,125,170
15:15:50,04/04/2025,91.2,92.7,89.7,91.3,93.6,57.9,76.8,42.4,64.2,0.29,125,170
15:15:51,04/04/2025,91.2,92.7,89.7,91.3,93.6,57.9,76.8,42.4,64.2,0.29,125,170
15:15:54,04/04/2025,91.2,92.7,89.7,91.3,93.6,57.9,76.8,42.4,64.2,0.29,125,170
15:15:55,04/04/2025,91.2,92.7,89.7,91.3,93.6,57.9,76.8,42.4,64.2,0.29,125,170
15:15:56,04/04/2025,89.9,92.1,89.4,90.8,93.6,57.9,76.8,42.4,64.2,0.29,125,170
15:15:57,04/04/2025,89.9,92.1,89.4,90.8,93.5,59.4,77.5,42.7,64.2,0.29,125,170
15:15:58,04/04/2025,89.9,92.1,89.4,90.8,93.5,59.4,77.5,42.7,65.6,0.32,125,170
15:15:59,04/04/2025,89.9,92.1,89.4,90.8,93.5,59.4,77.5,42.7,65.6,0.32,125,170
15:16:01,04/04/2025,89.9,92.1,89.4,90.8,93.5,59.4,77.5,42.7,65.6,0.32,125,170
15:16:03,04/04/2025,89.9,92.1,89.4,90.8,93.5,59.4,77.5,42.7,65.6,0.32,125,170
15:16:06,04/04/2025,92.0,92.1,89.4,90.8,93.5,59.4,77.5,42.7,65.6,0.32,125,170
15:16:07,04/04/2025,92.0,94.4,89.7,90.4,93.5,59.4,77.5,42.7,65.6,0.32,125,170
15:16:08,04/04/2025,92.0,94.4,89.7,90.4,93.5,58.7,77.1,43.6,66.9,0.32,125,170
15:16:09,04/04/2025,92.0,94.4,89.7,90.4,93.5,58.7,77.1,43.6,66.9,0.32,125,170
15:16:11,04/04/2025,92.0,94.4,89.7,90.4,93.5,58.7,77.1,43.6,66.9,0.32,125,170
15:16:12,04/04/2025,89.7,92.7,89.7,90.4,93.5,58.7,77.1,43.6,66.9,0.32,125,170
15:16:13,04/04/2025,89.7,92.7,89.4,90.6,93.4,59.0,77.7,43.6,66.9,0.32,125,170
15:16:14,04/04/2025,89.7,92.7,89.4,90.6,93.4,59.0,77.7,44.1,68.3,0.33,125,170
15:16:16,04/04/2025,89.7,92.7,89.4,90.6,93.4,59.0,77.7,44.1,68.3,0.33,125,170
15:16:18,04/04/2025,89.7,92.7,89.4,90.6,93.4,59.0,77.7,44.1,68.3,0.33,125,170
15:16:19,04/04/2025,90.1,92.3,89.8,91.0,93.3,59.0,77.7,44.1,68.3,0.33,125,170
15:16:20,04/04/2025,90.1,92.3,89.8,91.0,93.3,58.9,78.0,44.6,67.7,0.33,125,170
15:16:21,04/04/2025,90.1,92.3,89.8,91.0,93.3,58.9,78.0,44.6,67.7,0.32,125,170
15:16:24,04/04/2025,90.1,92.3,89.8,91.0,93.3,58.9,78.0,44.6,67.7,0.32,125,170
15:16:26,04/04/2025,90.1,92.3,89.8,91.0,93.3,58.9,78.0,44.6,67.7,0.32,125,170
15:16:28,04/04/2025,90.1,92.3,89.8,91.0,93.3,58.9,78.0,44.6,67.7,0.32,125,170
15:16:31,04/04/2025,89.8,93.4,89.8,90.1,93.2,57.3,76.9,44.0,67.0,0.32,125,170
15:16:32,04/04/2025,89.8,93.4,89.8,90.1,93.2,57.3,76.9,44.0,67.0,0.32,125,170
15:16:33,04/04/2025,89.8,93.4,89.8,90.1,93.2,57.3,76.9,44.0,67.0,0.32,125,170
15:16:34,04/04/2025,89.8,93.4,89.8,90.1,93.2,57.3,76.9,44.0,67.0,0.32,125,170
15:16:37,04/04/2025,89.8,93.4,89.8,90.1,93.2,57.3,76.9,44.0,67.0,0.32,125,170
15:16:41,04/04/2025,90.4,93.4,89.8,90.1,93.2,57.3,76.9,44.0,67.0,0.32,125,170
15:16:42,04/04/2025,90.4,93.4,89.4,90.6,93.3,57.3,76.9,44.0,67.0,0.32,125,170
15:16:43,04/04/2025,90.4,93.4,89.4,90.6,93.3,57.2,77.0,43.5,65.5,0.31,125,170
15:16:44,04/04/2025,90.4,93.4,89.4,90.6,93.3,57.2,77.0,43.5,65.5,0.31,125,170
15:16:45,04/04/2025,90.4,93.4,89.4,90.6,93.3,57.2,77.0,43.5,65.5,0.31,125,170
15:16:50,04/04/2025,90.4,93.4,89.4,90.6,93.3,57.2,77.0,43.5,65.5,0.31,125,170
15:16:51,04/04/2025,92.8,92.1,89.8,90.2,93.3,57.2,77.0,43.5,65.5,0.31,125,170
15:16:52,04/04/2025,92.8,92.1,89.8,90.2,93.3,57.0,77.6,43.7,66.5,0.3,125,170
15:16:54,04/04/2025,92.8,92.1,89.8,90.2,93.3,57.0,77.6,43.7,66.5,0.3,125,170
15:16:56,04/04/2025,92.8,92.1,89.8,90.2,93.3,57.0,77.6,43.7,66.5,0.3,125,170
15:16:57,04/04/2025,92.8,92.1,89.8,90.2,93.3,57.0,77.6,43.7,66.5,0.3,125,170
15:16:59,04/04/2025,91.2,94.0,90.8,93.1,93.3,57.0,77.6,43.7,66.5,0.3,125,170
15:17:01,04/04/2025,91.2,94.0,90.8,93.1,93.3,57.3,77.4,43.7,66.0,0.3,125,170
15:17:04,04/04/2025,91.2,94.0,90.8,93.1,93.3,57.3,77.4,43.7,66.0,0.3,125,170
15:17:05,04/04/2025,91.2,94.0,90.8,93.1,93.3,57.3,77.4,43.7,66.0,0.3,125,170
15:17:08,04/04/2025,91.2,94.0,90.8,93.1,93.3,57.3,77.4,43.7,66.0,0.3,125,170
15:17:09,04/04/2025,91.3,92.3,88.6,90.6,93.4,57.3,77.4,43.7,66.0,0.3,125,170
15:17:10,04/04/2025,91.3,92.3,88.6,90.6,93.4,58.3,77.4,43.8,65.6,0.3,125,170
15:17:11,04/04/2025,91.3,92.3,88.6,90.6,93.4,58.3,77.4,43.8,65.6,0.29,125,170
15:17:12,04/04/2025,91.3,92.3,88.6,90.6,93.4,58.3,77.4,43.8,65.6,0.29,125,170
15:17:13,04/04/2025,91.3,92.3,88.6,90.6,93.4,58.3,77.4,43.8,65.6,0.29,125,170
15:17:15,04/04/2025,91.3,92.3,88.6,90.6,93.4,58.3,77.4,43.8,65.6,0.29,125,170
15:17:17,04/04/2025,90.2,91.4,90.7,91.3,90.8,58.3,77.4,43.8,65.6,0.29,125,170
15:17:18,04/04/2025,90.2,91.4,90.7,91.3,90.8,57.7,77.1,43.3,65.4,0.29,125,170
15:17:19,04/04/2025,90.2,91.4,90.7,91.3,90.8,57.7,77.1,43.3,65.4,0.22,125,170
15:17:21,04/04/2025,90.2,91.4,90.7,91.3,90.8,57.7,77.1,43.3,65.4,0.22,125,170
15:17:25,04/04/2025,90.2,91.4,90.7,91.3,90.8,57.7,77.1,43.3,65.4,0.22,125,170
15:17:29,04/04/2025,90.2,91.4,90.7,91.3,90.8,57.7,77.1,43.3,65.4,0.22,125,170
15:17:30,04/04/2025,90.3,92.5,91.3,94.0,90.0,56.2,77.1,43.3,65.4,0.22,125,170
15:17:31,04/04/2025,90.3,92.5,91.3,94.0,90.0,56.2,76.4,43.3,64.7,0.19,125,170
15:17:33,04/04/2025,90.3,92.5,91.3,94.0,90.0,56.2,76.4,43.3,64.7,0.19,125,170
15:17:35,04/04/2025,89.9,91.5,90.3,92.0,90.1,56.3,76.6,43.3,64.7,0.19,125,170
15:17:36,04/04/2025,89.9,91.5,90.3,92.0,90.1,56.3,76.6,43.1,65.7,0.27,125,170
15:17:37,04/04/2025,89.9,91.5,90.3,92.0,90.1,56.3,76.6,43.1,65.7,0.27,125,170
15:17:39,04/04/2025,89.9,91.5,90.3,92.0,90.1,56.3,76.6,43.1,65.7,0.27,125,170
15:17:42,04/04/2025,89.9,91.5,90.3,92.0,90.1,56.3,76.6,43.1,65.7,0.27,125,170
15:17:44,04/04/2025,90.6,91.5,92.1,93.1,90.9,56.3,76.6,43.1,65.7,0.27,125,170
15:17:45,04/04/2025,90.6,91.5,92.1,93.1,90.9,55.9,76.4,43.4,65.8,0.27,125,170
15:17:46,04/04/2025,90.6,91.5,92.1,93.1,90.9,55.9,76.4,43.4,65.8,0.26,125,170
15:17:48,04/04/2025,90.6,91.5,92.1,93.1,90.9,55.9,76.4,43.4,65.8,0.26,125,170
15:17:51,04/04/2025,90.6,91.5,92.1,93.1,90.9,55.9,76.4,43.4,65.8,0.26,125,170
15:17:53,04/04/2025,90.6,91.5,92.1,93.1,90.9,55.9,76.4,43.4,65.8,0.26,125,170
15:17:54,04/04/2025,89.6,92.5,92.3,94.1,93.2,55.9,76.4,43.4,65.8,0.26,125,170
15:17:55,04/04/2025,89.6,92.5,92.3,94.1,93.2,56.8,76.7,43.4,64.3,0.25,125,170
15:17:57,04/04/2025,89.6,92.5,92.3,94.1,93.2,56.8,76.7,43.4,64.3,0.25,125,170
15:17:58,04/04/2025,89.6,92.5,92.3,94.1,93.2,56.8,76.7,43.4,64.3,0.25,125,170
15:17:59,04/04/2025,89.6,92.5,92.3,94.1,93.2,56.8,76.7,43.4,64.3,0.25,125,170
15:18:01,04/04/2025,89.6,92.5,92.3,94.1,93.2,56.8,76.7,43.4,64.3,0.25,125,170
15:18:03,04/04/2025,92.4,91.9,89.3,94.3,93.6,56.8,76.7,43.4,64.3,0.25,125,170
15:18:04,04/04/2025,92.4,91.9,89.3,94.3,93.6,57.0,76.4,43.3,65.7,0.25,125,170
15:18:05,04/04/2025,92.4,91.9,89.3,94.3,93.6,57.0,76.4,43.3,65.7,0.22,126,170
15:18:07,04/04/2025,92.4,91.9,89.3,94.3,93.6,57.0,76.4,43.3,65.7,0.22,126,170
15:18:09,04/04/2025,91.7,90.6,89.5,91.3,91.0,57.0,76.4,43.3,65.7,0.22,126,170
15:18:10,04/04/2025,91.7,90.6,89.5,91.3,91.0,57.3,76.1,43.8,65.6,0.27,126,170
15:18:11,04/04/2025,91.7,90.6,89.5,91.3,91.0,57.3,76.1,43.8,65.6,0.27,125,170
15:18:12,04/04/2025,91.7,90.6,89.5,91.3,91.0,57.3,76.1,43.8,65.6,0.27,125,170
15:18:14,04/04/2025,91.7,90.6,89.5,91.3,91.0,57.3,76.1,43.8,65.6,0.27,125,170
15:18:15,04/04/2025,89.3,90.4,89.0,90.1,92.2,58.5,76.1,43.8,65.6,0.27,125,170
15:18:16,04/04/2025,89.3,90.4,89.0,90.1,92.2,58.5,76.6,44.1,65.8,0.24,125,170
15:18:19,04/04/2025,89.3,90.4,89.0,90.1,92.2,58.5,76.6,44.1,65.8,0.24,125,170
15:18:20,04/04/2025,89.3,90.4,89.0,90.1,92.2,58.5,76.6,44.1,65.8,0.24,125,170
15:18:21,04/04/2025,89.3,90.4,89.0,90.1,92.2,58.5,76.6,44.1,65.8,0.24,125,170
15:18:22,04/04/2025,89.3,90.4,89.0,90.1,92.2,58.5,76.6,44.1,65.8,0.24,125,170
15:18:23,04/04/2025,89.3,90.4,89.0,90.1,92.2,58.5,76.6,44.1,65.8,0.24,125,170
15:18:24,04/04/2025,90.9,91.8,88.7,90.7,93.4,58.5,76.6,44.1,65.8,0.24,125,170
15:18:26,04/04/2025,90.9,91.8,88.7,90.7,93.4,60.0,77.3,44.8,67.3,0.25,125,170
15:18:27,04/04/2025,90.9,91.8,88.7,90.7,93.4,60.0,77.3,44.8,67.3,0.25,125,170
15:18:28,04/04/2025,90.9,91.8,88.7,90.7,93.4,60.0,77.3,44.8,67.3,0.25,125,170
15:18:30,04/04/2025,90.9,91.8,88.7,90.7,93.4,60.0,77.3,44.8,67.3,0.25,125,170
15:18:31,04/04/2025,90.9,91.8,88.7,90.7,93.4,60.0,77.3,44.8,67.3,0.25,125,170
15:18:33,04/04/2025,92.8,91.6,91.7,93.7,93.6,60.0,77.3,44.8,67.3,0.25,125,170
15:18:34,04/04/2025,92.8,91.6,91.7,93.7,93.6,59.3,76.3,44.4,63.4,0.21,125,170
15:18:35,04/04/2025,92.8,91.6,91.7,93.7,93.6,59.3,76.3,44.4,63.4,0.21,125,170
15:18:36,04/04/2025,92.8,91.6,91.7,93.7,93.6,59.3,76.3,44.4,63.4,0.21,125,170
15:18:37,04/04/2025,92.8,91.6,91.7,93.7,93.6,59.3,76.3,44.4,63.4,0.21,125,170
15:18:39,04/04/2025,92.8,91.6,91.7,93.7,93.6,59.3,76.3,44.4,63.4,0.21,125,170
15:18:40,04/04/2025,90.0,90.2,89.2,90.1,93.6,59.3,76.3,44.4,63.4,0.21,125,170
15:18:41,04/04/2025,90.0,90.2,89.2,90.1,93.6,58.5,76.8,44.0,63.4,0.21,125,170
15:18:42,04/04/2025,90.0,90.2,89.2,90.1,93.6,58.5,76.8,44.0,63.4,0.22,125,170
15:18:45,04/04/2025,90.0,90.2,89.2,90.1,93.6,58.5,76.8,44.0,63.4,0.22,125,170
15:18:46,04/04/2025,90.0,90.2,89.2,90.1,93.6,58.5,76.8,44.0,63.4,0.22,125,170
15:18:47,04/04/2025,90.0,90.2,89.2,90.1,93.6,58.5,76.8,44.0,63.4,0.22,125,170
15:18:48,04/04/2025,92.6,92.7,89.9,89.8,93.6,58.5,76.8,44.0,63.4,0.22,125,170
15:18:49,04/04/2025,92.6,92.7,89.9,89.8,93.6,59.1,76.7,44.4,64.9,0.22,125,170
15:18:50,04/04/2025,92.6,92.7,89.9,89.8,93.6,59.1,76.7,44.4,64.9,0.29,125,170
15:18:54,04/04/2025,92.6,92.7,89.9,89.8,93.6,59.1,76.7,44.4,64.9,0.29,125,170
15:18:55,04/04/2025,92.6,92.7,89.9,89.8,93.6,59.1,76.7,44.4,64.9,0.29,125,170
15:18:56,04/04/2025,89.2,90.2,90.0,89.9,93.6,59.1,76.7,44.4,64.9,0.29,125,170
15:18:57,04/04/2025,89.2,90.2,90.0,89.9,90.9,60.9,77.6,45.2,64.9,0.29,125,170
15:18:58,04/04/2025,89.2,90.2,90.0,89.9,90.9,60.9,77.6,45.2,66.8,0.23,125,170
15:19:00,04/04/2025,89.2,90.2,90.0,89.9,90.9,60.9,77.6,45.2,66.8,0.23,125,170
15:19:04,04/04/2025,89.2,90.2,90.0,89.9,90.9,60.9,77.6,45.2,66.8,0.23,125,170
15:19:06,04/04/2025,89.2,90.2,90.0,89.9,90.9,60.9,77.6,45.2,66.8,0.23,125,170
15:19:08,04/04/2025,92.7,90.4,88.8,90.1,92.4,61.3,77.6,45.2,66.8,0.23,125,170
15:19:09,04/04/2025,92.7,90.4,88.8,90.1,92.4,61.3,77.6,45.4,66.9,0.29,125,170
15:19:12,04/04/2025,92.7,90.4,88.8,90.1,92.4,61.3,77.6,45.4,66.9,0.29,125,170
15:19:13,04/04/2025,92.7,90.4,88.8,90.1,92.4,61.3,77.6,45.4,66.9,0.29,125,170
15:19:15,04/04/2025,92.7,90.4,88.8,90.1,92.4,61.3,77.6,45.4,66.9,0.29,125,170
15:19:16,04/04/2025,90.7,90.4,88.7,89.8,93.0,61.3,77.6,45.4,66.9,0.29,125,170
15:19:17,04/04/2025,90.7,90.4,88.7,89.8,93.0,60.8,77.5,45.9,65.7,0.29,125,170
15:19:18,04/04/2025,90.7,90.4,88.7,89.8,93.0,60.8,77.5,45.9,65.7,0.22,125,170
15:19:20,04/04/2025,90.7,90.4,88.7,89.8,93.0,60.8,77.5,45.9,65.7,0.22,125,170
15:19:21,04/04/2025,90.7,90.4,88.7,89.8,93.0,60.8,77.5,45.9,65.7,0.22,125,170
15:19:22,04/04/2025,90.7,90.4,88.7,89.8,93.0,60.8,77.5,45.9,65.7,0.22,125,170
15:19:23,04/04/2025,90.7,90.4,88.7,89.8,93.0,60.8,77.5,45.9,65.7,0.22,125,170
15:19:25,04/04/2025,90.4,90.9,89.3,90.8,92.9,59.9,78.0,45.9,65.7,0.22,125,170
15:19:26,04/04/2025,90.4,90.9,89.3,90.8,92.9,59.9,78.0,46.8,67.1,0.3,125,170
15:19:27,04/04/2025,90.4,90.9,89.3,90.8,92.9,59.9,78.0,46.8,67.1,0.3,125,170
15:19:28,04/04/2025,90.4,90.9,89.3,90.8,92.9,59.9,78.0,46.8,67.1,0.3,125,170
15:19:29,04/04/2025,90.4,90.9,89.3,90.8,92.9,59.9,78.0,46.8,67.1,0.3,125,170
15:19:31,04/04/2025,89.7,90.6,89.2,90.3,92.9,59.9,77.9,46.8,67.1,0.3,125,170
15:19:32,04/04/2025,89.7,90.6,89.2,90.3,92.9,59.9,77.9,47.4,67.2,0.27,125,170
15:19:33,04/04/2025,89.7,90.6,89.2,90.3,92.9,59.9,77.9,47.4,67.2,0.27,125,170
15:19:36,04/04/2025,89.7,90.6,89.2,90.3,92.9,59.9,77.9,47.4,67.2,0.27,125,170
15:19:37,04/04/2025,89.7,90.6,89.2,90.3,92.9,59.9,77.9,47.4,67.2,0.27,125,170
15:19:38,04/04/2025,89.7,90.6,89.2,90.3,92.9,59.9,77.9,47.4,67.2,0.27,125,170
15:19:39,04/04/2025,89.4,90.4,89.3,92.9,93.1,59.9,77.9,47.4,67.2,0.27,125,170
15:19:41,04/04/2025,89.4,90.4,89.3,92.9,93.1,58.8,77.0,46.9,66.1,0.27,125,170
15:19:42,04/04/2025,89.4,90.4,89.3,92.9,93.1,58.8,77.0,46.9,66.1,0.25,125,170
15:19:43,04/04/2025,89.4,90.4,89.3,92.9,93.1,58.8,77.0,46.9,66.1,0.25,125,170
15:19:44,04/04/2025,89.4,90.4,89.3,92.9,93.1,58.8,77.0,46.9,66.1,0.25,125,170
15:19:46,04/04/2025,89.4,90.4,89.3,92.9,93.1,58.8,77.0,46.9,66.1,0.25,125,170
15:19:47,04/04/2025,89.4,90.4,89.3,92.9,93.1,58.8,77.0,46.9,66.1,0.25,125,170
15:19:48,04/04/2025,90.6,91.4,89.5,93.5,93.2,58.8,77.0,46.9,66.1,0.25,125,170
15:19:49,04/04/2025,90.6,91.4,89.5,93.5,93.2,58.4,77.4,46.5,68.0,0.29,125,170
15:19:50,04/04/2025,90.6,91.4,89.5,93.5,93.2,58.4,77.4,46.5,68.0,0.29,125,170
15:19:52,04/04/2025,90.6,91.4,89.5,93.5,93.2,58.4,77.4,46.5,68.0,0.29,125,170
15:19:54,04/04/2025,90.6,91.4,89.5,93.5,93.2,58.4,77.4,46.5,68.0,0.29,125,170
15:19:55,04/04/2025,91.3,91.8,89.5,89.8,93.2,58.4,77.4,46.5,68.0,0.29,125,170
15:19:57,04/04/2025,91.3,91.8,89.5,89.8,93.2,58.3,77.4,46.6,68.0,0.26,125,170
15:19:59,04/04/2025,91.3,91.8,89.5,89.8,93.2,58.3,77.4,46.6,68.0,0.26,125,170
15:20:01,04/04/2025,91.3,91.8,89.5,89.8,93.2,58.3,77.4,46.6,68.0,0.26,125,170
15:20:02,04/04/2025,91.3,91.8,89.5,89.8,93.2,58.3,77.4,46.6,68.0,0.26,125,170
15:20:03,04/04/2025,89.8,90.4,89.3,92.2,93.2,58.3,77.4,46.6,68.0,0.26,125,170
15:20:05,04/04/2025,89.8,90.4,89.3,92.2,93.2,58.6,77.5,46.4,67.2,0.26,125,170
15:20:07,04/04/2025,89.8,90.4,89.3,92.2,93.2,58.6,77.5,46.4,67.2,0.26,125,170
15:20:09,04/04/2025,89.8,90.4,89.3,92.2,93.2,58.6,77.5,46.4,67.2,0.26,125,170
15:20:10,04/04/2025,89.8,90.4,89.3,92.2,93.2,58.6,77.5,46.4,67.2,0.26,125,170
15:20:11,04/04/2025,91.5,92.0,89.2,90.4,93.2,58.6,77.5,46.4,67.2,0.26,125,170
15:20:13,04/04/2025,91.5,92.0,89.2,90.4,93.2,58.6,77.1,45.9,64.8,0.26,125,170
15:20:14,04/04/2025,91.5,92.0,89.2,90.4,93.2,58.6,77.1,45.9,64.8,0.28,125,170
15:20:17,04/04/2025,91.5,92.0,89.2,90.4,93.2,58.6,77.1,45.9,64.8,0.28,125,170
15:20:18,04/04/2025,91.5,92.0,89.2,90.4,93.2,58.6,77.1,45.9,64.8,0.28,125,170
15:20:19,04/04/2025,90.2,90.6,89.5,90.6,93.1,58.6,77.1,45.9,64.8,0.28,125,170
15:20:21,04/04/2025,90.2,90.6,89.5,90.6,93.1,57.6,76.6,45.7,66.9,0.27,124,170
15:20:22,04/04/2025,90.2,90.6,89.5,90.6,93.1,57.6,76.6,45.7,66.9,0.27,124,170
15:20:25,04/04/2025,90.2,90.6,89.5,90.6,93.1,57.6,76.6,45.7,66.9,0.27,124,170
15:20:28,04/04/2025,90.4,90.6,89.5,90.6,93.1,57.6,76.6,45.7,66.9,0.27,124,170
15:20:29,04/04/2025,90.4,90.2,88.9,91.9,93.0,57.6,76.6,45.7,66.9,0.27,124,170
15:20:30,04/04/2025,90.4,90.2,88.9,91.9,93.0,58.2,76.9,45.9,66.2,0.27,124,170
15:20:31,04/04/2025,90.4,90.2,88.9,91.9,93.0,58.2,76.9,45.9,66.2,0.27,123,170
